<?xml version="1.0" encoding="UTF-8" standalone="yes"?>
<gpx version="1.1" creator="OS Maps - Web" xmlns="http://www.topografix.com/GPX/1/1"
xmlns:xsi="http://www.w3.org/2001/XMLSchema-instance"
xsi:schemaLocation="http://www.topografix.com/GPX/1/1 http://www.topografix.com/GPX/1/1/gpx.xsd"
xmlns:gs="http://www.topografix.com/GPX/gpx_style/0/2"
xmlns:gh="https://graphhopper.com/public/schema/gpx/1.1"
xmlns:os="https://ordnancesurvey.co.uk/public/schema/route/0.1">
    <metadata>
        <name>Lakeland Way</name>
        <desc></desc>
        <bounds minlat="54.3304440" minlon="-3.4107530" maxlat="54.6049220" maxlon="-2.8636190"/>
        <extensions>
            <os:version>2.0</os:version>
            <os:point lat="54.3554520" lon="-3.4080990" type="start"/>
            <os:point lat="54.3540000" lon="-3.4107050" type="end"/>
            <os:activity>ON_FOOT_WALKING</os:activity>
            <os:difficulty>UNKNOWN</os:difficulty>
            <os:paths/>
            <os:distance>208755.5694066</os:distance>
            <os:elevation_ascent>7703.5500000</os:elevation_ascent>
        </extensions>
    </metadata>
    <wpt lat="54.3554520" lon="-3.4080990"/>
    <wpt lat="54.3550470" lon="-3.4079560"/>
    <wpt lat="54.3558530" lon="-3.4064170"/>
    <wpt lat="54.3547900" lon="-3.4058660"/>
    <wpt lat="54.3528860" lon="-3.4056290"/>
    <wpt lat="54.3516410" lon="-3.4046040"/>
    <wpt lat="54.3507180" lon="-3.4043470"/>
    <wpt lat="54.3496190" lon="-3.4030970"/>
    <wpt lat="54.3492100" lon="-3.3995310"/>
    <wpt lat="54.3489760" lon="-3.3992220"/>
    <wpt lat="54.3484690" lon="-3.3971020"/>
    <wpt lat="54.3486700" lon="-3.3964970"/>
    <wpt lat="54.3487400" lon="-3.3942990"/>
    <wpt lat="54.3501690" lon="-3.3918480"/>
    <wpt lat="54.3520330" lon="-3.3864170"/>
    <wpt lat="54.3524030" lon="-3.3857320"/>
    <wpt lat="54.3536640" lon="-3.3843370"/>
    <wpt lat="54.3552800" lon="-3.3830180"/>
    <wpt lat="54.3556410" lon="-3.3815710"/>
    <wpt lat="54.3563570" lon="-3.3806830"/>
    <wpt lat="54.3576120" lon="-3.3814230"/>
    <wpt lat="54.3578840" lon="-3.3833850"/>
    <wpt lat="54.3587420" lon="-3.3859250"/>
    <wpt lat="54.3603500" lon="-3.3836830"/>
    <wpt lat="54.3650350" lon="-3.3784220"/>
    <wpt lat="54.3653490" lon="-3.3777460"/>
    <wpt lat="54.3657630" lon="-3.3775660"/>
    <wpt lat="54.3662350" lon="-3.3778610"/>
    <wpt lat="54.3664780" lon="-3.3768290"/>
    <wpt lat="54.3658700" lon="-3.3758530"/>
    <wpt lat="54.3658200" lon="-3.3753680"/>
    <wpt lat="54.3664630" lon="-3.3743600"/>
    <wpt lat="54.3665430" lon="-3.3738580"/>
    <wpt lat="54.3659850" lon="-3.3707270"/>
    <wpt lat="54.3662270" lon="-3.3676230"/>
    <wpt lat="54.3665850" lon="-3.3658220"/>
    <wpt lat="54.3677290" lon="-3.3617810"/>
    <wpt lat="54.3678920" lon="-3.3605630"/>
    <wpt lat="54.3683930" lon="-3.3593890"/>
    <wpt lat="54.3689070" lon="-3.3587190"/>
    <wpt lat="54.3693670" lon="-3.3572530"/>
    <wpt lat="54.3696580" lon="-3.3553100"/>
    <wpt lat="54.3710180" lon="-3.3527800"/>
    <wpt lat="54.3717250" lon="-3.3505390"/>
    <wpt lat="54.3722530" lon="-3.3497090"/>
    <wpt lat="54.3725910" lon="-3.3484970"/>
    <wpt lat="54.3726660" lon="-3.3468890"/>
    <wpt lat="54.3729780" lon="-3.3458270"/>
    <wpt lat="54.3743040" lon="-3.3426510"/>
    <wpt lat="54.3751690" lon="-3.3396210"/>
    <wpt lat="54.3759790" lon="-3.3386930"/>
    <wpt lat="54.3765260" lon="-3.3367150"/>
    <wpt lat="54.3770240" lon="-3.3358300"/>
    <wpt lat="54.3772380" lon="-3.3339800"/>
    <wpt lat="54.3769870" lon="-3.3328880"/>
    <wpt lat="54.3770280" lon="-3.3320740"/>
    <wpt lat="54.3778610" lon="-3.3279160"/>
    <wpt lat="54.3785960" lon="-3.3258480"/>
    <wpt lat="54.3783800" lon="-3.3239300"/>
    <wpt lat="54.3785260" lon="-3.3225620"/>
    <wpt lat="54.3793110" lon="-3.3211490"/>
    <wpt lat="54.3803610" lon="-3.3199170"/>
    <wpt lat="54.3807840" lon="-3.3190290"/>
    <wpt lat="54.3811730" lon="-3.3188920"/>
    <wpt lat="54.3814940" lon="-3.3169060"/>
    <wpt lat="54.3820430" lon="-3.3152710"/>
    <wpt lat="54.3822980" lon="-3.3154620"/>
    <wpt lat="54.3830570" lon="-3.3146280"/>
    <wpt lat="54.3838250" lon="-3.3123880"/>
    <wpt lat="54.3839960" lon="-3.3103760"/>
    <wpt lat="54.3852470" lon="-3.3085600"/>
    <wpt lat="54.3855130" lon="-3.3076670"/>
    <wpt lat="54.3861850" lon="-3.3067660"/>
    <wpt lat="54.3887240" lon="-3.3014490"/>
    <wpt lat="54.3889610" lon="-3.2997080"/>
    <wpt lat="54.3888150" lon="-3.2988020"/>
    <wpt lat="54.3882240" lon="-3.2973770"/>
    <wpt lat="54.3881690" lon="-3.2955510"/>
    <wpt lat="54.3878740" lon="-3.2945010"/>
    <wpt lat="54.3878640" lon="-3.2936420"/>
    <wpt lat="54.3880950" lon="-3.2925550"/>
    <wpt lat="54.3880480" lon="-3.2905260"/>
    <wpt lat="54.3884350" lon="-3.2899580"/>
    <wpt lat="54.3887260" lon="-3.2884760"/>
    <wpt lat="54.3890800" lon="-3.2845810"/>
    <wpt lat="54.3889240" lon="-3.2833850"/>
    <wpt lat="54.3886180" lon="-3.2827320"/>
    <wpt lat="54.3886750" lon="-3.2820790"/>
    <wpt lat="54.3891970" lon="-3.2805930"/>
    <wpt lat="54.3891020" lon="-3.2801500"/>
    <wpt lat="54.3892020" lon="-3.2789090"/>
    <wpt lat="54.3895230" lon="-3.2775770"/>
    <wpt lat="54.3898490" lon="-3.2762890"/>
    <wpt lat="54.3904700" lon="-3.2749030"/>
    <wpt lat="54.3903000" lon="-3.2737710"/>
    <wpt lat="54.3907070" lon="-3.2707680"/>
    <wpt lat="54.3909390" lon="-3.2706570"/>
    <wpt lat="54.3909620" lon="-3.2702500"/>
    <wpt lat="54.3918880" lon="-3.2707730"/>
    <wpt lat="54.3925490" lon="-3.2708580"/>
    <wpt lat="54.3927770" lon="-3.2699960"/>
    <wpt lat="54.3930900" lon="-3.2699300"/>
    <wpt lat="54.3941050" lon="-3.2707670"/>
    <wpt lat="54.3953150" lon="-3.2703860"/>
    <wpt lat="54.3966010" lon="-3.2711130"/>
    <wpt lat="54.3973660" lon="-3.2708360"/>
    <wpt lat="54.3981110" lon="-3.2700870"/>
    <wpt lat="54.3995000" lon="-3.2705060"/>
    <wpt lat="54.3998840" lon="-3.2701740"/>
    <wpt lat="54.4000830" lon="-3.2702770"/>
    <wpt lat="54.4007610" lon="-3.2693320"/>
    <wpt lat="54.4022640" lon="-3.2684130"/>
    <wpt lat="54.4025500" lon="-3.2685510"/>
    <wpt lat="54.4033430" lon="-3.2680610"/>
    <wpt lat="54.4053440" lon="-3.2660410"/>
    <wpt lat="54.4066340" lon="-3.2651530"/>
    <wpt lat="54.4072950" lon="-3.2651840"/>
    <wpt lat="54.4089990" lon="-3.2635090"/>
    <wpt lat="54.4102200" lon="-3.2626140"/>
    <wpt lat="54.4117040" lon="-3.2620560"/>
    <wpt lat="54.4135550" lon="-3.2604830"/>
    <wpt lat="54.4139170" lon="-3.2605260"/>
    <wpt lat="54.4141950" lon="-3.2601810"/>
    <wpt lat="54.4149040" lon="-3.2598920"/>
    <wpt lat="54.4170720" lon="-3.2594540"/>
    <wpt lat="54.4189550" lon="-3.2579240"/>
    <wpt lat="54.4216620" lon="-3.2565650"/>
    <wpt lat="54.4249020" lon="-3.2559790"/>
    <wpt lat="54.4262060" lon="-3.2561280"/>
    <wpt lat="54.4268410" lon="-3.2568460"/>
    <wpt lat="54.4273750" lon="-3.2565400"/>
    <wpt lat="54.4284100" lon="-3.2548980"/>
    <wpt lat="54.4296620" lon="-3.2544970"/>
    <wpt lat="54.4310350" lon="-3.2551290"/>
    <wpt lat="54.4322660" lon="-3.2561650"/>
    <wpt lat="54.4322650" lon="-3.2569160"/>
    <wpt lat="54.4329590" lon="-3.2579890"/>
    <wpt lat="54.4351380" lon="-3.2597300"/>
    <wpt lat="54.4356500" lon="-3.2591130"/>
    <wpt lat="54.4370720" lon="-3.2591780"/>
    <wpt lat="54.4377430" lon="-3.2582650"/>
    <wpt lat="54.4382940" lon="-3.2593230"/>
    <wpt lat="54.4386100" lon="-3.2594620"/>
    <wpt lat="54.4389700" lon="-3.2602880"/>
    <wpt lat="54.4405320" lon="-3.2607230"/>
    <wpt lat="54.4414190" lon="-3.2606750"/>
    <wpt lat="54.4432570" lon="-3.2621160"/>
    <wpt lat="54.4434680" lon="-3.2628200"/>
    <wpt lat="54.4436840" lon="-3.2629880"/>
    <wpt lat="54.4441870" lon="-3.2626810"/>
    <wpt lat="54.4452850" lon="-3.2626830"/>
    <wpt lat="54.4460690" lon="-3.2622780"/>
    <wpt lat="54.4476810" lon="-3.2605730"/>
    <wpt lat="54.4492720" lon="-3.2598930"/>
    <wpt lat="54.4510070" lon="-3.2598930"/>
    <wpt lat="54.4530140" lon="-3.2594820"/>
    <wpt lat="54.4549490" lon="-3.2599610"/>
    <wpt lat="54.4551670" lon="-3.2611700"/>
    <wpt lat="54.4554630" lon="-3.2612740"/>
    <wpt lat="54.4560280" lon="-3.2609100"/>
    <wpt lat="54.4561920" lon="-3.2611420"/>
    <wpt lat="54.4569790" lon="-3.2600700"/>
    <wpt lat="54.4578230" lon="-3.2595360"/>
    <wpt lat="54.4585720" lon="-3.2575830"/>
    <wpt lat="54.4607530" lon="-3.2563030"/>
    <wpt lat="54.4617740" lon="-3.2560320"/>
    <wpt lat="54.4624830" lon="-3.2565070"/>
    <wpt lat="54.4634810" lon="-3.2564780"/>
    <wpt lat="54.4639400" lon="-3.2569210"/>
    <wpt lat="54.4641160" lon="-3.2566530"/>
    <wpt lat="54.4647350" lon="-3.2564690"/>
    <wpt lat="54.4665140" lon="-3.2565710"/>
    <wpt lat="54.4677580" lon="-3.2559420"/>
    <wpt lat="54.4676040" lon="-3.2543690"/>
    <wpt lat="54.4670960" lon="-3.2531800"/>
    <wpt lat="54.4678780" lon="-3.2518410"/>
    <wpt lat="54.4684570" lon="-3.2513330"/>
    <wpt lat="54.4700080" lon="-3.2490530"/>
    <wpt lat="54.4705230" lon="-3.2474690"/>
    <wpt lat="54.4709740" lon="-3.2473330"/>
    <wpt lat="54.4713480" lon="-3.2461430"/>
    <wpt lat="54.4712230" lon="-3.2431020"/>
    <wpt lat="54.4716130" lon="-3.2392400"/>
    <wpt lat="54.4719870" lon="-3.2379640"/>
    <wpt lat="54.4723800" lon="-3.2373530"/>
    <wpt lat="54.4725440" lon="-3.2365860"/>
    <wpt lat="54.4727720" lon="-3.2350470"/>
    <wpt lat="54.4728430" lon="-3.2317770"/>
    <wpt lat="54.4731330" lon="-3.2308090"/>
    <wpt lat="54.4731470" lon="-3.2294250"/>
    <wpt lat="54.4738830" lon="-3.2263140"/>
    <wpt lat="54.4741800" lon="-3.2234790"/>
    <wpt lat="54.4740880" lon="-3.2215450"/>
    <wpt lat="54.4744470" lon="-3.2198930"/>
    <wpt lat="54.4744020" lon="-3.2176110"/>
    <wpt lat="54.4747700" lon="-3.2151000"/>
    <wpt lat="54.4747670" lon="-3.2141880"/>
    <wpt lat="54.4743220" lon="-3.2119110"/>
    <wpt lat="54.4742780" lon="-3.2094520"/>
    <wpt lat="54.4740080" lon="-3.2084890"/>
    <wpt lat="54.4741400" lon="-3.2077630"/>
    <wpt lat="54.4746550" lon="-3.2073380"/>
    <wpt lat="54.4749040" lon="-3.2067240"/>
    <wpt lat="54.4746960" lon="-3.2045390"/>
    <wpt lat="54.4747100" lon="-3.2030910"/>
    <wpt lat="54.4744620" lon="-3.2017310"/>
    <wpt lat="54.4745180" lon="-3.1998550"/>
    <wpt lat="54.4729840" lon="-3.1973850"/>
    <wpt lat="54.4722910" lon="-3.1967630"/>
    <wpt lat="54.4717050" lon="-3.1955440"/>
    <wpt lat="54.4712230" lon="-3.1951330"/>
    <wpt lat="54.4694760" lon="-3.1920350"/>
    <wpt lat="54.4678060" lon="-3.1906230"/>
    <wpt lat="54.4670330" lon="-3.1893560"/>
    <wpt lat="54.4663220" lon="-3.1874570"/>
    <wpt lat="54.4661330" lon="-3.1857450"/>
    <wpt lat="54.4657650" lon="-3.1851770"/>
    <wpt lat="54.4646580" lon="-3.1823010"/>
    <wpt lat="54.4640660" lon="-3.1816290"/>
    <wpt lat="54.4641500" lon="-3.1806870"/>
    <wpt lat="54.4638690" lon="-3.1793920"/>
    <wpt lat="54.4635100" lon="-3.1785330"/>
    <wpt lat="54.4632640" lon="-3.1769170"/>
    <wpt lat="54.4620390" lon="-3.1739520"/>
    <wpt lat="54.4617780" lon="-3.1726030"/>
    <wpt lat="54.4617970" lon="-3.1719280"/>
    <wpt lat="54.4612360" lon="-3.1712570"/>
    <wpt lat="54.4611350" lon="-3.1700200"/>
    <wpt lat="54.4608230" lon="-3.1687770"/>
    <wpt lat="54.4597730" lon="-3.1658070"/>
    <wpt lat="54.4600870" lon="-3.1623180"/>
    <wpt lat="54.4607080" lon="-3.1607260"/>
    <wpt lat="54.4617080" lon="-3.1565480"/>
    <wpt lat="54.4621040" lon="-3.1555830"/>
    <wpt lat="54.4623760" lon="-3.1532300"/>
    <wpt lat="54.4627110" lon="-3.1521020"/>
    <wpt lat="54.4638240" lon="-3.1499120"/>
    <wpt lat="54.4648680" lon="-3.1487310"/>
    <wpt lat="54.4652350" lon="-3.1475610"/>
    <wpt lat="54.4675920" lon="-3.1456420"/>
    <wpt lat="54.4690930" lon="-3.1431300"/>
    <wpt lat="54.4697820" lon="-3.1402200"/>
    <wpt lat="54.4697790" lon="-3.1391790"/>
    <wpt lat="54.4690940" lon="-3.1378190"/>
    <wpt lat="54.4691600" lon="-3.1374340"/>
    <wpt lat="54.4689530" lon="-3.1368710"/>
    <wpt lat="54.4684050" lon="-3.1361690"/>
    <wpt lat="54.4682330" lon="-3.1351870"/>
    <wpt lat="54.4686200" lon="-3.1351440"/>
    <wpt lat="54.4693260" lon="-3.1356260"/>
    <wpt lat="54.4695630" lon="-3.1350530"/>
    <wpt lat="54.4717090" lon="-3.1337070"/>
    <wpt lat="54.4723940" lon="-3.1324810"/>
    <wpt lat="54.4727560" lon="-3.1324910"/>
    <wpt lat="54.4733930" lon="-3.1330560"/>
    <wpt lat="54.4741130" lon="-3.1333120"/>
    <wpt lat="54.4741650" lon="-3.1330560"/>
    <wpt lat="54.4745550" lon="-3.1334100"/>
    <wpt lat="54.4748950" lon="-3.1330660"/>
    <wpt lat="54.4754840" lon="-3.1340690"/>
    <wpt lat="54.4759910" lon="-3.1345450"/>
    <wpt lat="54.4764140" lon="-3.1345780"/>
    <wpt lat="54.4764450" lon="-3.1352550"/>
    <wpt lat="54.4769710" lon="-3.1357310"/>
    <wpt lat="54.4775060" lon="-3.1358520"/>
    <wpt lat="54.4777010" lon="-3.1356640"/>
    <wpt lat="54.4780520" lon="-3.1360600"/>
    <wpt lat="54.4785460" lon="-3.1359770"/>
    <wpt lat="54.4792100" lon="-3.1369930"/>
    <wpt lat="54.4798500" lon="-3.1371940"/>
    <wpt lat="54.4799160" lon="-3.1374850"/>
    <wpt lat="54.4809880" lon="-3.1381270"/>
    <wpt lat="54.4827750" lon="-3.1383050"/>
    <wpt lat="54.4832960" lon="-3.1379330"/>
    <wpt lat="54.4843540" lon="-3.1381560"/>
    <wpt lat="54.4868550" lon="-3.1380110"/>
    <wpt lat="54.4872810" lon="-3.1378190"/>
    <wpt lat="54.4890450" lon="-3.1360630"/>
    <wpt lat="54.4901840" lon="-3.1355590"/>
    <wpt lat="54.4903140" lon="-3.1350360"/>
    <wpt lat="54.4910110" lon="-3.1344330"/>
    <wpt lat="54.4916240" lon="-3.1335810"/>
    <wpt lat="54.4917280" lon="-3.1331230"/>
    <wpt lat="54.4922760" lon="-3.1338360"/>
    <wpt lat="54.4929790" lon="-3.1339410"/>
    <wpt lat="54.4951120" lon="-3.1330530"/>
    <wpt lat="54.4967140" lon="-3.1316060"/>
    <wpt lat="54.4991180" lon="-3.1312150"/>
    <wpt lat="54.5004270" lon="-3.1305750"/>
    <wpt lat="54.5016020" lon="-3.1288840"/>
    <wpt lat="54.5021980" lon="-3.1284070"/>
    <wpt lat="54.5031010" lon="-3.1268960"/>
    <wpt lat="54.5041870" lon="-3.1260250"/>
    <wpt lat="54.5052940" lon="-3.1255300"/>
    <wpt lat="54.5058110" lon="-3.1242460"/>
    <wpt lat="54.5064660" lon="-3.1241130"/>
    <wpt lat="54.5073260" lon="-3.1247860"/>
    <wpt lat="54.5075950" lon="-3.1253520"/>
    <wpt lat="54.5075660" lon="-3.1284730"/>
    <wpt lat="54.5079240" lon="-3.1288160"/>
    <wpt lat="54.5084840" lon="-3.1288530"/>
    <wpt lat="54.5088040" lon="-3.1293230"/>
    <wpt lat="54.5089590" lon="-3.1307330"/>
    <wpt lat="54.5093090" lon="-3.1319550"/>
    <wpt lat="54.5092950" lon="-3.1334570"/>
    <wpt lat="54.5094200" lon="-3.1340510"/>
    <wpt lat="54.5110950" lon="-3.1368240"/>
    <wpt lat="54.5116000" lon="-3.1387480"/>
    <wpt lat="54.5125000" lon="-3.1398030"/>
    <wpt lat="54.5127790" lon="-3.1398750"/>
    <wpt lat="54.5134060" lon="-3.1407620"/>
    <wpt lat="54.5139760" lon="-3.1404560"/>
    <wpt lat="54.5147280" lon="-3.1386530"/>
    <wpt lat="54.5151750" lon="-3.1394700"/>
    <wpt lat="54.5157980" lon="-3.1401420"/>
    <wpt lat="54.5162140" lon="-3.1402720"/>
    <wpt lat="54.5169750" lon="-3.1414630"/>
    <wpt lat="54.5180500" lon="-3.1423620"/>
    <wpt lat="54.5186940" lon="-3.1427660"/>
    <wpt lat="54.5193200" lon="-3.1426520"/>
    <wpt lat="54.5194110" lon="-3.1422790"/>
    <wpt lat="54.5203480" lon="-3.1426280"/>
    <wpt lat="54.5205190" lon="-3.1429540"/>
    <wpt lat="54.5205110" lon="-3.1437910"/>
    <wpt lat="54.5211140" lon="-3.1445800"/>
    <wpt lat="54.5212080" lon="-3.1451300"/>
    <wpt lat="54.5231050" lon="-3.1454840"/>
    <wpt lat="54.5246100" lon="-3.1462830"/>
    <wpt lat="54.5242910" lon="-3.1477330"/>
    <wpt lat="54.5240030" lon="-3.1472750"/>
    <wpt lat="54.5229570" lon="-3.1495250"/>
    <wpt lat="54.5235800" lon="-3.1534380"/>
    <wpt lat="54.5235550" lon="-3.1547570"/>
    <wpt lat="54.5237870" lon="-3.1552360"/>
    <wpt lat="54.5252650" lon="-3.1569950"/>
    <wpt lat="54.5257170" lon="-3.1572330"/>
    <wpt lat="54.5256580" lon="-3.1575960"/>
    <wpt lat="54.5262130" lon="-3.1581590"/>
    <wpt lat="54.5266610" lon="-3.1582260"/>
    <wpt lat="54.5280980" lon="-3.1570750"/>
    <wpt lat="54.5286790" lon="-3.1575000"/>
    <wpt lat="54.5295340" lon="-3.1585860"/>
    <wpt lat="54.5304200" lon="-3.1583430"/>
    <wpt lat="54.5306870" lon="-3.1585010"/>
    <wpt lat="54.5313260" lon="-3.1593560"/>
    <wpt lat="54.5311750" lon="-3.1601570"/>
    <wpt lat="54.5315080" lon="-3.1605420"/>
    <wpt lat="54.5315040" lon="-3.1616040"/>
    <wpt lat="54.5317360" lon="-3.1620400"/>
    <wpt lat="54.5324840" lon="-3.1612890"/>
    <wpt lat="54.5331080" lon="-3.1611670"/>
    <wpt lat="54.5331920" lon="-3.1615130"/>
    <wpt lat="54.5331140" lon="-3.1611670"/>
    <wpt lat="54.5324840" lon="-3.1612890"/>
    <wpt lat="54.5317010" lon="-3.1624470"/>
    <wpt lat="54.5314510" lon="-3.1625570"/>
    <wpt lat="54.5303840" lon="-3.1653710"/>
    <wpt lat="54.5290880" lon="-3.1667710"/>
    <wpt lat="54.5283010" lon="-3.1670600"/>
    <wpt lat="54.5277160" lon="-3.1682340"/>
    <wpt lat="54.5270260" lon="-3.1687940"/>
    <wpt lat="54.5265760" lon="-3.1683200"/>
    <wpt lat="54.5261140" lon="-3.1684570"/>
    <wpt lat="54.5257190" lon="-3.1680700"/>
    <wpt lat="54.5254690" lon="-3.1681270"/>
    <wpt lat="54.5248500" lon="-3.1691070"/>
    <wpt lat="54.5242410" lon="-3.1696150"/>
    <wpt lat="54.5239700" lon="-3.1693290"/>
    <wpt lat="54.5232610" lon="-3.1698020"/>
    <wpt lat="54.5213670" lon="-3.1699090"/>
    <wpt lat="54.5210040" lon="-3.1701230"/>
    <wpt lat="54.5199410" lon="-3.1699210"/>
    <wpt lat="54.5186720" lon="-3.1703350"/>
    <wpt lat="54.5171930" lon="-3.1723210"/>
    <wpt lat="54.5162310" lon="-3.1752330"/>
    <wpt lat="54.5158260" lon="-3.1758760"/>
    <wpt lat="54.5157140" lon="-3.1770960"/>
    <wpt lat="54.5152880" lon="-3.1779960"/>
    <wpt lat="54.5142370" lon="-3.1829980"/>
    <wpt lat="54.5131110" lon="-3.1859590"/>
    <wpt lat="54.5127410" lon="-3.1862060"/>
    <wpt lat="54.5125170" lon="-3.1868650"/>
    <wpt lat="54.5125150" lon="-3.1877450"/>
    <wpt lat="54.5128960" lon="-3.1888180"/>
    <wpt lat="54.5130240" lon="-3.1897440"/>
    <wpt lat="54.5131430" lon="-3.1928920"/>
    <wpt lat="54.5126420" lon="-3.1944010"/>
    <wpt lat="54.5121050" lon="-3.1951360"/>
    <wpt lat="54.5116160" lon="-3.1954550"/>
    <wpt lat="54.5111850" lon="-3.1969120"/>
    <wpt lat="54.5111790" lon="-3.1981240"/>
    <wpt lat="54.5113610" lon="-3.1992780"/>
    <wpt lat="54.5111060" lon="-3.2004400"/>
    <wpt lat="54.5112510" lon="-3.2015070"/>
    <wpt lat="54.5113290" lon="-3.2018310"/>
    <wpt lat="54.5118230" lon="-3.2022320"/>
    <wpt lat="54.5123180" lon="-3.2038560"/>
    <wpt lat="54.5127530" lon="-3.2070860"/>
    <wpt lat="54.5130590" lon="-3.2076530"/>
    <wpt lat="54.5128200" lon="-3.2078930"/>
    <wpt lat="54.5128430" lon="-3.2081080"/>
    <wpt lat="54.5131470" lon="-3.2082250"/>
    <wpt lat="54.5127570" lon="-3.2085780"/>
    <wpt lat="54.5127240" lon="-3.2087700"/>
    <wpt lat="54.5129760" lon="-3.2091210"/>
    <wpt lat="54.5122630" lon="-3.2106770"/>
    <wpt lat="54.5119330" lon="-3.2124700"/>
    <wpt lat="54.5104550" lon="-3.2126300"/>
    <wpt lat="54.5097850" lon="-3.2222680"/>
    <wpt lat="54.5102280" lon="-3.2253180"/>
    <wpt lat="54.5098750" lon="-3.2263590"/>
    <wpt lat="54.5098880" lon="-3.2274860"/>
    <wpt lat="54.5095220" lon="-3.2298350"/>
    <wpt lat="54.5095420" lon="-3.2321860"/>
    <wpt lat="54.5091850" lon="-3.2329160"/>
    <wpt lat="54.5092260" lon="-3.2331960"/>
    <wpt lat="54.5100770" lon="-3.2328670"/>
    <wpt lat="54.5116330" lon="-3.2330000"/>
    <wpt lat="54.5121780" lon="-3.2333070"/>
    <wpt lat="54.5127260" lon="-3.2339780"/>
    <wpt lat="54.5134030" lon="-3.2359620"/>
    <wpt lat="54.5133950" lon="-3.2361870"/>
    <wpt lat="54.5130580" lon="-3.2364220"/>
    <wpt lat="54.5131980" lon="-3.2377160"/>
    <wpt lat="54.5144160" lon="-3.2410580"/>
    <wpt lat="54.5153810" lon="-3.2417520"/>
    <wpt lat="54.5159360" lon="-3.2428850"/>
    <wpt lat="54.5173110" lon="-3.2442890"/>
    <wpt lat="54.5191730" lon="-3.2448940"/>
    <wpt lat="54.5195810" lon="-3.2445730"/>
    <wpt lat="54.5207190" lon="-3.2446940"/>
    <wpt lat="54.5214880" lon="-3.2444600"/>
    <wpt lat="54.5221360" lon="-3.2438250"/>
    <wpt lat="54.5226560" lon="-3.2441520"/>
    <wpt lat="54.5232220" lon="-3.2441480"/>
    <wpt lat="54.5239150" lon="-3.2464760"/>
    <wpt lat="54.5236590" lon="-3.2483250"/>
    <wpt lat="54.5225210" lon="-3.2512090"/>
    <wpt lat="54.5215550" lon="-3.2542370"/>
    <wpt lat="54.5262290" lon="-3.2618180"/>
    <wpt lat="54.5295170" lon="-3.2665780"/>
    <wpt lat="54.5299150" lon="-3.2677810"/>
    <wpt lat="54.5299410" lon="-3.2688710"/>
    <wpt lat="54.5301100" lon="-3.2693430"/>
    <wpt lat="54.5305800" lon="-3.2696850"/>
    <wpt lat="54.5310390" lon="-3.2704400"/>
    <wpt lat="54.5320440" lon="-3.2731430"/>
    <wpt lat="54.5327330" lon="-3.2745380"/>
    <wpt lat="54.5330460" lon="-3.2761680"/>
    <wpt lat="54.5337430" lon="-3.2773270"/>
    <wpt lat="54.5349720" lon="-3.2801020"/>
    <wpt lat="54.5354860" lon="-3.2803010"/>
    <wpt lat="54.5356080" lon="-3.2800260"/>
    <wpt lat="54.5354000" lon="-3.2796010"/>
    <wpt lat="54.5361070" lon="-3.2781850"/>
    <wpt lat="54.5379620" lon="-3.2790910"/>
    <wpt lat="54.5397190" lon="-3.2777140"/>
    <wpt lat="54.5403930" lon="-3.2787440"/>
    <wpt lat="54.5407150" lon="-3.2777020"/>
    <wpt lat="54.5413180" lon="-3.2766270"/>
    <wpt lat="54.5407140" lon="-3.2777030"/>
    <wpt lat="54.5403850" lon="-3.2787330"/>
    <wpt lat="54.5397180" lon="-3.2777250"/>
    <wpt lat="54.5394370" lon="-3.2783490"/>
    <wpt lat="54.5376520" lon="-3.2858260"/>
    <wpt lat="54.5375810" lon="-3.2866280"/>
    <wpt lat="54.5378110" lon="-3.2873120"/>
    <wpt lat="54.5375090" lon="-3.2875490"/>
    <wpt lat="54.5375240" lon="-3.2878820"/>
    <wpt lat="54.5382370" lon="-3.2888060"/>
    <wpt lat="54.5387840" lon="-3.2905620"/>
    <wpt lat="54.5397580" lon="-3.2915470"/>
    <wpt lat="54.5400170" lon="-3.2928650"/>
    <wpt lat="54.5404600" lon="-3.2939950"/>
    <wpt lat="54.5413860" lon="-3.2946900"/>
    <wpt lat="54.5426840" lon="-3.2961690"/>
    <wpt lat="54.5431870" lon="-3.2974400"/>
    <wpt lat="54.5434470" lon="-3.2987040"/>
    <wpt lat="54.5444440" lon="-3.2997550"/>
    <wpt lat="54.5447970" lon="-3.3005610"/>
    <wpt lat="54.5449110" lon="-3.3015410"/>
    <wpt lat="54.5460240" lon="-3.3039480"/>
    <wpt lat="54.5474420" lon="-3.3051740"/>
    <wpt lat="54.5492680" lon="-3.3061020"/>
    <wpt lat="54.5523430" lon="-3.3060290"/>
    <wpt lat="54.5528110" lon="-3.3054110"/>
    <wpt lat="54.5528730" lon="-3.3048650"/>
    <wpt lat="54.5528270" lon="-3.3056580"/>
    <wpt lat="54.5532940" lon="-3.3072830"/>
    <wpt lat="54.5539690" lon="-3.3076580"/>
    <wpt lat="54.5545970" lon="-3.3076790"/>
    <wpt lat="54.5550830" lon="-3.3082420"/>
    <wpt lat="54.5566580" lon="-3.3087320"/>
    <wpt lat="54.5570580" lon="-3.3091530"/>
    <wpt lat="54.5590270" lon="-3.3100640"/>
    <wpt lat="54.5600490" lon="-3.3110520"/>
    <wpt lat="54.5609680" lon="-3.3112430"/>
    <wpt lat="54.5617230" lon="-3.3121260"/>
    <wpt lat="54.5622530" lon="-3.3132160"/>
    <wpt lat="54.5631440" lon="-3.3136850"/>
    <wpt lat="54.5653050" lon="-3.3164970"/>
    <wpt lat="54.5670030" lon="-3.3171420"/>
    <wpt lat="54.5677370" lon="-3.3176810"/>
    <wpt lat="54.5684350" lon="-3.3175860"/>
    <wpt lat="54.5689790" lon="-3.3167990"/>
    <wpt lat="54.5692430" lon="-3.3159490"/>
    <wpt lat="54.5692870" lon="-3.3147480"/>
    <wpt lat="54.5696580" lon="-3.3138800"/>
    <wpt lat="54.5704520" lon="-3.3139600"/>
    <wpt lat="54.5713360" lon="-3.3149650"/>
    <wpt lat="54.5724210" lon="-3.3147860"/>
    <wpt lat="54.5725910" lon="-3.3146090"/>
    <wpt lat="54.5727460" lon="-3.3138460"/>
    <wpt lat="54.5730020" lon="-3.3137900"/>
    <wpt lat="54.5734900" lon="-3.3140950"/>
    <wpt lat="54.5746330" lon="-3.3142500"/>
    <wpt lat="54.5754920" lon="-3.3147610"/>
    <wpt lat="54.5757880" lon="-3.3143740"/>
    <wpt lat="54.5759170" lon="-3.3134160"/>
    <wpt lat="54.5771100" lon="-3.3140660"/>
    <wpt lat="54.5775600" lon="-3.3138450"/>
    <wpt lat="54.5771350" lon="-3.3134770"/>
    <wpt lat="54.5766650" lon="-3.3121060"/>
    <wpt lat="54.5753620" lon="-3.3106690"/>
    <wpt lat="54.5738950" lon="-3.3071770"/>
    <wpt lat="54.5741850" lon="-3.3068430"/>
    <wpt lat="54.5745250" lon="-3.3070360"/>
    <wpt lat="54.5752700" lon="-3.3059650"/>
    <wpt lat="54.5750700" lon="-3.3054650"/>
    <wpt lat="54.5751110" lon="-3.3051990"/>
    <wpt lat="54.5759570" lon="-3.3033910"/>
    <wpt lat="54.5761380" lon="-3.3033750"/>
    <wpt lat="54.5768490" lon="-3.2996850"/>
    <wpt lat="54.5771840" lon="-3.2986760"/>
    <wpt lat="54.5775760" lon="-3.2983620"/>
    <wpt lat="54.5777990" lon="-3.2984550"/>
    <wpt lat="54.5779480" lon="-3.2978800"/>
    <wpt lat="54.5776230" lon="-3.2968610"/>
    <wpt lat="54.5772730" lon="-3.2947470"/>
    <wpt lat="54.5775030" lon="-3.2936060"/>
    <wpt lat="54.5781340" lon="-3.2921560"/>
    <wpt lat="54.5787090" lon="-3.2896200"/>
    <wpt lat="54.5787290" lon="-3.2876680"/>
    <wpt lat="54.5789790" lon="-3.2853040"/>
    <wpt lat="54.5810920" lon="-3.2830960"/>
    <wpt lat="54.5815140" lon="-3.2821580"/>
    <wpt lat="54.5818530" lon="-3.2806980"/>
    <wpt lat="54.5822830" lon="-3.2800040"/>
    <wpt lat="54.5826890" lon="-3.2781280"/>
    <wpt lat="54.5828470" lon="-3.2762790"/>
    <wpt lat="54.5827620" lon="-3.2713300"/>
    <wpt lat="54.5817050" lon="-3.2659850"/>
    <wpt lat="54.5815710" lon="-3.2646180"/>
    <wpt lat="54.5811220" lon="-3.2635300"/>
    <wpt lat="54.5808500" lon="-3.2621490"/>
    <wpt lat="54.5802860" lon="-3.2607900"/>
    <wpt lat="54.5793920" lon="-3.2570490"/>
    <wpt lat="54.5791150" lon="-3.2567510"/>
    <wpt lat="54.5789640" lon="-3.2551360"/>
    <wpt lat="54.5792270" lon="-3.2543510"/>
    <wpt lat="54.5800050" lon="-3.2537630"/>
    <wpt lat="54.5801850" lon="-3.2531350"/>
    <wpt lat="54.5797920" lon="-3.2526940"/>
    <wpt lat="54.5798390" lon="-3.2517510"/>
    <wpt lat="54.5795080" lon="-3.2507210"/>
    <wpt lat="54.5798130" lon="-3.2476190"/>
    <wpt lat="54.5794610" lon="-3.2456120"/>
    <wpt lat="54.5795020" lon="-3.2440900"/>
    <wpt lat="54.5799520" lon="-3.2426550"/>
    <wpt lat="54.5799960" lon="-3.2413580"/>
    <wpt lat="54.5804510" lon="-3.2394610"/>
    <wpt lat="54.5804770" lon="-3.2387650"/>
    <wpt lat="54.5813120" lon="-3.2366440"/>
    <wpt lat="54.5825120" lon="-3.2355000"/>
    <wpt lat="54.5833850" lon="-3.2352690"/>
    <wpt lat="54.5847240" lon="-3.2356860"/>
    <wpt lat="54.5851730" lon="-3.2355380"/>
    <wpt lat="54.5860260" lon="-3.2342550"/>
    <wpt lat="54.5864730" lon="-3.2330350"/>
    <wpt lat="54.5888750" lon="-3.2286010"/>
    <wpt lat="54.5909430" lon="-3.2223190"/>
    <wpt lat="54.5918660" lon="-3.2182890"/>
    <wpt lat="54.5939010" lon="-3.2125880"/>
    <wpt lat="54.5957990" lon="-3.2079980"/>
    <wpt lat="54.5972190" lon="-3.2053040"/>
    <wpt lat="54.5984560" lon="-3.2034310"/>
    <wpt lat="54.5992050" lon="-3.2015730"/>
    <wpt lat="54.5995650" lon="-3.2010480"/>
    <wpt lat="54.5999950" lon="-3.1996220"/>
    <wpt lat="54.6006850" lon="-3.1983550"/>
    <wpt lat="54.6015250" lon="-3.1976720"/>
    <wpt lat="54.6031850" lon="-3.1975810"/>
    <wpt lat="54.6018190" lon="-3.1963910"/>
    <wpt lat="54.6017870" lon="-3.1956070"/>
    <wpt lat="54.6020660" lon="-3.1944780"/>
    <wpt lat="54.6019730" lon="-3.1931770"/>
    <wpt lat="54.6018350" lon="-3.1933130"/>
    <wpt lat="54.6017270" lon="-3.1929230"/>
    <wpt lat="54.6013690" lon="-3.1926550"/>
    <wpt lat="54.6014080" lon="-3.1912400"/>
    <wpt lat="54.6015700" lon="-3.1912770"/>
    <wpt lat="54.6016850" lon="-3.1903040"/>
    <wpt lat="54.6015260" lon="-3.1894630"/>
    <wpt lat="54.6012190" lon="-3.1890350"/>
    <wpt lat="54.6012950" lon="-3.1863440"/>
    <wpt lat="54.6007850" lon="-3.1851810"/>
    <wpt lat="54.6010130" lon="-3.1840820"/>
    <wpt lat="54.6009420" lon="-3.1837370"/>
    <wpt lat="54.5999970" lon="-3.1825070"/>
    <wpt lat="54.5998510" lon="-3.1828250"/>
    <wpt lat="54.5995470" lon="-3.1826770"/>
    <wpt lat="54.5992510" lon="-3.1831290"/>
    <wpt lat="54.5986610" lon="-3.1830480"/>
    <wpt lat="54.5966320" lon="-3.1810980"/>
    <wpt lat="54.5963720" lon="-3.1797060"/>
    <wpt lat="54.5945310" lon="-3.1778180"/>
    <wpt lat="54.5947290" lon="-3.1772980"/>
    <wpt lat="54.5949370" lon="-3.1757270"/>
    <wpt lat="54.5967710" lon="-3.1713160"/>
    <wpt lat="54.5969010" lon="-3.1700540"/>
    <wpt lat="54.5967520" lon="-3.1693950"/>
    <wpt lat="54.5970790" lon="-3.1693290"/>
    <wpt lat="54.5984850" lon="-3.1679960"/>
    <wpt lat="54.5991160" lon="-3.1663080"/>
    <wpt lat="54.6000780" lon="-3.1652310"/>
    <wpt lat="54.6006560" lon="-3.1639380"/>
    <wpt lat="54.6018680" lon="-3.1626420"/>
    <wpt lat="54.6021710" lon="-3.1621040"/>
    <wpt lat="54.6017850" lon="-3.1608910"/>
    <wpt lat="54.6025200" lon="-3.1607510"/>
    <wpt lat="54.6037330" lon="-3.1587580"/>
    <wpt lat="54.6032310" lon="-3.1572190"/>
    <wpt lat="54.6039060" lon="-3.1568950"/>
    <wpt lat="54.6047670" lon="-3.1552030"/>
    <wpt lat="54.6042570" lon="-3.1481390"/>
    <wpt lat="54.6032390" lon="-3.1433780"/>
    <wpt lat="54.6035380" lon="-3.1426350"/>
    <wpt lat="54.6022160" lon="-3.1404520"/>
    <wpt lat="54.6015250" lon="-3.1386410"/>
    <wpt lat="54.6001700" lon="-3.1366930"/>
    <wpt lat="54.5996840" lon="-3.1368080"/>
    <wpt lat="54.5992940" lon="-3.1365610"/>
    <wpt lat="54.5989500" lon="-3.1374630"/>
    <wpt lat="54.5986390" lon="-3.1375620"/>
    <wpt lat="54.5983180" lon="-3.1386360"/>
    <wpt lat="54.5974570" lon="-3.1389560"/>
    <wpt lat="54.5967560" lon="-3.1387540"/>
    <wpt lat="54.5953090" lon="-3.1399250"/>
    <wpt lat="54.5943850" lon="-3.1403390"/>
    <wpt lat="54.5929040" lon="-3.1404910"/>
    <wpt lat="54.5911270" lon="-3.1410530"/>
    <wpt lat="54.5901020" lon="-3.1409380"/>
    <wpt lat="54.5904160" lon="-3.1406570"/>
    <wpt lat="54.5905500" lon="-3.1402750"/>
    <wpt lat="54.5904850" lon="-3.1399290"/>
    <wpt lat="54.5901380" lon="-3.1390830"/>
    <wpt lat="54.5895760" lon="-3.1387130"/>
    <wpt lat="54.5894240" lon="-3.1383870"/>
    <wpt lat="54.5897040" lon="-3.1370750"/>
    <wpt lat="54.5896890" lon="-3.1366340"/>
    <wpt lat="54.5894550" lon="-3.1364450"/>
    <wpt lat="54.5894640" lon="-3.1360590"/>
    <wpt lat="54.5899810" lon="-3.1340460"/>
    <wpt lat="54.5899370" lon="-3.1334220"/>
    <wpt lat="54.5887260" lon="-3.1326050"/>
    <wpt lat="54.5880720" lon="-3.1326720"/>
    <wpt lat="54.5880670" lon="-3.1332620"/>
    <wpt lat="54.5876820" lon="-3.1338310"/>
    <wpt lat="54.5864730" lon="-3.1341840"/>
    <wpt lat="54.5862070" lon="-3.1353350"/>
    <wpt lat="54.5860120" lon="-3.1355440"/>
    <wpt lat="54.5846000" lon="-3.1354290"/>
    <wpt lat="54.5838520" lon="-3.1356450"/>
    <wpt lat="54.5834870" lon="-3.1354200"/>
    <wpt lat="54.5838100" lon="-3.1340880"/>
    <wpt lat="54.5837650" lon="-3.1335930"/>
    <wpt lat="54.5833510" lon="-3.1327120"/>
    <wpt lat="54.5834870" lon="-3.1314500"/>
    <wpt lat="54.5821820" lon="-3.1306830"/>
    <wpt lat="54.5822990" lon="-3.1300970"/>
    <wpt lat="54.5834900" lon="-3.1297540"/>
    <wpt lat="54.5835420" lon="-3.1295090"/>
    <wpt lat="54.5829880" lon="-3.1283240"/>
    <wpt lat="54.5836940" lon="-3.1265840"/>
    <wpt lat="54.5837960" lon="-3.1257280"/>
    <wpt lat="54.5841360" lon="-3.1251690"/>
    <wpt lat="54.5844010" lon="-3.1241780"/>
    <wpt lat="54.5856690" lon="-3.1228830"/>
    <wpt lat="54.5866810" lon="-3.1209690"/>
    <wpt lat="54.5871530" lon="-3.1204450"/>
    <wpt lat="54.5885510" lon="-3.1171150"/>
    <wpt lat="54.5893760" lon="-3.1160000"/>
    <wpt lat="54.5902600" lon="-3.1159170"/>
    <wpt lat="54.5912860" lon="-3.1152050"/>
    <wpt lat="54.5908160" lon="-3.1142590"/>
    <wpt lat="54.5903980" lon="-3.1116930"/>
    <wpt lat="54.5906200" lon="-3.1112920"/>
    <wpt lat="54.5908960" lon="-3.1116210"/>
    <wpt lat="54.5912410" lon="-3.1086260"/>
    <wpt lat="54.5912460" lon="-3.1066730"/>
    <wpt lat="54.5910900" lon="-3.1061540"/>
    <wpt lat="54.5923080" lon="-3.1054470"/>
    <wpt lat="54.5934050" lon="-3.1057990"/>
    <wpt lat="54.5947890" lon="-3.1040660"/>
    <wpt lat="54.5938490" lon="-3.1021620"/>
    <wpt lat="54.5924400" lon="-3.1006010"/>
    <wpt lat="54.5917780" lon="-3.0981470"/>
    <wpt lat="54.5917690" lon="-3.0970520"/>
    <wpt lat="54.5901990" lon="-3.0932970"/>
    <wpt lat="54.5904210" lon="-3.0922090"/>
    <wpt lat="54.5902390" lon="-3.0902510"/>
    <wpt lat="54.5905160" lon="-3.0892710"/>
    <wpt lat="54.5905510" lon="-3.0874690"/>
    <wpt lat="54.5908680" lon="-3.0860290"/>
    <wpt lat="54.5908390" lon="-3.0844830"/>
    <wpt lat="54.5910630" lon="-3.0829870"/>
    <wpt lat="54.5908970" lon="-3.0828000"/>
    <wpt lat="54.5911360" lon="-3.0824740"/>
    <wpt lat="54.5907270" lon="-3.0823240"/>
    <wpt lat="54.5913480" lon="-3.0817930"/>
    <wpt lat="54.5913580" lon="-3.0813530"/>
    <wpt lat="54.5918930" lon="-3.0799190"/>
    <wpt lat="54.5920550" lon="-3.0771120"/>
    <wpt lat="54.5930020" lon="-3.0736590"/>
    <wpt lat="54.5938650" lon="-3.0724110"/>
    <wpt lat="54.5938110" lon="-3.0715230"/>
    <wpt lat="54.5942450" lon="-3.0692970"/>
    <wpt lat="54.5945820" lon="-3.0693200"/>
    <wpt lat="54.5950610" lon="-3.0688820"/>
    <wpt lat="54.5951530" lon="-3.0672300"/>
    <wpt lat="54.5955870" lon="-3.0667120"/>
    <wpt lat="54.5974970" lon="-3.0666040"/>
    <wpt lat="54.5979990" lon="-3.0662330"/>
    <wpt lat="54.5981910" lon="-3.0644380"/>
    <wpt lat="54.5987050" lon="-3.0635250"/>
    <wpt lat="54.5992060" lon="-3.0614730"/>
    <wpt lat="54.5991080" lon="-3.0604650"/>
    <wpt lat="54.5983270" lon="-3.0602990"/>
    <wpt lat="54.5984290" lon="-3.0592560"/>
    <wpt lat="54.5988110" lon="-3.0584450"/>
    <wpt lat="54.5983550" lon="-3.0579700"/>
    <wpt lat="54.5983550" lon="-3.0571490"/>
    <wpt lat="54.5986610" lon="-3.0555030"/>
    <wpt lat="54.5989730" lon="-3.0549020"/>
    <wpt lat="54.6004500" lon="-3.0543720"/>
    <wpt lat="54.6016830" lon="-3.0536230"/>
    <wpt lat="54.6026950" lon="-3.0500760"/>
    <wpt lat="54.6032860" lon="-3.0491650"/>
    <wpt lat="54.6040730" lon="-3.0450820"/>
    <wpt lat="54.6049220" lon="-3.0426290"/>
    <wpt lat="54.6044680" lon="-3.0383680"/>
    <wpt lat="54.6027330" lon="-3.0341410"/>
    <wpt lat="54.6026160" lon="-3.0335560"/>
    <wpt lat="54.6028210" lon="-3.0319860"/>
    <wpt lat="54.6026870" lon="-3.0296530"/>
    <wpt lat="54.6028190" lon="-3.0231440"/>
    <wpt lat="54.6021470" lon="-3.0211290"/>
    <wpt lat="54.6013860" lon="-3.0204470"/>
    <wpt lat="54.6009840" lon="-3.0189550"/>
    <wpt lat="54.6003490" lon="-3.0178540"/>
    <wpt lat="54.5998310" lon="-3.0144250"/>
    <wpt lat="54.5998520" lon="-3.0133630"/>
    <wpt lat="54.5994900" lon="-3.0113260"/>
    <wpt lat="54.5984940" lon="-3.0107540"/>
    <wpt lat="54.5972960" lon="-3.0106160"/>
    <wpt lat="54.5957810" lon="-3.0089480"/>
    <wpt lat="54.5947550" lon="-3.0052630"/>
    <wpt lat="54.5949170" lon="-3.0022310"/>
    <wpt lat="54.5960310" lon="-2.9989970"/>
    <wpt lat="54.5960020" lon="-2.9972580"/>
    <wpt lat="54.5958370" lon="-2.9962450"/>
    <wpt lat="54.5958710" lon="-2.9943680"/>
    <wpt lat="54.5955870" lon="-2.9918290"/>
    <wpt lat="54.5951850" lon="-2.9907890"/>
    <wpt lat="54.5944340" lon="-2.9899660"/>
    <wpt lat="54.5943740" lon="-2.9888810"/>
    <wpt lat="54.5944720" lon="-2.9852670"/>
    <wpt lat="54.5947470" lon="-2.9820340"/>
    <wpt lat="54.5954940" lon="-2.9788100"/>
    <wpt lat="54.5957230" lon="-2.9767020"/>
    <wpt lat="54.5957780" lon="-2.9736780"/>
    <wpt lat="54.5954550" lon="-2.9722000"/>
    <wpt lat="54.5942470" lon="-2.9708510"/>
    <wpt lat="54.5920760" lon="-2.9702840"/>
    <wpt lat="54.5906040" lon="-2.9708920"/>
    <wpt lat="54.5905100" lon="-2.9698930"/>
    <wpt lat="54.5896000" lon="-2.9659220"/>
    <wpt lat="54.5899500" lon="-2.9653590"/>
    <wpt lat="54.5900050" lon="-2.9649540"/>
    <wpt lat="54.5894760" lon="-2.9631130"/>
    <wpt lat="54.5889080" lon="-2.9623250"/>
    <wpt lat="54.5886560" lon="-2.9615700"/>
    <wpt lat="54.5891570" lon="-2.9588140"/>
    <wpt lat="54.5892550" lon="-2.9556540"/>
    <wpt lat="54.5892540" lon="-2.9548670"/>
    <wpt lat="54.5889860" lon="-2.9533880"/>
    <wpt lat="54.5888960" lon="-2.9498690"/>
    <wpt lat="54.5886400" lon="-2.9488340"/>
    <wpt lat="54.5895330" lon="-2.9474580"/>
    <wpt lat="54.5902950" lon="-2.9450890"/>
    <wpt lat="54.5906800" lon="-2.9447300"/>
    <wpt lat="54.5911680" lon="-2.9435480"/>
    <wpt lat="54.5917920" lon="-2.9428010"/>
    <wpt lat="54.5919890" lon="-2.9420180"/>
    <wpt lat="54.5928740" lon="-2.9408700"/>
    <wpt lat="54.5935700" lon="-2.9392990"/>
    <wpt lat="54.5904290" lon="-2.9401280"/>
    <wpt lat="54.5898590" lon="-2.9406100"/>
    <wpt lat="54.5860800" lon="-2.9409400"/>
    <wpt lat="54.5861900" lon="-2.9406000"/>
    <wpt lat="54.5860390" lon="-2.9397580"/>
    <wpt lat="54.5865930" lon="-2.9380760"/>
    <wpt lat="54.5864900" lon="-2.9361530"/>
    <wpt lat="54.5862480" lon="-2.9352350"/>
    <wpt lat="54.5867120" lon="-2.9340010"/>
    <wpt lat="54.5865810" lon="-2.9332680"/>
    <wpt lat="54.5859230" lon="-2.9323300"/>
    <wpt lat="54.5857490" lon="-2.9315430"/>
    <wpt lat="54.5823670" lon="-2.9296580"/>
    <wpt lat="54.5815570" lon="-2.9298110"/>
    <wpt lat="54.5795920" lon="-2.9289620"/>
    <wpt lat="54.5791180" lon="-2.9291760"/>
    <wpt lat="54.5786490" lon="-2.9298880"/>
    <wpt lat="54.5771730" lon="-2.9301220"/>
    <wpt lat="54.5768580" lon="-2.9306620"/>
    <wpt lat="54.5767430" lon="-2.9302950"/>
    <wpt lat="54.5764690" lon="-2.9303480"/>
    <wpt lat="54.5764650" lon="-2.9308730"/>
    <wpt lat="54.5759740" lon="-2.9316350"/>
    <wpt lat="54.5764290" lon="-2.9322350"/>
    <wpt lat="54.5760070" lon="-2.9337390"/>
    <wpt lat="54.5761990" lon="-2.9338720"/>
    <wpt lat="54.5753570" lon="-2.9358800"/>
    <wpt lat="54.5748910" lon="-2.9374470"/>
    <wpt lat="54.5745760" lon="-2.9402830"/>
    <wpt lat="54.5742310" lon="-2.9406930"/>
    <wpt lat="54.5741270" lon="-2.9420860"/>
    <wpt lat="54.5725210" lon="-2.9462760"/>
    <wpt lat="54.5717390" lon="-2.9492300"/>
    <wpt lat="54.5703310" lon="-2.9516850"/>
    <wpt lat="54.5689350" lon="-2.9529400"/>
    <wpt lat="54.5673090" lon="-2.9556380"/>
    <wpt lat="54.5662520" lon="-2.9580060"/>
    <wpt lat="54.5662000" lon="-2.9582950"/>
    <wpt lat="54.5665400" lon="-2.9584740"/>
    <wpt lat="54.5666120" lon="-2.9589160"/>
    <wpt lat="54.5664360" lon="-2.9598450"/>
    <wpt lat="54.5658100" lon="-2.9610970"/>
    <wpt lat="54.5655950" lon="-2.9623360"/>
    <wpt lat="54.5645680" lon="-2.9640610"/>
    <wpt lat="54.5642960" lon="-2.9677350"/>
    <wpt lat="54.5638660" lon="-2.9701710"/>
    <wpt lat="54.5636280" lon="-2.9742210"/>
    <wpt lat="54.5636920" lon="-2.9778820"/>
    <wpt lat="54.5634700" lon="-2.9823080"/>
    <wpt lat="54.5635390" lon="-2.9829850"/>
    <wpt lat="54.5637370" lon="-2.9831620"/>
    <wpt lat="54.5635090" lon="-2.9835860"/>
    <wpt lat="54.5633830" lon="-2.9845590"/>
    <wpt lat="54.5628850" lon="-2.9899870"/>
    <wpt lat="54.5621760" lon="-2.9914940"/>
    <wpt lat="54.5615070" lon="-2.9918420"/>
    <wpt lat="54.5598070" lon="-2.9904700"/>
    <wpt lat="54.5591210" lon="-2.9891450"/>
    <wpt lat="54.5581930" lon="-2.9893690"/>
    <wpt lat="54.5570570" lon="-2.9889550"/>
    <wpt lat="54.5564980" lon="-2.9896930"/>
    <wpt lat="54.5564830" lon="-2.9930400"/>
    <wpt lat="54.5561800" lon="-2.9949960"/>
    <wpt lat="54.5554140" lon="-2.9943550"/>
    <wpt lat="54.5545720" lon="-2.9945820"/>
    <wpt lat="54.5542000" lon="-2.9944330"/>
    <wpt lat="54.5531740" lon="-2.9920260"/>
    <wpt lat="54.5528000" lon="-2.9921460"/>
    <wpt lat="54.5522650" lon="-2.9913920"/>
    <wpt lat="54.5516960" lon="-2.9894580"/>
    <wpt lat="54.5512850" lon="-2.9887070"/>
    <wpt lat="54.5512460" lon="-2.9881480"/>
    <wpt lat="54.5505240" lon="-2.9881840"/>
    <wpt lat="54.5505870" lon="-2.9872630"/>
    <wpt lat="54.5496200" lon="-2.9876150"/>
    <wpt lat="54.5485380" lon="-2.9889940"/>
    <wpt lat="54.5485560" lon="-2.9883190"/>
    <wpt lat="54.5479310" lon="-2.9887010"/>
    <wpt lat="54.5482060" lon="-2.9870010"/>
    <wpt lat="54.5478440" lon="-2.9870570"/>
    <wpt lat="54.5477230" lon="-2.9851330"/>
    <wpt lat="54.5481050" lon="-2.9840590"/>
    <wpt lat="54.5478560" lon="-2.9840630"/>
    <wpt lat="54.5480880" lon="-2.9823200"/>
    <wpt lat="54.5476490" lon="-2.9774380"/>
    <wpt lat="54.5472390" lon="-2.9750570"/>
    <wpt lat="54.5468600" lon="-2.9703910"/>
    <wpt lat="54.5465880" lon="-2.9700840"/>
    <wpt lat="54.5463370" lon="-2.9688440"/>
    <wpt lat="54.5456920" lon="-2.9685820"/>
    <wpt lat="54.5447290" lon="-2.9674970"/>
    <wpt lat="54.5442870" lon="-2.9656300"/>
    <wpt lat="54.5432440" lon="-2.9642200"/>
    <wpt lat="54.5426510" lon="-2.9628120"/>
    <wpt lat="54.5416720" lon="-2.9630780"/>
    <wpt lat="54.5414420" lon="-2.9623380"/>
    <wpt lat="54.5408950" lon="-2.9622180"/>
    <wpt lat="54.5404140" lon="-2.9615950"/>
    <wpt lat="54.5395800" lon="-2.9576590"/>
    <wpt lat="54.5396500" lon="-2.9566620"/>
    <wpt lat="54.5393230" lon="-2.9555820"/>
    <wpt lat="54.5393060" lon="-2.9545730"/>
    <wpt lat="54.5391410" lon="-2.9542470"/>
    <wpt lat="54.5388250" lon="-2.9539710"/>
    <wpt lat="54.5381120" lon="-2.9543950"/>
    <wpt lat="54.5362100" lon="-2.9548870"/>
    <wpt lat="54.5353110" lon="-2.9559170"/>
    <wpt lat="54.5348340" lon="-2.9573010"/>
    <wpt lat="54.5331880" lon="-2.9551810"/>
    <wpt lat="54.5326860" lon="-2.9549010"/>
    <wpt lat="54.5327390" lon="-2.9536790"/>
    <wpt lat="54.5331160" lon="-2.9516700"/>
    <wpt lat="54.5338560" lon="-2.9494240"/>
    <wpt lat="54.5332490" lon="-2.9490340"/>
    <wpt lat="54.5328870" lon="-2.9491860"/>
    <wpt lat="54.5324180" lon="-2.9485850"/>
    <wpt lat="54.5311780" lon="-2.9456060"/>
    <wpt lat="54.5310070" lon="-2.9442930"/>
    <wpt lat="54.5319400" lon="-2.9428880"/>
    <wpt lat="54.5328390" lon="-2.9409880"/>
    <wpt lat="54.5332210" lon="-2.9398380"/>
    <wpt lat="54.5334730" lon="-2.9370970"/>
    <wpt lat="54.5336650" lon="-2.9363930"/>
    <wpt lat="54.5343160" lon="-2.9359360"/>
    <wpt lat="54.5346500" lon="-2.9361900"/>
    <wpt lat="54.5347590" lon="-2.9342510"/>
    <wpt lat="54.5342690" lon="-2.9332310"/>
    <wpt lat="54.5340560" lon="-2.9317570"/>
    <wpt lat="54.5343600" lon="-2.9310880"/>
    <wpt lat="54.5356170" lon="-2.9295180"/>
    <wpt lat="54.5358380" lon="-2.9282990"/>
    <wpt lat="54.5346080" lon="-2.9263190"/>
    <wpt lat="54.5338150" lon="-2.9258930"/>
    <wpt lat="54.5333040" lon="-2.9258920"/>
    <wpt lat="54.5326030" lon="-2.9264660"/>
    <wpt lat="54.5325440" lon="-2.9267970"/>
    <wpt lat="54.5319230" lon="-2.9266010"/>
    <wpt lat="54.5314070" lon="-2.9257520"/>
    <wpt lat="54.5305410" lon="-2.9249810"/>
    <wpt lat="54.5298700" lon="-2.9247410"/>
    <wpt lat="54.5285470" lon="-2.9235090"/>
    <wpt lat="54.5276040" lon="-2.9231440"/>
    <wpt lat="54.5267560" lon="-2.9231790"/>
    <wpt lat="54.5248150" lon="-2.9220200"/>
    <wpt lat="54.5228630" lon="-2.9200550"/>
    <wpt lat="54.5215400" lon="-2.9195320"/>
    <wpt lat="54.5211290" lon="-2.9187820"/>
    <wpt lat="54.5203120" lon="-2.9180340"/>
    <wpt lat="54.5185940" lon="-2.9178880"/>
    <wpt lat="54.5178900" lon="-2.9188490"/>
    <wpt lat="54.5170780" lon="-2.9191420"/>
    <wpt lat="54.5166370" lon="-2.9189280"/>
    <wpt lat="54.5163750" lon="-2.9190510"/>
    <wpt lat="54.5158700" lon="-2.9199300"/>
    <wpt lat="54.5154640" lon="-2.9200390"/>
    <wpt lat="54.5106410" lon="-2.9191410"/>
    <wpt lat="54.5101680" lon="-2.9165980"/>
    <wpt lat="54.5100820" lon="-2.9147610"/>
    <wpt lat="54.5097660" lon="-2.9137130"/>
    <wpt lat="54.5089640" lon="-2.9127510"/>
    <wpt lat="54.5087930" lon="-2.9122320"/>
    <wpt lat="54.5077350" lon="-2.9063930"/>
    <wpt lat="54.5077920" lon="-2.9038190"/>
    <wpt lat="54.5081310" lon="-2.9025170"/>
    <wpt lat="54.5078460" lon="-2.9023500"/>
    <wpt lat="54.5078410" lon="-2.9013410"/>
    <wpt lat="54.5083110" lon="-2.8951610"/>
    <wpt lat="54.5081840" lon="-2.8904790"/>
    <wpt lat="54.5077260" lon="-2.8892030"/>
    <wpt lat="54.5072520" lon="-2.8884100"/>
    <wpt lat="54.5068390" lon="-2.8869950"/>
    <wpt lat="54.5069500" lon="-2.8863110"/>
    <wpt lat="54.5065210" lon="-2.8853680"/>
    <wpt lat="54.5064500" lon="-2.8848300"/>
    <wpt lat="54.5066840" lon="-2.8844060"/>
    <wpt lat="54.5077220" lon="-2.8838600"/>
    <wpt lat="54.5084880" lon="-2.8829750"/>
    <wpt lat="54.5094110" lon="-2.8802590"/>
    <wpt lat="54.5095520" lon="-2.8789320"/>
    <wpt lat="54.5077590" lon="-2.8752560"/>
    <wpt lat="54.5076140" lon="-2.8746520"/>
    <wpt lat="54.5078990" lon="-2.8732520"/>
    <wpt lat="54.5077700" lon="-2.8712110"/>
    <wpt lat="54.5071410" lon="-2.8695230"/>
    <wpt lat="54.5068550" lon="-2.8693450"/>
    <wpt lat="54.5060570" lon="-2.8694360"/>
    <wpt lat="54.5040200" lon="-2.8685980"/>
    <wpt lat="54.5019280" lon="-2.8666010"/>
    <wpt lat="54.5007160" lon="-2.8662530"/>
    <wpt lat="54.4999810" lon="-2.8653580"/>
    <wpt lat="54.4983360" lon="-2.8653340"/>
    <wpt lat="54.4948900" lon="-2.8636190"/>
    <wpt lat="54.4935870" lon="-2.8636660"/>
    <wpt lat="54.4927680" lon="-2.8640240"/>
    <wpt lat="54.4917840" lon="-2.8648620"/>
    <wpt lat="54.4904110" lon="-2.8651120"/>
    <wpt lat="54.4842120" lon="-2.8707850"/>
    <wpt lat="54.4835130" lon="-2.8717460"/>
    <wpt lat="54.4812410" lon="-2.8739290"/>
    <wpt lat="54.4801320" lon="-2.8753770"/>
    <wpt lat="54.4785790" lon="-2.8763090"/>
    <wpt lat="54.4770090" lon="-2.8762000"/>
    <wpt lat="54.4763410" lon="-2.8771410"/>
    <wpt lat="54.4751770" lon="-2.8778350"/>
    <wpt lat="54.4736750" lon="-2.8777060"/>
    <wpt lat="54.4716890" lon="-2.8782100"/>
    <wpt lat="54.4711490" lon="-2.8795930"/>
    <wpt lat="54.4698460" lon="-2.8804450"/>
    <wpt lat="54.4669640" lon="-2.8814660"/>
    <wpt lat="54.4659360" lon="-2.8813480"/>
    <wpt lat="54.4638440" lon="-2.8833840"/>
    <wpt lat="54.4637090" lon="-2.8839180"/>
    <wpt lat="54.4633130" lon="-2.8844240"/>
    <wpt lat="54.4624220" lon="-2.8842120"/>
    <wpt lat="54.4615220" lon="-2.8844280"/>
    <wpt lat="54.4609640" lon="-2.8848240"/>
    <wpt lat="54.4592660" lon="-2.8850980"/>
    <wpt lat="54.4584090" lon="-2.8862170"/>
    <wpt lat="54.4580590" lon="-2.8863700"/>
    <wpt lat="54.4552300" lon="-2.8868780"/>
    <wpt lat="54.4530410" lon="-2.8867980"/>
    <wpt lat="54.4481650" lon="-2.8873040"/>
    <wpt lat="54.4456860" lon="-2.8879690"/>
    <wpt lat="54.4452000" lon="-2.8885300"/>
    <wpt lat="54.4453500" lon="-2.8870600"/>
    <wpt lat="54.4432700" lon="-2.8883300"/>
    <wpt lat="54.4417100" lon="-2.8896200"/>
    <wpt lat="54.4381300" lon="-2.8903000"/>
    <wpt lat="54.4371200" lon="-2.8909100"/>
    <wpt lat="54.4368500" lon="-2.8916900"/>
    <wpt lat="54.4341000" lon="-2.8932600"/>
    <wpt lat="54.4335600" lon="-2.8932700"/>
    <wpt lat="54.4333600" lon="-2.8936200"/>
    <wpt lat="54.4300800" lon="-2.8933100"/>
    <wpt lat="54.4285900" lon="-2.8942900"/>
    <wpt lat="54.4270200" lon="-2.8948600"/>
    <wpt lat="54.4262700" lon="-2.8957600"/>
    <wpt lat="54.4250000" lon="-2.8959000"/>
    <wpt lat="54.4239800" lon="-2.8963300"/>
    <wpt lat="54.4230400" lon="-2.8968200"/>
    <wpt lat="54.4216800" lon="-2.8980200"/>
    <wpt lat="54.4209700" lon="-2.8980800"/>
    <wpt lat="54.4196200" lon="-2.8999200"/>
    <wpt lat="54.4201300" lon="-2.9018100"/>
    <wpt lat="54.4202700" lon="-2.9029100"/>
    <wpt lat="54.4202000" lon="-2.9033700"/>
    <wpt lat="54.4194600" lon="-2.9041400"/>
    <wpt lat="54.4180300" lon="-2.9050600"/>
    <wpt lat="54.4179300" lon="-2.9069600"/>
    <wpt lat="54.4176100" lon="-2.9064800"/>
    <wpt lat="54.4179000" lon="-2.9069400"/>
    <wpt lat="54.4197300" lon="-2.9076500"/>
    <wpt lat="54.4234100" lon="-2.9080800"/>
    <wpt lat="54.4237200" lon="-2.9085200"/>
    <wpt lat="54.4234600" lon="-2.9088600"/>
    <wpt lat="54.4236900" lon="-2.9085500"/>
    <wpt lat="54.4236400" lon="-2.9082800"/>
    <wpt lat="54.4223170" lon="-2.9079260"/>
    <wpt lat="54.4222000" lon="-2.9085200"/>
    <wpt lat="54.4214700" lon="-2.9101000"/>
    <wpt lat="54.4200400" lon="-2.9113300"/>
    <wpt lat="54.4198100" lon="-2.9118600"/>
    <wpt lat="54.4156230" lon="-2.9146870"/>
    <wpt lat="54.4152250" lon="-2.9153650"/>
    <wpt lat="54.4132300" lon="-2.9173370"/>
    <wpt lat="54.4121920" lon="-2.9200820"/>
    <wpt lat="54.4116330" lon="-2.9237710"/>
    <wpt lat="54.4118120" lon="-2.9267520"/>
    <wpt lat="54.4121180" lon="-2.9275210"/>
    <wpt lat="54.4132650" lon="-2.9293180"/>
    <wpt lat="54.4135890" lon="-2.9294220"/>
    <wpt lat="54.4145710" lon="-2.9308070"/>
    <wpt lat="54.4152230" lon="-2.9321300"/>
    <wpt lat="54.4169960" lon="-2.9329760"/>
    <wpt lat="54.4170360" lon="-2.9334920"/>
    <wpt lat="54.4173970" lon="-2.9344120"/>
    <wpt lat="54.4174510" lon="-2.9355400"/>
    <wpt lat="54.4178370" lon="-2.9364610"/>
    <wpt lat="54.4172890" lon="-2.9378450"/>
    <wpt lat="54.4174710" lon="-2.9385680"/>
    <wpt lat="54.4176940" lon="-2.9412140"/>
    <wpt lat="54.4175340" lon="-2.9425520"/>
    <wpt lat="54.4176180" lon="-2.9445280"/>
    <wpt lat="54.4174400" lon="-2.9465950"/>
    <wpt lat="54.4176810" lon="-2.9476730"/>
    <wpt lat="54.4175710" lon="-2.9490010"/>
    <wpt lat="54.4182190" lon="-2.9514730"/>
    <wpt lat="54.4187060" lon="-2.9523220"/>
    <wpt lat="54.4187070" lon="-2.9530190"/>
    <wpt lat="54.4190560" lon="-2.9531240"/>
    <wpt lat="54.4192830" lon="-2.9535370"/>
    <wpt lat="54.4191500" lon="-2.9538020"/>
    <wpt lat="54.4193920" lon="-2.9540220"/>
    <wpt lat="54.4191930" lon="-2.9547470"/>
    <wpt lat="54.4197140" lon="-2.9559290"/>
    <wpt lat="54.4205040" lon="-2.9570850"/>
    <wpt lat="54.4219310" lon="-2.9581380"/>
    <wpt lat="54.4228710" lon="-2.9579240"/>
    <wpt lat="54.4237870" lon="-2.9582450"/>
    <wpt lat="54.4243690" lon="-2.9604050"/>
    <wpt lat="54.4245980" lon="-2.9605820"/>
    <wpt lat="54.4253950" lon="-2.9609230"/>
    <wpt lat="54.4261390" lon="-2.9607790"/>
    <wpt lat="54.4276140" lon="-2.9613290"/>
    <wpt lat="54.4283750" lon="-2.9613150"/>
    <wpt lat="54.4297350" lon="-2.9622400"/>
    <wpt lat="54.4315500" lon="-2.9623790"/>
    <wpt lat="54.4319000" lon="-2.9618510"/>
    <wpt lat="54.4325820" lon="-2.9631650"/>
    <wpt lat="54.4338730" lon="-2.9633670"/>
    <wpt lat="54.4341750" lon="-2.9637610"/>
    <wpt lat="54.4348210" lon="-2.9665020"/>
    <wpt lat="54.4358240" lon="-2.9690250"/>
    <wpt lat="54.4367930" lon="-2.9696920"/>
    <wpt lat="54.4381680" lon="-2.9702070"/>
    <wpt lat="54.4386890" lon="-2.9698010"/>
    <wpt lat="54.4397570" lon="-2.9703850"/>
    <wpt lat="54.4415860" lon="-2.9695380"/>
    <wpt lat="54.4424470" lon="-2.9695470"/>
    <wpt lat="54.4455720" lon="-2.9720190"/>
    <wpt lat="54.4460190" lon="-2.9731030"/>
    <wpt lat="54.4466260" lon="-2.9736430"/>
    <wpt lat="54.4474050" lon="-2.9753250"/>
    <wpt lat="54.4483220" lon="-2.9760660"/>
    <wpt lat="54.4485530" lon="-2.9768970"/>
    <wpt lat="54.4483360" lon="-2.9782870"/>
    <wpt lat="54.4485080" lon="-2.9777870"/>
    <wpt lat="54.4489380" lon="-2.9786130"/>
    <wpt lat="54.4487090" lon="-2.9791010"/>
    <wpt lat="54.4488810" lon="-2.9795230"/>
    <wpt lat="54.4487490" lon="-2.9803360"/>
    <wpt lat="54.4497630" lon="-2.9808000"/>
    <wpt lat="54.4493860" lon="-2.9818420"/>
    <wpt lat="54.4490440" lon="-2.9817160"/>
    <wpt lat="54.4485780" lon="-2.9837220"/>
    <wpt lat="54.4488740" lon="-2.9843850"/>
    <wpt lat="54.4489910" lon="-2.9872080"/>
    <wpt lat="54.4502630" lon="-2.9897830"/>
    <wpt lat="54.4503450" lon="-2.9903580"/>
    <wpt lat="54.4501700" lon="-2.9922110"/>
    <wpt lat="54.4507340" lon="-2.9941500"/>
    <wpt lat="54.4510110" lon="-2.9960950"/>
    <wpt lat="54.4512670" lon="-2.9982330"/>
    <wpt lat="54.4513090" lon="-3.0004230"/>
    <wpt lat="54.4519520" lon="-3.0015620"/>
    <wpt lat="54.4525080" lon="-3.0036500"/>
    <wpt lat="54.4532710" lon="-3.0049210"/>
    <wpt lat="54.4532130" lon="-3.0062490"/>
    <wpt lat="54.4524700" lon="-3.0074340"/>
    <wpt lat="54.4522760" lon="-3.0083230"/>
    <wpt lat="54.4523110" lon="-3.0105820"/>
    <wpt lat="54.4524730" lon="-3.0118700"/>
    <wpt lat="54.4522730" lon="-3.0134810"/>
    <wpt lat="54.4523900" lon="-3.0138740"/>
    <wpt lat="54.4531750" lon="-3.0148100"/>
    <wpt lat="54.4534020" lon="-3.0155720"/>
    <wpt lat="54.4542220" lon="-3.0162800"/>
    <wpt lat="54.4551250" lon="-3.0175060"/>
    <wpt lat="54.4558060" lon="-3.0196660"/>
    <wpt lat="54.4570140" lon="-3.0218740"/>
    <wpt lat="54.4572580" lon="-3.0237140"/>
    <wpt lat="54.4575960" lon="-3.0232180"/>
    <wpt lat="54.4577890" lon="-3.0232120"/>
    <wpt lat="54.4579840" lon="-3.0237550"/>
    <wpt lat="54.4592040" lon="-3.0236940"/>
    <wpt lat="54.4597400" lon="-3.0243000"/>
    <wpt lat="54.4587400" lon="-3.0258200"/>
    <wpt lat="54.4576580" lon="-3.0257700"/>
    <wpt lat="54.4567330" lon="-3.0286100"/>
    <wpt lat="54.4553870" lon="-3.0295750"/>
    <wpt lat="54.4544260" lon="-3.0312450"/>
    <wpt lat="54.4537230" lon="-3.0312800"/>
    <wpt lat="54.4532010" lon="-3.0315950"/>
    <wpt lat="54.4517300" lon="-3.0312300"/>
    <wpt lat="54.4513600" lon="-3.0317060"/>
    <wpt lat="54.4509160" lon="-3.0318270"/>
    <wpt lat="54.4501550" lon="-3.0314400"/>
    <wpt lat="54.4500470" lon="-3.0315940"/>
    <wpt lat="54.4502960" lon="-3.0319690"/>
    <wpt lat="54.4501160" lon="-3.0331010"/>
    <wpt lat="54.4499160" lon="-3.0330850"/>
    <wpt lat="54.4490020" lon="-3.0348970"/>
    <wpt lat="54.4478060" lon="-3.0354460"/>
    <wpt lat="54.4473970" lon="-3.0358650"/>
    <wpt lat="54.4470580" lon="-3.0368110"/>
    <wpt lat="54.4466600" lon="-3.0373910"/>
    <wpt lat="54.4464390" lon="-3.0369780"/>
    <wpt lat="54.4457760" lon="-3.0372400"/>
    <wpt lat="54.4447420" lon="-3.0369890"/>
    <wpt lat="54.4435800" lon="-3.0371840"/>
    <wpt lat="54.4425780" lon="-3.0376310"/>
    <wpt lat="54.4424490" lon="-3.0373490"/>
    <wpt lat="54.4421740" lon="-3.0373740"/>
    <wpt lat="54.4417100" lon="-3.0383710"/>
    <wpt lat="54.4411120" lon="-3.0389780"/>
    <wpt lat="54.4417340" lon="-3.0407320"/>
    <wpt lat="54.4418410" lon="-3.0420760"/>
    <wpt lat="54.4415390" lon="-3.0430230"/>
    <wpt lat="54.4415540" lon="-3.0434850"/>
    <wpt lat="54.4409960" lon="-3.0445010"/>
    <wpt lat="54.4408810" lon="-3.0455710"/>
    <wpt lat="54.4402610" lon="-3.0480230"/>
    <wpt lat="54.4399400" lon="-3.0482400"/>
    <wpt lat="54.4389640" lon="-3.0478290"/>
    <wpt lat="54.4380200" lon="-3.0466780"/>
    <wpt lat="54.4380140" lon="-3.0458950"/>
    <wpt lat="54.4377770" lon="-3.0458780"/>
    <wpt lat="54.4375320" lon="-3.0453350"/>
    <wpt lat="54.4370690" lon="-3.0433490"/>
    <wpt lat="54.4357450" lon="-3.0420060"/>
    <wpt lat="54.4349450" lon="-3.0406550"/>
    <wpt lat="54.4340780" lon="-3.0399350"/>
    <wpt lat="54.4340220" lon="-3.0390970"/>
    <wpt lat="54.4336180" lon="-3.0382710"/>
    <wpt lat="54.4342290" lon="-3.0375250"/>
    <wpt lat="54.4336110" lon="-3.0382710"/>
    <wpt lat="54.4329210" lon="-3.0380070"/>
    <wpt lat="54.4316090" lon="-3.0381770"/>
    <wpt lat="54.4309530" lon="-3.0389760"/>
    <wpt lat="54.4304850" lon="-3.0411640"/>
    <wpt lat="54.4292540" lon="-3.0433000"/>
    <wpt lat="54.4291600" lon="-3.0440380"/>
    <wpt lat="54.4292970" lon="-3.0448460"/>
    <wpt lat="54.4286580" lon="-3.0458280"/>
    <wpt lat="54.4278280" lon="-3.0479850"/>
    <wpt lat="54.4270710" lon="-3.0488450"/>
    <wpt lat="54.4266380" lon="-3.0498210"/>
    <wpt lat="54.4255200" lon="-3.0499750"/>
    <wpt lat="54.4243020" lon="-3.0492780"/>
    <wpt lat="54.4221020" lon="-3.0524300"/>
    <wpt lat="54.4212680" lon="-3.0522480"/>
    <wpt lat="54.4213040" lon="-3.0558970"/>
    <wpt lat="54.4206610" lon="-3.0559660"/>
    <wpt lat="54.4202880" lon="-3.0564820"/>
    <wpt lat="54.4196800" lon="-3.0567880"/>
    <wpt lat="54.4197570" lon="-3.0571770"/>
    <wpt lat="54.4195110" lon="-3.0575030"/>
    <wpt lat="54.4182960" lon="-3.0607980"/>
    <wpt lat="54.4181830" lon="-3.0616100"/>
    <wpt lat="54.4177270" lon="-3.0615990"/>
    <wpt lat="54.4172410" lon="-3.0621980"/>
    <wpt lat="54.4171840" lon="-3.0615950"/>
    <wpt lat="54.4174060" lon="-3.0604850"/>
    <wpt lat="54.4171800" lon="-3.0591920"/>
    <wpt lat="54.4169330" lon="-3.0581660"/>
    <wpt lat="54.4164240" lon="-3.0585390"/>
    <wpt lat="54.4169390" lon="-3.0581660"/>
    <wpt lat="54.4170870" lon="-3.0569570"/>
    <wpt lat="54.4170110" lon="-3.0563970"/>
    <wpt lat="54.4166990" lon="-3.0557130"/>
    <wpt lat="54.4161240" lon="-3.0556880"/>
    <wpt lat="54.4155530" lon="-3.0553300"/>
    <wpt lat="54.4155620" lon="-3.0535590"/>
    <wpt lat="54.4164010" lon="-3.0519390"/>
    <wpt lat="54.4164600" lon="-3.0515440"/>
    <wpt lat="54.4162260" lon="-3.0511840"/>
    <wpt lat="54.4153230" lon="-3.0516860"/>
    <wpt lat="54.4150370" lon="-3.0522800"/>
    <wpt lat="54.4147220" lon="-3.0524970"/>
    <wpt lat="54.4134340" lon="-3.0527860"/>
    <wpt lat="54.4116380" lon="-3.0525250"/>
    <wpt lat="54.4108050" lon="-3.0513870"/>
    <wpt lat="54.4082740" lon="-3.0522990"/>
    <wpt lat="54.4076910" lon="-3.0518120"/>
    <wpt lat="54.4069660" lon="-3.0525660"/>
    <wpt lat="54.4064010" lon="-3.0536350"/>
    <wpt lat="54.4073130" lon="-3.0521880"/>
    <wpt lat="54.4076850" lon="-3.0518220"/>
    <wpt lat="54.4079080" lon="-3.0520000"/>
    <wpt lat="54.4078580" lon="-3.0527390"/>
    <wpt lat="54.4076060" lon="-3.0530000"/>
    <wpt lat="54.4075520" lon="-3.0541040"/>
    <wpt lat="54.4077000" lon="-3.0550090"/>
    <wpt lat="54.4076170" lon="-3.0553180"/>
    <wpt lat="54.4072020" lon="-3.0556300"/>
    <wpt lat="54.4071860" lon="-3.0560050"/>
    <wpt lat="54.4075610" lon="-3.0574520"/>
    <wpt lat="54.4083770" lon="-3.0583750"/>
    <wpt lat="54.4086450" lon="-3.0591540"/>
    <wpt lat="54.4091820" lon="-3.0598010"/>
    <wpt lat="54.4090150" lon="-3.0603760"/>
    <wpt lat="54.4091100" lon="-3.0609050"/>
    <wpt lat="54.4084920" lon="-3.0615970"/>
    <wpt lat="54.4078930" lon="-3.0615600"/>
    <wpt lat="54.4076220" lon="-3.0618640"/>
    <wpt lat="54.4057510" lon="-3.0623090"/>
    <wpt lat="54.4051320" lon="-3.0630330"/>
    <wpt lat="54.4044900" lon="-3.0643580"/>
    <wpt lat="54.4035400" lon="-3.0650950"/>
    <wpt lat="54.4033720" lon="-3.0657990"/>
    <wpt lat="54.4034120" lon="-3.0669260"/>
    <wpt lat="54.4024930" lon="-3.0691560"/>
    <wpt lat="54.4013530" lon="-3.0708860"/>
    <wpt lat="54.4007310" lon="-3.0713630"/>
    <wpt lat="54.4005380" lon="-3.0712620"/>
    <wpt lat="54.4003120" lon="-3.0706120"/>
    <wpt lat="54.3997020" lon="-3.0697480"/>
    <wpt lat="54.3983500" lon="-3.0721480"/>
    <wpt lat="54.3969430" lon="-3.0730560"/>
    <wpt lat="54.3960150" lon="-3.0748560"/>
    <wpt lat="54.3958290" lon="-3.0753870"/>
    <wpt lat="54.3957780" lon="-3.0762340"/>
    <wpt lat="54.3967140" lon="-3.0790690"/>
    <wpt lat="54.3968040" lon="-3.0795120"/>
    <wpt lat="54.3965630" lon="-3.0799770"/>
    <wpt lat="54.3961850" lon="-3.0803220"/>
    <wpt lat="54.3958100" lon="-3.0803010"/>
    <wpt lat="54.3931120" lon="-3.0781690"/>
    <wpt lat="54.3908850" lon="-3.0791190"/>
    <wpt lat="54.3906570" lon="-3.0788130"/>
    <wpt lat="54.3899020" lon="-3.0800480"/>
    <wpt lat="54.3893560" lon="-3.0803670"/>
    <wpt lat="54.3878460" lon="-3.0829450"/>
    <wpt lat="54.3872030" lon="-3.0835660"/>
    <wpt lat="54.3858220" lon="-3.0856650"/>
    <wpt lat="54.3839730" lon="-3.0876870"/>
    <wpt lat="54.3829100" lon="-3.0891710"/>
    <wpt lat="54.3817830" lon="-3.0901820"/>
    <wpt lat="54.3803990" lon="-3.0904670"/>
    <wpt lat="54.3785870" lon="-3.0890130"/>
    <wpt lat="54.3777900" lon="-3.0887240"/>
    <wpt lat="54.3773270" lon="-3.0887550"/>
    <wpt lat="54.3766400" lon="-3.0894230"/>
    <wpt lat="54.3770500" lon="-3.0897020"/>
    <wpt lat="54.3770660" lon="-3.0899490"/>
    <wpt lat="54.3764130" lon="-3.0903080"/>
    <wpt lat="54.3752230" lon="-3.0899330"/>
    <wpt lat="54.3746220" lon="-3.0893160"/>
    <wpt lat="54.3735030" lon="-3.0886530"/>
    <wpt lat="54.3727840" lon="-3.0873460"/>
    <wpt lat="54.3722710" lon="-3.0845960"/>
    <wpt lat="54.3726080" lon="-3.0818260"/>
    <wpt lat="54.3721880" lon="-3.0799150"/>
    <wpt lat="54.3723920" lon="-3.0787730"/>
    <wpt lat="54.3719100" lon="-3.0781910"/>
    <wpt lat="54.3710670" lon="-3.0780940"/>
    <wpt lat="54.3701010" lon="-3.0763090"/>
    <wpt lat="54.3698070" lon="-3.0764190"/>
    <wpt lat="54.3693060" lon="-3.0757940"/>
    <wpt lat="54.3689750" lon="-3.0757210"/>
    <wpt lat="54.3688980" lon="-3.0760330"/>
    <wpt lat="54.3691010" lon="-3.0764680"/>
    <wpt lat="54.3691270" lon="-3.0777130"/>
    <wpt lat="54.3689760" lon="-3.0784710"/>
    <wpt lat="54.3699440" lon="-3.0806960"/>
    <wpt lat="54.3701540" lon="-3.0823650"/>
    <wpt lat="54.3703190" lon="-3.0828410"/>
    <wpt lat="54.3709750" lon="-3.0835450"/>
    <wpt lat="54.3713350" lon="-3.0845630"/>
    <wpt lat="54.3723010" lon="-3.0862630"/>
    <wpt lat="54.3727920" lon="-3.0879930"/>
    <wpt lat="54.3729680" lon="-3.0878580"/>
    <wpt lat="54.3735110" lon="-3.0886660"/>
    <wpt lat="54.3750170" lon="-3.0900580"/>
    <wpt lat="54.3773110" lon="-3.0935310"/>
    <wpt lat="54.3776860" lon="-3.0949040"/>
    <wpt lat="54.3779020" lon="-3.0951240"/>
    <wpt lat="54.3784290" lon="-3.0949340"/>
    <wpt lat="54.3799240" lon="-3.0954250"/>
    <wpt lat="54.3807010" lon="-3.0966040"/>
    <wpt lat="54.3807690" lon="-3.0960480"/>
    <wpt lat="54.3817770" lon="-3.0972230"/>
    <wpt lat="54.3820290" lon="-3.0969730"/>
    <wpt lat="54.3820610" lon="-3.0962220"/>
    <wpt lat="54.3820390" lon="-3.0979600"/>
    <wpt lat="54.3826800" lon="-3.1030210"/>
    <wpt lat="54.3828340" lon="-3.1034380"/>
    <wpt lat="54.3828550" lon="-3.1039530"/>
    <wpt lat="54.3825440" lon="-3.1042400"/>
    <wpt lat="54.3832950" lon="-3.1074900"/>
    <wpt lat="54.3830380" lon="-3.1083520"/>
    <wpt lat="54.3820910" lon="-3.1095660"/>
    <wpt lat="54.3818150" lon="-3.1102990"/>
    <wpt lat="54.3815430" lon="-3.1100450"/>
    <wpt lat="54.3804600" lon="-3.1099890"/>
    <wpt lat="54.3799330" lon="-3.1096310"/>
    <wpt lat="54.3776060" lon="-3.1097940"/>
    <wpt lat="54.3763720" lon="-3.1094490"/>
    <wpt lat="54.3750120" lon="-3.1069200"/>
    <wpt lat="54.3746960" lon="-3.1052690"/>
    <wpt lat="54.3742250" lon="-3.1040550"/>
    <wpt lat="54.3732130" lon="-3.1033300"/>
    <wpt lat="54.3733480" lon="-3.1030010"/>
    <wpt lat="54.3733010" lon="-3.1025810"/>
    <wpt lat="54.3700850" lon="-3.1022480"/>
    <wpt lat="54.3691510" lon="-3.1011600"/>
    <wpt lat="54.3676840" lon="-3.1002630"/>
    <wpt lat="54.3661680" lon="-3.0986230"/>
    <wpt lat="54.3654010" lon="-3.0984090"/>
    <wpt lat="54.3651110" lon="-3.0979720"/>
    <wpt lat="54.3648210" lon="-3.0982440"/>
    <wpt lat="54.3629760" lon="-3.1024650"/>
    <wpt lat="54.3626090" lon="-3.1028840"/>
    <wpt lat="54.3624800" lon="-3.1040390"/>
    <wpt lat="54.3618820" lon="-3.1058800"/>
    <wpt lat="54.3599800" lon="-3.1087580"/>
    <wpt lat="54.3595680" lon="-3.1099800"/>
    <wpt lat="54.3586150" lon="-3.1116610"/>
    <wpt lat="54.3581950" lon="-3.1159200"/>
    <wpt lat="54.3585860" lon="-3.1182270"/>
    <wpt lat="54.3582890" lon="-3.1191840"/>
    <wpt lat="54.3583140" lon="-3.1199260"/>
    <wpt lat="54.3581080" lon="-3.1205210"/>
    <wpt lat="54.3587010" lon="-3.1233270"/>
    <wpt lat="54.3584920" lon="-3.1236650"/>
    <wpt lat="54.3584320" lon="-3.1254230"/>
    <wpt lat="54.3580320" lon="-3.1273860"/>
    <wpt lat="54.3580170" lon="-3.1290490"/>
    <wpt lat="54.3578360" lon="-3.1296340"/>
    <wpt lat="54.3580270" lon="-3.1306370"/>
    <wpt lat="54.3578480" lon="-3.1310610"/>
    <wpt lat="54.3579130" lon="-3.1314280"/>
    <wpt lat="54.3577810" lon="-3.1315530"/>
    <wpt lat="54.3575660" lon="-3.1330600"/>
    <wpt lat="54.3571640" lon="-3.1339610"/>
    <wpt lat="54.3572560" lon="-3.1350180"/>
    <wpt lat="54.3574220" lon="-3.1354090"/>
    <wpt lat="54.3571100" lon="-3.1370390"/>
    <wpt lat="54.3573220" lon="-3.1377430"/>
    <wpt lat="54.3573430" lon="-3.1389240"/>
    <wpt lat="54.3578580" lon="-3.1413310"/>
    <wpt lat="54.3583580" lon="-3.1426430"/>
    <wpt lat="54.3584070" lon="-3.1434380"/>
    <wpt lat="54.3587140" lon="-3.1440370"/>
    <wpt lat="54.3564000" lon="-3.1511300"/>
    <wpt lat="54.3558610" lon="-3.1522660"/>
    <wpt lat="54.3559000" lon="-3.1550100"/>
    <wpt lat="54.3555600" lon="-3.1563800"/>
    <wpt lat="54.3556100" lon="-3.1579800"/>
    <wpt lat="54.3561850" lon="-3.1576720"/>
    <wpt lat="54.3578470" lon="-3.1577300"/>
    <wpt lat="54.3582970" lon="-3.1587620"/>
    <wpt lat="54.3587670" lon="-3.1592480"/>
    <wpt lat="54.3591710" lon="-3.1608260"/>
    <wpt lat="54.3597290" lon="-3.1613560"/>
    <wpt lat="54.3598680" lon="-3.1624550"/>
    <wpt lat="54.3602550" lon="-3.1638180"/>
    <wpt lat="54.3607550" lon="-3.1677380"/>
    <wpt lat="54.3604980" lon="-3.1685250"/>
    <wpt lat="54.3610160" lon="-3.1699130"/>
    <wpt lat="54.3609060" lon="-3.1702850"/>
    <wpt lat="54.3611550" lon="-3.1729430"/>
    <wpt lat="54.3615700" lon="-3.1740390"/>
    <wpt lat="54.3616880" lon="-3.1754050"/>
    <wpt lat="54.3630010" lon="-3.1766550"/>
    <wpt lat="54.3638420" lon="-3.1769800"/>
    <wpt lat="54.3641940" lon="-3.1780840"/>
    <wpt lat="54.3649210" lon="-3.1785340"/>
    <wpt lat="54.3651220" lon="-3.1810300"/>
    <wpt lat="54.3653460" lon="-3.1811220"/>
    <wpt lat="54.3654060" lon="-3.1807370"/>
    <wpt lat="54.3659890" lon="-3.1812370"/>
    <wpt lat="54.3666440" lon="-3.1800330"/>
    <wpt lat="54.3667180" lon="-3.1801530"/>
    <wpt lat="54.3663130" lon="-3.1819870"/>
    <wpt lat="54.3663070" lon="-3.1825770"/>
    <wpt lat="54.3668830" lon="-3.1837840"/>
    <wpt lat="54.3670440" lon="-3.1858060"/>
    <wpt lat="54.3675350" lon="-3.1867110"/>
    <wpt lat="54.3681670" lon="-3.1873520"/>
    <wpt lat="54.3684740" lon="-3.1885190"/>
    <wpt lat="54.3681280" lon="-3.1893790"/>
    <wpt lat="54.3676330" lon="-3.1895250"/>
    <wpt lat="54.3674650" lon="-3.1900360"/>
    <wpt lat="54.3661070" lon="-3.1895240"/>
    <wpt lat="54.3651080" lon="-3.1898220"/>
    <wpt lat="54.3647080" lon="-3.1900890"/>
    <wpt lat="54.3645440" lon="-3.1908890"/>
    <wpt lat="54.3636570" lon="-3.1920820"/>
    <wpt lat="54.3624610" lon="-3.1928200"/>
    <wpt lat="54.3599100" lon="-3.1935290"/>
    <wpt lat="54.3582010" lon="-3.1949600"/>
    <wpt lat="54.3576060" lon="-3.1950280"/>
    <wpt lat="54.3570590" lon="-3.1954200"/>
    <wpt lat="54.3569180" lon="-3.1950620"/>
    <wpt lat="54.3564130" lon="-3.1955950"/>
    <wpt lat="54.3558730" lon="-3.1951500"/>
    <wpt lat="54.3553440" lon="-3.1942760"/>
    <wpt lat="54.3548650" lon="-3.1940690"/>
    <wpt lat="54.3542650" lon="-3.1933970"/>
    <wpt lat="54.3541960" lon="-3.1927290"/>
    <wpt lat="54.3536610" lon="-3.1924880"/>
    <wpt lat="54.3538640" lon="-3.1902300"/>
    <wpt lat="54.3534360" lon="-3.1889900"/>
    <wpt lat="54.3537610" lon="-3.1885050"/>
    <wpt lat="54.3545730" lon="-3.1879570"/>
    <wpt lat="54.3548730" lon="-3.1880430"/>
    <wpt lat="54.3547390" lon="-3.1887090"/>
    <wpt lat="54.3548840" lon="-3.1889110"/>
    <wpt lat="54.3553260" lon="-3.1881880"/>
    <wpt lat="54.3556990" lon="-3.1880560"/>
    <wpt lat="54.3559010" lon="-3.1889960"/>
    <wpt lat="54.3558970" lon="-3.1900500"/>
    <wpt lat="54.3563820" lon="-3.1914920"/>
    <wpt lat="54.3561090" lon="-3.1919350"/>
    <wpt lat="54.3558630" lon="-3.1934430"/>
    <wpt lat="54.3570460" lon="-3.1954200"/>
    <wpt lat="54.3567610" lon="-3.1975570"/>
    <wpt lat="54.3568660" lon="-3.1988990"/>
    <wpt lat="54.3566830" lon="-3.1998930"/>
    <wpt lat="54.3567770" lon="-3.2007310"/>
    <wpt lat="54.3573490" lon="-3.2011650"/>
    <wpt lat="54.3579370" lon="-3.2012040"/>
    <wpt lat="54.3585190" lon="-3.2005950"/>
    <wpt lat="54.3587610" lon="-3.2007450"/>
    <wpt lat="54.3591290" lon="-3.2004920"/>
    <wpt lat="54.3593370" lon="-3.2008170"/>
    <wpt lat="54.3595960" lon="-3.2004290"/>
    <wpt lat="54.3598060" lon="-3.2006440"/>
    <wpt lat="54.3599030" lon="-3.1998670"/>
    <wpt lat="54.3607160" lon="-3.2004510"/>
    <wpt lat="54.3619050" lon="-3.2006280"/>
    <wpt lat="54.3623270" lon="-3.1987620"/>
    <wpt lat="54.3632480" lon="-3.1975260"/>
    <wpt lat="54.3648580" lon="-3.1971450"/>
    <wpt lat="54.3675160" lon="-3.1956660"/>
    <wpt lat="54.3683410" lon="-3.1957340"/>
    <wpt lat="54.3687920" lon="-3.1954940"/>
    <wpt lat="54.3691920" lon="-3.1958030"/>
    <wpt lat="54.3693760" lon="-3.1952480"/>
    <wpt lat="54.3710780" lon="-3.1946930"/>
    <wpt lat="54.3722330" lon="-3.1956170"/>
    <wpt lat="54.3726170" lon="-3.1962980"/>
    <wpt lat="54.3732860" lon="-3.1965590"/>
    <wpt lat="54.3737220" lon="-3.1958580"/>
    <wpt lat="54.3758790" lon="-3.1938120"/>
    <wpt lat="54.3761000" lon="-3.1914900"/>
    <wpt lat="54.3767100" lon="-3.1908140"/>
    <wpt lat="54.3763950" lon="-3.1903660"/>
    <wpt lat="54.3768420" lon="-3.1891590"/>
    <wpt lat="54.3773130" lon="-3.1886680"/>
    <wpt lat="54.3776770" lon="-3.1888320"/>
    <wpt lat="54.3786380" lon="-3.1879590"/>
    <wpt lat="54.3799250" lon="-3.1879090"/>
    <wpt lat="54.3817610" lon="-3.1885550"/>
    <wpt lat="54.3827390" lon="-3.1885950"/>
    <wpt lat="54.3838520" lon="-3.1874390"/>
    <wpt lat="54.3841010" lon="-3.1869210"/>
    <wpt lat="54.3853500" lon="-3.1869890"/>
    <wpt lat="54.3862020" lon="-3.1867560"/>
    <wpt lat="54.3874090" lon="-3.1872640"/>
    <wpt lat="54.3878990" lon="-3.1870420"/>
    <wpt lat="54.3898660" lon="-3.1871630"/>
    <wpt lat="54.3923040" lon="-3.1882210"/>
    <wpt lat="54.3941930" lon="-3.1880510"/>
    <wpt lat="54.3952390" lon="-3.1883500"/>
    <wpt lat="54.3959720" lon="-3.1893900"/>
    <wpt lat="54.3966170" lon="-3.1899130"/>
    <wpt lat="54.3967870" lon="-3.1904010"/>
    <wpt lat="54.3974570" lon="-3.1901850"/>
    <wpt lat="54.3980800" lon="-3.1903430"/>
    <wpt lat="54.3997000" lon="-3.1899300"/>
    <wpt lat="54.3997900" lon="-3.1892800"/>
    <wpt lat="54.4000600" lon="-3.1887300"/>
    <wpt lat="54.4003700" lon="-3.1886900"/>
    <wpt lat="54.4005200" lon="-3.1883500"/>
    <wpt lat="54.4021710" lon="-3.1872530"/>
    <wpt lat="54.4027810" lon="-3.1862090"/>
    <wpt lat="54.4028380" lon="-3.1854920"/>
    <wpt lat="54.4027260" lon="-3.1892550"/>
    <wpt lat="54.4029500" lon="-3.1924700"/>
    <wpt lat="54.4031390" lon="-3.1929790"/>
    <wpt lat="54.4032330" lon="-3.1941620"/>
    <wpt lat="54.4042210" lon="-3.1966380"/>
    <wpt lat="54.4049170" lon="-3.2001130"/>
    <wpt lat="54.4039210" lon="-3.2035820"/>
    <wpt lat="54.4023350" lon="-3.2060360"/>
    <wpt lat="54.4017610" lon="-3.2065980"/>
    <wpt lat="54.4014790" lon="-3.2072770"/>
    <wpt lat="54.4009220" lon="-3.2098570"/>
    <wpt lat="54.4004210" lon="-3.2106790"/>
    <wpt lat="54.4001260" lon="-3.2120550"/>
    <wpt lat="54.3996520" lon="-3.2119870"/>
    <wpt lat="54.3994120" lon="-3.2134820"/>
    <wpt lat="54.3991190" lon="-3.2134090"/>
    <wpt lat="54.3981800" lon="-3.2154520"/>
    <wpt lat="54.3971950" lon="-3.2183420"/>
    <wpt lat="54.3968340" lon="-3.2188250"/>
    <wpt lat="54.3956310" lon="-3.2242080"/>
    <wpt lat="54.3949060" lon="-3.2267180"/>
    <wpt lat="54.3947150" lon="-3.2270670"/>
    <wpt lat="54.3943400" lon="-3.2270770"/>
    <wpt lat="54.3939670" lon="-3.2274740"/>
    <wpt lat="54.3940650" lon="-3.2301360"/>
    <wpt lat="54.3939170" lon="-3.2311830"/>
    <wpt lat="54.3940460" lon="-3.2326570"/>
    <wpt lat="54.3947510" lon="-3.2376470"/>
    <wpt lat="54.3947530" lon="-3.2386230"/>
    <wpt lat="54.3951150" lon="-3.2392780"/>
    <wpt lat="54.3952030" lon="-3.2404400"/>
    <wpt lat="54.3954490" lon="-3.2413810"/>
    <wpt lat="54.3952440" lon="-3.2443570"/>
    <wpt lat="54.3959780" lon="-3.2446480"/>
    <wpt lat="54.3959900" lon="-3.2465370"/>
    <wpt lat="54.3956400" lon="-3.2501320"/>
    <wpt lat="54.3944790" lon="-3.2512660"/>
    <wpt lat="54.3941640" lon="-3.2533160"/>
    <wpt lat="54.3934820" lon="-3.2546260"/>
    <wpt lat="54.3933640" lon="-3.2557710"/>
    <wpt lat="54.3914580" lon="-3.2594570"/>
    <wpt lat="54.3908960" lon="-3.2618430"/>
    <wpt lat="54.3904460" lon="-3.2630640"/>
    <wpt lat="54.3912410" lon="-3.2634420"/>
    <wpt lat="54.3913810" lon="-3.2632210"/>
    <wpt lat="54.3913280" lon="-3.2635410"/>
    <wpt lat="54.3918380" lon="-3.2637720"/>
    <wpt lat="54.3922470" lon="-3.2634840"/>
    <wpt lat="54.3925960" lon="-3.2641490"/>
    <wpt lat="54.3929570" lon="-3.2642460"/>
    <wpt lat="54.3948310" lon="-3.2630700"/>
    <wpt lat="54.3956570" lon="-3.2629560"/>
    <wpt lat="54.3964320" lon="-3.2635160"/>
    <wpt lat="54.3972330" lon="-3.2634230"/>
    <wpt lat="54.3974500" lon="-3.2641600"/>
    <wpt lat="54.3973540" lon="-3.2649940"/>
    <wpt lat="54.3974790" lon="-3.2661990"/>
    <wpt lat="54.3967040" lon="-3.2697380"/>
    <wpt lat="54.3977040" lon="-3.2703590"/>
    <wpt lat="54.3983880" lon="-3.2700800"/>
    <wpt lat="54.3976970" lon="-3.2703700"/>
    <wpt lat="54.3973680" lon="-3.2708420"/>
    <wpt lat="54.3965960" lon="-3.2711130"/>
    <wpt lat="54.3962410" lon="-3.2710810"/>
    <wpt lat="54.3953170" lon="-3.2703870"/>
    <wpt lat="54.3945510" lon="-3.2707820"/>
    <wpt lat="54.3940950" lon="-3.2707460"/>
    <wpt lat="54.3931040" lon="-3.2699320"/>
    <wpt lat="54.3927720" lon="-3.2700180"/>
    <wpt lat="54.3926310" lon="-3.2704000"/>
    <wpt lat="54.3914120" lon="-3.2686030"/>
    <wpt lat="54.3907180" lon="-3.2668860"/>
    <wpt lat="54.3899630" lon="-3.2662180"/>
    <wpt lat="54.3900030" lon="-3.2665680"/>
    <wpt lat="54.3908060" lon="-3.2680200"/>
    <wpt lat="54.3907020" lon="-3.2707750"/>
    <wpt lat="54.3903080" lon="-3.2737780"/>
    <wpt lat="54.3904130" lon="-3.2751330"/>
    <wpt lat="54.3888490" lon="-3.2741720"/>
    <wpt lat="54.3883310" lon="-3.2735550"/>
    <wpt lat="54.3878980" lon="-3.2736810"/>
    <wpt lat="54.3868230" lon="-3.2725530"/>
    <wpt lat="54.3861990" lon="-3.2724800"/>
    <wpt lat="54.3860280" lon="-3.2727110"/>
    <wpt lat="54.3858360" lon="-3.2725550"/>
    <wpt lat="54.3854190" lon="-3.2730030"/>
    <wpt lat="54.3853680" lon="-3.2736780"/>
    <wpt lat="54.3851250" lon="-3.2741960"/>
    <wpt lat="54.3850110" lon="-3.2737420"/>
    <wpt lat="54.3841210" lon="-3.2733380"/>
    <wpt lat="54.3836600" lon="-3.2738390"/>
    <wpt lat="54.3831610" lon="-3.2737160"/>
    <wpt lat="54.3825190" lon="-3.2729770"/>
    <wpt lat="54.3820850" lon="-3.2720620"/>
    <wpt lat="54.3816640" lon="-3.2717380"/>
    <wpt lat="54.3803850" lon="-3.2714940"/>
    <wpt lat="54.3784440" lon="-3.2718850"/>
    <wpt lat="54.3780850" lon="-3.2709190"/>
    <wpt lat="54.3770240" lon="-3.2696410"/>
    <wpt lat="54.3755990" lon="-3.2701870"/>
    <wpt lat="54.3744880" lon="-3.2717830"/>
    <wpt lat="54.3736890" lon="-3.2723380"/>
    <wpt lat="54.3735750" lon="-3.2730960"/>
    <wpt lat="54.3728870" lon="-3.2731290"/>
    <wpt lat="54.3718420" lon="-3.2737720"/>
    <wpt lat="54.3717240" lon="-3.2749380"/>
    <wpt lat="54.3713450" lon="-3.2752590"/>
    <wpt lat="54.3711760" lon="-3.2741590"/>
    <wpt lat="54.3708820" lon="-3.2735490"/>
    <wpt lat="54.3706830" lon="-3.2734790"/>
    <wpt lat="54.3696720" lon="-3.2746360"/>
    <wpt lat="54.3680810" lon="-3.2778380"/>
    <wpt lat="54.3656750" lon="-3.2854570"/>
    <wpt lat="54.3649120" lon="-3.2871930"/>
    <wpt lat="54.3642830" lon="-3.2876230"/>
    <wpt lat="54.3641160" lon="-3.2880260"/>
    <wpt lat="54.3622770" lon="-3.2898140"/>
    <wpt lat="54.3611690" lon="-3.2899400"/>
    <wpt lat="54.3610020" lon="-3.2904180"/>
    <wpt lat="54.3603860" lon="-3.2906670"/>
    <wpt lat="54.3589420" lon="-3.2976920"/>
    <wpt lat="54.3589750" lon="-3.2992390"/>
    <wpt lat="54.3586440" lon="-3.3003980"/>
    <wpt lat="54.3585880" lon="-3.3015340"/>
    <wpt lat="54.3592400" lon="-3.3059970"/>
    <wpt lat="54.3598310" lon="-3.3074860"/>
    <wpt lat="54.3605160" lon="-3.3076790"/>
    <wpt lat="54.3599250" lon="-3.3086150"/>
    <wpt lat="54.3601110" lon="-3.3110680"/>
    <wpt lat="54.3604500" lon="-3.3120660"/>
    <wpt lat="54.3603940" lon="-3.3126220"/>
    <wpt lat="54.3590630" lon="-3.3165710"/>
    <wpt lat="54.3582530" lon="-3.3197750"/>
    <wpt lat="54.3573140" lon="-3.3221600"/>
    <wpt lat="54.3565820" lon="-3.3233060"/>
    <wpt lat="54.3554740" lon="-3.3239990"/>
    <wpt lat="54.3550040" lon="-3.3251970"/>
    <wpt lat="54.3526910" lon="-3.3285020"/>
    <wpt lat="54.3518490" lon="-3.3306210"/>
    <wpt lat="54.3514050" lon="-3.3339870"/>
    <wpt lat="54.3513970" lon="-3.3359070"/>
    <wpt lat="54.3510080" lon="-3.3354550"/>
    <wpt lat="54.3498870" lon="-3.3372860"/>
    <wpt lat="54.3496250" lon="-3.3383500"/>
    <wpt lat="54.3500770" lon="-3.3415300"/>
    <wpt lat="54.3499190" lon="-3.3433710"/>
    <wpt lat="54.3500210" lon="-3.3454560"/>
    <wpt lat="54.3497550" lon="-3.3496640"/>
    <wpt lat="54.3469070" lon="-3.3515560"/>
    <wpt lat="54.3468960" lon="-3.3536800"/>
    <wpt lat="54.3465550" lon="-3.3544950"/>
    <wpt lat="54.3468690" lon="-3.3555460"/>
    <wpt lat="54.3472200" lon="-3.3559870"/>
    <wpt lat="54.3457070" lon="-3.3542420"/>
    <wpt lat="54.3441420" lon="-3.3538580"/>
    <wpt lat="54.3437230" lon="-3.3555180"/>
    <wpt lat="54.3428370" lon="-3.3558750"/>
    <wpt lat="54.3430350" lon="-3.3566220"/>
    <wpt lat="54.3425930" lon="-3.3575410"/>
    <wpt lat="54.3425890" lon="-3.3579050"/>
    <wpt lat="54.3429110" lon="-3.3581840"/>
    <wpt lat="54.3425780" lon="-3.3594180"/>
    <wpt lat="54.3426580" lon="-3.3600650"/>
    <wpt lat="54.3422600" lon="-3.3599120"/>
    <wpt lat="54.3413920" lon="-3.3608700"/>
    <wpt lat="54.3410450" lon="-3.3605480"/>
    <wpt lat="54.3403660" lon="-3.3636480"/>
    <wpt lat="54.3403050" lon="-3.3646220"/>
    <wpt lat="54.3396600" lon="-3.3646330"/>
    <wpt lat="54.3392610" lon="-3.3651350"/>
    <wpt lat="54.3388110" lon="-3.3644970"/>
    <wpt lat="54.3385470" lon="-3.3645850"/>
    <wpt lat="54.3378730" lon="-3.3660970"/>
    <wpt lat="54.3379240" lon="-3.3666250"/>
    <wpt lat="54.3377010" lon="-3.3674760"/>
    <wpt lat="54.3363880" lon="-3.3685480"/>
    <wpt lat="54.3358890" lon="-3.3695510"/>
    <wpt lat="54.3353460" lon="-3.3699510"/>
    <wpt lat="54.3343130" lon="-3.3722450"/>
    <wpt lat="54.3341220" lon="-3.3720030"/>
    <wpt lat="54.3321120" lon="-3.3742960"/>
    <wpt lat="54.3319560" lon="-3.3753860"/>
    <wpt lat="54.3319190" lon="-3.3775200"/>
    <wpt lat="54.3304440" lon="-3.3790370"/>
    <wpt lat="54.3318090" lon="-3.3805750"/>
    <wpt lat="54.3319430" lon="-3.3820060"/>
    <wpt lat="54.3318470" lon="-3.3849430"/>
    <wpt lat="54.3325390" lon="-3.3872950"/>
    <wpt lat="54.3335880" lon="-3.3891660"/>
    <wpt lat="54.3340430" lon="-3.3903720"/>
    <wpt lat="54.3340570" lon="-3.3918640"/>
    <wpt lat="54.3348550" lon="-3.3932330"/>
    <wpt lat="54.3349540" lon="-3.3944270"/>
    <wpt lat="54.3347470" lon="-3.3949680"/>
    <wpt lat="54.3340740" lon="-3.4001920"/>
    <wpt lat="54.3340990" lon="-3.4023280"/>
    <wpt lat="54.3348530" lon="-3.4042210"/>
    <wpt lat="54.3355160" lon="-3.4047270"/>
    <wpt lat="54.3355400" lon="-3.4053930"/>
    <wpt lat="54.3360460" lon="-3.4060010"/>
    <wpt lat="54.3363460" lon="-3.4054420"/>
    <wpt lat="54.3380890" lon="-3.4051580"/>
    <wpt lat="54.3386610" lon="-3.4060260"/>
    <wpt lat="54.3397210" lon="-3.4068450"/>
    <wpt lat="54.3412870" lon="-3.4072210"/>
    <wpt lat="54.3428190" lon="-3.4051170"/>
    <wpt lat="54.3435530" lon="-3.4049600"/>
    <wpt lat="54.3439220" lon="-3.4054550"/>
    <wpt lat="54.3445020" lon="-3.4056470"/>
    <wpt lat="54.3463970" lon="-3.4051320"/>
    <wpt lat="54.3478970" lon="-3.4052370"/>
    <wpt lat="54.3503070" lon="-3.4061140"/>
    <wpt lat="54.3510990" lon="-3.4068180"/>
    <wpt lat="54.3519300" lon="-3.4085090"/>
    <wpt lat="54.3528470" lon="-3.4098070"/>
    <wpt lat="54.3530060" lon="-3.4106170"/>
    <wpt lat="54.3540000" lon="-3.4107050"/>
    <trk>
        <name>Lakeland Way</name>
        <trkseg>
            <trkpt lat="54.3554520" lon="-3.4080990"/>
            <trkpt lat="54.3550470" lon="-3.4079560"/>
            <trkpt lat="54.3553140" lon="-3.4076220"/>
            <trkpt lat="54.3555050" lon="-3.4072850"/>
            <trkpt lat="54.3558530" lon="-3.4064170"/>
            <trkpt lat="54.3554180" lon="-3.4062200"/>
            <trkpt lat="54.3548880" lon="-3.4060520"/>
            <trkpt lat="54.3547900" lon="-3.4058660"/>
            <trkpt lat="54.3545150" lon="-3.4059210"/>
            <trkpt lat="54.3538980" lon="-3.4057280"/>
            <trkpt lat="54.3533480" lon="-3.4056870"/>
            <trkpt lat="54.3528860" lon="-3.4056290"/>
            <trkpt lat="54.3516410" lon="-3.4046040"/>
            <trkpt lat="54.3510920" lon="-3.4044350"/>
            <trkpt lat="54.3507180" lon="-3.4043470"/>
            <trkpt lat="54.3502050" lon="-3.4037930"/>
            <trkpt lat="54.3496190" lon="-3.4030970"/>
            <trkpt lat="54.3492100" lon="-3.3995310"/>
            <trkpt lat="54.3489760" lon="-3.3992220"/>
            <trkpt lat="54.3488910" lon="-3.3984680"/>
            <trkpt lat="54.3487530" lon="-3.3980240"/>
            <trkpt lat="54.3485950" lon="-3.3975780"/>
            <trkpt lat="54.3484690" lon="-3.3971020"/>
            <trkpt lat="54.3485660" lon="-3.3968900"/>
            <trkpt lat="54.3486700" lon="-3.3964970"/>
            <trkpt lat="54.3486730" lon="-3.3957240"/>
            <trkpt lat="54.3487420" lon="-3.3946210"/>
            <trkpt lat="54.3487400" lon="-3.3942990"/>
            <trkpt lat="54.3488360" lon="-3.3940340"/>
            <trkpt lat="54.3496140" lon="-3.3928060"/>
            <trkpt lat="54.3501690" lon="-3.3918480"/>
            <trkpt lat="54.3506700" lon="-3.3906740"/>
            <trkpt lat="54.3517840" lon="-3.3873640"/>
            <trkpt lat="54.3520330" lon="-3.3864170"/>
            <trkpt lat="54.3524030" lon="-3.3857320"/>
            <trkpt lat="54.3526690" lon="-3.3854300"/>
            <trkpt lat="54.3530730" lon="-3.3851220"/>
            <trkpt lat="54.3533900" lon="-3.3847780"/>
            <trkpt lat="54.3536640" lon="-3.3843370"/>
            <trkpt lat="54.3541180" lon="-3.3840090"/>
            <trkpt lat="54.3544580" lon="-3.3838380"/>
            <trkpt lat="54.3552800" lon="-3.3830180"/>
            <trkpt lat="54.3555800" lon="-3.3819120"/>
            <trkpt lat="54.3556410" lon="-3.3815710"/>
            <trkpt lat="54.3559780" lon="-3.3810460"/>
            <trkpt lat="54.3563570" lon="-3.3806830"/>
            <trkpt lat="54.3565750" lon="-3.3807870"/>
            <trkpt lat="54.3570410" lon="-3.3810920"/>
            <trkpt lat="54.3576120" lon="-3.3814230"/>
            <trkpt lat="54.3578840" lon="-3.3833850"/>
            <trkpt lat="54.3580400" lon="-3.3838940"/>
            <trkpt lat="54.3582040" lon="-3.3843400"/>
            <trkpt lat="54.3583960" lon="-3.3850220"/>
            <trkpt lat="54.3586500" lon="-3.3858040"/>
            <trkpt lat="54.3587420" lon="-3.3859250"/>
            <trkpt lat="54.3591820" lon="-3.3852420"/>
            <trkpt lat="54.3597090" lon="-3.3844870"/>
            <trkpt lat="54.3603500" lon="-3.3836830"/>
            <trkpt lat="54.3608250" lon="-3.3831940"/>
            <trkpt lat="54.3613690" lon="-3.3825800"/>
            <trkpt lat="54.3620100" lon="-3.3817970"/>
            <trkpt lat="54.3650350" lon="-3.3784220"/>
            <trkpt lat="54.3653490" lon="-3.3777460"/>
            <trkpt lat="54.3655380" lon="-3.3775910"/>
            <trkpt lat="54.3657630" lon="-3.3775660"/>
            <trkpt lat="54.3660660" lon="-3.3779090"/>
            <trkpt lat="54.3662350" lon="-3.3778610"/>
            <trkpt lat="54.3664100" lon="-3.3772980"/>
            <trkpt lat="54.3665010" lon="-3.3770650"/>
            <trkpt lat="54.3664780" lon="-3.3768290"/>
            <trkpt lat="54.3661400" lon="-3.3763130"/>
            <trkpt lat="54.3658700" lon="-3.3758530"/>
            <trkpt lat="54.3658200" lon="-3.3753680"/>
            <trkpt lat="54.3659680" lon="-3.3749870"/>
            <trkpt lat="54.3662650" lon="-3.3747070"/>
            <trkpt lat="54.3664630" lon="-3.3743600"/>
            <trkpt lat="54.3665430" lon="-3.3738580"/>
            <trkpt lat="54.3663590" lon="-3.3730040"/>
            <trkpt lat="54.3660720" lon="-3.3713100"/>
            <trkpt lat="54.3659850" lon="-3.3707270"/>
            <trkpt lat="54.3660400" lon="-3.3697310"/>
            <trkpt lat="54.3661390" lon="-3.3687900"/>
            <trkpt lat="54.3662270" lon="-3.3676230"/>
            <trkpt lat="54.3663540" lon="-3.3669300"/>
            <trkpt lat="54.3665850" lon="-3.3658220"/>
            <trkpt lat="54.3672520" lon="-3.3635250"/>
            <trkpt lat="54.3675080" lon="-3.3625250"/>
            <trkpt lat="54.3677290" lon="-3.3617810"/>
            <trkpt lat="54.3678800" lon="-3.3611100"/>
            <trkpt lat="54.3678920" lon="-3.3605630"/>
            <trkpt lat="54.3681310" lon="-3.3598950"/>
            <trkpt lat="54.3683930" lon="-3.3593890"/>
            <trkpt lat="54.3687600" lon="-3.3589820"/>
            <trkpt lat="54.3689070" lon="-3.3587190"/>
            <trkpt lat="54.3691530" lon="-3.3579650"/>
            <trkpt lat="54.3693670" lon="-3.3572530"/>
            <trkpt lat="54.3695460" lon="-3.3564220"/>
            <trkpt lat="54.3696580" lon="-3.3553100"/>
            <trkpt lat="54.3698770" lon="-3.3547160"/>
            <trkpt lat="54.3703090" lon="-3.3541830"/>
            <trkpt lat="54.3704430" lon="-3.3538550"/>
            <trkpt lat="54.3708450" lon="-3.3531500"/>
            <trkpt lat="54.3710180" lon="-3.3527800"/>
            <trkpt lat="54.3711830" lon="-3.3519800"/>
            <trkpt lat="54.3714870" lon="-3.3511320"/>
            <trkpt lat="54.3717250" lon="-3.3505390"/>
            <trkpt lat="54.3719790" lon="-3.3501720"/>
            <trkpt lat="54.3722530" lon="-3.3497090"/>
            <trkpt lat="54.3724430" lon="-3.3489420"/>
            <trkpt lat="54.3725910" lon="-3.3484970"/>
            <trkpt lat="54.3726530" lon="-3.3480370"/>
            <trkpt lat="54.3726350" lon="-3.3474140"/>
            <trkpt lat="54.3726660" lon="-3.3468890"/>
            <trkpt lat="54.3728090" lon="-3.3463580"/>
            <trkpt lat="54.3729780" lon="-3.3458270"/>
            <trkpt lat="54.3735930" lon="-3.3444630"/>
            <trkpt lat="54.3743040" lon="-3.3426510"/>
            <trkpt lat="54.3749600" lon="-3.3404080"/>
            <trkpt lat="54.3751690" lon="-3.3396210"/>
            <trkpt lat="54.3753860" lon="-3.3391990"/>
            <trkpt lat="54.3757010" lon="-3.3389520"/>
            <trkpt lat="54.3759790" lon="-3.3386930"/>
            <trkpt lat="54.3761530" lon="-3.3382800"/>
            <trkpt lat="54.3763220" lon="-3.3376630"/>
            <trkpt lat="54.3764210" lon="-3.3371510"/>
            <trkpt lat="54.3765260" lon="-3.3367150"/>
            <trkpt lat="54.3770240" lon="-3.3358300"/>
            <trkpt lat="54.3771490" lon="-3.3352540"/>
            <trkpt lat="54.3771810" lon="-3.3346110"/>
            <trkpt lat="54.3772380" lon="-3.3339800"/>
            <trkpt lat="54.3769870" lon="-3.3328880"/>
            <trkpt lat="54.3769790" lon="-3.3324910"/>
            <trkpt lat="54.3770280" lon="-3.3320740"/>
            <trkpt lat="54.3771650" lon="-3.3314990"/>
            <trkpt lat="54.3773530" lon="-3.3309040"/>
            <trkpt lat="54.3774280" lon="-3.3303810"/>
            <trkpt lat="54.3774540" lon="-3.3297270"/>
            <trkpt lat="54.3776670" lon="-3.3291120"/>
            <trkpt lat="54.3777730" lon="-3.3285460"/>
            <trkpt lat="54.3778610" lon="-3.3279160"/>
            <trkpt lat="54.3780730" lon="-3.3273760"/>
            <trkpt lat="54.3783290" lon="-3.3268800"/>
            <trkpt lat="54.3785290" lon="-3.3263280"/>
            <trkpt lat="54.3785960" lon="-3.3258480"/>
            <trkpt lat="54.3785230" lon="-3.3251050"/>
            <trkpt lat="54.3783800" lon="-3.3239300"/>
            <trkpt lat="54.3784520" lon="-3.3230210"/>
            <trkpt lat="54.3785260" lon="-3.3225620"/>
            <trkpt lat="54.3788250" lon="-3.3220880"/>
            <trkpt lat="54.3790630" lon="-3.3215270"/>
            <trkpt lat="54.3793110" lon="-3.3211490"/>
            <trkpt lat="54.3799240" lon="-3.3205040"/>
            <trkpt lat="54.3803610" lon="-3.3199170"/>
            <trkpt lat="54.3807840" lon="-3.3190290"/>
            <trkpt lat="54.3809220" lon="-3.3189160"/>
            <trkpt lat="54.3811730" lon="-3.3188920"/>
            <trkpt lat="54.3813380" lon="-3.3180600"/>
            <trkpt lat="54.3814940" lon="-3.3169060"/>
            <trkpt lat="54.3816950" lon="-3.3162790"/>
            <trkpt lat="54.3820430" lon="-3.3152710"/>
            <trkpt lat="54.3822980" lon="-3.3154620"/>
            <trkpt lat="54.3825680" lon="-3.3152670"/>
            <trkpt lat="54.3830570" lon="-3.3146280"/>
            <trkpt lat="54.3833480" lon="-3.3137040"/>
            <trkpt lat="54.3838250" lon="-3.3123880"/>
            <trkpt lat="54.3839250" lon="-3.3118010"/>
            <trkpt lat="54.3838920" lon="-3.3113600"/>
            <trkpt lat="54.3839960" lon="-3.3103760"/>
            <trkpt lat="54.3842640" lon="-3.3098910"/>
            <trkpt lat="54.3852470" lon="-3.3085600"/>
            <trkpt lat="54.3853390" lon="-3.3082090"/>
            <trkpt lat="54.3855130" lon="-3.3076670"/>
            <trkpt lat="54.3858250" lon="-3.3071410"/>
            <trkpt lat="54.3861850" lon="-3.3067660"/>
            <trkpt lat="54.3866150" lon="-3.3057600"/>
            <trkpt lat="54.3870220" lon="-3.3050650"/>
            <trkpt lat="54.3873160" lon="-3.3044950"/>
            <trkpt lat="54.3880230" lon="-3.3026830"/>
            <trkpt lat="54.3882970" lon="-3.3021760"/>
            <trkpt lat="54.3887240" lon="-3.3014490"/>
            <trkpt lat="54.3888570" lon="-3.3006810"/>
            <trkpt lat="54.3889610" lon="-3.2997080"/>
            <trkpt lat="54.3888150" lon="-3.2988020"/>
            <trkpt lat="54.3886020" lon="-3.2982480"/>
            <trkpt lat="54.3883630" lon="-3.2977900"/>
            <trkpt lat="54.3882240" lon="-3.2973770"/>
            <trkpt lat="54.3881820" lon="-3.2966250"/>
            <trkpt lat="54.3881690" lon="-3.2955510"/>
            <trkpt lat="54.3878740" lon="-3.2945010"/>
            <trkpt lat="54.3878640" lon="-3.2936420"/>
            <trkpt lat="54.3880950" lon="-3.2925550"/>
            <trkpt lat="54.3879870" lon="-3.2914680"/>
            <trkpt lat="54.3880480" lon="-3.2905260"/>
            <trkpt lat="54.3882380" lon="-3.2902100"/>
            <trkpt lat="54.3884350" lon="-3.2899580"/>
            <trkpt lat="54.3885800" lon="-3.2892760"/>
            <trkpt lat="54.3887260" lon="-3.2884760"/>
            <trkpt lat="54.3888920" lon="-3.2863350"/>
            <trkpt lat="54.3890150" lon="-3.2853840"/>
            <trkpt lat="54.3890800" lon="-3.2845810"/>
            <trkpt lat="54.3890250" lon="-3.2838710"/>
            <trkpt lat="54.3889240" lon="-3.2833850"/>
            <trkpt lat="54.3886180" lon="-3.2827320"/>
            <trkpt lat="54.3886750" lon="-3.2820790"/>
            <trkpt lat="54.3889250" lon="-3.2814540"/>
            <trkpt lat="54.3891970" lon="-3.2805930"/>
            <trkpt lat="54.3891020" lon="-3.2801500"/>
            <trkpt lat="54.3891320" lon="-3.2796790"/>
            <trkpt lat="54.3891850" lon="-3.2793370"/>
            <trkpt lat="54.3892020" lon="-3.2789090"/>
            <trkpt lat="54.3893590" lon="-3.2783230"/>
            <trkpt lat="54.3895230" lon="-3.2775770"/>
            <trkpt lat="54.3897040" lon="-3.2769500"/>
            <trkpt lat="54.3898490" lon="-3.2762890"/>
            <trkpt lat="54.3904070" lon="-3.2751440"/>
            <trkpt lat="54.3904700" lon="-3.2749030"/>
            <trkpt lat="54.3903760" lon="-3.2743310"/>
            <trkpt lat="54.3903000" lon="-3.2737710"/>
            <trkpt lat="54.3904960" lon="-3.2723930"/>
            <trkpt lat="54.3907070" lon="-3.2707680"/>
            <trkpt lat="54.3909390" lon="-3.2706570"/>
            <trkpt lat="54.3909620" lon="-3.2702500"/>
            <trkpt lat="54.3913610" lon="-3.2703270"/>
            <trkpt lat="54.3914910" lon="-3.2704810"/>
            <trkpt lat="54.3918880" lon="-3.2707730"/>
            <trkpt lat="54.3922060" lon="-3.2708360"/>
            <trkpt lat="54.3925490" lon="-3.2708580"/>
            <trkpt lat="54.3926350" lon="-3.2704310"/>
            <trkpt lat="54.3927770" lon="-3.2699960"/>
            <trkpt lat="54.3929010" lon="-3.2700320"/>
            <trkpt lat="54.3930900" lon="-3.2699300"/>
            <trkpt lat="54.3935990" lon="-3.2701930"/>
            <trkpt lat="54.3938040" lon="-3.2703710"/>
            <trkpt lat="54.3939250" lon="-3.2706110"/>
            <trkpt lat="54.3941050" lon="-3.2707670"/>
            <trkpt lat="54.3945300" lon="-3.2707800"/>
            <trkpt lat="54.3947490" lon="-3.2707120"/>
            <trkpt lat="54.3950200" lon="-3.2704730"/>
            <trkpt lat="54.3953150" lon="-3.2703860"/>
            <trkpt lat="54.3955510" lon="-3.2704900"/>
            <trkpt lat="54.3957240" lon="-3.2706670"/>
            <trkpt lat="54.3959420" lon="-3.2707600"/>
            <trkpt lat="54.3962200" lon="-3.2710470"/>
            <trkpt lat="54.3966010" lon="-3.2711130"/>
            <trkpt lat="54.3968950" lon="-3.2710470"/>
            <trkpt lat="54.3973660" lon="-3.2708360"/>
            <trkpt lat="54.3977590" lon="-3.2702900"/>
            <trkpt lat="54.3981110" lon="-3.2700870"/>
            <trkpt lat="54.3983740" lon="-3.2700730"/>
            <trkpt lat="54.3991710" lon="-3.2703340"/>
            <trkpt lat="54.3995000" lon="-3.2705060"/>
            <trkpt lat="54.3997950" lon="-3.2703750"/>
            <trkpt lat="54.3998840" lon="-3.2701740"/>
            <trkpt lat="54.4000830" lon="-3.2702770"/>
            <trkpt lat="54.4003230" lon="-3.2700050"/>
            <trkpt lat="54.4005710" lon="-3.2696700"/>
            <trkpt lat="54.4007610" lon="-3.2693320"/>
            <trkpt lat="54.4011200" lon="-3.2691070"/>
            <trkpt lat="54.4016420" lon="-3.2687370"/>
            <trkpt lat="54.4022640" lon="-3.2684130"/>
            <trkpt lat="54.4024260" lon="-3.2684080"/>
            <trkpt lat="54.4025500" lon="-3.2685510"/>
            <trkpt lat="54.4030150" lon="-3.2682330"/>
            <trkpt lat="54.4033430" lon="-3.2680610"/>
            <trkpt lat="54.4034830" lon="-3.2678290"/>
            <trkpt lat="54.4038110" lon="-3.2674420"/>
            <trkpt lat="54.4041820" lon="-3.2672390"/>
            <trkpt lat="54.4045980" lon="-3.2668870"/>
            <trkpt lat="54.4049520" lon="-3.2664470"/>
            <trkpt lat="54.4050790" lon="-3.2662470"/>
            <trkpt lat="54.4053440" lon="-3.2660410"/>
            <trkpt lat="54.4062370" lon="-3.2654410"/>
            <trkpt lat="54.4066340" lon="-3.2651530"/>
            <trkpt lat="54.4069220" lon="-3.2650330"/>
            <trkpt lat="54.4072950" lon="-3.2651840"/>
            <trkpt lat="54.4075730" lon="-3.2649250"/>
            <trkpt lat="54.4078520" lon="-3.2645150"/>
            <trkpt lat="54.4082430" lon="-3.2641410"/>
            <trkpt lat="54.4089990" lon="-3.2635090"/>
            <trkpt lat="54.4092820" lon="-3.2633360"/>
            <trkpt lat="54.4095580" lon="-3.2632370"/>
            <trkpt lat="54.4102200" lon="-3.2626140"/>
            <trkpt lat="54.4113030" lon="-3.2622690"/>
            <trkpt lat="54.4117040" lon="-3.2620560"/>
            <trkpt lat="54.4122210" lon="-3.2616640"/>
            <trkpt lat="54.4125160" lon="-3.2613630"/>
            <trkpt lat="54.4128040" lon="-3.2612540"/>
            <trkpt lat="54.4130640" lon="-3.2608970"/>
            <trkpt lat="54.4132730" lon="-3.2606570"/>
            <trkpt lat="54.4135550" lon="-3.2604830"/>
            <trkpt lat="54.4139170" lon="-3.2605260"/>
            <trkpt lat="54.4141950" lon="-3.2601810"/>
            <trkpt lat="54.4144580" lon="-3.2601780"/>
            <trkpt lat="54.4149040" lon="-3.2598920"/>
            <trkpt lat="54.4153140" lon="-3.2597860"/>
            <trkpt lat="54.4157770" lon="-3.2597250"/>
            <trkpt lat="54.4161520" lon="-3.2596510"/>
            <trkpt lat="54.4166970" lon="-3.2594750"/>
            <trkpt lat="54.4170720" lon="-3.2594540"/>
            <trkpt lat="54.4173190" lon="-3.2591720"/>
            <trkpt lat="54.4178030" lon="-3.2588330"/>
            <trkpt lat="54.4184460" lon="-3.2582630"/>
            <trkpt lat="54.4189550" lon="-3.2579240"/>
            <trkpt lat="54.4198730" lon="-3.2574430"/>
            <trkpt lat="54.4203180" lon="-3.2573180"/>
            <trkpt lat="54.4206450" lon="-3.2571240"/>
            <trkpt lat="54.4211340" lon="-3.2569350"/>
            <trkpt lat="54.4214290" lon="-3.2567830"/>
            <trkpt lat="54.4216620" lon="-3.2565650"/>
            <trkpt lat="54.4225240" lon="-3.2564950"/>
            <trkpt lat="54.4227820" lon="-3.2563210"/>
            <trkpt lat="54.4232510" lon="-3.2562710"/>
            <trkpt lat="54.4237580" lon="-3.2561580"/>
            <trkpt lat="54.4239890" lon="-3.2561650"/>
            <trkpt lat="54.4244260" lon="-3.2560930"/>
            <trkpt lat="54.4249020" lon="-3.2559790"/>
            <trkpt lat="54.4252580" lon="-3.2560220"/>
            <trkpt lat="54.4257990" lon="-3.2561560"/>
            <trkpt lat="54.4262060" lon="-3.2561280"/>
            <trkpt lat="54.4265640" lon="-3.2564610"/>
            <trkpt lat="54.4268410" lon="-3.2568460"/>
            <trkpt lat="54.4271420" lon="-3.2567150"/>
            <trkpt lat="54.4273750" lon="-3.2565400"/>
            <trkpt lat="54.4277310" lon="-3.2558860"/>
            <trkpt lat="54.4284100" lon="-3.2548980"/>
            <trkpt lat="54.4286360" lon="-3.2547650"/>
            <trkpt lat="54.4292040" lon="-3.2546970"/>
            <trkpt lat="54.4296620" lon="-3.2544970"/>
            <trkpt lat="54.4301970" lon="-3.2547170"/>
            <trkpt lat="54.4303710" lon="-3.2547220"/>
            <trkpt lat="54.4306690" lon="-3.2549460"/>
            <trkpt lat="54.4310350" lon="-3.2551290"/>
            <trkpt lat="54.4317030" lon="-3.2557180"/>
            <trkpt lat="54.4322660" lon="-3.2561650"/>
            <trkpt lat="54.4322650" lon="-3.2569160"/>
            <trkpt lat="54.4324480" lon="-3.2573400"/>
            <trkpt lat="54.4329590" lon="-3.2579890"/>
            <trkpt lat="54.4334410" lon="-3.2584870"/>
            <trkpt lat="54.4338800" lon="-3.2588650"/>
            <trkpt lat="54.4344740" lon="-3.2592910"/>
            <trkpt lat="54.4351380" lon="-3.2597300"/>
            <trkpt lat="54.4354170" lon="-3.2592770"/>
            <trkpt lat="54.4356500" lon="-3.2591130"/>
            <trkpt lat="54.4359680" lon="-3.2590800"/>
            <trkpt lat="54.4365480" lon="-3.2591080"/>
            <trkpt lat="54.4370720" lon="-3.2591780"/>
            <trkpt lat="54.4377430" lon="-3.2582650"/>
            <trkpt lat="54.4382940" lon="-3.2593230"/>
            <trkpt lat="54.4386100" lon="-3.2594620"/>
            <trkpt lat="54.4387800" lon="-3.2599390"/>
            <trkpt lat="54.4389700" lon="-3.2602880"/>
            <trkpt lat="54.4393050" lon="-3.2604380"/>
            <trkpt lat="54.4397790" lon="-3.2604960"/>
            <trkpt lat="54.4402520" lon="-3.2606610"/>
            <trkpt lat="54.4405320" lon="-3.2607230"/>
            <trkpt lat="54.4410260" lon="-3.2606200"/>
            <trkpt lat="54.4414190" lon="-3.2606750"/>
            <trkpt lat="54.4417270" lon="-3.2610280"/>
            <trkpt lat="54.4419430" lon="-3.2612280"/>
            <trkpt lat="54.4422720" lon="-3.2613670"/>
            <trkpt lat="54.4429160" lon="-3.2619020"/>
            <trkpt lat="54.4432570" lon="-3.2621160"/>
            <trkpt lat="54.4433220" lon="-3.2624400"/>
            <trkpt lat="54.4434680" lon="-3.2628200"/>
            <trkpt lat="54.4436840" lon="-3.2629880"/>
            <trkpt lat="54.4438850" lon="-3.2629400"/>
            <trkpt lat="54.4441870" lon="-3.2626810"/>
            <trkpt lat="54.4449050" lon="-3.2626180"/>
            <trkpt lat="54.4452850" lon="-3.2626830"/>
            <trkpt lat="54.4455050" lon="-3.2625400"/>
            <trkpt lat="54.4457380" lon="-3.2623430"/>
            <trkpt lat="54.4460690" lon="-3.2622780"/>
            <trkpt lat="54.4464660" lon="-3.2619690"/>
            <trkpt lat="54.4473450" lon="-3.2610780"/>
            <trkpt lat="54.4476810" lon="-3.2605730"/>
            <trkpt lat="54.4478820" lon="-3.2604290"/>
            <trkpt lat="54.4482440" lon="-3.2604080"/>
            <trkpt lat="54.4486330" lon="-3.2602480"/>
            <trkpt lat="54.4492720" lon="-3.2598930"/>
            <trkpt lat="54.4495900" lon="-3.2599240"/>
            <trkpt lat="54.4500340" lon="-3.2597980"/>
            <trkpt lat="54.4505590" lon="-3.2597820"/>
            <trkpt lat="54.4508260" lon="-3.2598230"/>
            <trkpt lat="54.4510070" lon="-3.2598930"/>
            <trkpt lat="54.4512580" lon="-3.2597070"/>
            <trkpt lat="54.4516510" lon="-3.2597090"/>
            <trkpt lat="54.4519520" lon="-3.2595790"/>
            <trkpt lat="54.4521640" lon="-3.2595420"/>
            <trkpt lat="54.4524060" lon="-3.2596680"/>
            <trkpt lat="54.4526820" lon="-3.2595370"/>
            <trkpt lat="54.4530140" lon="-3.2594820"/>
            <trkpt lat="54.4535750" lon="-3.2596070"/>
            <trkpt lat="54.4538100" lon="-3.2597110"/>
            <trkpt lat="54.4542330" lon="-3.2597880"/>
            <trkpt lat="54.4545940" lon="-3.2599180"/>
            <trkpt lat="54.4549490" lon="-3.2599610"/>
            <trkpt lat="54.4551670" lon="-3.2611700"/>
            <trkpt lat="54.4554630" lon="-3.2612740"/>
            <trkpt lat="54.4557930" lon="-3.2609390"/>
            <trkpt lat="54.4560280" lon="-3.2609100"/>
            <trkpt lat="54.4561920" lon="-3.2611420"/>
            <trkpt lat="54.4563890" lon="-3.2608380"/>
            <trkpt lat="54.4565520" lon="-3.2605450"/>
            <trkpt lat="54.4568520" lon="-3.2603040"/>
            <trkpt lat="54.4569790" lon="-3.2600700"/>
            <trkpt lat="54.4573850" lon="-3.2597250"/>
            <trkpt lat="54.4578230" lon="-3.2595360"/>
            <trkpt lat="54.4581520" lon="-3.2585680"/>
            <trkpt lat="54.4585720" lon="-3.2575830"/>
            <trkpt lat="54.4593240" lon="-3.2572010"/>
            <trkpt lat="54.4597640" lon="-3.2568690"/>
            <trkpt lat="54.4604030" lon="-3.2566500"/>
            <trkpt lat="54.4607530" lon="-3.2563030"/>
            <trkpt lat="54.4611360" lon="-3.2561440"/>
            <trkpt lat="54.4615460" lon="-3.2560250"/>
            <trkpt lat="54.4617740" lon="-3.2560320"/>
            <trkpt lat="54.4620010" lon="-3.2561940"/>
            <trkpt lat="54.4622690" lon="-3.2564170"/>
            <trkpt lat="54.4624830" lon="-3.2565070"/>
            <trkpt lat="54.4628500" lon="-3.2565300"/>
            <trkpt lat="54.4632730" lon="-3.2564600"/>
            <trkpt lat="54.4634810" lon="-3.2564780"/>
            <trkpt lat="54.4639400" lon="-3.2569210"/>
            <trkpt lat="54.4641160" lon="-3.2566530"/>
            <trkpt lat="54.4643460" lon="-3.2565640"/>
            <trkpt lat="54.4647350" lon="-3.2564690"/>
            <trkpt lat="54.4654560" lon="-3.2564080"/>
            <trkpt lat="54.4657110" lon="-3.2565110"/>
            <trkpt lat="54.4665140" lon="-3.2565710"/>
            <trkpt lat="54.4668500" lon="-3.2563540"/>
            <trkpt lat="54.4673110" lon="-3.2562800"/>
            <trkpt lat="54.4674500" lon="-3.2560060"/>
            <trkpt lat="54.4677580" lon="-3.2559420"/>
            <trkpt lat="54.4676040" lon="-3.2543690"/>
            <trkpt lat="54.4675050" lon="-3.2539990"/>
            <trkpt lat="54.4670960" lon="-3.2531800"/>
            <trkpt lat="54.4673570" lon="-3.2527190"/>
            <trkpt lat="54.4677940" lon="-3.2521180"/>
            <trkpt lat="54.4678780" lon="-3.2518410"/>
            <trkpt lat="54.4684570" lon="-3.2513330"/>
            <trkpt lat="54.4686160" lon="-3.2510160"/>
            <trkpt lat="54.4691840" lon="-3.2503690"/>
            <trkpt lat="54.4693120" lon="-3.2500180"/>
            <trkpt lat="54.4696420" lon="-3.2495240"/>
            <trkpt lat="54.4700080" lon="-3.2490530"/>
            <trkpt lat="54.4701170" lon="-3.2487550"/>
            <trkpt lat="54.4703060" lon="-3.2480210"/>
            <trkpt lat="54.4705230" lon="-3.2474690"/>
            <trkpt lat="54.4707810" lon="-3.2472840"/>
            <trkpt lat="54.4709740" lon="-3.2473330"/>
            <trkpt lat="54.4711420" lon="-3.2467590"/>
            <trkpt lat="54.4713480" lon="-3.2461430"/>
            <trkpt lat="54.4713820" lon="-3.2452850"/>
            <trkpt lat="54.4712640" lon="-3.2440150"/>
            <trkpt lat="54.4712230" lon="-3.2431020"/>
            <trkpt lat="54.4713980" lon="-3.2413260"/>
            <trkpt lat="54.4715500" lon="-3.2405150"/>
            <trkpt lat="54.4715930" lon="-3.2399260"/>
            <trkpt lat="54.4716130" lon="-3.2392400"/>
            <trkpt lat="54.4718320" lon="-3.2385490"/>
            <trkpt lat="54.4719870" lon="-3.2379640"/>
            <trkpt lat="54.4722780" lon="-3.2376080"/>
            <trkpt lat="54.4723800" lon="-3.2373530"/>
            <trkpt lat="54.4725440" lon="-3.2365860"/>
            <trkpt lat="54.4727720" lon="-3.2350470"/>
            <trkpt lat="54.4728050" lon="-3.2342650"/>
            <trkpt lat="54.4727770" lon="-3.2333200"/>
            <trkpt lat="54.4728430" lon="-3.2323350"/>
            <trkpt lat="54.4728430" lon="-3.2317770"/>
            <trkpt lat="54.4729660" lon="-3.2312760"/>
            <trkpt lat="54.4731330" lon="-3.2308090"/>
            <trkpt lat="54.4731110" lon="-3.2298750"/>
            <trkpt lat="54.4731470" lon="-3.2294250"/>
            <trkpt lat="54.4733910" lon="-3.2287350"/>
            <trkpt lat="54.4735010" lon="-3.2283310"/>
            <trkpt lat="54.4735240" lon="-3.2279240"/>
            <trkpt lat="54.4736710" lon="-3.2275950"/>
            <trkpt lat="54.4737980" lon="-3.2267730"/>
            <trkpt lat="54.4738830" lon="-3.2263140"/>
            <trkpt lat="54.4738570" lon="-3.2258630"/>
            <trkpt lat="54.4739750" lon="-3.2252540"/>
            <trkpt lat="54.4741090" lon="-3.2243570"/>
            <trkpt lat="54.4741800" lon="-3.2234790"/>
            <trkpt lat="54.4741410" lon="-3.2230920"/>
            <trkpt lat="54.4740760" lon="-3.2227360"/>
            <trkpt lat="54.4740570" lon="-3.2220910"/>
            <trkpt lat="54.4740880" lon="-3.2215450"/>
            <trkpt lat="54.4742440" lon="-3.2208630"/>
            <trkpt lat="54.4743870" lon="-3.2203090"/>
            <trkpt lat="54.4744470" lon="-3.2198930"/>
            <trkpt lat="54.4744680" lon="-3.2190890"/>
            <trkpt lat="54.4744340" lon="-3.2181270"/>
            <trkpt lat="54.4744020" lon="-3.2176110"/>
            <trkpt lat="54.4744510" lon="-3.2170870"/>
            <trkpt lat="54.4746110" lon="-3.2167050"/>
            <trkpt lat="54.4746680" lon="-3.2159340"/>
            <trkpt lat="54.4747700" lon="-3.2151000"/>
            <trkpt lat="54.4747260" lon="-3.2145620"/>
            <trkpt lat="54.4747670" lon="-3.2141880"/>
            <trkpt lat="54.4745980" lon="-3.2136140"/>
            <trkpt lat="54.4745710" lon="-3.2132590"/>
            <trkpt lat="54.4744870" lon="-3.2129460"/>
            <trkpt lat="54.4744780" lon="-3.2125160"/>
            <trkpt lat="54.4743220" lon="-3.2119110"/>
            <trkpt lat="54.4742960" lon="-3.2114480"/>
            <trkpt lat="54.4743390" lon="-3.2108810"/>
            <trkpt lat="54.4742760" lon="-3.2103320"/>
            <trkpt lat="54.4743050" lon="-3.2098930"/>
            <trkpt lat="54.4742780" lon="-3.2094520"/>
            <trkpt lat="54.4741770" lon="-3.2089770"/>
            <trkpt lat="54.4740080" lon="-3.2084890"/>
            <trkpt lat="54.4741050" lon="-3.2081060"/>
            <trkpt lat="54.4741400" lon="-3.2077630"/>
            <trkpt lat="54.4743340" lon="-3.2076190"/>
            <trkpt lat="54.4746550" lon="-3.2073380"/>
            <trkpt lat="54.4749040" lon="-3.2067240"/>
            <trkpt lat="54.4748440" lon="-3.2058630"/>
            <trkpt lat="54.4746960" lon="-3.2045390"/>
            <trkpt lat="54.4747590" lon="-3.2037580"/>
            <trkpt lat="54.4747100" lon="-3.2030910"/>
            <trkpt lat="54.4745310" lon="-3.2023130"/>
            <trkpt lat="54.4744620" lon="-3.2017310"/>
            <trkpt lat="54.4745170" lon="-3.2011860"/>
            <trkpt lat="54.4745360" lon="-3.2004990"/>
            <trkpt lat="54.4745180" lon="-3.1998550"/>
            <trkpt lat="54.4744400" lon="-3.1995310"/>
            <trkpt lat="54.4740830" lon="-3.1990590"/>
            <trkpt lat="54.4736940" lon="-3.1986400"/>
            <trkpt lat="54.4735410" lon="-3.1984310"/>
            <trkpt lat="54.4735370" lon="-3.1982060"/>
            <trkpt lat="54.4733710" lon="-3.1979760"/>
            <trkpt lat="54.4729840" lon="-3.1973850"/>
            <trkpt lat="54.4726550" lon="-3.1971600"/>
            <trkpt lat="54.4722910" lon="-3.1967630"/>
            <trkpt lat="54.4721960" lon="-3.1963740"/>
            <trkpt lat="54.4718620" lon="-3.1960210"/>
            <trkpt lat="54.4717050" lon="-3.1955440"/>
            <trkpt lat="54.4712230" lon="-3.1951330"/>
            <trkpt lat="54.4710020" lon="-3.1947510"/>
            <trkpt lat="54.4709430" lon="-3.1944280"/>
            <trkpt lat="54.4701860" lon="-3.1933860"/>
            <trkpt lat="54.4697770" lon="-3.1925580"/>
            <trkpt lat="54.4696530" lon="-3.1924050"/>
            <trkpt lat="54.4694760" lon="-3.1920350"/>
            <trkpt lat="54.4692170" lon="-3.1917480"/>
            <trkpt lat="54.4686480" lon="-3.1913130"/>
            <trkpt lat="54.4684450" lon="-3.1909960"/>
            <trkpt lat="54.4678060" lon="-3.1906230"/>
            <trkpt lat="54.4675230" lon="-3.1902610"/>
            <trkpt lat="54.4670330" lon="-3.1893560"/>
            <trkpt lat="54.4665130" lon="-3.1877420"/>
            <trkpt lat="54.4663220" lon="-3.1874570"/>
            <trkpt lat="54.4662210" lon="-3.1870030"/>
            <trkpt lat="54.4662070" lon="-3.1864770"/>
            <trkpt lat="54.4662240" lon="-3.1860270"/>
            <trkpt lat="54.4661330" lon="-3.1857450"/>
            <trkpt lat="54.4659370" lon="-3.1853960"/>
            <trkpt lat="54.4657650" lon="-3.1851770"/>
            <trkpt lat="54.4655640" lon="-3.1846990"/>
            <trkpt lat="54.4654130" lon="-3.1842010"/>
            <trkpt lat="54.4652470" lon="-3.1838850"/>
            <trkpt lat="54.4651520" lon="-3.1834100"/>
            <trkpt lat="54.4650180" lon="-3.1831480"/>
            <trkpt lat="54.4647540" lon="-3.1827120"/>
            <trkpt lat="54.4646580" lon="-3.1823010"/>
            <trkpt lat="54.4644680" lon="-3.1819410"/>
            <trkpt lat="54.4642650" lon="-3.1817100"/>
            <trkpt lat="54.4640660" lon="-3.1816290"/>
            <trkpt lat="54.4640710" lon="-3.1811360"/>
            <trkpt lat="54.4641500" lon="-3.1806870"/>
            <trkpt lat="54.4640180" lon="-3.1801150"/>
            <trkpt lat="54.4639030" lon="-3.1798110"/>
            <trkpt lat="54.4638690" lon="-3.1793920"/>
            <trkpt lat="54.4637660" lon="-3.1790990"/>
            <trkpt lat="54.4635100" lon="-3.1785330"/>
            <trkpt lat="54.4634640" lon="-3.1781030"/>
            <trkpt lat="54.4632640" lon="-3.1769170"/>
            <trkpt lat="54.4630930" lon="-3.1765470"/>
            <trkpt lat="54.4627890" lon="-3.1757440"/>
            <trkpt lat="54.4625970" lon="-3.1755670"/>
            <trkpt lat="54.4624830" lon="-3.1750920"/>
            <trkpt lat="54.4622710" lon="-3.1744090"/>
            <trkpt lat="54.4620390" lon="-3.1739520"/>
            <trkpt lat="54.4620000" lon="-3.1734250"/>
            <trkpt lat="54.4618240" lon="-3.1729590"/>
            <trkpt lat="54.4617780" lon="-3.1726030"/>
            <trkpt lat="54.4617970" lon="-3.1719280"/>
            <trkpt lat="54.4616300" lon="-3.1717730"/>
            <trkpt lat="54.4613570" lon="-3.1715720"/>
            <trkpt lat="54.4612360" lon="-3.1712570"/>
            <trkpt lat="54.4611720" lon="-3.1707830"/>
            <trkpt lat="54.4611350" lon="-3.1700200"/>
            <trkpt lat="54.4610390" lon="-3.1696420"/>
            <trkpt lat="54.4609180" lon="-3.1692520"/>
            <trkpt lat="54.4608230" lon="-3.1687770"/>
            <trkpt lat="54.4606420" lon="-3.1681710"/>
            <trkpt lat="54.4604390" lon="-3.1678430"/>
            <trkpt lat="54.4603510" lon="-3.1673260"/>
            <trkpt lat="54.4601090" lon="-3.1664930"/>
            <trkpt lat="54.4599310" lon="-3.1661980"/>
            <trkpt lat="54.4597730" lon="-3.1658070"/>
            <trkpt lat="54.4598270" lon="-3.1653900"/>
            <trkpt lat="54.4598000" lon="-3.1649810"/>
            <trkpt lat="54.4599540" lon="-3.1638380"/>
            <trkpt lat="54.4599640" lon="-3.1634300"/>
            <trkpt lat="54.4600170" lon="-3.1630780"/>
            <trkpt lat="54.4600070" lon="-3.1628410"/>
            <trkpt lat="54.4600660" lon="-3.1625640"/>
            <trkpt lat="54.4600870" lon="-3.1623180"/>
            <trkpt lat="54.4602770" lon="-3.1620120"/>
            <trkpt lat="54.4607080" lon="-3.1607260"/>
            <trkpt lat="54.4608470" lon="-3.1598500"/>
            <trkpt lat="54.4611410" lon="-3.1590750"/>
            <trkpt lat="54.4613670" lon="-3.1583620"/>
            <trkpt lat="54.4615870" lon="-3.1574570"/>
            <trkpt lat="54.4617080" lon="-3.1565480"/>
            <trkpt lat="54.4621040" lon="-3.1555830"/>
            <trkpt lat="54.4622210" lon="-3.1544700"/>
            <trkpt lat="54.4623360" lon="-3.1541410"/>
            <trkpt lat="54.4623720" lon="-3.1536800"/>
            <trkpt lat="54.4623760" lon="-3.1532300"/>
            <trkpt lat="54.4625130" lon="-3.1526110"/>
            <trkpt lat="54.4627110" lon="-3.1521020"/>
            <trkpt lat="54.4629580" lon="-3.1517440"/>
            <trkpt lat="54.4632810" lon="-3.1511740"/>
            <trkpt lat="54.4634850" lon="-3.1507820"/>
            <trkpt lat="54.4638240" lon="-3.1499120"/>
            <trkpt lat="54.4640890" lon="-3.1495220"/>
            <trkpt lat="54.4644680" lon="-3.1490610"/>
            <trkpt lat="54.4648680" lon="-3.1487310"/>
            <trkpt lat="54.4650280" lon="-3.1483810"/>
            <trkpt lat="54.4650380" lon="-3.1478880"/>
            <trkpt lat="54.4652350" lon="-3.1475610"/>
            <trkpt lat="54.4654980" lon="-3.1473860"/>
            <trkpt lat="54.4658510" lon="-3.1469880"/>
            <trkpt lat="54.4663290" lon="-3.1465830"/>
            <trkpt lat="54.4668950" lon="-3.1461270"/>
            <trkpt lat="54.4675920" lon="-3.1456420"/>
            <trkpt lat="54.4679770" lon="-3.1451480"/>
            <trkpt lat="54.4684010" lon="-3.1444630"/>
            <trkpt lat="54.4686820" lon="-3.1437410"/>
            <trkpt lat="54.4689150" lon="-3.1435540"/>
            <trkpt lat="54.4690930" lon="-3.1431300"/>
            <trkpt lat="54.4694280" lon="-3.1414010"/>
            <trkpt lat="54.4696290" lon="-3.1405810"/>
            <trkpt lat="54.4697820" lon="-3.1402200"/>
            <trkpt lat="54.4697730" lon="-3.1398230"/>
            <trkpt lat="54.4698070" lon="-3.1395130"/>
            <trkpt lat="54.4697790" lon="-3.1391790"/>
            <trkpt lat="54.4695950" lon="-3.1388950"/>
            <trkpt lat="54.4695120" lon="-3.1384310"/>
            <trkpt lat="54.4692030" lon="-3.1381120"/>
            <trkpt lat="54.4690940" lon="-3.1378190"/>
            <trkpt lat="54.4690580" lon="-3.1376250"/>
            <trkpt lat="54.4691600" lon="-3.1374340"/>
            <trkpt lat="54.4690610" lon="-3.1373030"/>
            <trkpt lat="54.4690010" lon="-3.1370970"/>
            <trkpt lat="54.4689530" lon="-3.1368710"/>
            <trkpt lat="54.4688610" lon="-3.1366860"/>
            <trkpt lat="54.4685270" lon="-3.1363760"/>
            <trkpt lat="54.4684050" lon="-3.1361690"/>
            <trkpt lat="54.4683330" lon="-3.1358550"/>
            <trkpt lat="54.4682000" lon="-3.1353900"/>
            <trkpt lat="54.4682330" lon="-3.1351870"/>
            <trkpt lat="54.4686200" lon="-3.1351440"/>
            <trkpt lat="54.4688680" lon="-3.1352690"/>
            <trkpt lat="54.4690470" lon="-3.1354680"/>
            <trkpt lat="54.4693260" lon="-3.1356260"/>
            <trkpt lat="54.4694290" lon="-3.1352850"/>
            <trkpt lat="54.4695630" lon="-3.1350530"/>
            <trkpt lat="54.4697380" lon="-3.1349290"/>
            <trkpt lat="54.4698890" lon="-3.1347830"/>
            <trkpt lat="54.4701770" lon="-3.1347160"/>
            <trkpt lat="54.4708790" lon="-3.1343600"/>
            <trkpt lat="54.4711180" lon="-3.1340870"/>
            <trkpt lat="54.4717090" lon="-3.1337070"/>
            <trkpt lat="54.4718310" lon="-3.1333130"/>
            <trkpt lat="54.4722920" lon="-3.1327250"/>
            <trkpt lat="54.4723940" lon="-3.1324810"/>
            <trkpt lat="54.4727560" lon="-3.1324910"/>
            <trkpt lat="54.4730540" lon="-3.1325960"/>
            <trkpt lat="54.4733010" lon="-3.1328500"/>
            <trkpt lat="54.4733930" lon="-3.1330560"/>
            <trkpt lat="54.4736660" lon="-3.1331390"/>
            <trkpt lat="54.4739710" lon="-3.1331690"/>
            <trkpt lat="54.4741130" lon="-3.1333120"/>
            <trkpt lat="54.4741650" lon="-3.1330560"/>
            <trkpt lat="54.4743760" lon="-3.1331480"/>
            <trkpt lat="54.4745550" lon="-3.1334100"/>
            <trkpt lat="54.4747240" lon="-3.1332860"/>
            <trkpt lat="54.4748950" lon="-3.1330660"/>
            <trkpt lat="54.4752130" lon="-3.1337290"/>
            <trkpt lat="54.4754840" lon="-3.1340690"/>
            <trkpt lat="54.4757560" lon="-3.1342910"/>
            <trkpt lat="54.4759910" lon="-3.1345450"/>
            <trkpt lat="54.4764140" lon="-3.1345780"/>
            <trkpt lat="54.4763860" lon="-3.1348990"/>
            <trkpt lat="54.4764450" lon="-3.1352550"/>
            <trkpt lat="54.4769710" lon="-3.1357310"/>
            <trkpt lat="54.4772570" lon="-3.1357800"/>
            <trkpt lat="54.4775060" lon="-3.1358520"/>
            <trkpt lat="54.4777010" lon="-3.1356640"/>
            <trkpt lat="54.4779180" lon="-3.1357880"/>
            <trkpt lat="54.4780520" lon="-3.1360600"/>
            <trkpt lat="54.4784280" lon="-3.1359520"/>
            <trkpt lat="54.4785460" lon="-3.1359770"/>
            <trkpt lat="54.4789640" lon="-3.1365790"/>
            <trkpt lat="54.4792100" lon="-3.1369930"/>
            <trkpt lat="54.4794630" lon="-3.1371720"/>
            <trkpt lat="54.4798500" lon="-3.1371940"/>
            <trkpt lat="54.4799160" lon="-3.1374850"/>
            <trkpt lat="54.4801390" lon="-3.1376310"/>
            <trkpt lat="54.4804610" lon="-3.1377900"/>
            <trkpt lat="54.4809880" lon="-3.1381270"/>
            <trkpt lat="54.4814060" lon="-3.1381380"/>
            <trkpt lat="54.4817740" lon="-3.1380840"/>
            <trkpt lat="54.4822220" lon="-3.1381400"/>
            <trkpt lat="54.4824330" lon="-3.1382630"/>
            <trkpt lat="54.4827750" lon="-3.1383050"/>
            <trkpt lat="54.4830140" lon="-3.1381720"/>
            <trkpt lat="54.4832960" lon="-3.1379330"/>
            <trkpt lat="54.4835200" lon="-3.1379930"/>
            <trkpt lat="54.4837370" lon="-3.1381170"/>
            <trkpt lat="54.4840240" lon="-3.1381040"/>
            <trkpt lat="54.4843540" lon="-3.1381560"/>
            <trkpt lat="54.4845550" lon="-3.1380330"/>
            <trkpt lat="54.4855780" lon="-3.1379650"/>
            <trkpt lat="54.4859520" lon="-3.1379540"/>
            <trkpt lat="54.4863440" lon="-3.1380080"/>
            <trkpt lat="54.4868550" lon="-3.1380110"/>
            <trkpt lat="54.4872810" lon="-3.1378190"/>
            <trkpt lat="54.4874770" lon="-3.1375030"/>
            <trkpt lat="54.4877030" lon="-3.1373050"/>
            <trkpt lat="54.4879470" lon="-3.1372260"/>
            <trkpt lat="54.4888120" lon="-3.1363250"/>
            <trkpt lat="54.4890450" lon="-3.1360630"/>
            <trkpt lat="54.4892950" lon="-3.1359740"/>
            <trkpt lat="54.4895030" lon="-3.1358080"/>
            <trkpt lat="54.4901840" lon="-3.1355590"/>
            <trkpt lat="54.4903140" lon="-3.1350360"/>
            <trkpt lat="54.4906970" lon="-3.1347250"/>
            <trkpt lat="54.4910110" lon="-3.1344330"/>
            <trkpt lat="54.4916240" lon="-3.1335810"/>
            <trkpt lat="54.4917280" lon="-3.1331230"/>
            <trkpt lat="54.4919300" lon="-3.1335360"/>
            <trkpt lat="54.4921460" lon="-3.1337460"/>
            <trkpt lat="54.4922760" lon="-3.1338360"/>
            <trkpt lat="54.4925370" lon="-3.1338640"/>
            <trkpt lat="54.4927540" lon="-3.1339990"/>
            <trkpt lat="54.4929790" lon="-3.1339410"/>
            <trkpt lat="54.4931860" lon="-3.1337860"/>
            <trkpt lat="54.4934800" lon="-3.1337080"/>
            <trkpt lat="54.4938600" lon="-3.1336760"/>
            <trkpt lat="54.4941280" lon="-3.1335840"/>
            <trkpt lat="54.4951120" lon="-3.1330530"/>
            <trkpt lat="54.4954260" lon="-3.1328260"/>
            <trkpt lat="54.4960600" lon="-3.1322860"/>
            <trkpt lat="54.4967140" lon="-3.1316060"/>
            <trkpt lat="54.4969140" lon="-3.1316010"/>
            <trkpt lat="54.4971770" lon="-3.1315010"/>
            <trkpt lat="54.4976200" lon="-3.1315330"/>
            <trkpt lat="54.4980380" lon="-3.1314590"/>
            <trkpt lat="54.4982940" lon="-3.1313800"/>
            <trkpt lat="54.4986370" lon="-3.1313470"/>
            <trkpt lat="54.4991180" lon="-3.1312150"/>
            <trkpt lat="54.4997250" lon="-3.1309420"/>
            <trkpt lat="54.4999010" lon="-3.1307650"/>
            <trkpt lat="54.5004270" lon="-3.1305750"/>
            <trkpt lat="54.5006520" lon="-3.1304100"/>
            <trkpt lat="54.5008670" lon="-3.1301150"/>
            <trkpt lat="54.5011730" lon="-3.1294510"/>
            <trkpt lat="54.5016020" lon="-3.1288840"/>
            <trkpt lat="54.5019650" lon="-3.1286580"/>
            <trkpt lat="54.5021980" lon="-3.1284070"/>
            <trkpt lat="54.5026540" lon="-3.1276040"/>
            <trkpt lat="54.5031010" lon="-3.1268960"/>
            <trkpt lat="54.5035520" lon="-3.1266300"/>
            <trkpt lat="54.5039100" lon="-3.1262640"/>
            <trkpt lat="54.5041870" lon="-3.1260250"/>
            <trkpt lat="54.5044500" lon="-3.1259030"/>
            <trkpt lat="54.5047680" lon="-3.1258050"/>
            <trkpt lat="54.5050180" lon="-3.1257040"/>
            <trkpt lat="54.5052940" lon="-3.1255300"/>
            <trkpt lat="54.5054650" lon="-3.1252450"/>
            <trkpt lat="54.5056320" lon="-3.1247230"/>
            <trkpt lat="54.5058110" lon="-3.1242460"/>
            <trkpt lat="54.5059490" lon="-3.1241420"/>
            <trkpt lat="54.5061670" lon="-3.1241480"/>
            <trkpt lat="54.5064660" lon="-3.1241130"/>
            <trkpt lat="54.5066700" lon="-3.1242910"/>
            <trkpt lat="54.5067870" lon="-3.1244980"/>
            <trkpt lat="54.5070590" lon="-3.1246770"/>
            <trkpt lat="54.5071840" lon="-3.1246320"/>
            <trkpt lat="54.5073260" lon="-3.1247860"/>
            <trkpt lat="54.5075950" lon="-3.1253520"/>
            <trkpt lat="54.5076100" lon="-3.1256740"/>
            <trkpt lat="54.5075630" lon="-3.1261020"/>
            <trkpt lat="54.5075470" lon="-3.1264980"/>
            <trkpt lat="54.5075610" lon="-3.1269820"/>
            <trkpt lat="54.5075670" lon="-3.1276580"/>
            <trkpt lat="54.5075560" lon="-3.1281510"/>
            <trkpt lat="54.5075660" lon="-3.1284730"/>
            <trkpt lat="54.5077200" lon="-3.1286060"/>
            <trkpt lat="54.5079240" lon="-3.1288160"/>
            <trkpt lat="54.5081540" lon="-3.1288330"/>
            <trkpt lat="54.5083170" lon="-3.1288050"/>
            <trkpt lat="54.5084840" lon="-3.1288530"/>
            <trkpt lat="54.5086630" lon="-3.1290830"/>
            <trkpt lat="54.5088040" lon="-3.1293230"/>
            <trkpt lat="54.5089240" lon="-3.1298090"/>
            <trkpt lat="54.5089590" lon="-3.1307330"/>
            <trkpt lat="54.5090670" lon="-3.1311540"/>
            <trkpt lat="54.5092000" lon="-3.1315440"/>
            <trkpt lat="54.5093090" lon="-3.1319550"/>
            <trkpt lat="54.5093350" lon="-3.1325250"/>
            <trkpt lat="54.5092950" lon="-3.1334570"/>
            <trkpt lat="54.5094200" lon="-3.1340510"/>
            <trkpt lat="54.5095110" lon="-3.1343440"/>
            <trkpt lat="54.5096390" lon="-3.1346150"/>
            <trkpt lat="54.5098860" lon="-3.1348910"/>
            <trkpt lat="54.5099710" lon="-3.1350860"/>
            <trkpt lat="54.5101810" lon="-3.1352740"/>
            <trkpt lat="54.5104750" lon="-3.1358300"/>
            <trkpt lat="54.5106480" lon="-3.1360280"/>
            <trkpt lat="54.5110950" lon="-3.1368240"/>
            <trkpt lat="54.5111950" lon="-3.1373950"/>
            <trkpt lat="54.5112790" lon="-3.1377620"/>
            <trkpt lat="54.5114620" lon="-3.1382070"/>
            <trkpt lat="54.5115090" lon="-3.1385300"/>
            <trkpt lat="54.5116000" lon="-3.1387480"/>
            <trkpt lat="54.5117600" lon="-3.1389560"/>
            <trkpt lat="54.5121430" lon="-3.1392780"/>
            <trkpt lat="54.5123160" lon="-3.1394650"/>
            <trkpt lat="54.5125000" lon="-3.1398030"/>
            <trkpt lat="54.5126170" lon="-3.1398920"/>
            <trkpt lat="54.5127790" lon="-3.1398750"/>
            <trkpt lat="54.5129930" lon="-3.1402780"/>
            <trkpt lat="54.5132510" lon="-3.1406820"/>
            <trkpt lat="54.5134060" lon="-3.1407620"/>
            <trkpt lat="54.5137810" lon="-3.1406760"/>
            <trkpt lat="54.5139760" lon="-3.1404560"/>
            <trkpt lat="54.5141540" lon="-3.1400960"/>
            <trkpt lat="54.5145370" lon="-3.1390770"/>
            <trkpt lat="54.5147280" lon="-3.1386530"/>
            <trkpt lat="54.5149170" lon="-3.1390980"/>
            <trkpt lat="54.5151750" lon="-3.1394700"/>
            <trkpt lat="54.5157980" lon="-3.1401420"/>
            <trkpt lat="54.5162140" lon="-3.1402720"/>
            <trkpt lat="54.5165510" lon="-3.1408500"/>
            <trkpt lat="54.5168030" lon="-3.1412430"/>
            <trkpt lat="54.5169750" lon="-3.1414630"/>
            <trkpt lat="54.5180500" lon="-3.1423620"/>
            <trkpt lat="54.5186940" lon="-3.1427660"/>
            <trkpt lat="54.5190450" lon="-3.1426880"/>
            <trkpt lat="54.5193200" lon="-3.1426520"/>
            <trkpt lat="54.5194110" lon="-3.1422790"/>
            <trkpt lat="54.5200500" lon="-3.1424800"/>
            <trkpt lat="54.5203480" lon="-3.1426280"/>
            <trkpt lat="54.5205190" lon="-3.1429540"/>
            <trkpt lat="54.5205470" lon="-3.1432770"/>
            <trkpt lat="54.5204750" lon="-3.1436290"/>
            <trkpt lat="54.5205110" lon="-3.1437910"/>
            <trkpt lat="54.5206900" lon="-3.1439250"/>
            <trkpt lat="54.5211140" lon="-3.1445800"/>
            <trkpt lat="54.5212110" lon="-3.1448410"/>
            <trkpt lat="54.5212080" lon="-3.1451300"/>
            <trkpt lat="54.5215190" lon="-3.1452140"/>
            <trkpt lat="54.5218990" lon="-3.1452250"/>
            <trkpt lat="54.5223210" lon="-3.1453120"/>
            <trkpt lat="54.5225200" lon="-3.1454250"/>
            <trkpt lat="54.5229180" lon="-3.1454250"/>
            <trkpt lat="54.5231050" lon="-3.1454840"/>
            <trkpt lat="54.5233640" lon="-3.1456630"/>
            <trkpt lat="54.5242330" lon="-3.1459830"/>
            <trkpt lat="54.5246100" lon="-3.1462830"/>
            <trkpt lat="54.5242910" lon="-3.1477330"/>
            <trkpt lat="54.5241500" lon="-3.1475360"/>
            <trkpt lat="54.5240030" lon="-3.1472750"/>
            <trkpt lat="54.5236700" lon="-3.1478600"/>
            <trkpt lat="54.5229850" lon="-3.1492470"/>
            <trkpt lat="54.5229570" lon="-3.1495250"/>
            <trkpt lat="54.5230310" lon="-3.1496560"/>
            <trkpt lat="54.5230270" lon="-3.1500210"/>
            <trkpt lat="54.5231210" lon="-3.1506350"/>
            <trkpt lat="54.5232520" lon="-3.1512940"/>
            <trkpt lat="54.5233220" lon="-3.1517460"/>
            <trkpt lat="54.5233970" lon="-3.1523490"/>
            <trkpt lat="54.5235040" lon="-3.1529210"/>
            <trkpt lat="54.5235800" lon="-3.1534380"/>
            <trkpt lat="54.5235800" lon="-3.1541140"/>
            <trkpt lat="54.5235550" lon="-3.1547570"/>
            <trkpt lat="54.5237220" lon="-3.1549550"/>
            <trkpt lat="54.5237870" lon="-3.1552360"/>
            <trkpt lat="54.5239590" lon="-3.1554980"/>
            <trkpt lat="54.5250380" lon="-3.1566880"/>
            <trkpt lat="54.5252650" lon="-3.1569950"/>
            <trkpt lat="54.5254130" lon="-3.1571170"/>
            <trkpt lat="54.5257170" lon="-3.1572330"/>
            <trkpt lat="54.5256580" lon="-3.1575960"/>
            <trkpt lat="54.5259420" lon="-3.1578510"/>
            <trkpt lat="54.5262130" lon="-3.1581590"/>
            <trkpt lat="54.5264680" lon="-3.1582200"/>
            <trkpt lat="54.5266610" lon="-3.1582260"/>
            <trkpt lat="54.5270050" lon="-3.1579990"/>
            <trkpt lat="54.5273710" lon="-3.1575700"/>
            <trkpt lat="54.5277040" lon="-3.1572250"/>
            <trkpt lat="54.5279170" lon="-3.1570810"/>
            <trkpt lat="54.5280980" lon="-3.1570750"/>
            <trkpt lat="54.5283140" lon="-3.1572210"/>
            <trkpt lat="54.5284930" lon="-3.1574190"/>
            <trkpt lat="54.5286790" lon="-3.1575000"/>
            <trkpt lat="54.5291030" lon="-3.1580480"/>
            <trkpt lat="54.5293480" lon="-3.1584630"/>
            <trkpt lat="54.5295340" lon="-3.1585860"/>
            <trkpt lat="54.5298470" lon="-3.1584560"/>
            <trkpt lat="54.5301590" lon="-3.1583790"/>
            <trkpt lat="54.5304200" lon="-3.1583430"/>
            <trkpt lat="54.5306870" lon="-3.1585010"/>
            <trkpt lat="54.5309330" lon="-3.1588090"/>
            <trkpt lat="54.5311230" lon="-3.1591150"/>
            <trkpt lat="54.5313260" lon="-3.1593560"/>
            <trkpt lat="54.5313480" lon="-3.1596900"/>
            <trkpt lat="54.5311750" lon="-3.1601570"/>
            <trkpt lat="54.5313980" lon="-3.1603030"/>
            <trkpt lat="54.5315080" lon="-3.1605420"/>
            <trkpt lat="54.5314740" lon="-3.1608520"/>
            <trkpt lat="54.5314760" lon="-3.1612280"/>
            <trkpt lat="54.5315040" lon="-3.1616040"/>
            <trkpt lat="54.5316380" lon="-3.1618870"/>
            <trkpt lat="54.5317360" lon="-3.1620400"/>
            <trkpt lat="54.5319060" lon="-3.1619160"/>
            <trkpt lat="54.5320950" lon="-3.1616640"/>
            <trkpt lat="54.5323010" lon="-3.1616160"/>
            <trkpt lat="54.5324840" lon="-3.1612890"/>
            <trkpt lat="54.5327400" lon="-3.1612320"/>
            <trkpt lat="54.5328830" lon="-3.1612360"/>
            <trkpt lat="54.5331080" lon="-3.1611670"/>
            <trkpt lat="54.5331920" lon="-3.1615130"/>
            <trkpt lat="54.5331140" lon="-3.1611670"/>
            <trkpt lat="54.5328830" lon="-3.1612360"/>
            <trkpt lat="54.5327400" lon="-3.1612320"/>
            <trkpt lat="54.5324840" lon="-3.1612890"/>
            <trkpt lat="54.5323010" lon="-3.1616160"/>
            <trkpt lat="54.5320950" lon="-3.1616640"/>
            <trkpt lat="54.5319060" lon="-3.1619160"/>
            <trkpt lat="54.5317720" lon="-3.1621800"/>
            <trkpt lat="54.5317010" lon="-3.1624470"/>
            <trkpt lat="54.5314510" lon="-3.1625570"/>
            <trkpt lat="54.5309400" lon="-3.1638520"/>
            <trkpt lat="54.5307330" lon="-3.1646830"/>
            <trkpt lat="54.5305440" lon="-3.1649670"/>
            <trkpt lat="54.5303840" lon="-3.1653710"/>
            <trkpt lat="54.5300460" lon="-3.1655860"/>
            <trkpt lat="54.5297560" lon="-3.1659210"/>
            <trkpt lat="54.5293140" lon="-3.1665630"/>
            <trkpt lat="54.5290880" lon="-3.1667710"/>
            <trkpt lat="54.5287770" lon="-3.1667620"/>
            <trkpt lat="54.5284890" lon="-3.1668830"/>
            <trkpt lat="54.5283010" lon="-3.1670600"/>
            <trkpt lat="54.5280600" lon="-3.1674390"/>
            <trkpt lat="54.5279580" lon="-3.1677370"/>
            <trkpt lat="54.5278440" lon="-3.1679480"/>
            <trkpt lat="54.5277160" lon="-3.1682340"/>
            <trkpt lat="54.5274270" lon="-3.1685160"/>
            <trkpt lat="54.5270260" lon="-3.1687940"/>
            <trkpt lat="54.5268650" lon="-3.1687250"/>
            <trkpt lat="54.5267430" lon="-3.1684530"/>
            <trkpt lat="54.5265760" lon="-3.1683200"/>
            <trkpt lat="54.5263150" lon="-3.1683010"/>
            <trkpt lat="54.5261140" lon="-3.1684570"/>
            <trkpt lat="54.5259180" lon="-3.1681610"/>
            <trkpt lat="54.5257190" lon="-3.1680700"/>
            <trkpt lat="54.5254690" lon="-3.1681270"/>
            <trkpt lat="54.5252740" lon="-3.1683360"/>
            <trkpt lat="54.5250520" lon="-3.1688230"/>
            <trkpt lat="54.5248500" lon="-3.1691070"/>
            <trkpt lat="54.5242410" lon="-3.1696150"/>
            <trkpt lat="54.5241300" lon="-3.1694510"/>
            <trkpt lat="54.5239700" lon="-3.1693290"/>
            <trkpt lat="54.5237630" lon="-3.1694730"/>
            <trkpt lat="54.5235490" lon="-3.1697030"/>
            <trkpt lat="54.5232610" lon="-3.1698020"/>
            <trkpt lat="54.5228320" lon="-3.1698000"/>
            <trkpt lat="54.5220460" lon="-3.1698640"/>
            <trkpt lat="54.5217340" lon="-3.1699510"/>
            <trkpt lat="54.5213670" lon="-3.1699090"/>
            <trkpt lat="54.5210040" lon="-3.1701230"/>
            <trkpt lat="54.5203760" lon="-3.1700300"/>
            <trkpt lat="54.5199410" lon="-3.1699210"/>
            <trkpt lat="54.5193600" lon="-3.1700870"/>
            <trkpt lat="54.5190340" lon="-3.1702490"/>
            <trkpt lat="54.5186720" lon="-3.1703350"/>
            <trkpt lat="54.5184530" lon="-3.1705220"/>
            <trkpt lat="54.5182250" lon="-3.1708270"/>
            <trkpt lat="54.5179670" lon="-3.1710990"/>
            <trkpt lat="54.5177150" lon="-3.1714450"/>
            <trkpt lat="54.5174550" lon="-3.1719530"/>
            <trkpt lat="54.5171930" lon="-3.1723210"/>
            <trkpt lat="54.5170910" lon="-3.1725430"/>
            <trkpt lat="54.5169360" lon="-3.1731180"/>
            <trkpt lat="54.5167300" lon="-3.1738100"/>
            <trkpt lat="54.5165830" lon="-3.1742130"/>
            <trkpt lat="54.5163090" lon="-3.1748390"/>
            <trkpt lat="54.5162310" lon="-3.1752330"/>
            <trkpt lat="54.5160100" lon="-3.1755380"/>
            <trkpt lat="54.5158260" lon="-3.1758760"/>
            <trkpt lat="54.5157730" lon="-3.1762070"/>
            <trkpt lat="54.5157630" lon="-3.1765610"/>
            <trkpt lat="54.5157140" lon="-3.1770960"/>
            <trkpt lat="54.5156050" lon="-3.1774690"/>
            <trkpt lat="54.5152880" lon="-3.1779960"/>
            <trkpt lat="54.5152000" lon="-3.1787120"/>
            <trkpt lat="54.5148760" lon="-3.1800010"/>
            <trkpt lat="54.5145370" lon="-3.1816010"/>
            <trkpt lat="54.5143660" lon="-3.1825080"/>
            <trkpt lat="54.5142370" lon="-3.1829980"/>
            <trkpt lat="54.5140190" lon="-3.1836250"/>
            <trkpt lat="54.5137380" lon="-3.1843250"/>
            <trkpt lat="54.5134880" lon="-3.1850260"/>
            <trkpt lat="54.5132970" lon="-3.1853960"/>
            <trkpt lat="54.5131110" lon="-3.1859590"/>
            <trkpt lat="54.5129350" lon="-3.1861040"/>
            <trkpt lat="54.5127410" lon="-3.1862060"/>
            <trkpt lat="54.5126010" lon="-3.1865020"/>
            <trkpt lat="54.5125170" lon="-3.1868650"/>
            <trkpt lat="54.5125000" lon="-3.1873470"/>
            <trkpt lat="54.5125150" lon="-3.1877450"/>
            <trkpt lat="54.5126350" lon="-3.1881450"/>
            <trkpt lat="54.5128000" lon="-3.1885040"/>
            <trkpt lat="54.5128960" lon="-3.1888180"/>
            <trkpt lat="54.5129670" lon="-3.1892490"/>
            <trkpt lat="54.5130240" lon="-3.1897440"/>
            <trkpt lat="54.5130700" lon="-3.1902180"/>
            <trkpt lat="54.5130430" lon="-3.1916010"/>
            <trkpt lat="54.5131200" lon="-3.1920650"/>
            <trkpt lat="54.5131460" lon="-3.1925590"/>
            <trkpt lat="54.5131430" lon="-3.1928920"/>
            <trkpt lat="54.5130720" lon="-3.1931470"/>
            <trkpt lat="54.5129140" lon="-3.1933470"/>
            <trkpt lat="54.5128090" lon="-3.1939440"/>
            <trkpt lat="54.5126420" lon="-3.1944010"/>
            <trkpt lat="54.5125030" lon="-3.1945690"/>
            <trkpt lat="54.5123530" lon="-3.1946930"/>
            <trkpt lat="54.5121050" lon="-3.1951360"/>
            <trkpt lat="54.5117550" lon="-3.1952870"/>
            <trkpt lat="54.5116160" lon="-3.1954550"/>
            <trkpt lat="54.5114060" lon="-3.1959640"/>
            <trkpt lat="54.5112520" lon="-3.1964310"/>
            <trkpt lat="54.5111850" lon="-3.1969120"/>
            <trkpt lat="54.5111460" lon="-3.1976190"/>
            <trkpt lat="54.5111790" lon="-3.1981240"/>
            <trkpt lat="54.5112490" lon="-3.1986310"/>
            <trkpt lat="54.5113610" lon="-3.1992780"/>
            <trkpt lat="54.5113570" lon="-3.1996860"/>
            <trkpt lat="54.5112350" lon="-3.2000250"/>
            <trkpt lat="54.5111400" lon="-3.2001620"/>
            <trkpt lat="54.5111060" lon="-3.2004400"/>
            <trkpt lat="54.5112510" lon="-3.2015070"/>
            <trkpt lat="54.5113290" lon="-3.2018310"/>
            <trkpt lat="54.5115950" lon="-3.2020100"/>
            <trkpt lat="54.5118230" lon="-3.2022320"/>
            <trkpt lat="54.5119450" lon="-3.2025680"/>
            <trkpt lat="54.5121070" lon="-3.2031840"/>
            <trkpt lat="54.5123180" lon="-3.2038560"/>
            <trkpt lat="54.5124180" lon="-3.2044170"/>
            <trkpt lat="54.5125170" lon="-3.2051060"/>
            <trkpt lat="54.5126450" lon="-3.2060640"/>
            <trkpt lat="54.5127530" lon="-3.2070860"/>
            <trkpt lat="54.5128070" lon="-3.2073030"/>
            <trkpt lat="54.5129550" lon="-3.2074680"/>
            <trkpt lat="54.5130590" lon="-3.2076530"/>
            <trkpt lat="54.5129950" lon="-3.2078450"/>
            <trkpt lat="54.5128200" lon="-3.2078930"/>
            <trkpt lat="54.5128430" lon="-3.2081080"/>
            <trkpt lat="54.5130420" lon="-3.2081140"/>
            <trkpt lat="54.5131470" lon="-3.2082250"/>
            <trkpt lat="54.5130820" lon="-3.2084270"/>
            <trkpt lat="54.5129320" lon="-3.2085300"/>
            <trkpt lat="54.5127570" lon="-3.2085780"/>
            <trkpt lat="54.5127240" lon="-3.2087700"/>
            <trkpt lat="54.5128780" lon="-3.2089570"/>
            <trkpt lat="54.5129760" lon="-3.2091210"/>
            <trkpt lat="54.5128470" lon="-3.2095890"/>
            <trkpt lat="54.5124650" lon="-3.2103610"/>
            <trkpt lat="54.5122630" lon="-3.2106770"/>
            <trkpt lat="54.5122090" lon="-3.2110510"/>
            <trkpt lat="54.5121810" lon="-3.2113830"/>
            <trkpt lat="54.5120510" lon="-3.2119260"/>
            <trkpt lat="54.5119910" lon="-3.2122900"/>
            <trkpt lat="54.5119330" lon="-3.2124700"/>
            <trkpt lat="54.5116150" lon="-3.2125570"/>
            <trkpt lat="54.5113650" lon="-3.2125930"/>
            <trkpt lat="54.5110660" lon="-3.2125950"/>
            <trkpt lat="54.5107600" lon="-3.2126390"/>
            <trkpt lat="54.5104550" lon="-3.2126300"/>
            <trkpt lat="54.5098620" lon="-3.2208540"/>
            <trkpt lat="54.5097850" lon="-3.2222680"/>
            <trkpt lat="54.5099450" lon="-3.2230660"/>
            <trkpt lat="54.5099680" lon="-3.2238930"/>
            <trkpt lat="54.5100480" lon="-3.2246680"/>
            <trkpt lat="54.5101070" lon="-3.2250030"/>
            <trkpt lat="54.5102280" lon="-3.2253180"/>
            <trkpt lat="54.5100990" lon="-3.2257860"/>
            <trkpt lat="54.5098750" lon="-3.2263590"/>
            <trkpt lat="54.5098530" lon="-3.2266800"/>
            <trkpt lat="54.5098480" lon="-3.2271840"/>
            <trkpt lat="54.5098880" lon="-3.2274860"/>
            <trkpt lat="54.5097900" lon="-3.2280090"/>
            <trkpt lat="54.5097200" lon="-3.2287470"/>
            <trkpt lat="54.5096610" lon="-3.2290130"/>
            <trkpt lat="54.5096190" lon="-3.2294410"/>
            <trkpt lat="54.5095220" lon="-3.2298350"/>
            <trkpt lat="54.5095010" lon="-3.2306610"/>
            <trkpt lat="54.5095270" lon="-3.2312200"/>
            <trkpt lat="54.5095420" lon="-3.2321860"/>
            <trkpt lat="54.5093910" lon="-3.2322890"/>
            <trkpt lat="54.5093550" lon="-3.2327490"/>
            <trkpt lat="54.5091850" lon="-3.2329160"/>
            <trkpt lat="54.5092260" lon="-3.2331960"/>
            <trkpt lat="54.5094120" lon="-3.2332770"/>
            <trkpt lat="54.5097200" lon="-3.2330500"/>
            <trkpt lat="54.5100770" lon="-3.2328670"/>
            <trkpt lat="54.5105070" lon="-3.2328270"/>
            <trkpt lat="54.5108870" lon="-3.2328280"/>
            <trkpt lat="54.5116330" lon="-3.2330000"/>
            <trkpt lat="54.5119490" lon="-3.2331490"/>
            <trkpt lat="54.5121780" lon="-3.2333070"/>
            <trkpt lat="54.5123870" lon="-3.2336240"/>
            <trkpt lat="54.5127260" lon="-3.2339780"/>
            <trkpt lat="54.5129990" lon="-3.2346730"/>
            <trkpt lat="54.5131310" lon="-3.2352030"/>
            <trkpt lat="54.5133070" lon="-3.2356480"/>
            <trkpt lat="54.5134030" lon="-3.2359620"/>
            <trkpt lat="54.5133950" lon="-3.2361870"/>
            <trkpt lat="54.5130580" lon="-3.2364220"/>
            <trkpt lat="54.5131160" lon="-3.2368530"/>
            <trkpt lat="54.5132310" lon="-3.2372000"/>
            <trkpt lat="54.5131980" lon="-3.2377160"/>
            <trkpt lat="54.5134130" lon="-3.2380870"/>
            <trkpt lat="54.5138050" lon="-3.2392900"/>
            <trkpt lat="54.5138950" lon="-3.2396150"/>
            <trkpt lat="54.5140950" lon="-3.2401790"/>
            <trkpt lat="54.5142460" lon="-3.2406550"/>
            <trkpt lat="54.5144160" lon="-3.2410580"/>
            <trkpt lat="54.5146760" lon="-3.2412480"/>
            <trkpt lat="54.5151090" lon="-3.2415080"/>
            <trkpt lat="54.5153810" lon="-3.2417520"/>
            <trkpt lat="54.5158130" lon="-3.2426990"/>
            <trkpt lat="54.5159360" lon="-3.2428850"/>
            <trkpt lat="54.5163320" lon="-3.2431330"/>
            <trkpt lat="54.5167560" lon="-3.2437150"/>
            <trkpt lat="54.5170330" lon="-3.2440230"/>
            <trkpt lat="54.5173110" lon="-3.2442890"/>
            <trkpt lat="54.5174960" lon="-3.2444350"/>
            <trkpt lat="54.5180410" lon="-3.2446770"/>
            <trkpt lat="54.5183400" lon="-3.2446750"/>
            <trkpt lat="54.5189490" lon="-3.2448870"/>
            <trkpt lat="54.5191730" lon="-3.2448940"/>
            <trkpt lat="54.5193930" lon="-3.2446750"/>
            <trkpt lat="54.5195810" lon="-3.2445730"/>
            <trkpt lat="54.5198620" lon="-3.2445280"/>
            <trkpt lat="54.5200990" lon="-3.2445140"/>
            <trkpt lat="54.5202910" lon="-3.2445520"/>
            <trkpt lat="54.5207190" lon="-3.2446940"/>
            <trkpt lat="54.5209510" lon="-3.2445940"/>
            <trkpt lat="54.5214880" lon="-3.2444600"/>
            <trkpt lat="54.5217200" lon="-3.2442950"/>
            <trkpt lat="54.5218780" lon="-3.2440320"/>
            <trkpt lat="54.5221360" lon="-3.2438250"/>
            <trkpt lat="54.5223410" lon="-3.2438740"/>
            <trkpt lat="54.5225260" lon="-3.2440200"/>
            <trkpt lat="54.5226560" lon="-3.2441520"/>
            <trkpt lat="54.5229170" lon="-3.2441710"/>
            <trkpt lat="54.5232220" lon="-3.2441480"/>
            <trkpt lat="54.5233730" lon="-3.2446680"/>
            <trkpt lat="54.5234850" lon="-3.2452610"/>
            <trkpt lat="54.5235570" lon="-3.2455320"/>
            <trkpt lat="54.5236970" lon="-3.2458900"/>
            <trkpt lat="54.5237690" lon="-3.2461180"/>
            <trkpt lat="54.5239150" lon="-3.2464760"/>
            <trkpt lat="54.5237330" lon="-3.2472220"/>
            <trkpt lat="54.5236590" lon="-3.2483250"/>
            <trkpt lat="54.5235800" lon="-3.2487300"/>
            <trkpt lat="54.5234010" lon="-3.2491440"/>
            <trkpt lat="54.5229240" lon="-3.2501700"/>
            <trkpt lat="54.5225210" lon="-3.2512090"/>
            <trkpt lat="54.5223830" lon="-3.2518490"/>
            <trkpt lat="54.5220810" lon="-3.2527510"/>
            <trkpt lat="54.5218560" lon="-3.2534740"/>
            <trkpt lat="54.5215550" lon="-3.2542370"/>
            <trkpt lat="54.5217580" lon="-3.2545330"/>
            <trkpt lat="54.5222710" lon="-3.2554830"/>
            <trkpt lat="54.5224480" lon="-3.2558420"/>
            <trkpt lat="54.5226990" lon="-3.2561930"/>
            <trkpt lat="54.5229810" lon="-3.2566640"/>
            <trkpt lat="54.5235020" lon="-3.2574840"/>
            <trkpt lat="54.5238280" lon="-3.2579240"/>
            <trkpt lat="54.5247590" lon="-3.2594230"/>
            <trkpt lat="54.5250410" lon="-3.2598180"/>
            <trkpt lat="54.5253480" lon="-3.2602030"/>
            <trkpt lat="54.5257390" lon="-3.2609880"/>
            <trkpt lat="54.5262290" lon="-3.2618180"/>
            <trkpt lat="54.5264550" lon="-3.2621580"/>
            <trkpt lat="54.5267870" lon="-3.2625760"/>
            <trkpt lat="54.5271740" lon="-3.2631250"/>
            <trkpt lat="54.5275060" lon="-3.2635640"/>
            <trkpt lat="54.5276590" lon="-3.2638160"/>
            <trkpt lat="54.5278930" lon="-3.2640800"/>
            <trkpt lat="54.5281010" lon="-3.2644410"/>
            <trkpt lat="54.5285790" lon="-3.2651100"/>
            <trkpt lat="54.5290870" lon="-3.2659310"/>
            <trkpt lat="54.5295170" lon="-3.2665780"/>
            <trkpt lat="54.5296170" lon="-3.2670960"/>
            <trkpt lat="54.5297510" lon="-3.2673790"/>
            <trkpt lat="54.5299150" lon="-3.2677810"/>
            <trkpt lat="54.5299410" lon="-3.2688710"/>
            <trkpt lat="54.5301100" lon="-3.2693430"/>
            <trkpt lat="54.5303020" lon="-3.2695040"/>
            <trkpt lat="54.5305800" lon="-3.2696850"/>
            <trkpt lat="54.5308440" lon="-3.2700580"/>
            <trkpt lat="54.5310390" lon="-3.2704400"/>
            <trkpt lat="54.5312390" lon="-3.2709180"/>
            <trkpt lat="54.5314890" lon="-3.2714410"/>
            <trkpt lat="54.5316520" lon="-3.2719610"/>
            <trkpt lat="54.5318270" lon="-3.2724390"/>
            <trkpt lat="54.5320440" lon="-3.2731430"/>
            <trkpt lat="54.5322510" lon="-3.2735890"/>
            <trkpt lat="54.5325200" lon="-3.2740910"/>
            <trkpt lat="54.5327330" lon="-3.2745380"/>
            <trkpt lat="54.5327990" lon="-3.2747980"/>
            <trkpt lat="54.5327950" lon="-3.2752050"/>
            <trkpt lat="54.5328770" lon="-3.2757010"/>
            <trkpt lat="54.5330460" lon="-3.2761680"/>
            <trkpt lat="54.5333150" lon="-3.2766060"/>
            <trkpt lat="54.5335110" lon="-3.2769770"/>
            <trkpt lat="54.5337430" lon="-3.2773270"/>
            <trkpt lat="54.5341690" lon="-3.2782850"/>
            <trkpt lat="54.5343320" lon="-3.2788270"/>
            <trkpt lat="54.5345020" lon="-3.2791860"/>
            <trkpt lat="54.5346740" lon="-3.2794060"/>
            <trkpt lat="54.5348560" lon="-3.2798730"/>
            <trkpt lat="54.5349720" lon="-3.2801020"/>
            <trkpt lat="54.5351760" lon="-3.2802270"/>
            <trkpt lat="54.5354860" lon="-3.2803010"/>
            <trkpt lat="54.5356080" lon="-3.2800260"/>
            <trkpt lat="54.5354670" lon="-3.2798170"/>
            <trkpt lat="54.5354000" lon="-3.2796010"/>
            <trkpt lat="54.5354840" lon="-3.2793350"/>
            <trkpt lat="54.5356740" lon="-3.2790080"/>
            <trkpt lat="54.5358130" lon="-3.2788200"/>
            <trkpt lat="54.5359720" lon="-3.2785350"/>
            <trkpt lat="54.5361070" lon="-3.2781850"/>
            <trkpt lat="54.5373800" lon="-3.2787830"/>
            <trkpt lat="54.5379620" lon="-3.2790910"/>
            <trkpt lat="54.5381490" lon="-3.2790430"/>
            <trkpt lat="54.5385640" lon="-3.2787020"/>
            <trkpt lat="54.5387970" lon="-3.2784730"/>
            <trkpt lat="54.5390110" lon="-3.2782220"/>
            <trkpt lat="54.5393870" lon="-3.2779180"/>
            <trkpt lat="54.5397190" lon="-3.2777140"/>
            <trkpt lat="54.5398740" lon="-3.2778850"/>
            <trkpt lat="54.5400330" lon="-3.2781360"/>
            <trkpt lat="54.5402150" lon="-3.2785020"/>
            <trkpt lat="54.5403930" lon="-3.2787440"/>
            <trkpt lat="54.5405290" lon="-3.2782010"/>
            <trkpt lat="54.5407150" lon="-3.2777020"/>
            <trkpt lat="54.5409680" lon="-3.2773460"/>
            <trkpt lat="54.5411080" lon="-3.2770390"/>
            <trkpt lat="54.5413180" lon="-3.2766270"/>
            <trkpt lat="54.5409670" lon="-3.2773350"/>
            <trkpt lat="54.5407140" lon="-3.2777030"/>
            <trkpt lat="54.5405350" lon="-3.2781480"/>
            <trkpt lat="54.5403850" lon="-3.2787330"/>
            <trkpt lat="54.5401950" lon="-3.2784590"/>
            <trkpt lat="54.5400310" lon="-3.2781100"/>
            <trkpt lat="54.5397180" lon="-3.2777250"/>
            <trkpt lat="54.5395710" lon="-3.2780100"/>
            <trkpt lat="54.5394370" lon="-3.2783490"/>
            <trkpt lat="54.5391220" lon="-3.2793260"/>
            <trkpt lat="54.5387930" lon="-3.2809470"/>
            <trkpt lat="54.5385310" lon="-3.2821620"/>
            <trkpt lat="54.5378210" lon="-3.2851660"/>
            <trkpt lat="54.5376520" lon="-3.2858260"/>
            <trkpt lat="54.5375790" lon="-3.2862850"/>
            <trkpt lat="54.5375810" lon="-3.2866280"/>
            <trkpt lat="54.5376530" lon="-3.2868990"/>
            <trkpt lat="54.5378110" lon="-3.2873120"/>
            <trkpt lat="54.5375090" lon="-3.2875490"/>
            <trkpt lat="54.5375240" lon="-3.2878820"/>
            <trkpt lat="54.5376580" lon="-3.2881970"/>
            <trkpt lat="54.5378310" lon="-3.2883640"/>
            <trkpt lat="54.5380530" lon="-3.2884780"/>
            <trkpt lat="54.5382370" lon="-3.2888060"/>
            <trkpt lat="54.5383630" lon="-3.2892610"/>
            <trkpt lat="54.5384810" lon="-3.2898540"/>
            <trkpt lat="54.5386380" lon="-3.2902990"/>
            <trkpt lat="54.5387840" lon="-3.2905620"/>
            <trkpt lat="54.5391600" lon="-3.2909490"/>
            <trkpt lat="54.5394320" lon="-3.2911190"/>
            <trkpt lat="54.5396110" lon="-3.2912640"/>
            <trkpt lat="54.5397580" lon="-3.2915470"/>
            <trkpt lat="54.5398850" lon="-3.2918410"/>
            <trkpt lat="54.5399680" lon="-3.2921980"/>
            <trkpt lat="54.5400170" lon="-3.2928650"/>
            <trkpt lat="54.5402950" lon="-3.2937210"/>
            <trkpt lat="54.5404600" lon="-3.2939950"/>
            <trkpt lat="54.5407680" lon="-3.2942620"/>
            <trkpt lat="54.5410900" lon="-3.2944660"/>
            <trkpt lat="54.5413860" lon="-3.2946900"/>
            <trkpt lat="54.5418520" lon="-3.2953380"/>
            <trkpt lat="54.5420500" lon="-3.2954830"/>
            <trkpt lat="54.5421980" lon="-3.2956280"/>
            <trkpt lat="54.5424450" lon="-3.2957540"/>
            <trkpt lat="54.5426840" lon="-3.2961690"/>
            <trkpt lat="54.5428410" lon="-3.2966030"/>
            <trkpt lat="54.5431870" lon="-3.2974400"/>
            <trkpt lat="54.5432370" lon="-3.2979360"/>
            <trkpt lat="54.5433140" lon="-3.2983570"/>
            <trkpt lat="54.5434470" lon="-3.2987040"/>
            <trkpt lat="54.5435630" lon="-3.2988800"/>
            <trkpt lat="54.5437490" lon="-3.2989500"/>
            <trkpt lat="54.5439140" lon="-3.2993090"/>
            <trkpt lat="54.5440930" lon="-3.2994550"/>
            <trkpt lat="54.5442470" lon="-3.2995350"/>
            <trkpt lat="54.5444440" lon="-3.2997550"/>
            <trkpt lat="54.5446570" lon="-3.3001910"/>
            <trkpt lat="54.5447970" lon="-3.3005610"/>
            <trkpt lat="54.5448310" lon="-3.3008410"/>
            <trkpt lat="54.5448270" lon="-3.3011950"/>
            <trkpt lat="54.5449110" lon="-3.3015410"/>
            <trkpt lat="54.5453550" lon="-3.3024990"/>
            <trkpt lat="54.5454940" lon="-3.3028470"/>
            <trkpt lat="54.5457650" lon="-3.3031670"/>
            <trkpt lat="54.5460240" lon="-3.3039480"/>
            <trkpt lat="54.5461960" lon="-3.3041360"/>
            <trkpt lat="54.5465300" lon="-3.3042860"/>
            <trkpt lat="54.5467700" lon="-3.3045840"/>
            <trkpt lat="54.5470660" lon="-3.3048180"/>
            <trkpt lat="54.5474420" lon="-3.3051740"/>
            <trkpt lat="54.5486230" lon="-3.3058990"/>
            <trkpt lat="54.5492680" lon="-3.3061020"/>
            <trkpt lat="54.5495230" lon="-3.3060990"/>
            <trkpt lat="54.5497660" lon="-3.3060640"/>
            <trkpt lat="54.5499900" lon="-3.3061360"/>
            <trkpt lat="54.5501580" lon="-3.3061410"/>
            <trkpt lat="54.5504060" lon="-3.3061920"/>
            <trkpt lat="54.5508360" lon="-3.3061840"/>
            <trkpt lat="54.5514780" lon="-3.3060870"/>
            <trkpt lat="54.5517910" lon="-3.3059140"/>
            <trkpt lat="54.5520950" lon="-3.3059350"/>
            <trkpt lat="54.5523430" lon="-3.3060290"/>
            <trkpt lat="54.5525760" lon="-3.3058430"/>
            <trkpt lat="54.5528110" lon="-3.3054110"/>
            <trkpt lat="54.5528730" lon="-3.3048650"/>
            <trkpt lat="54.5528270" lon="-3.3056580"/>
            <trkpt lat="54.5529910" lon="-3.3065650"/>
            <trkpt lat="54.5530990" lon="-3.3069440"/>
            <trkpt lat="54.5532940" lon="-3.3072830"/>
            <trkpt lat="54.5536090" lon="-3.3075290"/>
            <trkpt lat="54.5539690" lon="-3.3076580"/>
            <trkpt lat="54.5545970" lon="-3.3076790"/>
            <trkpt lat="54.5547560" lon="-3.3079090"/>
            <trkpt lat="54.5549100" lon="-3.3080970"/>
            <trkpt lat="54.5550830" lon="-3.3082420"/>
            <trkpt lat="54.5556840" lon="-3.3084430"/>
            <trkpt lat="54.5561990" lon="-3.3085570"/>
            <trkpt lat="54.5563970" lon="-3.3086700"/>
            <trkpt lat="54.5566580" lon="-3.3087320"/>
            <trkpt lat="54.5570580" lon="-3.3091530"/>
            <trkpt lat="54.5573190" lon="-3.3091400"/>
            <trkpt lat="54.5576900" lon="-3.3093560"/>
            <trkpt lat="54.5580550" lon="-3.3095390"/>
            <trkpt lat="54.5586360" lon="-3.3099010"/>
            <trkpt lat="54.5590270" lon="-3.3100640"/>
            <trkpt lat="54.5594210" lon="-3.3103880"/>
            <trkpt lat="54.5596920" lon="-3.3106760"/>
            <trkpt lat="54.5599080" lon="-3.3108650"/>
            <trkpt lat="54.5600490" lon="-3.3110520"/>
            <trkpt lat="54.5603280" lon="-3.3111470"/>
            <trkpt lat="54.5609680" lon="-3.3112430"/>
            <trkpt lat="54.5613670" lon="-3.3116850"/>
            <trkpt lat="54.5617230" lon="-3.3121260"/>
            <trkpt lat="54.5620520" lon="-3.3128230"/>
            <trkpt lat="54.5622530" lon="-3.3132160"/>
            <trkpt lat="54.5625430" lon="-3.3134180"/>
            <trkpt lat="54.5628410" lon="-3.3134920"/>
            <trkpt lat="54.5631440" lon="-3.3136850"/>
            <trkpt lat="54.5633710" lon="-3.3139600"/>
            <trkpt lat="54.5635910" lon="-3.3143110"/>
            <trkpt lat="54.5638220" lon="-3.3144420"/>
            <trkpt lat="54.5642460" lon="-3.3149280"/>
            <trkpt lat="54.5643350" lon="-3.3153500"/>
            <trkpt lat="54.5646970" lon="-3.3158230"/>
            <trkpt lat="54.5653050" lon="-3.3164970"/>
            <trkpt lat="54.5655840" lon="-3.3166350"/>
            <trkpt lat="54.5660850" lon="-3.3168440"/>
            <trkpt lat="54.5670030" lon="-3.3171420"/>
            <trkpt lat="54.5674050" lon="-3.3173810"/>
            <trkpt lat="54.5677370" lon="-3.3176810"/>
            <trkpt lat="54.5681100" lon="-3.3177470"/>
            <trkpt lat="54.5684350" lon="-3.3175860"/>
            <trkpt lat="54.5686310" lon="-3.3173450"/>
            <trkpt lat="54.5689790" lon="-3.3167990"/>
            <trkpt lat="54.5691760" lon="-3.3163650"/>
            <trkpt lat="54.5692430" lon="-3.3159490"/>
            <trkpt lat="54.5692320" lon="-3.3152830"/>
            <trkpt lat="54.5692870" lon="-3.3147480"/>
            <trkpt lat="54.5694610" lon="-3.3141850"/>
            <trkpt lat="54.5696580" lon="-3.3138800"/>
            <trkpt lat="54.5698580" lon="-3.3137690"/>
            <trkpt lat="54.5701800" lon="-3.3138540"/>
            <trkpt lat="54.5704520" lon="-3.3139600"/>
            <trkpt lat="54.5707720" lon="-3.3142490"/>
            <trkpt lat="54.5713360" lon="-3.3149650"/>
            <trkpt lat="54.5717980" lon="-3.3148510"/>
            <trkpt lat="54.5721020" lon="-3.3148830"/>
            <trkpt lat="54.5724210" lon="-3.3147860"/>
            <trkpt lat="54.5725910" lon="-3.3146090"/>
            <trkpt lat="54.5726870" lon="-3.3141980"/>
            <trkpt lat="54.5727460" lon="-3.3138460"/>
            <trkpt lat="54.5730020" lon="-3.3137900"/>
            <trkpt lat="54.5732190" lon="-3.3138830"/>
            <trkpt lat="54.5734900" lon="-3.3140950"/>
            <trkpt lat="54.5738380" lon="-3.3141820"/>
            <trkpt lat="54.5746330" lon="-3.3142500"/>
            <trkpt lat="54.5750470" lon="-3.3144890"/>
            <trkpt lat="54.5753490" lon="-3.3147140"/>
            <trkpt lat="54.5754920" lon="-3.3147610"/>
            <trkpt lat="54.5756440" lon="-3.3145090"/>
            <trkpt lat="54.5757880" lon="-3.3143740"/>
            <trkpt lat="54.5759130" lon="-3.3137770"/>
            <trkpt lat="54.5759170" lon="-3.3134160"/>
            <trkpt lat="54.5762450" lon="-3.3135550"/>
            <trkpt lat="54.5765780" lon="-3.3137810"/>
            <trkpt lat="54.5768700" lon="-3.3138330"/>
            <trkpt lat="54.5771100" lon="-3.3140660"/>
            <trkpt lat="54.5775600" lon="-3.3138450"/>
            <trkpt lat="54.5771350" lon="-3.3134770"/>
            <trkpt lat="54.5769180" lon="-3.3128050"/>
            <trkpt lat="54.5766650" lon="-3.3121060"/>
            <trkpt lat="54.5763950" lon="-3.3117750"/>
            <trkpt lat="54.5760130" lon="-3.3114620"/>
            <trkpt lat="54.5756190" lon="-3.3110850"/>
            <trkpt lat="54.5753620" lon="-3.3106690"/>
            <trkpt lat="54.5751380" lon="-3.3101680"/>
            <trkpt lat="54.5749010" lon="-3.3095910"/>
            <trkpt lat="54.5746520" lon="-3.3090680"/>
            <trkpt lat="54.5744400" lon="-3.3084930"/>
            <trkpt lat="54.5742600" lon="-3.3079500"/>
            <trkpt lat="54.5740220" lon="-3.3075460"/>
            <trkpt lat="54.5738950" lon="-3.3071770"/>
            <trkpt lat="54.5739790" lon="-3.3069110"/>
            <trkpt lat="54.5741850" lon="-3.3068430"/>
            <trkpt lat="54.5744010" lon="-3.3069460"/>
            <trkpt lat="54.5745250" lon="-3.3070360"/>
            <trkpt lat="54.5752700" lon="-3.3059650"/>
            <trkpt lat="54.5752480" lon="-3.3057390"/>
            <trkpt lat="54.5750700" lon="-3.3054650"/>
            <trkpt lat="54.5751110" lon="-3.3051990"/>
            <trkpt lat="54.5757280" lon="-3.3038560"/>
            <trkpt lat="54.5759570" lon="-3.3033910"/>
            <trkpt lat="54.5761380" lon="-3.3033750"/>
            <trkpt lat="54.5762380" lon="-3.3027770"/>
            <trkpt lat="54.5768490" lon="-3.2996850"/>
            <trkpt lat="54.5770540" lon="-3.2992090"/>
            <trkpt lat="54.5771840" lon="-3.2986760"/>
            <trkpt lat="54.5775760" lon="-3.2983620"/>
            <trkpt lat="54.5777990" lon="-3.2984550"/>
            <trkpt lat="54.5779480" lon="-3.2978800"/>
            <trkpt lat="54.5778030" lon="-3.2974890"/>
            <trkpt lat="54.5776230" lon="-3.2968610"/>
            <trkpt lat="54.5775770" lon="-3.2965480"/>
            <trkpt lat="54.5775320" lon="-3.2961180"/>
            <trkpt lat="54.5773760" lon="-3.2955650"/>
            <trkpt lat="54.5772730" lon="-3.2947470"/>
            <trkpt lat="54.5773570" lon="-3.2944060"/>
            <trkpt lat="54.5774860" lon="-3.2940560"/>
            <trkpt lat="54.5775030" lon="-3.2936060"/>
            <trkpt lat="54.5779090" lon="-3.2928250"/>
            <trkpt lat="54.5781340" lon="-3.2921560"/>
            <trkpt lat="54.5781770" lon="-3.2916740"/>
            <trkpt lat="54.5783570" lon="-3.2911430"/>
            <trkpt lat="54.5785450" lon="-3.2904200"/>
            <trkpt lat="54.5787090" lon="-3.2896200"/>
            <trkpt lat="54.5787400" lon="-3.2890310"/>
            <trkpt lat="54.5787290" lon="-3.2876680"/>
            <trkpt lat="54.5787830" lon="-3.2873050"/>
            <trkpt lat="54.5788590" lon="-3.2865990"/>
            <trkpt lat="54.5789070" lon="-3.2855920"/>
            <trkpt lat="54.5789790" lon="-3.2853040"/>
            <trkpt lat="54.5794750" lon="-3.2848050"/>
            <trkpt lat="54.5797080" lon="-3.2845120"/>
            <trkpt lat="54.5800350" lon="-3.2842110"/>
            <trkpt lat="54.5803310" lon="-3.2838550"/>
            <trkpt lat="54.5806010" lon="-3.2836280"/>
            <trkpt lat="54.5808220" lon="-3.2833450"/>
            <trkpt lat="54.5810920" lon="-3.2830960"/>
            <trkpt lat="54.5813050" lon="-3.2825050"/>
            <trkpt lat="54.5815140" lon="-3.2821580"/>
            <trkpt lat="54.5816770" lon="-3.2814330"/>
            <trkpt lat="54.5817730" lon="-3.2812540"/>
            <trkpt lat="54.5818530" lon="-3.2806980"/>
            <trkpt lat="54.5822830" lon="-3.2800040"/>
            <trkpt lat="54.5823570" lon="-3.2795230"/>
            <trkpt lat="54.5824550" lon="-3.2790860"/>
            <trkpt lat="54.5825580" lon="-3.2787250"/>
            <trkpt lat="54.5826890" lon="-3.2781280"/>
            <trkpt lat="54.5826900" lon="-3.2774300"/>
            <trkpt lat="54.5828180" lon="-3.2766430"/>
            <trkpt lat="54.5828470" lon="-3.2762790"/>
            <trkpt lat="54.5827320" lon="-3.2747630"/>
            <trkpt lat="54.5827710" lon="-3.2740340"/>
            <trkpt lat="54.5828210" lon="-3.2734670"/>
            <trkpt lat="54.5828720" lon="-3.2726850"/>
            <trkpt lat="54.5827800" lon="-3.2720390"/>
            <trkpt lat="54.5827620" lon="-3.2713300"/>
            <trkpt lat="54.5826380" lon="-3.2707680"/>
            <trkpt lat="54.5825060" lon="-3.2702910"/>
            <trkpt lat="54.5824190" lon="-3.2696880"/>
            <trkpt lat="54.5823700" lon="-3.2690530"/>
            <trkpt lat="54.5822080" lon="-3.2684260"/>
            <trkpt lat="54.5821220" lon="-3.2678110"/>
            <trkpt lat="54.5819980" lon="-3.2671420"/>
            <trkpt lat="54.5818120" lon="-3.2664710"/>
            <trkpt lat="54.5817050" lon="-3.2659850"/>
            <trkpt lat="54.5816670" lon="-3.2654790"/>
            <trkpt lat="54.5815710" lon="-3.2646180"/>
            <trkpt lat="54.5812910" lon="-3.2639970"/>
            <trkpt lat="54.5811220" lon="-3.2635300"/>
            <trkpt lat="54.5808500" lon="-3.2621490"/>
            <trkpt lat="54.5806750" lon="-3.2617030"/>
            <trkpt lat="54.5804240" lon="-3.2612340"/>
            <trkpt lat="54.5802860" lon="-3.2607900"/>
            <trkpt lat="54.5801970" lon="-3.2603470"/>
            <trkpt lat="54.5799450" lon="-3.2594590"/>
            <trkpt lat="54.5799250" lon="-3.2590080"/>
            <trkpt lat="54.5797670" lon="-3.2586380"/>
            <trkpt lat="54.5797460" lon="-3.2583160"/>
            <trkpt lat="54.5796500" lon="-3.2579370"/>
            <trkpt lat="54.5795120" lon="-3.2575250"/>
            <trkpt lat="54.5793920" lon="-3.2570490"/>
            <trkpt lat="54.5791150" lon="-3.2567510"/>
            <trkpt lat="54.5790070" lon="-3.2558240"/>
            <trkpt lat="54.5789640" lon="-3.2551360"/>
            <trkpt lat="54.5792270" lon="-3.2543510"/>
            <trkpt lat="54.5798040" lon="-3.2539710"/>
            <trkpt lat="54.5800050" lon="-3.2537630"/>
            <trkpt lat="54.5801380" lon="-3.2534770"/>
            <trkpt lat="54.5801850" lon="-3.2531350"/>
            <trkpt lat="54.5799380" lon="-3.2529560"/>
            <trkpt lat="54.5797920" lon="-3.2526940"/>
            <trkpt lat="54.5797630" lon="-3.2524790"/>
            <trkpt lat="54.5798710" lon="-3.2523100"/>
            <trkpt lat="54.5797550" lon="-3.2520280"/>
            <trkpt lat="54.5798390" lon="-3.2517510"/>
            <trkpt lat="54.5797470" lon="-3.2516520"/>
            <trkpt lat="54.5797490" lon="-3.2513940"/>
            <trkpt lat="54.5796010" lon="-3.2513040"/>
            <trkpt lat="54.5796110" lon="-3.2510040"/>
            <trkpt lat="54.5795080" lon="-3.2507210"/>
            <trkpt lat="54.5795500" lon="-3.2501970"/>
            <trkpt lat="54.5795570" lon="-3.2495320"/>
            <trkpt lat="54.5796460" lon="-3.2487730"/>
            <trkpt lat="54.5797970" lon="-3.2480370"/>
            <trkpt lat="54.5798130" lon="-3.2476190"/>
            <trkpt lat="54.5797330" lon="-3.2470050"/>
            <trkpt lat="54.5796510" lon="-3.2465190"/>
            <trkpt lat="54.5795380" lon="-3.2460330"/>
            <trkpt lat="54.5794610" lon="-3.2456120"/>
            <trkpt lat="54.5795200" lon="-3.2447130"/>
            <trkpt lat="54.5795020" lon="-3.2440900"/>
            <trkpt lat="54.5796370" lon="-3.2435890"/>
            <trkpt lat="54.5799520" lon="-3.2426550"/>
            <trkpt lat="54.5799980" lon="-3.2423560"/>
            <trkpt lat="54.5799960" lon="-3.2413580"/>
            <trkpt lat="54.5801090" lon="-3.2406850"/>
            <trkpt lat="54.5801810" lon="-3.2403540"/>
            <trkpt lat="54.5804510" lon="-3.2394610"/>
            <trkpt lat="54.5804770" lon="-3.2387650"/>
            <trkpt lat="54.5807950" lon="-3.2379700"/>
            <trkpt lat="54.5809630" lon="-3.2373840"/>
            <trkpt lat="54.5811160" lon="-3.2369600"/>
            <trkpt lat="54.5813120" lon="-3.2366440"/>
            <trkpt lat="54.5815640" lon="-3.2364050"/>
            <trkpt lat="54.5818590" lon="-3.2360700"/>
            <trkpt lat="54.5822110" lon="-3.2357160"/>
            <trkpt lat="54.5825120" lon="-3.2355000"/>
            <trkpt lat="54.5827370" lon="-3.2353460"/>
            <trkpt lat="54.5830860" lon="-3.2352920"/>
            <trkpt lat="54.5833850" lon="-3.2352690"/>
            <trkpt lat="54.5836450" lon="-3.2353840"/>
            <trkpt lat="54.5838800" lon="-3.2355200"/>
            <trkpt lat="54.5841900" lon="-3.2355730"/>
            <trkpt lat="54.5844830" lon="-3.2355070"/>
            <trkpt lat="54.5847240" lon="-3.2356860"/>
            <trkpt lat="54.5848920" lon="-3.2357010"/>
            <trkpt lat="54.5851730" lon="-3.2355380"/>
            <trkpt lat="54.5853810" lon="-3.2352660"/>
            <trkpt lat="54.5855840" lon="-3.2349390"/>
            <trkpt lat="54.5858170" lon="-3.2346030"/>
            <trkpt lat="54.5860260" lon="-3.2342550"/>
            <trkpt lat="54.5861720" lon="-3.2339380"/>
            <trkpt lat="54.5864730" lon="-3.2330350"/>
            <trkpt lat="54.5867080" lon="-3.2326020"/>
            <trkpt lat="54.5869230" lon="-3.2322760"/>
            <trkpt lat="54.5871060" lon="-3.2319490"/>
            <trkpt lat="54.5875260" lon="-3.2310170"/>
            <trkpt lat="54.5879570" lon="-3.2302360"/>
            <trkpt lat="54.5882600" lon="-3.2297410"/>
            <trkpt lat="54.5884960" lon="-3.2292330"/>
            <trkpt lat="54.5887290" lon="-3.2288860"/>
            <trkpt lat="54.5888750" lon="-3.2286010"/>
            <trkpt lat="54.5889720" lon="-3.2282170"/>
            <trkpt lat="54.5891440" lon="-3.2278900"/>
            <trkpt lat="54.5893090" lon="-3.2275090"/>
            <trkpt lat="54.5894440" lon="-3.2271260"/>
            <trkpt lat="54.5895920" lon="-3.2265940"/>
            <trkpt lat="54.5896880" lon="-3.2263290"/>
            <trkpt lat="54.5897830" lon="-3.2261390"/>
            <trkpt lat="54.5898690" lon="-3.2256800"/>
            <trkpt lat="54.5899530" lon="-3.2253070"/>
            <trkpt lat="54.5902050" lon="-3.2244350"/>
            <trkpt lat="54.5905530" lon="-3.2233910"/>
            <trkpt lat="54.5906690" lon="-3.2229330"/>
            <trkpt lat="54.5907900" lon="-3.2226360"/>
            <trkpt lat="54.5909430" lon="-3.2223190"/>
            <trkpt lat="54.5909970" lon="-3.2218680"/>
            <trkpt lat="54.5914210" lon="-3.2199070"/>
            <trkpt lat="54.5915510" lon="-3.2193520"/>
            <trkpt lat="54.5918660" lon="-3.2182890"/>
            <trkpt lat="54.5921580" lon="-3.2176750"/>
            <trkpt lat="54.5923330" lon="-3.2170150"/>
            <trkpt lat="54.5925130" lon="-3.2164520"/>
            <trkpt lat="54.5927690" lon="-3.2157410"/>
            <trkpt lat="54.5930190" lon="-3.2149650"/>
            <trkpt lat="54.5933770" lon="-3.2139990"/>
            <trkpt lat="54.5936270" lon="-3.2132770"/>
            <trkpt lat="54.5939010" lon="-3.2125880"/>
            <trkpt lat="54.5946910" lon="-3.2106580"/>
            <trkpt lat="54.5957030" lon="-3.2083170"/>
            <trkpt lat="54.5957990" lon="-3.2079980"/>
            <trkpt lat="54.5960330" lon="-3.2076510"/>
            <trkpt lat="54.5966670" lon="-3.2063820"/>
            <trkpt lat="54.5969660" lon="-3.2057470"/>
            <trkpt lat="54.5972190" lon="-3.2053040"/>
            <trkpt lat="54.5974650" lon="-3.2049790"/>
            <trkpt lat="54.5977100" lon="-3.2046960"/>
            <trkpt lat="54.5979240" lon="-3.2043920"/>
            <trkpt lat="54.5984560" lon="-3.2034310"/>
            <trkpt lat="54.5988920" lon="-3.2024330"/>
            <trkpt lat="54.5992050" lon="-3.2015730"/>
            <trkpt lat="54.5995650" lon="-3.2010480"/>
            <trkpt lat="54.5997090" lon="-3.2003110"/>
            <trkpt lat="54.5999950" lon="-3.1996220"/>
            <trkpt lat="54.6003440" lon="-3.1988920"/>
            <trkpt lat="54.6006850" lon="-3.1983550"/>
            <trkpt lat="54.6011060" lon="-3.1979060"/>
            <trkpt lat="54.6015250" lon="-3.1976720"/>
            <trkpt lat="54.6020300" lon="-3.1975260"/>
            <trkpt lat="54.6025520" lon="-3.1975200"/>
            <trkpt lat="54.6031850" lon="-3.1975810"/>
            <trkpt lat="54.6026420" lon="-3.1972110"/>
            <trkpt lat="54.6020810" lon="-3.1967760"/>
            <trkpt lat="54.6018190" lon="-3.1963910"/>
            <trkpt lat="54.6017520" lon="-3.1960140"/>
            <trkpt lat="54.6017870" lon="-3.1956070"/>
            <trkpt lat="54.6019610" lon="-3.1949690"/>
            <trkpt lat="54.6020660" lon="-3.1944780"/>
            <trkpt lat="54.6020710" lon="-3.1939630"/>
            <trkpt lat="54.6020380" lon="-3.1935220"/>
            <trkpt lat="54.6019730" lon="-3.1931770"/>
            <trkpt lat="54.6018350" lon="-3.1933130"/>
            <trkpt lat="54.6017270" lon="-3.1929230"/>
            <trkpt lat="54.6013690" lon="-3.1926550"/>
            <trkpt lat="54.6014160" lon="-3.1923240"/>
            <trkpt lat="54.6014080" lon="-3.1912400"/>
            <trkpt lat="54.6015700" lon="-3.1912770"/>
            <trkpt lat="54.6016770" lon="-3.1905290"/>
            <trkpt lat="54.6016850" lon="-3.1903040"/>
            <trkpt lat="54.6016040" lon="-3.1897650"/>
            <trkpt lat="54.6015260" lon="-3.1894630"/>
            <trkpt lat="54.6013160" lon="-3.1892530"/>
            <trkpt lat="54.6012190" lon="-3.1890350"/>
            <trkpt lat="54.6012220" lon="-3.1881230"/>
            <trkpt lat="54.6012770" lon="-3.1876200"/>
            <trkpt lat="54.6013060" lon="-3.1871490"/>
            <trkpt lat="54.6013100" lon="-3.1867950"/>
            <trkpt lat="54.6012950" lon="-3.1863440"/>
            <trkpt lat="54.6012360" lon="-3.1860310"/>
            <trkpt lat="54.6010710" lon="-3.1858120"/>
            <trkpt lat="54.6008870" lon="-3.1855270"/>
            <trkpt lat="54.6007850" lon="-3.1851810"/>
            <trkpt lat="54.6008130" lon="-3.1848060"/>
            <trkpt lat="54.6009540" lon="-3.1843920"/>
            <trkpt lat="54.6010130" lon="-3.1840820"/>
            <trkpt lat="54.6009420" lon="-3.1837370"/>
            <trkpt lat="54.6006210" lon="-3.1834480"/>
            <trkpt lat="54.6004450" lon="-3.1831110"/>
            <trkpt lat="54.6002550" lon="-3.1828150"/>
            <trkpt lat="54.5999970" lon="-3.1825070"/>
            <trkpt lat="54.5998510" lon="-3.1828250"/>
            <trkpt lat="54.5996780" lon="-3.1826380"/>
            <trkpt lat="54.5995470" lon="-3.1826770"/>
            <trkpt lat="54.5993960" lon="-3.1829300"/>
            <trkpt lat="54.5992510" lon="-3.1831290"/>
            <trkpt lat="54.5990010" lon="-3.1832190"/>
            <trkpt lat="54.5986610" lon="-3.1830480"/>
            <trkpt lat="54.5981220" lon="-3.1825470"/>
            <trkpt lat="54.5975680" lon="-3.1819730"/>
            <trkpt lat="54.5969840" lon="-3.1813340"/>
            <trkpt lat="54.5966320" lon="-3.1810980"/>
            <trkpt lat="54.5965670" lon="-3.1807100"/>
            <trkpt lat="54.5964710" lon="-3.1803850"/>
            <trkpt lat="54.5964000" lon="-3.1799970"/>
            <trkpt lat="54.5963720" lon="-3.1797060"/>
            <trkpt lat="54.5962250" lon="-3.1794770"/>
            <trkpt lat="54.5953870" lon="-3.1787010"/>
            <trkpt lat="54.5949920" lon="-3.1783680"/>
            <trkpt lat="54.5947520" lon="-3.1781140"/>
            <trkpt lat="54.5945310" lon="-3.1778180"/>
            <trkpt lat="54.5947290" lon="-3.1772980"/>
            <trkpt lat="54.5948220" lon="-3.1767530"/>
            <trkpt lat="54.5949370" lon="-3.1757270"/>
            <trkpt lat="54.5950580" lon="-3.1754190"/>
            <trkpt lat="54.5952420" lon="-3.1750380"/>
            <trkpt lat="54.5955270" lon="-3.1745210"/>
            <trkpt lat="54.5956370" lon="-3.1740840"/>
            <trkpt lat="54.5957590" lon="-3.1737010"/>
            <trkpt lat="54.5959680" lon="-3.1732890"/>
            <trkpt lat="54.5962590" lon="-3.1727930"/>
            <trkpt lat="54.5964630" lon="-3.1723160"/>
            <trkpt lat="54.5965040" lon="-3.1718770"/>
            <trkpt lat="54.5966180" lon="-3.1716760"/>
            <trkpt lat="54.5967710" lon="-3.1713160"/>
            <trkpt lat="54.5968700" lon="-3.1706860"/>
            <trkpt lat="54.5969010" lon="-3.1700540"/>
            <trkpt lat="54.5967930" lon="-3.1696320"/>
            <trkpt lat="54.5967520" lon="-3.1693950"/>
            <trkpt lat="54.5970790" lon="-3.1693290"/>
            <trkpt lat="54.5972240" lon="-3.1691300"/>
            <trkpt lat="54.5984850" lon="-3.1679960"/>
            <trkpt lat="54.5986950" lon="-3.1674010"/>
            <trkpt lat="54.5991160" lon="-3.1663080"/>
            <trkpt lat="54.5994800" lon="-3.1659860"/>
            <trkpt lat="54.5998450" lon="-3.1654920"/>
            <trkpt lat="54.6000780" lon="-3.1652310"/>
            <trkpt lat="54.6006560" lon="-3.1639380"/>
            <trkpt lat="54.6008500" lon="-3.1637720"/>
            <trkpt lat="54.6010120" lon="-3.1637120"/>
            <trkpt lat="54.6014710" lon="-3.1631780"/>
            <trkpt lat="54.6016920" lon="-3.1628520"/>
            <trkpt lat="54.6018680" lon="-3.1626420"/>
            <trkpt lat="54.6021710" lon="-3.1621040"/>
            <trkpt lat="54.6020190" lon="-3.1617880"/>
            <trkpt lat="54.6018730" lon="-3.1614300"/>
            <trkpt lat="54.6017850" lon="-3.1608910"/>
            <trkpt lat="54.6020540" lon="-3.1607380"/>
            <trkpt lat="54.6023220" lon="-3.1606810"/>
            <trkpt lat="54.6025200" lon="-3.1607510"/>
            <trkpt lat="54.6031640" lon="-3.1597180"/>
            <trkpt lat="54.6037330" lon="-3.1587580"/>
            <trkpt lat="54.6035680" lon="-3.1584740"/>
            <trkpt lat="54.6034340" lon="-3.1581370"/>
            <trkpt lat="54.6033940" lon="-3.1577610"/>
            <trkpt lat="54.6032310" lon="-3.1572190"/>
            <trkpt lat="54.6033640" lon="-3.1570410"/>
            <trkpt lat="54.6039060" lon="-3.1568950"/>
            <trkpt lat="54.6041780" lon="-3.1563670"/>
            <trkpt lat="54.6044250" lon="-3.1558480"/>
            <trkpt lat="54.6047670" lon="-3.1552030"/>
            <trkpt lat="54.6047360" lon="-3.1545910"/>
            <trkpt lat="54.6044260" lon="-3.1505900"/>
            <trkpt lat="54.6042570" lon="-3.1481390"/>
            <trkpt lat="54.6040600" lon="-3.1472530"/>
            <trkpt lat="54.6037810" lon="-3.1458510"/>
            <trkpt lat="54.6033490" lon="-3.1435530"/>
            <trkpt lat="54.6032390" lon="-3.1433780"/>
            <trkpt lat="54.6033680" lon="-3.1429200"/>
            <trkpt lat="54.6035380" lon="-3.1426350"/>
            <trkpt lat="54.6029920" lon="-3.1418790"/>
            <trkpt lat="54.6022160" lon="-3.1404520"/>
            <trkpt lat="54.6018940" lon="-3.1397240"/>
            <trkpt lat="54.6015250" lon="-3.1386410"/>
            <trkpt lat="54.6013050" lon="-3.1382480"/>
            <trkpt lat="54.6007290" lon="-3.1373730"/>
            <trkpt lat="54.6003670" lon="-3.1368590"/>
            <trkpt lat="54.6001700" lon="-3.1366930"/>
            <trkpt lat="54.6000370" lon="-3.1368600"/>
            <trkpt lat="54.5996840" lon="-3.1368080"/>
            <trkpt lat="54.5992940" lon="-3.1365610"/>
            <trkpt lat="54.5989500" lon="-3.1374630"/>
            <trkpt lat="54.5988020" lon="-3.1374160"/>
            <trkpt lat="54.5986390" lon="-3.1375620"/>
            <trkpt lat="54.5985170" lon="-3.1379020"/>
            <trkpt lat="54.5984690" lon="-3.1384150"/>
            <trkpt lat="54.5983180" lon="-3.1386360"/>
            <trkpt lat="54.5974570" lon="-3.1389560"/>
            <trkpt lat="54.5972770" lon="-3.1389510"/>
            <trkpt lat="54.5969180" lon="-3.1387790"/>
            <trkpt lat="54.5967560" lon="-3.1387540"/>
            <trkpt lat="54.5965440" lon="-3.1388870"/>
            <trkpt lat="54.5962040" lon="-3.1392530"/>
            <trkpt lat="54.5959480" lon="-3.1394710"/>
            <trkpt lat="54.5953090" lon="-3.1399250"/>
            <trkpt lat="54.5950150" lon="-3.1401100"/>
            <trkpt lat="54.5947540" lon="-3.1401240"/>
            <trkpt lat="54.5943850" lon="-3.1403390"/>
            <trkpt lat="54.5941170" lon="-3.1403960"/>
            <trkpt lat="54.5934580" lon="-3.1404850"/>
            <trkpt lat="54.5929040" lon="-3.1404910"/>
            <trkpt lat="54.5926920" lon="-3.1406030"/>
            <trkpt lat="54.5923790" lon="-3.1408090"/>
            <trkpt lat="54.5919630" lon="-3.1407330"/>
            <trkpt lat="54.5914830" lon="-3.1408800"/>
            <trkpt lat="54.5911270" lon="-3.1410530"/>
            <trkpt lat="54.5907540" lon="-3.1410960"/>
            <trkpt lat="54.5902760" lon="-3.1409640"/>
            <trkpt lat="54.5901020" lon="-3.1409380"/>
            <trkpt lat="54.5904160" lon="-3.1406570"/>
            <trkpt lat="54.5905500" lon="-3.1402750"/>
            <trkpt lat="54.5904850" lon="-3.1399290"/>
            <trkpt lat="54.5903580" lon="-3.1395070"/>
            <trkpt lat="54.5901380" lon="-3.1390830"/>
            <trkpt lat="54.5898660" lon="-3.1389570"/>
            <trkpt lat="54.5895760" lon="-3.1387130"/>
            <trkpt lat="54.5894240" lon="-3.1383870"/>
            <trkpt lat="54.5895160" lon="-3.1378850"/>
            <trkpt lat="54.5896500" lon="-3.1374380"/>
            <trkpt lat="54.5897040" lon="-3.1370750"/>
            <trkpt lat="54.5896890" lon="-3.1366340"/>
            <trkpt lat="54.5894550" lon="-3.1364450"/>
            <trkpt lat="54.5894640" lon="-3.1360590"/>
            <trkpt lat="54.5896390" lon="-3.1353020"/>
            <trkpt lat="54.5897800" lon="-3.1349410"/>
            <trkpt lat="54.5899810" lon="-3.1340460"/>
            <trkpt lat="54.5899370" lon="-3.1334220"/>
            <trkpt lat="54.5893930" lon="-3.1330850"/>
            <trkpt lat="54.5887260" lon="-3.1326050"/>
            <trkpt lat="54.5884470" lon="-3.1325430"/>
            <trkpt lat="54.5880720" lon="-3.1326720"/>
            <trkpt lat="54.5880670" lon="-3.1332620"/>
            <trkpt lat="54.5876820" lon="-3.1338310"/>
            <trkpt lat="54.5873880" lon="-3.1339950"/>
            <trkpt lat="54.5870890" lon="-3.1340830"/>
            <trkpt lat="54.5868280" lon="-3.1340330"/>
            <trkpt lat="54.5866360" lon="-3.1340270"/>
            <trkpt lat="54.5864730" lon="-3.1341840"/>
            <trkpt lat="54.5863390" lon="-3.1345020"/>
            <trkpt lat="54.5863480" lon="-3.1348450"/>
            <trkpt lat="54.5862070" lon="-3.1353350"/>
            <trkpt lat="54.5860120" lon="-3.1355440"/>
            <trkpt lat="54.5856890" lon="-3.1355350"/>
            <trkpt lat="54.5849780" lon="-3.1356010"/>
            <trkpt lat="54.5846000" lon="-3.1354290"/>
            <trkpt lat="54.5844440" lon="-3.1354790"/>
            <trkpt lat="54.5842310" lon="-3.1356440"/>
            <trkpt lat="54.5838520" lon="-3.1356450"/>
            <trkpt lat="54.5834870" lon="-3.1354200"/>
            <trkpt lat="54.5835080" lon="-3.1351410"/>
            <trkpt lat="54.5837050" lon="-3.1347610"/>
            <trkpt lat="54.5837810" lon="-3.1345480"/>
            <trkpt lat="54.5838100" lon="-3.1340880"/>
            <trkpt lat="54.5837650" lon="-3.1335930"/>
            <trkpt lat="54.5836020" lon="-3.1331590"/>
            <trkpt lat="54.5833510" lon="-3.1327120"/>
            <trkpt lat="54.5835100" lon="-3.1316540"/>
            <trkpt lat="54.5834870" lon="-3.1314500"/>
            <trkpt lat="54.5833320" lon="-3.1314340"/>
            <trkpt lat="54.5832030" lon="-3.1312060"/>
            <trkpt lat="54.5824170" lon="-3.1308190"/>
            <trkpt lat="54.5821820" lon="-3.1306830"/>
            <trkpt lat="54.5821650" lon="-3.1304680"/>
            <trkpt lat="54.5822990" lon="-3.1300970"/>
            <trkpt lat="54.5827240" lon="-3.1298830"/>
            <trkpt lat="54.5830550" lon="-3.1297420"/>
            <trkpt lat="54.5834900" lon="-3.1297540"/>
            <trkpt lat="54.5835420" lon="-3.1295090"/>
            <trkpt lat="54.5833030" lon="-3.1292340"/>
            <trkpt lat="54.5832500" lon="-3.1288350"/>
            <trkpt lat="54.5831410" lon="-3.1285960"/>
            <trkpt lat="54.5829880" lon="-3.1283240"/>
            <trkpt lat="54.5831700" lon="-3.1280710"/>
            <trkpt lat="54.5834590" lon="-3.1271140"/>
            <trkpt lat="54.5836940" lon="-3.1265840"/>
            <trkpt lat="54.5836920" lon="-3.1261440"/>
            <trkpt lat="54.5837960" lon="-3.1257280"/>
            <trkpt lat="54.5841360" lon="-3.1251690"/>
            <trkpt lat="54.5842710" lon="-3.1247330"/>
            <trkpt lat="54.5844010" lon="-3.1241780"/>
            <trkpt lat="54.5845840" lon="-3.1238190"/>
            <trkpt lat="54.5848230" lon="-3.1235780"/>
            <trkpt lat="54.5851300" lon="-3.1233080"/>
            <trkpt lat="54.5856690" lon="-3.1228830"/>
            <trkpt lat="54.5859480" lon="-3.1222900"/>
            <trkpt lat="54.5866810" lon="-3.1209690"/>
            <trkpt lat="54.5871530" lon="-3.1204450"/>
            <trkpt lat="54.5873300" lon="-3.1200530"/>
            <trkpt lat="54.5875230" lon="-3.1193610"/>
            <trkpt lat="54.5877380" lon="-3.1189810"/>
            <trkpt lat="54.5879420" lon="-3.1184610"/>
            <trkpt lat="54.5881000" lon="-3.1181970"/>
            <trkpt lat="54.5883050" lon="-3.1175690"/>
            <trkpt lat="54.5885510" lon="-3.1171150"/>
            <trkpt lat="54.5889030" lon="-3.1167490"/>
            <trkpt lat="54.5892120" lon="-3.1163070"/>
            <trkpt lat="54.5893760" lon="-3.1160000"/>
            <trkpt lat="54.5895760" lon="-3.1159090"/>
            <trkpt lat="54.5898300" lon="-3.1160230"/>
            <trkpt lat="54.5902600" lon="-3.1159170"/>
            <trkpt lat="54.5905730" lon="-3.1156790"/>
            <trkpt lat="54.5911790" lon="-3.1153200"/>
            <trkpt lat="54.5912860" lon="-3.1152050"/>
            <trkpt lat="54.5910540" lon="-3.1147590"/>
            <trkpt lat="54.5908160" lon="-3.1142590"/>
            <trkpt lat="54.5907270" lon="-3.1137840"/>
            <trkpt lat="54.5906520" lon="-3.1131600"/>
            <trkpt lat="54.5905400" lon="-3.1125340"/>
            <trkpt lat="54.5904830" lon="-3.1119750"/>
            <trkpt lat="54.5903980" lon="-3.1116930"/>
            <trkpt lat="54.5906200" lon="-3.1112920"/>
            <trkpt lat="54.5908960" lon="-3.1116210"/>
            <trkpt lat="54.5909310" lon="-3.1111710"/>
            <trkpt lat="54.5910130" lon="-3.1104440"/>
            <trkpt lat="54.5911570" lon="-3.1089460"/>
            <trkpt lat="54.5912410" lon="-3.1086260"/>
            <trkpt lat="54.5912750" lon="-3.1076080"/>
            <trkpt lat="54.5912460" lon="-3.1066730"/>
            <trkpt lat="54.5910880" lon="-3.1063470"/>
            <trkpt lat="54.5910900" lon="-3.1061540"/>
            <trkpt lat="54.5913130" lon="-3.1061490"/>
            <trkpt lat="54.5915700" lon="-3.1060060"/>
            <trkpt lat="54.5918090" lon="-3.1057020"/>
            <trkpt lat="54.5923080" lon="-3.1054470"/>
            <trkpt lat="54.5927060" lon="-3.1054690"/>
            <trkpt lat="54.5930660" lon="-3.1055640"/>
            <trkpt lat="54.5934050" lon="-3.1057990"/>
            <trkpt lat="54.5937120" lon="-3.1055710"/>
            <trkpt lat="54.5939890" lon="-3.1051920"/>
            <trkpt lat="54.5945940" lon="-3.1043070"/>
            <trkpt lat="54.5947890" lon="-3.1040660"/>
            <trkpt lat="54.5943010" lon="-3.1030010"/>
            <trkpt lat="54.5938490" lon="-3.1021620"/>
            <trkpt lat="54.5935480" lon="-3.1017470"/>
            <trkpt lat="54.5931360" lon="-3.1012740"/>
            <trkpt lat="54.5927670" lon="-3.1008780"/>
            <trkpt lat="54.5924400" lon="-3.1006010"/>
            <trkpt lat="54.5924300" lon="-3.1003000"/>
            <trkpt lat="54.5923160" lon="-3.0998680"/>
            <trkpt lat="54.5918910" lon="-3.0987190"/>
            <trkpt lat="54.5917780" lon="-3.0981470"/>
            <trkpt lat="54.5917690" lon="-3.0970520"/>
            <trkpt lat="54.5915580" lon="-3.0963810"/>
            <trkpt lat="54.5912290" lon="-3.0956430"/>
            <trkpt lat="54.5909910" lon="-3.0951750"/>
            <trkpt lat="54.5908890" lon="-3.0947540"/>
            <trkpt lat="54.5907060" lon="-3.0943520"/>
            <trkpt lat="54.5904430" lon="-3.0938400"/>
            <trkpt lat="54.5901990" lon="-3.0932970"/>
            <trkpt lat="54.5904210" lon="-3.0922090"/>
            <trkpt lat="54.5903580" lon="-3.0916270"/>
            <trkpt lat="54.5902040" lon="-3.0907010"/>
            <trkpt lat="54.5902390" lon="-3.0902510"/>
            <trkpt lat="54.5904130" lon="-3.0895800"/>
            <trkpt lat="54.5905160" lon="-3.0892710"/>
            <trkpt lat="54.5905510" lon="-3.0874690"/>
            <trkpt lat="54.5908680" lon="-3.0860290"/>
            <trkpt lat="54.5908920" lon="-3.0854830"/>
            <trkpt lat="54.5908960" lon="-3.0850750"/>
            <trkpt lat="54.5908390" lon="-3.0844830"/>
            <trkpt lat="54.5909170" lon="-3.0840460"/>
            <trkpt lat="54.5910130" lon="-3.0837260"/>
            <trkpt lat="54.5910170" lon="-3.0833190"/>
            <trkpt lat="54.5910630" lon="-3.0829870"/>
            <trkpt lat="54.5908970" lon="-3.0828000"/>
            <trkpt lat="54.5910480" lon="-3.0826760"/>
            <trkpt lat="54.5911360" lon="-3.0824740"/>
            <trkpt lat="54.5907270" lon="-3.0823240"/>
            <trkpt lat="54.5909160" lon="-3.0821360"/>
            <trkpt lat="54.5913480" lon="-3.0817930"/>
            <trkpt lat="54.5913580" lon="-3.0813530"/>
            <trkpt lat="54.5916180" lon="-3.0807700"/>
            <trkpt lat="54.5918930" lon="-3.0799190"/>
            <trkpt lat="54.5919350" lon="-3.0793940"/>
            <trkpt lat="54.5919420" lon="-3.0779350"/>
            <trkpt lat="54.5920550" lon="-3.0771120"/>
            <trkpt lat="54.5921580" lon="-3.0766530"/>
            <trkpt lat="54.5928280" lon="-3.0747830"/>
            <trkpt lat="54.5930020" lon="-3.0736590"/>
            <trkpt lat="54.5931810" lon="-3.0733730"/>
            <trkpt lat="54.5933810" lon="-3.0732980"/>
            <trkpt lat="54.5936460" lon="-3.0728820"/>
            <trkpt lat="54.5938650" lon="-3.0724110"/>
            <trkpt lat="54.5937990" lon="-3.0720260"/>
            <trkpt lat="54.5938110" lon="-3.0715230"/>
            <trkpt lat="54.5939310" lon="-3.0710230"/>
            <trkpt lat="54.5940230" lon="-3.0700730"/>
            <trkpt lat="54.5942450" lon="-3.0692970"/>
            <trkpt lat="54.5945820" lon="-3.0693200"/>
            <trkpt lat="54.5949600" lon="-3.0690780"/>
            <trkpt lat="54.5950610" lon="-3.0688820"/>
            <trkpt lat="54.5950720" lon="-3.0685120"/>
            <trkpt lat="54.5950330" lon="-3.0677830"/>
            <trkpt lat="54.5951530" lon="-3.0672300"/>
            <trkpt lat="54.5953860" lon="-3.0668390"/>
            <trkpt lat="54.5955870" lon="-3.0667120"/>
            <trkpt lat="54.5958710" lon="-3.0666400"/>
            <trkpt lat="54.5962080" lon="-3.0667150"/>
            <trkpt lat="54.5964220" lon="-3.0667340"/>
            <trkpt lat="54.5974970" lon="-3.0666040"/>
            <trkpt lat="54.5976900" lon="-3.0665160"/>
            <trkpt lat="54.5979990" lon="-3.0662330"/>
            <trkpt lat="54.5980750" lon="-3.0654670"/>
            <trkpt lat="54.5981540" lon="-3.0651250"/>
            <trkpt lat="54.5981910" lon="-3.0644380"/>
            <trkpt lat="54.5984340" lon="-3.0638490"/>
            <trkpt lat="54.5987050" lon="-3.0635250"/>
            <trkpt lat="54.5989500" lon="-3.0626980"/>
            <trkpt lat="54.5990800" lon="-3.0619330"/>
            <trkpt lat="54.5992060" lon="-3.0614730"/>
            <trkpt lat="54.5992190" lon="-3.0609710"/>
            <trkpt lat="54.5991080" lon="-3.0604650"/>
            <trkpt lat="54.5983270" lon="-3.0602990"/>
            <trkpt lat="54.5984290" lon="-3.0592560"/>
            <trkpt lat="54.5986240" lon="-3.0588240"/>
            <trkpt lat="54.5987870" lon="-3.0586170"/>
            <trkpt lat="54.5988110" lon="-3.0584450"/>
            <trkpt lat="54.5983550" lon="-3.0579700"/>
            <trkpt lat="54.5983550" lon="-3.0571490"/>
            <trkpt lat="54.5984290" lon="-3.0565820"/>
            <trkpt lat="54.5985180" lon="-3.0560420"/>
            <trkpt lat="54.5986610" lon="-3.0555030"/>
            <trkpt lat="54.5989730" lon="-3.0549020"/>
            <trkpt lat="54.5991880" lon="-3.0547890"/>
            <trkpt lat="54.6000660" lon="-3.0544280"/>
            <trkpt lat="54.6004500" lon="-3.0543720"/>
            <trkpt lat="54.6008190" lon="-3.0541700"/>
            <trkpt lat="54.6016830" lon="-3.0536230"/>
            <trkpt lat="54.6022570" lon="-3.0519040"/>
            <trkpt lat="54.6024070" lon="-3.0514050"/>
            <trkpt lat="54.6025680" lon="-3.0506020"/>
            <trkpt lat="54.6026950" lon="-3.0500760"/>
            <trkpt lat="54.6029370" lon="-3.0496060"/>
            <trkpt lat="54.6031700" lon="-3.0492680"/>
            <trkpt lat="54.6032860" lon="-3.0491650"/>
            <trkpt lat="54.6033210" lon="-3.0486230"/>
            <trkpt lat="54.6033700" lon="-3.0482670"/>
            <trkpt lat="54.6035650" lon="-3.0479280"/>
            <trkpt lat="54.6037910" lon="-3.0465570"/>
            <trkpt lat="54.6039690" lon="-3.0455560"/>
            <trkpt lat="54.6040730" lon="-3.0450820"/>
            <trkpt lat="54.6042130" lon="-3.0448080"/>
            <trkpt lat="54.6043330" lon="-3.0442550"/>
            <trkpt lat="54.6045540" lon="-3.0435330"/>
            <trkpt lat="54.6049220" lon="-3.0426290"/>
            <trkpt lat="54.6049040" lon="-3.0420330"/>
            <trkpt lat="54.6047790" lon="-3.0405070"/>
            <trkpt lat="54.6045710" lon="-3.0388740"/>
            <trkpt lat="54.6044680" lon="-3.0383680"/>
            <trkpt lat="54.6042210" lon="-3.0376470"/>
            <trkpt lat="54.6037480" lon="-3.0364830"/>
            <trkpt lat="54.6034190" lon="-3.0355750"/>
            <trkpt lat="54.6031710" lon="-3.0349730"/>
            <trkpt lat="54.6027330" lon="-3.0341410"/>
            <trkpt lat="54.6026160" lon="-3.0335560"/>
            <trkpt lat="54.6027870" lon="-3.0323950"/>
            <trkpt lat="54.6028210" lon="-3.0319860"/>
            <trkpt lat="54.6028030" lon="-3.0313630"/>
            <trkpt lat="54.6027270" lon="-3.0304080"/>
            <trkpt lat="54.6026870" lon="-3.0296530"/>
            <trkpt lat="54.6026960" lon="-3.0269000"/>
            <trkpt lat="54.6027850" lon="-3.0253540"/>
            <trkpt lat="54.6028090" lon="-3.0243480"/>
            <trkpt lat="54.6028600" lon="-3.0237670"/>
            <trkpt lat="54.6028190" lon="-3.0231440"/>
            <trkpt lat="54.6027170" lon="-3.0226120"/>
            <trkpt lat="54.6021470" lon="-3.0211290"/>
            <trkpt lat="54.6019190" lon="-3.0208710"/>
            <trkpt lat="54.6015680" lon="-3.0206640"/>
            <trkpt lat="54.6013860" lon="-3.0204470"/>
            <trkpt lat="54.6009840" lon="-3.0189550"/>
            <trkpt lat="54.6008110" lon="-3.0185400"/>
            <trkpt lat="54.6005770" lon="-3.0181370"/>
            <trkpt lat="54.6003490" lon="-3.0178540"/>
            <trkpt lat="54.6003410" lon="-3.0173350"/>
            <trkpt lat="54.6002300" lon="-3.0164730"/>
            <trkpt lat="54.6000720" lon="-3.0161260"/>
            <trkpt lat="54.5999540" lon="-3.0153510"/>
            <trkpt lat="54.5998310" lon="-3.0144250"/>
            <trkpt lat="54.5998520" lon="-3.0133630"/>
            <trkpt lat="54.5997380" lon="-3.0129630"/>
            <trkpt lat="54.5996880" lon="-3.0121680"/>
            <trkpt lat="54.5995690" lon="-3.0115530"/>
            <trkpt lat="54.5994900" lon="-3.0113260"/>
            <trkpt lat="54.5992680" lon="-3.0111810"/>
            <trkpt lat="54.5989100" lon="-3.0109040"/>
            <trkpt lat="54.5984940" lon="-3.0107540"/>
            <trkpt lat="54.5978740" lon="-3.0105560"/>
            <trkpt lat="54.5976440" lon="-3.0106040"/>
            <trkpt lat="54.5972960" lon="-3.0106160"/>
            <trkpt lat="54.5969880" lon="-3.0103190"/>
            <trkpt lat="54.5957810" lon="-3.0089480"/>
            <trkpt lat="54.5956100" lon="-3.0085250"/>
            <trkpt lat="54.5955020" lon="-3.0081040"/>
            <trkpt lat="54.5954130" lon="-3.0076080"/>
            <trkpt lat="54.5950800" lon="-3.0064950"/>
            <trkpt lat="54.5947550" lon="-3.0052630"/>
            <trkpt lat="54.5947140" lon="-3.0049400"/>
            <trkpt lat="54.5947300" lon="-3.0045330"/>
            <trkpt lat="54.5948010" lon="-3.0042020"/>
            <trkpt lat="54.5948540" lon="-3.0038060"/>
            <trkpt lat="54.5948710" lon="-3.0025510"/>
            <trkpt lat="54.5949170" lon="-3.0022310"/>
            <trkpt lat="54.5950830" lon="-3.0016240"/>
            <trkpt lat="54.5953450" lon="-3.0008470"/>
            <trkpt lat="54.5958020" lon="-2.9996560"/>
            <trkpt lat="54.5960310" lon="-2.9989970"/>
            <trkpt lat="54.5959850" lon="-2.9986200"/>
            <trkpt lat="54.5959630" lon="-2.9982760"/>
            <trkpt lat="54.5959660" lon="-2.9979010"/>
            <trkpt lat="54.5960130" lon="-2.9975150"/>
            <trkpt lat="54.5960020" lon="-2.9972580"/>
            <trkpt lat="54.5959240" lon="-2.9969550"/>
            <trkpt lat="54.5958530" lon="-2.9965780"/>
            <trkpt lat="54.5958370" lon="-2.9962450"/>
            <trkpt lat="54.5958540" lon="-2.9956020"/>
            <trkpt lat="54.5958920" lon="-2.9948620"/>
            <trkpt lat="54.5958710" lon="-2.9943680"/>
            <trkpt lat="54.5957320" lon="-2.9931090"/>
            <trkpt lat="54.5956380" lon="-2.9923880"/>
            <trkpt lat="54.5955870" lon="-2.9918290"/>
            <trkpt lat="54.5955030" lon="-2.9914300"/>
            <trkpt lat="54.5953390" lon="-2.9910400"/>
            <trkpt lat="54.5951850" lon="-2.9907890"/>
            <trkpt lat="54.5945690" lon="-2.9901840"/>
            <trkpt lat="54.5944340" lon="-2.9899660"/>
            <trkpt lat="54.5944000" lon="-2.9894820"/>
            <trkpt lat="54.5943740" lon="-2.9888810"/>
            <trkpt lat="54.5944230" lon="-2.9882700"/>
            <trkpt lat="54.5944330" lon="-2.9877770"/>
            <trkpt lat="54.5944020" lon="-2.9870040"/>
            <trkpt lat="54.5944790" lon="-2.9866620"/>
            <trkpt lat="54.5944820" lon="-2.9863300"/>
            <trkpt lat="54.5944550" lon="-2.9858030"/>
            <trkpt lat="54.5944720" lon="-2.9852670"/>
            <trkpt lat="54.5945950" lon="-2.9839180"/>
            <trkpt lat="54.5946760" lon="-2.9831580"/>
            <trkpt lat="54.5947550" lon="-2.9826450"/>
            <trkpt lat="54.5947470" lon="-2.9820340"/>
            <trkpt lat="54.5947870" lon="-2.9817130"/>
            <trkpt lat="54.5949400" lon="-2.9812550"/>
            <trkpt lat="54.5949940" lon="-2.9807520"/>
            <trkpt lat="54.5950650" lon="-2.9804210"/>
            <trkpt lat="54.5951670" lon="-2.9801110"/>
            <trkpt lat="54.5952190" lon="-2.9798440"/>
            <trkpt lat="54.5953590" lon="-2.9793760"/>
            <trkpt lat="54.5954940" lon="-2.9788100"/>
            <trkpt lat="54.5956080" lon="-2.9778370"/>
            <trkpt lat="54.5957230" lon="-2.9767020"/>
            <trkpt lat="54.5957750" lon="-2.9749010"/>
            <trkpt lat="54.5957780" lon="-2.9736780"/>
            <trkpt lat="54.5954550" lon="-2.9722000"/>
            <trkpt lat="54.5945670" lon="-2.9712450"/>
            <trkpt lat="54.5942470" lon="-2.9708510"/>
            <trkpt lat="54.5934650" lon="-2.9707460"/>
            <trkpt lat="54.5920760" lon="-2.9702840"/>
            <trkpt lat="54.5915460" lon="-2.9704750"/>
            <trkpt lat="54.5911400" lon="-2.9706480"/>
            <trkpt lat="54.5907840" lon="-2.9709290"/>
            <trkpt lat="54.5906040" lon="-2.9708920"/>
            <trkpt lat="54.5905210" lon="-2.9703370"/>
            <trkpt lat="54.5905100" lon="-2.9698930"/>
            <trkpt lat="54.5902980" lon="-2.9688460"/>
            <trkpt lat="54.5901110" lon="-2.9682070"/>
            <trkpt lat="54.5899710" lon="-2.9674290"/>
            <trkpt lat="54.5896000" lon="-2.9659220"/>
            <trkpt lat="54.5897120" lon="-2.9657090"/>
            <trkpt lat="54.5899500" lon="-2.9653590"/>
            <trkpt lat="54.5900050" lon="-2.9649540"/>
            <trkpt lat="54.5896960" lon="-2.9640450"/>
            <trkpt lat="54.5894760" lon="-2.9631130"/>
            <trkpt lat="54.5893310" lon="-2.9628430"/>
            <trkpt lat="54.5889080" lon="-2.9623250"/>
            <trkpt lat="54.5886560" lon="-2.9615700"/>
            <trkpt lat="54.5886290" lon="-2.9613030"/>
            <trkpt lat="54.5888100" lon="-2.9607230"/>
            <trkpt lat="54.5891570" lon="-2.9588140"/>
            <trkpt lat="54.5892430" lon="-2.9572030"/>
            <trkpt lat="54.5892550" lon="-2.9556540"/>
            <trkpt lat="54.5892540" lon="-2.9548670"/>
            <trkpt lat="54.5891240" lon="-2.9545980"/>
            <trkpt lat="54.5890390" lon="-2.9541130"/>
            <trkpt lat="54.5889860" lon="-2.9533880"/>
            <trkpt lat="54.5888980" lon="-2.9515700"/>
            <trkpt lat="54.5888770" lon="-2.9505030"/>
            <trkpt lat="54.5888960" lon="-2.9498690"/>
            <trkpt lat="54.5888540" lon="-2.9496010"/>
            <trkpt lat="54.5886400" lon="-2.9488340"/>
            <trkpt lat="54.5889450" lon="-2.9483210"/>
            <trkpt lat="54.5892720" lon="-2.9480110"/>
            <trkpt lat="54.5895330" lon="-2.9474580"/>
            <trkpt lat="54.5897890" lon="-2.9467540"/>
            <trkpt lat="54.5902950" lon="-2.9450890"/>
            <trkpt lat="54.5905030" lon="-2.9448280"/>
            <trkpt lat="54.5906800" lon="-2.9447300"/>
            <trkpt lat="54.5908910" lon="-2.9441000"/>
            <trkpt lat="54.5911680" lon="-2.9435480"/>
            <trkpt lat="54.5917920" lon="-2.9428010"/>
            <trkpt lat="54.5919890" lon="-2.9420180"/>
            <trkpt lat="54.5924730" lon="-2.9413440"/>
            <trkpt lat="54.5928740" lon="-2.9408700"/>
            <trkpt lat="54.5932040" lon="-2.9400020"/>
            <trkpt lat="54.5935700" lon="-2.9392990"/>
            <trkpt lat="54.5931650" lon="-2.9393660"/>
            <trkpt lat="54.5927080" lon="-2.9394830"/>
            <trkpt lat="54.5919840" lon="-2.9398470"/>
            <trkpt lat="54.5913430" lon="-2.9399210"/>
            <trkpt lat="54.5904290" lon="-2.9401280"/>
            <trkpt lat="54.5901780" lon="-2.9402870"/>
            <trkpt lat="54.5898590" lon="-2.9406100"/>
            <trkpt lat="54.5894390" lon="-2.9406770"/>
            <trkpt lat="54.5889390" lon="-2.9406270"/>
            <trkpt lat="54.5881740" lon="-2.9406730"/>
            <trkpt lat="54.5874960" lon="-2.9407580"/>
            <trkpt lat="54.5869660" lon="-2.9408480"/>
            <trkpt lat="54.5866200" lon="-2.9408140"/>
            <trkpt lat="54.5864130" lon="-2.9409360"/>
            <trkpt lat="54.5860800" lon="-2.9409400"/>
            <trkpt lat="54.5861900" lon="-2.9406000"/>
            <trkpt lat="54.5861500" lon="-2.9406900"/>
            <trkpt lat="54.5861400" lon="-2.9405100"/>
            <trkpt lat="54.5860800" lon="-2.9404000"/>
            <trkpt lat="54.5861110" lon="-2.9400920"/>
            <trkpt lat="54.5860390" lon="-2.9397580"/>
            <trkpt lat="54.5863830" lon="-2.9386720"/>
            <trkpt lat="54.5865930" lon="-2.9380760"/>
            <trkpt lat="54.5864850" lon="-2.9375690"/>
            <trkpt lat="54.5864590" lon="-2.9369780"/>
            <trkpt lat="54.5865240" lon="-2.9365830"/>
            <trkpt lat="54.5864900" lon="-2.9361530"/>
            <trkpt lat="54.5863760" lon="-2.9356560"/>
            <trkpt lat="54.5862480" lon="-2.9352350"/>
            <trkpt lat="54.5864080" lon="-2.9346590"/>
            <trkpt lat="54.5866090" lon="-2.9344390"/>
            <trkpt lat="54.5867120" lon="-2.9340010"/>
            <trkpt lat="54.5866280" lon="-2.9336020"/>
            <trkpt lat="54.5865810" lon="-2.9332680"/>
            <trkpt lat="54.5864400" lon="-2.9330400"/>
            <trkpt lat="54.5862920" lon="-2.9329080"/>
            <trkpt lat="54.5859230" lon="-2.9323300"/>
            <trkpt lat="54.5858340" lon="-2.9317600"/>
            <trkpt lat="54.5857490" lon="-2.9315430"/>
            <trkpt lat="54.5855260" lon="-2.9314520"/>
            <trkpt lat="54.5852260" lon="-2.9313760"/>
            <trkpt lat="54.5846930" lon="-2.9311170"/>
            <trkpt lat="54.5840560" lon="-2.9307270"/>
            <trkpt lat="54.5828050" lon="-2.9300330"/>
            <trkpt lat="54.5825020" lon="-2.9298330"/>
            <trkpt lat="54.5823670" lon="-2.9296580"/>
            <trkpt lat="54.5821490" lon="-2.9296530"/>
            <trkpt lat="54.5819130" lon="-2.9296150"/>
            <trkpt lat="54.5815570" lon="-2.9298110"/>
            <trkpt lat="54.5813960" lon="-2.9297220"/>
            <trkpt lat="54.5810920" lon="-2.9296820"/>
            <trkpt lat="54.5807440" lon="-2.9295670"/>
            <trkpt lat="54.5805160" lon="-2.9293900"/>
            <trkpt lat="54.5801550" lon="-2.9293280"/>
            <trkpt lat="54.5797840" lon="-2.9290520"/>
            <trkpt lat="54.5795920" lon="-2.9289620"/>
            <trkpt lat="54.5791180" lon="-2.9291760"/>
            <trkpt lat="54.5789120" lon="-2.9296470"/>
            <trkpt lat="54.5786490" lon="-2.9298880"/>
            <trkpt lat="54.5779950" lon="-2.9299800"/>
            <trkpt lat="54.5776700" lon="-2.9301660"/>
            <trkpt lat="54.5774900" lon="-2.9302160"/>
            <trkpt lat="54.5771730" lon="-2.9301220"/>
            <trkpt lat="54.5770110" lon="-2.9302150"/>
            <trkpt lat="54.5768580" lon="-2.9306620"/>
            <trkpt lat="54.5767430" lon="-2.9302950"/>
            <trkpt lat="54.5765940" lon="-2.9302860"/>
            <trkpt lat="54.5764690" lon="-2.9303480"/>
            <trkpt lat="54.5764300" lon="-2.9305610"/>
            <trkpt lat="54.5764650" lon="-2.9308730"/>
            <trkpt lat="54.5763140" lon="-2.9310200"/>
            <trkpt lat="54.5760930" lon="-2.9314660"/>
            <trkpt lat="54.5759740" lon="-2.9316350"/>
            <trkpt lat="54.5762260" lon="-2.9320160"/>
            <trkpt lat="54.5764290" lon="-2.9322350"/>
            <trkpt lat="54.5761940" lon="-2.9329170"/>
            <trkpt lat="54.5760070" lon="-2.9337390"/>
            <trkpt lat="54.5761990" lon="-2.9338720"/>
            <trkpt lat="54.5760850" lon="-2.9341050"/>
            <trkpt lat="54.5760400" lon="-2.9344150"/>
            <trkpt lat="54.5758810" lon="-2.9348620"/>
            <trkpt lat="54.5756150" lon="-2.9354360"/>
            <trkpt lat="54.5753570" lon="-2.9358800"/>
            <trkpt lat="54.5752360" lon="-2.9362530"/>
            <trkpt lat="54.5748910" lon="-2.9374470"/>
            <trkpt lat="54.5748020" lon="-2.9384210"/>
            <trkpt lat="54.5745820" lon="-2.9395530"/>
            <trkpt lat="54.5745910" lon="-2.9399510"/>
            <trkpt lat="54.5745760" lon="-2.9402830"/>
            <trkpt lat="54.5743640" lon="-2.9404070"/>
            <trkpt lat="54.5742310" lon="-2.9406930"/>
            <trkpt lat="54.5742020" lon="-2.9412610"/>
            <trkpt lat="54.5741270" lon="-2.9420860"/>
            <trkpt lat="54.5738280" lon="-2.9429370"/>
            <trkpt lat="54.5736070" lon="-2.9434150"/>
            <trkpt lat="54.5731760" lon="-2.9444680"/>
            <trkpt lat="54.5729720" lon="-2.9450850"/>
            <trkpt lat="54.5728500" lon="-2.9455010"/>
            <trkpt lat="54.5725210" lon="-2.9462760"/>
            <trkpt lat="54.5723170" lon="-2.9469150"/>
            <trkpt lat="54.5720720" lon="-2.9479610"/>
            <trkpt lat="54.5717390" lon="-2.9492300"/>
            <trkpt lat="54.5714100" lon="-2.9497690"/>
            <trkpt lat="54.5712650" lon="-2.9499690"/>
            <trkpt lat="54.5710810" lon="-2.9504260"/>
            <trkpt lat="54.5709000" lon="-2.9505830"/>
            <trkpt lat="54.5707030" lon="-2.9510820"/>
            <trkpt lat="54.5705770" lon="-2.9513050"/>
            <trkpt lat="54.5704080" lon="-2.9514620"/>
            <trkpt lat="54.5703310" lon="-2.9516850"/>
            <trkpt lat="54.5701190" lon="-2.9518310"/>
            <trkpt lat="54.5699300" lon="-2.9521580"/>
            <trkpt lat="54.5697180" lon="-2.9522280"/>
            <trkpt lat="54.5693420" lon="-2.9526060"/>
            <trkpt lat="54.5689350" lon="-2.9529400"/>
            <trkpt lat="54.5687210" lon="-2.9532670"/>
            <trkpt lat="54.5684180" lon="-2.9538070"/>
            <trkpt lat="54.5681280" lon="-2.9543800"/>
            <trkpt lat="54.5679570" lon="-2.9546660"/>
            <trkpt lat="54.5676180" lon="-2.9550980"/>
            <trkpt lat="54.5673090" lon="-2.9556380"/>
            <trkpt lat="54.5669350" lon="-2.9565520"/>
            <trkpt lat="54.5662520" lon="-2.9580060"/>
            <trkpt lat="54.5662000" lon="-2.9582950"/>
            <trkpt lat="54.5663170" lon="-2.9584370"/>
            <trkpt lat="54.5665400" lon="-2.9584740"/>
            <trkpt lat="54.5666120" lon="-2.9589160"/>
            <trkpt lat="54.5665220" lon="-2.9592790"/>
            <trkpt lat="54.5664360" lon="-2.9598450"/>
            <trkpt lat="54.5662530" lon="-2.9602380"/>
            <trkpt lat="54.5658100" lon="-2.9610970"/>
            <trkpt lat="54.5655930" lon="-2.9618860"/>
            <trkpt lat="54.5655950" lon="-2.9623360"/>
            <trkpt lat="54.5648780" lon="-2.9633490"/>
            <trkpt lat="54.5646510" lon="-2.9637300"/>
            <trkpt lat="54.5645680" lon="-2.9640610"/>
            <trkpt lat="54.5645610" lon="-2.9649510"/>
            <trkpt lat="54.5642960" lon="-2.9677350"/>
            <trkpt lat="54.5642370" lon="-2.9680870"/>
            <trkpt lat="54.5641100" lon="-2.9684490"/>
            <trkpt lat="54.5641310" lon="-2.9689650"/>
            <trkpt lat="54.5640140" lon="-2.9695950"/>
            <trkpt lat="54.5639250" lon="-2.9698510"/>
            <trkpt lat="54.5638660" lon="-2.9701710"/>
            <trkpt lat="54.5638620" lon="-2.9706430"/>
            <trkpt lat="54.5637840" lon="-2.9710920"/>
            <trkpt lat="54.5637270" lon="-2.9720450"/>
            <trkpt lat="54.5637090" lon="-2.9727210"/>
            <trkpt lat="54.5637090" lon="-2.9735040"/>
            <trkpt lat="54.5636930" lon="-2.9738900"/>
            <trkpt lat="54.5636280" lon="-2.9742210"/>
            <trkpt lat="54.5636550" lon="-2.9755090"/>
            <trkpt lat="54.5636600" lon="-2.9764320"/>
            <trkpt lat="54.5636990" lon="-2.9770020"/>
            <trkpt lat="54.5636920" lon="-2.9778820"/>
            <trkpt lat="54.5636500" lon="-2.9784390"/>
            <trkpt lat="54.5636180" lon="-2.9793070"/>
            <trkpt lat="54.5635590" lon="-2.9797780"/>
            <trkpt lat="54.5635070" lon="-2.9807420"/>
            <trkpt lat="54.5634750" lon="-2.9816110"/>
            <trkpt lat="54.5634700" lon="-2.9823080"/>
            <trkpt lat="54.5634850" lon="-2.9827160"/>
            <trkpt lat="54.5635390" lon="-2.9829850"/>
            <trkpt lat="54.5637370" lon="-2.9831620"/>
            <trkpt lat="54.5636290" lon="-2.9833310"/>
            <trkpt lat="54.5635090" lon="-2.9835860"/>
            <trkpt lat="54.5634930" lon="-2.9841000"/>
            <trkpt lat="54.5633830" lon="-2.9845590"/>
            <trkpt lat="54.5633380" lon="-2.9854590"/>
            <trkpt lat="54.5632090" lon="-2.9860790"/>
            <trkpt lat="54.5631750" lon="-2.9864850"/>
            <trkpt lat="54.5631630" lon="-2.9870860"/>
            <trkpt lat="54.5630460" lon="-2.9877270"/>
            <trkpt lat="54.5630050" lon="-2.9881550"/>
            <trkpt lat="54.5629800" lon="-2.9889590"/>
            <trkpt lat="54.5629020" lon="-2.9894080"/>
            <trkpt lat="54.5628850" lon="-2.9899870"/>
            <trkpt lat="54.5627510" lon="-2.9903170"/>
            <trkpt lat="54.5626360" lon="-2.9907000"/>
            <trkpt lat="54.5623600" lon="-2.9910690"/>
            <trkpt lat="54.5621760" lon="-2.9914940"/>
            <trkpt lat="54.5619000" lon="-2.9917770"/>
            <trkpt lat="54.5615070" lon="-2.9918420"/>
            <trkpt lat="54.5613030" lon="-2.9917410"/>
            <trkpt lat="54.5611540" lon="-2.9916080"/>
            <trkpt lat="54.5608760" lon="-2.9914730"/>
            <trkpt lat="54.5602100" lon="-2.9907060"/>
            <trkpt lat="54.5598070" lon="-2.9904700"/>
            <trkpt lat="54.5594320" lon="-2.9899360"/>
            <trkpt lat="54.5591210" lon="-2.9891450"/>
            <trkpt lat="54.5589040" lon="-2.9891070"/>
            <trkpt lat="54.5587720" lon="-2.9892540"/>
            <trkpt lat="54.5581930" lon="-2.9893690"/>
            <trkpt lat="54.5578260" lon="-2.9892740"/>
            <trkpt lat="54.5573800" lon="-2.9890490"/>
            <trkpt lat="54.5570570" lon="-2.9889550"/>
            <trkpt lat="54.5568070" lon="-2.9891210"/>
            <trkpt lat="54.5564980" lon="-2.9896930"/>
            <trkpt lat="54.5564180" lon="-2.9903240"/>
            <trkpt lat="54.5563990" lon="-2.9911390"/>
            <trkpt lat="54.5564830" lon="-2.9930400"/>
            <trkpt lat="54.5564190" lon="-2.9940040"/>
            <trkpt lat="54.5561800" lon="-2.9949960"/>
            <trkpt lat="54.5557960" lon="-2.9948150"/>
            <trkpt lat="54.5554140" lon="-2.9943550"/>
            <trkpt lat="54.5550460" lon="-2.9945070"/>
            <trkpt lat="54.5545720" lon="-2.9945820"/>
            <trkpt lat="54.5542000" lon="-2.9944330"/>
            <trkpt lat="54.5540960" lon="-2.9942480"/>
            <trkpt lat="54.5540110" lon="-2.9939350"/>
            <trkpt lat="54.5537720" lon="-2.9935430"/>
            <trkpt lat="54.5535650" lon="-2.9929370"/>
            <trkpt lat="54.5534500" lon="-2.9925160"/>
            <trkpt lat="54.5531740" lon="-2.9920260"/>
            <trkpt lat="54.5528000" lon="-2.9921460"/>
            <trkpt lat="54.5525840" lon="-2.9919260"/>
            <trkpt lat="54.5522650" lon="-2.9913920"/>
            <trkpt lat="54.5519610" lon="-2.9905480"/>
            <trkpt lat="54.5516960" lon="-2.9894580"/>
            <trkpt lat="54.5514310" lon="-2.9890860"/>
            <trkpt lat="54.5512850" lon="-2.9887070"/>
            <trkpt lat="54.5512460" lon="-2.9881480"/>
            <trkpt lat="54.5511230" lon="-2.9880170"/>
            <trkpt lat="54.5508910" lon="-2.9881830"/>
            <trkpt lat="54.5507100" lon="-2.9882430"/>
            <trkpt lat="54.5505240" lon="-2.9881840"/>
            <trkpt lat="54.5505870" lon="-2.9872630"/>
            <trkpt lat="54.5502560" lon="-2.9874370"/>
            <trkpt lat="54.5499880" lon="-2.9875280"/>
            <trkpt lat="54.5496200" lon="-2.9876150"/>
            <trkpt lat="54.5492430" lon="-2.9880460"/>
            <trkpt lat="54.5488900" lon="-2.9885520"/>
            <trkpt lat="54.5485380" lon="-2.9889940"/>
            <trkpt lat="54.5485560" lon="-2.9883190"/>
            <trkpt lat="54.5483000" lon="-2.9884410"/>
            <trkpt lat="54.5479310" lon="-2.9887010"/>
            <trkpt lat="54.5479020" lon="-2.9884320"/>
            <trkpt lat="54.5482060" lon="-2.9870010"/>
            <trkpt lat="54.5478440" lon="-2.9870570"/>
            <trkpt lat="54.5478460" lon="-2.9861340"/>
            <trkpt lat="54.5478060" lon="-2.9856820"/>
            <trkpt lat="54.5477230" lon="-2.9851330"/>
            <trkpt lat="54.5477690" lon="-2.9848550"/>
            <trkpt lat="54.5481050" lon="-2.9840590"/>
            <trkpt lat="54.5480440" lon="-2.9839070"/>
            <trkpt lat="54.5478560" lon="-2.9840630"/>
            <trkpt lat="54.5478970" lon="-2.9837210"/>
            <trkpt lat="54.5479980" lon="-2.9834880"/>
            <trkpt lat="54.5480040" lon="-2.9827040"/>
            <trkpt lat="54.5480880" lon="-2.9823200"/>
            <trkpt lat="54.5480160" lon="-2.9812450"/>
            <trkpt lat="54.5479130" lon="-2.9802340"/>
            <trkpt lat="54.5477270" lon="-2.9792750"/>
            <trkpt lat="54.5476940" lon="-2.9787370"/>
            <trkpt lat="54.5476990" lon="-2.9781260"/>
            <trkpt lat="54.5476490" lon="-2.9774380"/>
            <trkpt lat="54.5474750" lon="-2.9766290"/>
            <trkpt lat="54.5473980" lon="-2.9761770"/>
            <trkpt lat="54.5473460" lon="-2.9756600"/>
            <trkpt lat="54.5472390" lon="-2.9750570"/>
            <trkpt lat="54.5472060" lon="-2.9745200"/>
            <trkpt lat="54.5471190" lon="-2.9736910"/>
            <trkpt lat="54.5470350" lon="-2.9725300"/>
            <trkpt lat="54.5469500" lon="-2.9715950"/>
            <trkpt lat="54.5469530" lon="-2.9711550"/>
            <trkpt lat="54.5468600" lon="-2.9703910"/>
            <trkpt lat="54.5467500" lon="-2.9701090"/>
            <trkpt lat="54.5466930" lon="-2.9702690"/>
            <trkpt lat="54.5465880" lon="-2.9700840"/>
            <trkpt lat="54.5464880" lon="-2.9693410"/>
            <trkpt lat="54.5463370" lon="-2.9688440"/>
            <trkpt lat="54.5460400" lon="-2.9686120"/>
            <trkpt lat="54.5456920" lon="-2.9685820"/>
            <trkpt lat="54.5455190" lon="-2.9683850"/>
            <trkpt lat="54.5453410" lon="-2.9680690"/>
            <trkpt lat="54.5450560" lon="-2.9678370"/>
            <trkpt lat="54.5447290" lon="-2.9674970"/>
            <trkpt lat="54.5445980" lon="-2.9672570"/>
            <trkpt lat="54.5444960" lon="-2.9667080"/>
            <trkpt lat="54.5444260" lon="-2.9661260"/>
            <trkpt lat="54.5442870" lon="-2.9656300"/>
            <trkpt lat="54.5441130" lon="-2.9652930"/>
            <trkpt lat="54.5438480" lon="-2.9649210"/>
            <trkpt lat="54.5435580" lon="-2.9646570"/>
            <trkpt lat="54.5432440" lon="-2.9642200"/>
            <trkpt lat="54.5430920" lon="-2.9637880"/>
            <trkpt lat="54.5430070" lon="-2.9634530"/>
            <trkpt lat="54.5426510" lon="-2.9628120"/>
            <trkpt lat="54.5418580" lon="-2.9631470"/>
            <trkpt lat="54.5416720" lon="-2.9630780"/>
            <trkpt lat="54.5416440" lon="-2.9626800"/>
            <trkpt lat="54.5414420" lon="-2.9623380"/>
            <trkpt lat="54.5408950" lon="-2.9622180"/>
            <trkpt lat="54.5406840" lon="-2.9620620"/>
            <trkpt lat="54.5404140" lon="-2.9615950"/>
            <trkpt lat="54.5402500" lon="-2.9610440"/>
            <trkpt lat="54.5400550" lon="-2.9597510"/>
            <trkpt lat="54.5399580" lon="-2.9594060"/>
            <trkpt lat="54.5399060" lon="-2.9590070"/>
            <trkpt lat="54.5397590" lon="-2.9585960"/>
            <trkpt lat="54.5396890" lon="-2.9581120"/>
            <trkpt lat="54.5395800" lon="-2.9576590"/>
            <trkpt lat="54.5395790" lon="-2.9570150"/>
            <trkpt lat="54.5396500" lon="-2.9566620"/>
            <trkpt lat="54.5395600" lon="-2.9562740"/>
            <trkpt lat="54.5394200" lon="-2.9559380"/>
            <trkpt lat="54.5393230" lon="-2.9555820"/>
            <trkpt lat="54.5392760" lon="-2.9552370"/>
            <trkpt lat="54.5392600" lon="-2.9549040"/>
            <trkpt lat="54.5393060" lon="-2.9545730"/>
            <trkpt lat="54.5391410" lon="-2.9542470"/>
            <trkpt lat="54.5389310" lon="-2.9540060"/>
            <trkpt lat="54.5388250" lon="-2.9539710"/>
            <trkpt lat="54.5385940" lon="-2.9541480"/>
            <trkpt lat="54.5381120" lon="-2.9543950"/>
            <trkpt lat="54.5375140" lon="-2.9544770"/>
            <trkpt lat="54.5371330" lon="-2.9546830"/>
            <trkpt lat="54.5368280" lon="-2.9546540"/>
            <trkpt lat="54.5362100" lon="-2.9548870"/>
            <trkpt lat="54.5355830" lon="-2.9554510"/>
            <trkpt lat="54.5353110" lon="-2.9559170"/>
            <trkpt lat="54.5351900" lon="-2.9562680"/>
            <trkpt lat="54.5351000" lon="-2.9566740"/>
            <trkpt lat="54.5348340" lon="-2.9573010"/>
            <trkpt lat="54.5343780" lon="-2.9566250"/>
            <trkpt lat="54.5339280" lon="-2.9560350"/>
            <trkpt lat="54.5333110" lon="-2.9553550"/>
            <trkpt lat="54.5331880" lon="-2.9551810"/>
            <trkpt lat="54.5326860" lon="-2.9549010"/>
            <trkpt lat="54.5327040" lon="-2.9542360"/>
            <trkpt lat="54.5327390" lon="-2.9536790"/>
            <trkpt lat="54.5328940" lon="-2.9529640"/>
            <trkpt lat="54.5329800" lon="-2.9523540"/>
            <trkpt lat="54.5331160" lon="-2.9516700"/>
            <trkpt lat="54.5332580" lon="-2.9510300"/>
            <trkpt lat="54.5334110" lon="-2.9506040"/>
            <trkpt lat="54.5336200" lon="-2.9501690"/>
            <trkpt lat="54.5338560" lon="-2.9494240"/>
            <trkpt lat="54.5332490" lon="-2.9490340"/>
            <trkpt lat="54.5328870" lon="-2.9491860"/>
            <trkpt lat="54.5326040" lon="-2.9487510"/>
            <trkpt lat="54.5324180" lon="-2.9485850"/>
            <trkpt lat="54.5323160" lon="-2.9481110"/>
            <trkpt lat="54.5321320" lon="-2.9478170"/>
            <trkpt lat="54.5318690" lon="-2.9471460"/>
            <trkpt lat="54.5316560" lon="-2.9465180"/>
            <trkpt lat="54.5313610" lon="-2.9459750"/>
            <trkpt lat="54.5311780" lon="-2.9456060"/>
            <trkpt lat="54.5312060" lon="-2.9451450"/>
            <trkpt lat="54.5310960" lon="-2.9448960"/>
            <trkpt lat="54.5310070" lon="-2.9442930"/>
            <trkpt lat="54.5311720" lon="-2.9439000"/>
            <trkpt lat="54.5314430" lon="-2.9435410"/>
            <trkpt lat="54.5317440" lon="-2.9432260"/>
            <trkpt lat="54.5319400" lon="-2.9428880"/>
            <trkpt lat="54.5321000" lon="-2.9423440"/>
            <trkpt lat="54.5323090" lon="-2.9418880"/>
            <trkpt lat="54.5325920" lon="-2.9415290"/>
            <trkpt lat="54.5328390" lon="-2.9409880"/>
            <trkpt lat="54.5331010" lon="-2.9401460"/>
            <trkpt lat="54.5332210" lon="-2.9398380"/>
            <trkpt lat="54.5332840" lon="-2.9390240"/>
            <trkpt lat="54.5334210" lon="-2.9382110"/>
            <trkpt lat="54.5334630" lon="-2.9375690"/>
            <trkpt lat="54.5334730" lon="-2.9370970"/>
            <trkpt lat="54.5335630" lon="-2.9367230"/>
            <trkpt lat="54.5336650" lon="-2.9363930"/>
            <trkpt lat="54.5343160" lon="-2.9359360"/>
            <trkpt lat="54.5346500" lon="-2.9361900"/>
            <trkpt lat="54.5347760" lon="-2.9352380"/>
            <trkpt lat="54.5347990" lon="-2.9347350"/>
            <trkpt lat="54.5347590" lon="-2.9342510"/>
            <trkpt lat="54.5342690" lon="-2.9332310"/>
            <trkpt lat="54.5341910" lon="-2.9328860"/>
            <trkpt lat="54.5341690" lon="-2.9324570"/>
            <trkpt lat="54.5340670" lon="-2.9319710"/>
            <trkpt lat="54.5340560" lon="-2.9317570"/>
            <trkpt lat="54.5341770" lon="-2.9314370"/>
            <trkpt lat="54.5343600" lon="-2.9310880"/>
            <trkpt lat="54.5346050" lon="-2.9307610"/>
            <trkpt lat="54.5347440" lon="-2.9305490"/>
            <trkpt lat="54.5351330" lon="-2.9301820"/>
            <trkpt lat="54.5354600" lon="-2.9297710"/>
            <trkpt lat="54.5356170" lon="-2.9295180"/>
            <trkpt lat="54.5356760" lon="-2.9292180"/>
            <trkpt lat="54.5356790" lon="-2.9287790"/>
            <trkpt lat="54.5358380" lon="-2.9282990"/>
            <trkpt lat="54.5355670" lon="-2.9279930"/>
            <trkpt lat="54.5352710" lon="-2.9275460"/>
            <trkpt lat="54.5347800" lon="-2.9267090"/>
            <trkpt lat="54.5346080" lon="-2.9263190"/>
            <trkpt lat="54.5340940" lon="-2.9260280"/>
            <trkpt lat="54.5338150" lon="-2.9258930"/>
            <trkpt lat="54.5333040" lon="-2.9258920"/>
            <trkpt lat="54.5326030" lon="-2.9264660"/>
            <trkpt lat="54.5325440" lon="-2.9267970"/>
            <trkpt lat="54.5319230" lon="-2.9266010"/>
            <trkpt lat="54.5317500" lon="-2.9264040"/>
            <trkpt lat="54.5315720" lon="-2.9260350"/>
            <trkpt lat="54.5314070" lon="-2.9257520"/>
            <trkpt lat="54.5310970" lon="-2.9255520"/>
            <trkpt lat="54.5305410" lon="-2.9249810"/>
            <trkpt lat="54.5302300" lon="-2.9249100"/>
            <trkpt lat="54.5298700" lon="-2.9247410"/>
            <trkpt lat="54.5289430" lon="-2.9238290"/>
            <trkpt lat="54.5285470" lon="-2.9235090"/>
            <trkpt lat="54.5279450" lon="-2.9232170"/>
            <trkpt lat="54.5276040" lon="-2.9231440"/>
            <trkpt lat="54.5267560" lon="-2.9231790"/>
            <trkpt lat="54.5264460" lon="-2.9229160"/>
            <trkpt lat="54.5260120" lon="-2.9227340"/>
            <trkpt lat="54.5253910" lon="-2.9224200"/>
            <trkpt lat="54.5251750" lon="-2.9222000"/>
            <trkpt lat="54.5248150" lon="-2.9220200"/>
            <trkpt lat="54.5246500" lon="-2.9217050"/>
            <trkpt lat="54.5242980" lon="-2.9213320"/>
            <trkpt lat="54.5236480" lon="-2.9208140"/>
            <trkpt lat="54.5232400" lon="-2.9203640"/>
            <trkpt lat="54.5228630" lon="-2.9200550"/>
            <trkpt lat="54.5226640" lon="-2.9199970"/>
            <trkpt lat="54.5223030" lon="-2.9199780"/>
            <trkpt lat="54.5219800" lon="-2.9198100"/>
            <trkpt lat="54.5215400" lon="-2.9195320"/>
            <trkpt lat="54.5213620" lon="-2.9191630"/>
            <trkpt lat="54.5211290" lon="-2.9187820"/>
            <trkpt lat="54.5206900" lon="-2.9182790"/>
            <trkpt lat="54.5203120" lon="-2.9180340"/>
            <trkpt lat="54.5200320" lon="-2.9179740"/>
            <trkpt lat="54.5194590" lon="-2.9180470"/>
            <trkpt lat="54.5192280" lon="-2.9180530"/>
            <trkpt lat="54.5189180" lon="-2.9179060"/>
            <trkpt lat="54.5185940" lon="-2.9178880"/>
            <trkpt lat="54.5184310" lon="-2.9181210"/>
            <trkpt lat="54.5182350" lon="-2.9185130"/>
            <trkpt lat="54.5180400" lon="-2.9186590"/>
            <trkpt lat="54.5178900" lon="-2.9188490"/>
            <trkpt lat="54.5170780" lon="-2.9191420"/>
            <trkpt lat="54.5168720" lon="-2.9191050"/>
            <trkpt lat="54.5166370" lon="-2.9189280"/>
            <trkpt lat="54.5163750" lon="-2.9190510"/>
            <trkpt lat="54.5161990" lon="-2.9192610"/>
            <trkpt lat="54.5160400" lon="-2.9196330"/>
            <trkpt lat="54.5158700" lon="-2.9199300"/>
            <trkpt lat="54.5154640" lon="-2.9200390"/>
            <trkpt lat="54.5146600" lon="-2.9197780"/>
            <trkpt lat="54.5142550" lon="-2.9197260"/>
            <trkpt lat="54.5138760" lon="-2.9196210"/>
            <trkpt lat="54.5134650" lon="-2.9196120"/>
            <trkpt lat="54.5106410" lon="-2.9191410"/>
            <trkpt lat="54.5105600" lon="-2.9183120"/>
            <trkpt lat="54.5101680" lon="-2.9165980"/>
            <trkpt lat="54.5101480" lon="-2.9159530"/>
            <trkpt lat="54.5100390" lon="-2.9155330"/>
            <trkpt lat="54.5100120" lon="-2.9150600"/>
            <trkpt lat="54.5100820" lon="-2.9147610"/>
            <trkpt lat="54.5099530" lon="-2.9145430"/>
            <trkpt lat="54.5098010" lon="-2.9141220"/>
            <trkpt lat="54.5097660" lon="-2.9137130"/>
            <trkpt lat="54.5095690" lon="-2.9134730"/>
            <trkpt lat="54.5093790" lon="-2.9130820"/>
            <trkpt lat="54.5091560" lon="-2.9129270"/>
            <trkpt lat="54.5089640" lon="-2.9127510"/>
            <trkpt lat="54.5087930" lon="-2.9122320"/>
            <trkpt lat="54.5087720" lon="-2.9117270"/>
            <trkpt lat="54.5084330" lon="-2.9104430"/>
            <trkpt lat="54.5083020" lon="-2.9096670"/>
            <trkpt lat="54.5081540" lon="-2.9086120"/>
            <trkpt lat="54.5078960" lon="-2.9073730"/>
            <trkpt lat="54.5077350" lon="-2.9063930"/>
            <trkpt lat="54.5077140" lon="-2.9058770"/>
            <trkpt lat="54.5077060" lon="-2.9053080"/>
            <trkpt lat="54.5077840" lon="-2.9048810"/>
            <trkpt lat="54.5077920" lon="-2.9038190"/>
            <trkpt lat="54.5079830" lon="-2.9032010"/>
            <trkpt lat="54.5081310" lon="-2.9025170"/>
            <trkpt lat="54.5078460" lon="-2.9023500"/>
            <trkpt lat="54.5078990" lon="-2.9018900"/>
            <trkpt lat="54.5078410" lon="-2.9013410"/>
            <trkpt lat="54.5079160" lon="-2.8996690"/>
            <trkpt lat="54.5080070" lon="-2.8991240"/>
            <trkpt lat="54.5080000" lon="-2.8984690"/>
            <trkpt lat="54.5081760" lon="-2.8974220"/>
            <trkpt lat="54.5081810" lon="-2.8967140"/>
            <trkpt lat="54.5081530" lon="-2.8963160"/>
            <trkpt lat="54.5082630" lon="-2.8958030"/>
            <trkpt lat="54.5083110" lon="-2.8951610"/>
            <trkpt lat="54.5083230" lon="-2.8944210"/>
            <trkpt lat="54.5082760" lon="-2.8940120"/>
            <trkpt lat="54.5082830" lon="-2.8929930"/>
            <trkpt lat="54.5081630" lon="-2.8925070"/>
            <trkpt lat="54.5081800" lon="-2.8918960"/>
            <trkpt lat="54.5081180" lon="-2.8909290"/>
            <trkpt lat="54.5081840" lon="-2.8904790"/>
            <trkpt lat="54.5079160" lon="-2.8896800"/>
            <trkpt lat="54.5077260" lon="-2.8892030"/>
            <trkpt lat="54.5074800" lon="-2.8888120"/>
            <trkpt lat="54.5072520" lon="-2.8884100"/>
            <trkpt lat="54.5071560" lon="-2.8878930"/>
            <trkpt lat="54.5070160" lon="-2.8874280"/>
            <trkpt lat="54.5068390" lon="-2.8869950"/>
            <trkpt lat="54.5069910" lon="-2.8866230"/>
            <trkpt lat="54.5069500" lon="-2.8863110"/>
            <trkpt lat="54.5067280" lon="-2.8859410"/>
            <trkpt lat="54.5065210" lon="-2.8853680"/>
            <trkpt lat="54.5064500" lon="-2.8848300"/>
            <trkpt lat="54.5066840" lon="-2.8844060"/>
            <trkpt lat="54.5070780" lon="-2.8840710"/>
            <trkpt lat="54.5073970" lon="-2.8840140"/>
            <trkpt lat="54.5077220" lon="-2.8838600"/>
            <trkpt lat="54.5081050" lon="-2.8833850"/>
            <trkpt lat="54.5084880" lon="-2.8829750"/>
            <trkpt lat="54.5087690" lon="-2.8819940"/>
            <trkpt lat="54.5090030" lon="-2.8816130"/>
            <trkpt lat="54.5094110" lon="-2.8802590"/>
            <trkpt lat="54.5093630" lon="-2.8800860"/>
            <trkpt lat="54.5095160" lon="-2.8796170"/>
            <trkpt lat="54.5095520" lon="-2.8789320"/>
            <trkpt lat="54.5093810" lon="-2.8784020"/>
            <trkpt lat="54.5092450" lon="-2.8782490"/>
            <trkpt lat="54.5089500" lon="-2.8777600"/>
            <trkpt lat="54.5087280" lon="-2.8774440"/>
            <trkpt lat="54.5085890" lon="-2.8768720"/>
            <trkpt lat="54.5080100" lon="-2.8758830"/>
            <trkpt lat="54.5078520" lon="-2.8754290"/>
            <trkpt lat="54.5077590" lon="-2.8752560"/>
            <trkpt lat="54.5077620" lon="-2.8748800"/>
            <trkpt lat="54.5076140" lon="-2.8746520"/>
            <trkpt lat="54.5077510" lon="-2.8738710"/>
            <trkpt lat="54.5078990" lon="-2.8732520"/>
            <trkpt lat="54.5078520" lon="-2.8719640"/>
            <trkpt lat="54.5077700" lon="-2.8712110"/>
            <trkpt lat="54.5074590" lon="-2.8703130"/>
            <trkpt lat="54.5073380" lon="-2.8698170"/>
            <trkpt lat="54.5071410" lon="-2.8695230"/>
            <trkpt lat="54.5068550" lon="-2.8693450"/>
            <trkpt lat="54.5065440" lon="-2.8693390"/>
            <trkpt lat="54.5060570" lon="-2.8694360"/>
            <trkpt lat="54.5052060" lon="-2.8691060"/>
            <trkpt lat="54.5046590" lon="-2.8689340"/>
            <trkpt lat="54.5040200" lon="-2.8685980"/>
            <trkpt lat="54.5033570" lon="-2.8680480"/>
            <trkpt lat="54.5030420" lon="-2.8676440"/>
            <trkpt lat="54.5025220" lon="-2.8671930"/>
            <trkpt lat="54.5019280" lon="-2.8666010"/>
            <trkpt lat="54.5011130" lon="-2.8664330"/>
            <trkpt lat="54.5007160" lon="-2.8662530"/>
            <trkpt lat="54.4999810" lon="-2.8653580"/>
            <trkpt lat="54.4988850" lon="-2.8652270"/>
            <trkpt lat="54.4983360" lon="-2.8653340"/>
            <trkpt lat="54.4965920" lon="-2.8644060"/>
            <trkpt lat="54.4948900" lon="-2.8636190"/>
            <trkpt lat="54.4935870" lon="-2.8636660"/>
            <trkpt lat="54.4927680" lon="-2.8640240"/>
            <trkpt lat="54.4917840" lon="-2.8648620"/>
            <trkpt lat="54.4916470" lon="-2.8647840"/>
            <trkpt lat="54.4904110" lon="-2.8651120"/>
            <trkpt lat="54.4881210" lon="-2.8671880"/>
            <trkpt lat="54.4842120" lon="-2.8707850"/>
            <trkpt lat="54.4835130" lon="-2.8717460"/>
            <trkpt lat="54.4824410" lon="-2.8727100"/>
            <trkpt lat="54.4812410" lon="-2.8739290"/>
            <trkpt lat="54.4801320" lon="-2.8753770"/>
            <trkpt lat="54.4785790" lon="-2.8763090"/>
            <trkpt lat="54.4781190" lon="-2.8761380"/>
            <trkpt lat="54.4774510" lon="-2.8762850"/>
            <trkpt lat="54.4770090" lon="-2.8762000"/>
            <trkpt lat="54.4763410" lon="-2.8771410"/>
            <trkpt lat="54.4751770" lon="-2.8778350"/>
            <trkpt lat="54.4747030" lon="-2.8778990"/>
            <trkpt lat="54.4741230" lon="-2.8778440"/>
            <trkpt lat="54.4736750" lon="-2.8777060"/>
            <trkpt lat="54.4728570" lon="-2.8779450"/>
            <trkpt lat="54.4720080" lon="-2.8780670"/>
            <trkpt lat="54.4716890" lon="-2.8782100"/>
            <trkpt lat="54.4713910" lon="-2.8788690"/>
            <trkpt lat="54.4711490" lon="-2.8795930"/>
            <trkpt lat="54.4708470" lon="-2.8798980"/>
            <trkpt lat="54.4703660" lon="-2.8800590"/>
            <trkpt lat="54.4701160" lon="-2.8802040"/>
            <trkpt lat="54.4698460" lon="-2.8804450"/>
            <trkpt lat="54.4695390" lon="-2.8805880"/>
            <trkpt lat="54.4692520" lon="-2.8806470"/>
            <trkpt lat="54.4690090" lon="-2.8806410"/>
            <trkpt lat="54.4686890" lon="-2.8809130"/>
            <trkpt lat="54.4681650" lon="-2.8809240"/>
            <trkpt lat="54.4676400" lon="-2.8810730"/>
            <trkpt lat="54.4672580" lon="-2.8812800"/>
            <trkpt lat="54.4669640" lon="-2.8814660"/>
            <trkpt lat="54.4665830" lon="-2.8814580"/>
            <trkpt lat="54.4662360" lon="-2.8812470"/>
            <trkpt lat="54.4659360" lon="-2.8813480"/>
            <trkpt lat="54.4656020" lon="-2.8817160"/>
            <trkpt lat="54.4642580" lon="-2.8830600"/>
            <trkpt lat="54.4638440" lon="-2.8833840"/>
            <trkpt lat="54.4638110" lon="-2.8836620"/>
            <trkpt lat="54.4637090" lon="-2.8839180"/>
            <trkpt lat="54.4635640" lon="-2.8841500"/>
            <trkpt lat="54.4633130" lon="-2.8844240"/>
            <trkpt lat="54.4630570" lon="-2.8844510"/>
            <trkpt lat="54.4627840" lon="-2.8842520"/>
            <trkpt lat="54.4624220" lon="-2.8842120"/>
            <trkpt lat="54.4617660" lon="-2.8843480"/>
            <trkpt lat="54.4615220" lon="-2.8844280"/>
            <trkpt lat="54.4612270" lon="-2.8846900"/>
            <trkpt lat="54.4609640" lon="-2.8848240"/>
            <trkpt lat="54.4605330" lon="-2.8849110"/>
            <trkpt lat="54.4600150" lon="-2.8849320"/>
            <trkpt lat="54.4592660" lon="-2.8850980"/>
            <trkpt lat="54.4591150" lon="-2.8852560"/>
            <trkpt lat="54.4589500" lon="-2.8856170"/>
            <trkpt lat="54.4584090" lon="-2.8862170"/>
            <trkpt lat="54.4580590" lon="-2.8863700"/>
            <trkpt lat="54.4577400" lon="-2.8864170"/>
            <trkpt lat="54.4572290" lon="-2.8864380"/>
            <trkpt lat="54.4566920" lon="-2.8865450"/>
            <trkpt lat="54.4557540" lon="-2.8868250"/>
            <trkpt lat="54.4552300" lon="-2.8868780"/>
            <trkpt lat="54.4540260" lon="-2.8867870"/>
            <trkpt lat="54.4532770" lon="-2.8868670"/>
            <trkpt lat="54.4530410" lon="-2.8867980"/>
            <trkpt lat="54.4527280" lon="-2.8868550"/>
            <trkpt lat="54.4523160" lon="-2.8869970"/>
            <trkpt lat="54.4512930" lon="-2.8869850"/>
            <trkpt lat="54.4505060" lon="-2.8870540"/>
            <trkpt lat="54.4498810" lon="-2.8872550"/>
            <trkpt lat="54.4495570" lon="-2.8871940"/>
            <trkpt lat="54.4492830" lon="-2.8871780"/>
            <trkpt lat="54.4486820" lon="-2.8874010"/>
            <trkpt lat="54.4481650" lon="-2.8873040"/>
            <trkpt lat="54.4478680" lon="-2.8873510"/>
            <trkpt lat="54.4472300" lon="-2.8875300"/>
            <trkpt lat="54.4466120" lon="-2.8876670"/>
            <trkpt lat="54.4461670" lon="-2.8878290"/>
            <trkpt lat="54.4456860" lon="-2.8879690"/>
            <trkpt lat="54.4452000" lon="-2.8885300"/>
            <trkpt lat="54.4452000" lon="-2.8878600"/>
            <trkpt lat="54.4453500" lon="-2.8870600"/>
            <trkpt lat="54.4448600" lon="-2.8873100"/>
            <trkpt lat="54.4443500" lon="-2.8877600"/>
            <trkpt lat="54.4437600" lon="-2.8881300"/>
            <trkpt lat="54.4432700" lon="-2.8883300"/>
            <trkpt lat="54.4428400" lon="-2.8886500"/>
            <trkpt lat="54.4426000" lon="-2.8889700"/>
            <trkpt lat="54.4420800" lon="-2.8892000"/>
            <trkpt lat="54.4417100" lon="-2.8896200"/>
            <trkpt lat="54.4411200" lon="-2.8897900"/>
            <trkpt lat="54.4403300" lon="-2.8898300"/>
            <trkpt lat="54.4397400" lon="-2.8899900"/>
            <trkpt lat="54.4390100" lon="-2.8900700"/>
            <trkpt lat="54.4384900" lon="-2.8902800"/>
            <trkpt lat="54.4381300" lon="-2.8903000"/>
            <trkpt lat="54.4371200" lon="-2.8909100"/>
            <trkpt lat="54.4368500" lon="-2.8916900"/>
            <trkpt lat="54.4365600" lon="-2.8917900"/>
            <trkpt lat="54.4356100" lon="-2.8923800"/>
            <trkpt lat="54.4351600" lon="-2.8925400"/>
            <trkpt lat="54.4348000" lon="-2.8927800"/>
            <trkpt lat="54.4343200" lon="-2.8929900"/>
            <trkpt lat="54.4341000" lon="-2.8932600"/>
            <trkpt lat="54.4338200" lon="-2.8933700"/>
            <trkpt lat="54.4335600" lon="-2.8932700"/>
            <trkpt lat="54.4333600" lon="-2.8936200"/>
            <trkpt lat="54.4326400" lon="-2.8936900"/>
            <trkpt lat="54.4322700" lon="-2.8935100"/>
            <trkpt lat="54.4319900" lon="-2.8934100"/>
            <trkpt lat="54.4308600" lon="-2.8934200"/>
            <trkpt lat="54.4303900" lon="-2.8933200"/>
            <trkpt lat="54.4300800" lon="-2.8933100"/>
            <trkpt lat="54.4296100" lon="-2.8936600"/>
            <trkpt lat="54.4291100" lon="-2.8939400"/>
            <trkpt lat="54.4285900" lon="-2.8942900"/>
            <trkpt lat="54.4278100" lon="-2.8946500"/>
            <trkpt lat="54.4270200" lon="-2.8948600"/>
            <trkpt lat="54.4262700" lon="-2.8957600"/>
            <trkpt lat="54.4259700" lon="-2.8956900"/>
            <trkpt lat="54.4250000" lon="-2.8959000"/>
            <trkpt lat="54.4244000" lon="-2.8962600"/>
            <trkpt lat="54.4239800" lon="-2.8963300"/>
            <trkpt lat="54.4234400" lon="-2.8966600"/>
            <trkpt lat="54.4230400" lon="-2.8968200"/>
            <trkpt lat="54.4223100" lon="-2.8974600"/>
            <trkpt lat="54.4219900" lon="-2.8977100"/>
            <trkpt lat="54.4216800" lon="-2.8980200"/>
            <trkpt lat="54.4213300" lon="-2.8979800"/>
            <trkpt lat="54.4209700" lon="-2.8980800"/>
            <trkpt lat="54.4207900" lon="-2.8983200"/>
            <trkpt lat="54.4199400" lon="-2.8996800"/>
            <trkpt lat="54.4196200" lon="-2.8999200"/>
            <trkpt lat="54.4196500" lon="-2.9002700"/>
            <trkpt lat="54.4198900" lon="-2.9007000"/>
            <trkpt lat="54.4201300" lon="-2.9018100"/>
            <trkpt lat="54.4201200" lon="-2.9021300"/>
            <trkpt lat="54.4202700" lon="-2.9029100"/>
            <trkpt lat="54.4202000" lon="-2.9033700"/>
            <trkpt lat="54.4199400" lon="-2.9035400"/>
            <trkpt lat="54.4197800" lon="-2.9038500"/>
            <trkpt lat="54.4194600" lon="-2.9041400"/>
            <trkpt lat="54.4191200" lon="-2.9042300"/>
            <trkpt lat="54.4189400" lon="-2.9043900"/>
            <trkpt lat="54.4180300" lon="-2.9050600"/>
            <trkpt lat="54.4179300" lon="-2.9069600"/>
            <trkpt lat="54.4176100" lon="-2.9064800"/>
            <trkpt lat="54.4179000" lon="-2.9069400"/>
            <trkpt lat="54.4182700" lon="-2.9071000"/>
            <trkpt lat="54.4189400" lon="-2.9071900"/>
            <trkpt lat="54.4197300" lon="-2.9076500"/>
            <trkpt lat="54.4200100" lon="-2.9076400"/>
            <trkpt lat="54.4203700" lon="-2.9077400"/>
            <trkpt lat="54.4206700" lon="-2.9077300"/>
            <trkpt lat="54.4209100" lon="-2.9078800"/>
            <trkpt lat="54.4212300" lon="-2.9079100"/>
            <trkpt lat="54.4215700" lon="-2.9078300"/>
            <trkpt lat="54.4220900" lon="-2.9078100"/>
            <trkpt lat="54.4223200" lon="-2.9079400"/>
            <trkpt lat="54.4228100" lon="-2.9080900"/>
            <trkpt lat="54.4234100" lon="-2.9080800"/>
            <trkpt lat="54.4236100" lon="-2.9082300"/>
            <trkpt lat="54.4237200" lon="-2.9085200"/>
            <trkpt lat="54.4234600" lon="-2.9088600"/>
            <trkpt lat="54.4236900" lon="-2.9085500"/>
            <trkpt lat="54.4236400" lon="-2.9082800"/>
            <trkpt lat="54.4234200" lon="-2.9081100"/>
            <trkpt lat="54.4228300" lon="-2.9080900"/>
            <trkpt lat="54.4223170" lon="-2.9079260"/>
            <trkpt lat="54.4222000" lon="-2.9085200"/>
            <trkpt lat="54.4220000" lon="-2.9089900"/>
            <trkpt lat="54.4218300" lon="-2.9092300"/>
            <trkpt lat="54.4216400" lon="-2.9097600"/>
            <trkpt lat="54.4214700" lon="-2.9101000"/>
            <trkpt lat="54.4211800" lon="-2.9102800"/>
            <trkpt lat="54.4203600" lon="-2.9111000"/>
            <trkpt lat="54.4200400" lon="-2.9113300"/>
            <trkpt lat="54.4199000" lon="-2.9115100"/>
            <trkpt lat="54.4198100" lon="-2.9118600"/>
            <trkpt lat="54.4189900" lon="-2.9123400"/>
            <trkpt lat="54.4181900" lon="-2.9130600"/>
            <trkpt lat="54.4178300" lon="-2.9131800"/>
            <trkpt lat="54.4174200" lon="-2.9135200"/>
            <trkpt lat="54.4168790" lon="-2.9137490"/>
            <trkpt lat="54.4166590" lon="-2.9139590"/>
            <trkpt lat="54.4163530" lon="-2.9139950"/>
            <trkpt lat="54.4161000" lon="-2.9143430"/>
            <trkpt lat="54.4156230" lon="-2.9146870"/>
            <trkpt lat="54.4155210" lon="-2.9150170"/>
            <trkpt lat="54.4152250" lon="-2.9153650"/>
            <trkpt lat="54.4148480" lon="-2.9156350"/>
            <trkpt lat="54.4144710" lon="-2.9159810"/>
            <trkpt lat="54.4142560" lon="-2.9162550"/>
            <trkpt lat="54.4140730" lon="-2.9165300"/>
            <trkpt lat="54.4134320" lon="-2.9170410"/>
            <trkpt lat="54.4132300" lon="-2.9173370"/>
            <trkpt lat="54.4130900" lon="-2.9177090"/>
            <trkpt lat="54.4128310" lon="-2.9181540"/>
            <trkpt lat="54.4124490" lon="-2.9191540"/>
            <trkpt lat="54.4121920" lon="-2.9200820"/>
            <trkpt lat="54.4121250" lon="-2.9206280"/>
            <trkpt lat="54.4120970" lon="-2.9211310"/>
            <trkpt lat="54.4119860" lon="-2.9217400"/>
            <trkpt lat="54.4117940" lon="-2.9223260"/>
            <trkpt lat="54.4116690" lon="-2.9230960"/>
            <trkpt lat="54.4116330" lon="-2.9237710"/>
            <trkpt lat="54.4116540" lon="-2.9244420"/>
            <trkpt lat="54.4118120" lon="-2.9267520"/>
            <trkpt lat="54.4121180" lon="-2.9275210"/>
            <trkpt lat="54.4125680" lon="-2.9282180"/>
            <trkpt lat="54.4129260" lon="-2.9287410"/>
            <trkpt lat="54.4132650" lon="-2.9293180"/>
            <trkpt lat="54.4135890" lon="-2.9294220"/>
            <trkpt lat="54.4139600" lon="-2.9299770"/>
            <trkpt lat="54.4145710" lon="-2.9308070"/>
            <trkpt lat="54.4152230" lon="-2.9321300"/>
            <trkpt lat="54.4156330" lon="-2.9324720"/>
            <trkpt lat="54.4160190" lon="-2.9325670"/>
            <trkpt lat="54.4168020" lon="-2.9329820"/>
            <trkpt lat="54.4169960" lon="-2.9329760"/>
            <trkpt lat="54.4170360" lon="-2.9334920"/>
            <trkpt lat="54.4172080" lon="-2.9338820"/>
            <trkpt lat="54.4173970" lon="-2.9344120"/>
            <trkpt lat="54.4174510" lon="-2.9355400"/>
            <trkpt lat="54.4177710" lon="-2.9361260"/>
            <trkpt lat="54.4178370" lon="-2.9364610"/>
            <trkpt lat="54.4176020" lon="-2.9369810"/>
            <trkpt lat="54.4173100" lon="-2.9375670"/>
            <trkpt lat="54.4172890" lon="-2.9378450"/>
            <trkpt lat="54.4173730" lon="-2.9383520"/>
            <trkpt lat="54.4174710" lon="-2.9385680"/>
            <trkpt lat="54.4176310" lon="-2.9405250"/>
            <trkpt lat="54.4175850" lon="-2.9407390"/>
            <trkpt lat="54.4175950" lon="-2.9410390"/>
            <trkpt lat="54.4176940" lon="-2.9412140"/>
            <trkpt lat="54.4175340" lon="-2.9425520"/>
            <trkpt lat="54.4175340" lon="-2.9433140"/>
            <trkpt lat="54.4175600" lon="-2.9440550"/>
            <trkpt lat="54.4176180" lon="-2.9445280"/>
            <trkpt lat="54.4175280" lon="-2.9449020"/>
            <trkpt lat="54.4174750" lon="-2.9452650"/>
            <trkpt lat="54.4175140" lon="-2.9458780"/>
            <trkpt lat="54.4174400" lon="-2.9465950"/>
            <trkpt lat="54.4175720" lon="-2.9472420"/>
            <trkpt lat="54.4176810" lon="-2.9476730"/>
            <trkpt lat="54.4176840" lon="-2.9480600"/>
            <trkpt lat="54.4175750" lon="-2.9484330"/>
            <trkpt lat="54.4175710" lon="-2.9490010"/>
            <trkpt lat="54.4176370" lon="-2.9493570"/>
            <trkpt lat="54.4177340" lon="-2.9496490"/>
            <trkpt lat="54.4179250" lon="-2.9500610"/>
            <trkpt lat="54.4180520" lon="-2.9505360"/>
            <trkpt lat="54.4180430" lon="-2.9509440"/>
            <trkpt lat="54.4182190" lon="-2.9514730"/>
            <trkpt lat="54.4184660" lon="-2.9518440"/>
            <trkpt lat="54.4187060" lon="-2.9523220"/>
            <trkpt lat="54.4187600" lon="-2.9525810"/>
            <trkpt lat="54.4186770" lon="-2.9528150"/>
            <trkpt lat="54.4187070" lon="-2.9530190"/>
            <trkpt lat="54.4189180" lon="-2.9531420"/>
            <trkpt lat="54.4190560" lon="-2.9531240"/>
            <trkpt lat="54.4191040" lon="-2.9533070"/>
            <trkpt lat="54.4192830" lon="-2.9535370"/>
            <trkpt lat="54.4193070" lon="-2.9536770"/>
            <trkpt lat="54.4191500" lon="-2.9538020"/>
            <trkpt lat="54.4192610" lon="-2.9539440"/>
            <trkpt lat="54.4193920" lon="-2.9540220"/>
            <trkpt lat="54.4191930" lon="-2.9547470"/>
            <trkpt lat="54.4193580" lon="-2.9551480"/>
            <trkpt lat="54.4195180" lon="-2.9554520"/>
            <trkpt lat="54.4197140" lon="-2.9559290"/>
            <trkpt lat="54.4205040" lon="-2.9570850"/>
            <trkpt lat="54.4207770" lon="-2.9572310"/>
            <trkpt lat="54.4209440" lon="-2.9574380"/>
            <trkpt lat="54.4217400" lon="-2.9579180"/>
            <trkpt lat="54.4219310" lon="-2.9581380"/>
            <trkpt lat="54.4223060" lon="-2.9581680"/>
            <trkpt lat="54.4226020" lon="-2.9580030"/>
            <trkpt lat="54.4228710" lon="-2.9579240"/>
            <trkpt lat="54.4231580" lon="-2.9580160"/>
            <trkpt lat="54.4234120" lon="-2.9582150"/>
            <trkpt lat="54.4237870" lon="-2.9582450"/>
            <trkpt lat="54.4238960" lon="-2.9586880"/>
            <trkpt lat="54.4239670" lon="-2.9590970"/>
            <trkpt lat="54.4241210" lon="-2.9593690"/>
            <trkpt lat="54.4241920" lon="-2.9598640"/>
            <trkpt lat="54.4243690" lon="-2.9604050"/>
            <trkpt lat="54.4245980" lon="-2.9605820"/>
            <trkpt lat="54.4248840" lon="-2.9607180"/>
            <trkpt lat="54.4251410" lon="-2.9606810"/>
            <trkpt lat="54.4253950" lon="-2.9609230"/>
            <trkpt lat="54.4258260" lon="-2.9608790"/>
            <trkpt lat="54.4261390" lon="-2.9607790"/>
            <trkpt lat="54.4264940" lon="-2.9608630"/>
            <trkpt lat="54.4270470" lon="-2.9611330"/>
            <trkpt lat="54.4276140" lon="-2.9613290"/>
            <trkpt lat="54.4278950" lon="-2.9612820"/>
            <trkpt lat="54.4283750" lon="-2.9613150"/>
            <trkpt lat="54.4288910" lon="-2.9616170"/>
            <trkpt lat="54.4293630" lon="-2.9619280"/>
            <trkpt lat="54.4297350" lon="-2.9622400"/>
            <trkpt lat="54.4302900" lon="-2.9623170"/>
            <trkpt lat="54.4310900" lon="-2.9622610"/>
            <trkpt lat="54.4315500" lon="-2.9623790"/>
            <trkpt lat="54.4317850" lon="-2.9621810"/>
            <trkpt lat="54.4319000" lon="-2.9618510"/>
            <trkpt lat="54.4320610" lon="-2.9619620"/>
            <trkpt lat="54.4323070" lon="-2.9624400"/>
            <trkpt lat="54.4325820" lon="-2.9631650"/>
            <trkpt lat="54.4329370" lon="-2.9633030"/>
            <trkpt lat="54.4335420" lon="-2.9632850"/>
            <trkpt lat="54.4338730" lon="-2.9633670"/>
            <trkpt lat="54.4341750" lon="-2.9637610"/>
            <trkpt lat="54.4344360" lon="-2.9647220"/>
            <trkpt lat="54.4348210" lon="-2.9665020"/>
            <trkpt lat="54.4351950" lon="-2.9673690"/>
            <trkpt lat="54.4354650" lon="-2.9679540"/>
            <trkpt lat="54.4356030" lon="-2.9686550"/>
            <trkpt lat="54.4358240" lon="-2.9690250"/>
            <trkpt lat="54.4367930" lon="-2.9696920"/>
            <trkpt lat="54.4373400" lon="-2.9698870"/>
            <trkpt lat="54.4377580" lon="-2.9699300"/>
            <trkpt lat="54.4381680" lon="-2.9702070"/>
            <trkpt lat="54.4384080" lon="-2.9698590"/>
            <trkpt lat="54.4386890" lon="-2.9698010"/>
            <trkpt lat="54.4391120" lon="-2.9699290"/>
            <trkpt lat="54.4397570" lon="-2.9703850"/>
            <trkpt lat="54.4407290" lon="-2.9699030"/>
            <trkpt lat="54.4415860" lon="-2.9695380"/>
            <trkpt lat="54.4419550" lon="-2.9695030"/>
            <trkpt lat="54.4424470" lon="-2.9695470"/>
            <trkpt lat="54.4428450" lon="-2.9697070"/>
            <trkpt lat="54.4432790" lon="-2.9700550"/>
            <trkpt lat="54.4437390" lon="-2.9703770"/>
            <trkpt lat="54.4452320" lon="-2.9716460"/>
            <trkpt lat="54.4455720" lon="-2.9720190"/>
            <trkpt lat="54.4458470" lon="-2.9727120"/>
            <trkpt lat="54.4460190" lon="-2.9731030"/>
            <trkpt lat="54.4464410" lon="-2.9734350"/>
            <trkpt lat="54.4466260" lon="-2.9736430"/>
            <trkpt lat="54.4471360" lon="-2.9745990"/>
            <trkpt lat="54.4472530" lon="-2.9747950"/>
            <trkpt lat="54.4474050" lon="-2.9753250"/>
            <trkpt lat="54.4476830" lon="-2.9756960"/>
            <trkpt lat="54.4483220" lon="-2.9760660"/>
            <trkpt lat="54.4485060" lon="-2.9764670"/>
            <trkpt lat="54.4485530" lon="-2.9768970"/>
            <trkpt lat="54.4484740" lon="-2.9773890"/>
            <trkpt lat="54.4484390" lon="-2.9778170"/>
            <trkpt lat="54.4483360" lon="-2.9782870"/>
            <trkpt lat="54.4485080" lon="-2.9777870"/>
            <trkpt lat="54.4486930" lon="-2.9780810"/>
            <trkpt lat="54.4487910" lon="-2.9783190"/>
            <trkpt lat="54.4489380" lon="-2.9786130"/>
            <trkpt lat="54.4489240" lon="-2.9788590"/>
            <trkpt lat="54.4487090" lon="-2.9791010"/>
            <trkpt lat="54.4487880" lon="-2.9794460"/>
            <trkpt lat="54.4488810" lon="-2.9795230"/>
            <trkpt lat="54.4488270" lon="-2.9799830"/>
            <trkpt lat="54.4487490" lon="-2.9803360"/>
            <trkpt lat="54.4490280" lon="-2.9805890"/>
            <trkpt lat="54.4497630" lon="-2.9808000"/>
            <trkpt lat="54.4495950" lon="-2.9813970"/>
            <trkpt lat="54.4493860" lon="-2.9818420"/>
            <trkpt lat="54.4492380" lon="-2.9816670"/>
            <trkpt lat="54.4490440" lon="-2.9817160"/>
            <trkpt lat="54.4487990" lon="-2.9826440"/>
            <trkpt lat="54.4485780" lon="-2.9837220"/>
            <trkpt lat="54.4487830" lon="-2.9841430"/>
            <trkpt lat="54.4488740" lon="-2.9843850"/>
            <trkpt lat="54.4488940" lon="-2.9859910"/>
            <trkpt lat="54.4489420" lon="-2.9867020"/>
            <trkpt lat="54.4489910" lon="-2.9872080"/>
            <trkpt lat="54.4491290" lon="-2.9874980"/>
            <trkpt lat="54.4494710" lon="-2.9880220"/>
            <trkpt lat="54.4497390" lon="-2.9886470"/>
            <trkpt lat="54.4500610" lon="-2.9892740"/>
            <trkpt lat="54.4502630" lon="-2.9897830"/>
            <trkpt lat="54.4503450" lon="-2.9903580"/>
            <trkpt lat="54.4502530" lon="-2.9909870"/>
            <trkpt lat="54.4501670" lon="-2.9917520"/>
            <trkpt lat="54.4501700" lon="-2.9922110"/>
            <trkpt lat="54.4503790" lon="-2.9927320"/>
            <trkpt lat="54.4505410" lon="-2.9932740"/>
            <trkpt lat="54.4507340" lon="-2.9941500"/>
            <trkpt lat="54.4508160" lon="-2.9947030"/>
            <trkpt lat="54.4508630" lon="-2.9954490"/>
            <trkpt lat="54.4510110" lon="-2.9960950"/>
            <trkpt lat="54.4510470" lon="-2.9965650"/>
            <trkpt lat="54.4510560" lon="-2.9971500"/>
            <trkpt lat="54.4512230" lon="-2.9978990"/>
            <trkpt lat="54.4512670" lon="-2.9982330"/>
            <trkpt lat="54.4512220" lon="-2.9988730"/>
            <trkpt lat="54.4512240" lon="-2.9993660"/>
            <trkpt lat="54.4513210" lon="-2.9997240"/>
            <trkpt lat="54.4512980" lon="-3.0000900"/>
            <trkpt lat="54.4513090" lon="-3.0004230"/>
            <trkpt lat="54.4514780" lon="-3.0008630"/>
            <trkpt lat="54.4516360" lon="-3.0011870"/>
            <trkpt lat="54.4518070" lon="-3.0014210"/>
            <trkpt lat="54.4519520" lon="-3.0015620"/>
            <trkpt lat="54.4520820" lon="-3.0019890"/>
            <trkpt lat="54.4521710" lon="-3.0025650"/>
            <trkpt lat="54.4523080" lon="-3.0028890"/>
            <trkpt lat="54.4525080" lon="-3.0036500"/>
            <trkpt lat="54.4528370" lon="-3.0041420"/>
            <trkpt lat="54.4530140" lon="-3.0045130"/>
            <trkpt lat="54.4531120" lon="-3.0047560"/>
            <trkpt lat="54.4532710" lon="-3.0049210"/>
            <trkpt lat="54.4533100" lon="-3.0057580"/>
            <trkpt lat="54.4532130" lon="-3.0062490"/>
            <trkpt lat="54.4529150" lon="-3.0067800"/>
            <trkpt lat="54.4528400" lon="-3.0070190"/>
            <trkpt lat="54.4526390" lon="-3.0071860"/>
            <trkpt lat="54.4524700" lon="-3.0074340"/>
            <trkpt lat="54.4523460" lon="-3.0079120"/>
            <trkpt lat="54.4522760" lon="-3.0083230"/>
            <trkpt lat="54.4522910" lon="-3.0097910"/>
            <trkpt lat="54.4523110" lon="-3.0105820"/>
            <trkpt lat="54.4523720" lon="-3.0111800"/>
            <trkpt lat="54.4524680" lon="-3.0116640"/>
            <trkpt lat="54.4524730" lon="-3.0118700"/>
            <trkpt lat="54.4523650" lon="-3.0120620"/>
            <trkpt lat="54.4522720" lon="-3.0128510"/>
            <trkpt lat="54.4522730" lon="-3.0134810"/>
            <trkpt lat="54.4523900" lon="-3.0138740"/>
            <trkpt lat="54.4526410" lon="-3.0141890"/>
            <trkpt lat="54.4529840" lon="-3.0145190"/>
            <trkpt lat="54.4531750" lon="-3.0148100"/>
            <trkpt lat="54.4533180" lon="-3.0152030"/>
            <trkpt lat="54.4534020" lon="-3.0155720"/>
            <trkpt lat="54.4535860" lon="-3.0158290"/>
            <trkpt lat="54.4542220" lon="-3.0162800"/>
            <trkpt lat="54.4544530" lon="-3.0166180"/>
            <trkpt lat="54.4549090" lon="-3.0170880"/>
            <trkpt lat="54.4551250" lon="-3.0175060"/>
            <trkpt lat="54.4552540" lon="-3.0180020"/>
            <trkpt lat="54.4558060" lon="-3.0196660"/>
            <trkpt lat="54.4561400" lon="-3.0203850"/>
            <trkpt lat="54.4565010" lon="-3.0210250"/>
            <trkpt lat="54.4570140" lon="-3.0218740"/>
            <trkpt lat="54.4571630" lon="-3.0223130"/>
            <trkpt lat="54.4571090" lon="-3.0231830"/>
            <trkpt lat="54.4572580" lon="-3.0237140"/>
            <trkpt lat="54.4575960" lon="-3.0232180"/>
            <trkpt lat="54.4577890" lon="-3.0232120"/>
            <trkpt lat="54.4579840" lon="-3.0237550"/>
            <trkpt lat="54.4583500" lon="-3.0238330"/>
            <trkpt lat="54.4587100" lon="-3.0237960"/>
            <trkpt lat="54.4592040" lon="-3.0236940"/>
            <trkpt lat="54.4597400" lon="-3.0243000"/>
            <trkpt lat="54.4594400" lon="-3.0247400"/>
            <trkpt lat="54.4590000" lon="-3.0255000"/>
            <trkpt lat="54.4588300" lon="-3.0257300"/>
            <trkpt lat="54.4587400" lon="-3.0258200"/>
            <trkpt lat="54.4585040" lon="-3.0259490"/>
            <trkpt lat="54.4576580" lon="-3.0257700"/>
            <trkpt lat="54.4570080" lon="-3.0276190"/>
            <trkpt lat="54.4567330" lon="-3.0286100"/>
            <trkpt lat="54.4564420" lon="-3.0286550"/>
            <trkpt lat="54.4556960" lon="-3.0292280"/>
            <trkpt lat="54.4553870" lon="-3.0295750"/>
            <trkpt lat="54.4550850" lon="-3.0301060"/>
            <trkpt lat="54.4549670" lon="-3.0304440"/>
            <trkpt lat="54.4544260" lon="-3.0312450"/>
            <trkpt lat="54.4537230" lon="-3.0312800"/>
            <trkpt lat="54.4532010" lon="-3.0315950"/>
            <trkpt lat="54.4529500" lon="-3.0314440"/>
            <trkpt lat="54.4522630" lon="-3.0314660"/>
            <trkpt lat="54.4517300" lon="-3.0312300"/>
            <trkpt lat="54.4515440" lon="-3.0315400"/>
            <trkpt lat="54.4513600" lon="-3.0317060"/>
            <trkpt lat="54.4509160" lon="-3.0318270"/>
            <trkpt lat="54.4505420" lon="-3.0317910"/>
            <trkpt lat="54.4503060" lon="-3.0316400"/>
            <trkpt lat="54.4501550" lon="-3.0314400"/>
            <trkpt lat="54.4500470" lon="-3.0315940"/>
            <trkpt lat="54.4502960" lon="-3.0319690"/>
            <trkpt lat="54.4502840" lon="-3.0324150"/>
            <trkpt lat="54.4501750" lon="-3.0327700"/>
            <trkpt lat="54.4501160" lon="-3.0331010"/>
            <trkpt lat="54.4499160" lon="-3.0330850"/>
            <trkpt lat="54.4497070" lon="-3.0334340"/>
            <trkpt lat="54.4496550" lon="-3.0337550"/>
            <trkpt lat="54.4491790" lon="-3.0346330"/>
            <trkpt lat="54.4490020" lon="-3.0348970"/>
            <trkpt lat="54.4487010" lon="-3.0351570"/>
            <trkpt lat="54.4484510" lon="-3.0351730"/>
            <trkpt lat="54.4481060" lon="-3.0353360"/>
            <trkpt lat="54.4478060" lon="-3.0354460"/>
            <trkpt lat="54.4473970" lon="-3.0358650"/>
            <trkpt lat="54.4472250" lon="-3.0362470"/>
            <trkpt lat="54.4470580" lon="-3.0368110"/>
            <trkpt lat="54.4466600" lon="-3.0373910"/>
            <trkpt lat="54.4465380" lon="-3.0370770"/>
            <trkpt lat="54.4464390" lon="-3.0369780"/>
            <trkpt lat="54.4461520" lon="-3.0370570"/>
            <trkpt lat="54.4457760" lon="-3.0372400"/>
            <trkpt lat="54.4455270" lon="-3.0371160"/>
            <trkpt lat="54.4452580" lon="-3.0372060"/>
            <trkpt lat="54.4450350" lon="-3.0370070"/>
            <trkpt lat="54.4447420" lon="-3.0369890"/>
            <trkpt lat="54.4444920" lon="-3.0370790"/>
            <trkpt lat="54.4440290" lon="-3.0371630"/>
            <trkpt lat="54.4435800" lon="-3.0371840"/>
            <trkpt lat="54.4429720" lon="-3.0374260"/>
            <trkpt lat="54.4425780" lon="-3.0376310"/>
            <trkpt lat="54.4424490" lon="-3.0373490"/>
            <trkpt lat="54.4421740" lon="-3.0373740"/>
            <trkpt lat="54.4419250" lon="-3.0380110"/>
            <trkpt lat="54.4417100" lon="-3.0383710"/>
            <trkpt lat="54.4411120" lon="-3.0389780"/>
            <trkpt lat="54.4412740" lon="-3.0397220"/>
            <trkpt lat="54.4414090" lon="-3.0400480"/>
            <trkpt lat="54.4416130" lon="-3.0403000"/>
            <trkpt lat="54.4417340" lon="-3.0407320"/>
            <trkpt lat="54.4418580" lon="-3.0414860"/>
            <trkpt lat="54.4418410" lon="-3.0420760"/>
            <trkpt lat="54.4415390" lon="-3.0430230"/>
            <trkpt lat="54.4415540" lon="-3.0434850"/>
            <trkpt lat="54.4412830" lon="-3.0438110"/>
            <trkpt lat="54.4411930" lon="-3.0440980"/>
            <trkpt lat="54.4409960" lon="-3.0445010"/>
            <trkpt lat="54.4408810" lon="-3.0455710"/>
            <trkpt lat="54.4406990" lon="-3.0463820"/>
            <trkpt lat="54.4404870" lon="-3.0471270"/>
            <trkpt lat="54.4402610" lon="-3.0480230"/>
            <trkpt lat="54.4400850" lon="-3.0481040"/>
            <trkpt lat="54.4399400" lon="-3.0482400"/>
            <trkpt lat="54.4394750" lon="-3.0479600"/>
            <trkpt lat="54.4389640" lon="-3.0478290"/>
            <trkpt lat="54.4385820" lon="-3.0472720"/>
            <trkpt lat="54.4382670" lon="-3.0468880"/>
            <trkpt lat="54.4380200" lon="-3.0466780"/>
            <trkpt lat="54.4380140" lon="-3.0458950"/>
            <trkpt lat="54.4377770" lon="-3.0458780"/>
            <trkpt lat="54.4375320" lon="-3.0453350"/>
            <trkpt lat="54.4374210" lon="-3.0445060"/>
            <trkpt lat="54.4372880" lon="-3.0439870"/>
            <trkpt lat="54.4370690" lon="-3.0433490"/>
            <trkpt lat="54.4367550" lon="-3.0428690"/>
            <trkpt lat="54.4364260" lon="-3.0425710"/>
            <trkpt lat="54.4359490" lon="-3.0422040"/>
            <trkpt lat="54.4357450" lon="-3.0420060"/>
            <trkpt lat="54.4355240" lon="-3.0415070"/>
            <trkpt lat="54.4352040" lon="-3.0410800"/>
            <trkpt lat="54.4349450" lon="-3.0406550"/>
            <trkpt lat="54.4346170" lon="-3.0403140"/>
            <trkpt lat="54.4342820" lon="-3.0401660"/>
            <trkpt lat="54.4340780" lon="-3.0399350"/>
            <trkpt lat="54.4340190" lon="-3.0394830"/>
            <trkpt lat="54.4340220" lon="-3.0390970"/>
            <trkpt lat="54.4338640" lon="-3.0386850"/>
            <trkpt lat="54.4336180" lon="-3.0382710"/>
            <trkpt lat="54.4338400" lon="-3.0378690"/>
            <trkpt lat="54.4342290" lon="-3.0375250"/>
            <trkpt lat="54.4338270" lon="-3.0378580"/>
            <trkpt lat="54.4336110" lon="-3.0382710"/>
            <trkpt lat="54.4329210" lon="-3.0380070"/>
            <trkpt lat="54.4327210" lon="-3.0380230"/>
            <trkpt lat="54.4323760" lon="-3.0381860"/>
            <trkpt lat="54.4320090" lon="-3.0381020"/>
            <trkpt lat="54.4316090" lon="-3.0381770"/>
            <trkpt lat="54.4309530" lon="-3.0389760"/>
            <trkpt lat="54.4309250" lon="-3.0392760"/>
            <trkpt lat="54.4307970" lon="-3.0396800"/>
            <trkpt lat="54.4304850" lon="-3.0411640"/>
            <trkpt lat="54.4302420" lon="-3.0416080"/>
            <trkpt lat="54.4301530" lon="-3.0418740"/>
            <trkpt lat="54.4299820" lon="-3.0420950"/>
            <trkpt lat="54.4298110" lon="-3.0424130"/>
            <trkpt lat="54.4296290" lon="-3.0425800"/>
            <trkpt lat="54.4294130" lon="-3.0429180"/>
            <trkpt lat="54.4292540" lon="-3.0433000"/>
            <trkpt lat="54.4291570" lon="-3.0436520"/>
            <trkpt lat="54.4291600" lon="-3.0440380"/>
            <trkpt lat="54.4292870" lon="-3.0444920"/>
            <trkpt lat="54.4292970" lon="-3.0448460"/>
            <trkpt lat="54.4291570" lon="-3.0451860"/>
            <trkpt lat="54.4289670" lon="-3.0454490"/>
            <trkpt lat="54.4287840" lon="-3.0456270"/>
            <trkpt lat="54.4286580" lon="-3.0458280"/>
            <trkpt lat="54.4285170" lon="-3.0462530"/>
            <trkpt lat="54.4283010" lon="-3.0467200"/>
            <trkpt lat="54.4281150" lon="-3.0472620"/>
            <trkpt lat="54.4279690" lon="-3.0475380"/>
            <trkpt lat="54.4278280" lon="-3.0479850"/>
            <trkpt lat="54.4276320" lon="-3.0482270"/>
            <trkpt lat="54.4274240" lon="-3.0485540"/>
            <trkpt lat="54.4272790" lon="-3.0487110"/>
            <trkpt lat="54.4270710" lon="-3.0488450"/>
            <trkpt lat="54.4269250" lon="-3.0491420"/>
            <trkpt lat="54.4266380" lon="-3.0498210"/>
            <trkpt lat="54.4265130" lon="-3.0498720"/>
            <trkpt lat="54.4257890" lon="-3.0499070"/>
            <trkpt lat="54.4255200" lon="-3.0499750"/>
            <trkpt lat="54.4248600" lon="-3.0497220"/>
            <trkpt lat="54.4246560" lon="-3.0495450"/>
            <trkpt lat="54.4244650" lon="-3.0492830"/>
            <trkpt lat="54.4243020" lon="-3.0492780"/>
            <trkpt lat="54.4240630" lon="-3.0494870"/>
            <trkpt lat="54.4238650" lon="-3.0499860"/>
            <trkpt lat="54.4235490" lon="-3.0504390"/>
            <trkpt lat="54.4232660" lon="-3.0507000"/>
            <trkpt lat="54.4229320" lon="-3.0510780"/>
            <trkpt lat="54.4227170" lon="-3.0514370"/>
            <trkpt lat="54.4225020" lon="-3.0517110"/>
            <trkpt lat="54.4223360" lon="-3.0521360"/>
            <trkpt lat="54.4221020" lon="-3.0524300"/>
            <trkpt lat="54.4216040" lon="-3.0522780"/>
            <trkpt lat="54.4212680" lon="-3.0522480"/>
            <trkpt lat="54.4213290" lon="-3.0538270"/>
            <trkpt lat="54.4213730" lon="-3.0544820"/>
            <trkpt lat="54.4213200" lon="-3.0548460"/>
            <trkpt lat="54.4213040" lon="-3.0558970"/>
            <trkpt lat="54.4209360" lon="-3.0559200"/>
            <trkpt lat="54.4206610" lon="-3.0559660"/>
            <trkpt lat="54.4202880" lon="-3.0564820"/>
            <trkpt lat="54.4200190" lon="-3.0565070"/>
            <trkpt lat="54.4196800" lon="-3.0567880"/>
            <trkpt lat="54.4197570" lon="-3.0571770"/>
            <trkpt lat="54.4195110" lon="-3.0575030"/>
            <trkpt lat="54.4193170" lon="-3.0582380"/>
            <trkpt lat="54.4189530" lon="-3.0592480"/>
            <trkpt lat="54.4186290" lon="-3.0598840"/>
            <trkpt lat="54.4182960" lon="-3.0607980"/>
            <trkpt lat="54.4182670" lon="-3.0613010"/>
            <trkpt lat="54.4181830" lon="-3.0616100"/>
            <trkpt lat="54.4177270" lon="-3.0615990"/>
            <trkpt lat="54.4172410" lon="-3.0621980"/>
            <trkpt lat="54.4172000" lon="-3.0618530"/>
            <trkpt lat="54.4171840" lon="-3.0615950"/>
            <trkpt lat="54.4172810" lon="-3.0611690"/>
            <trkpt lat="54.4173900" lon="-3.0608820"/>
            <trkpt lat="54.4174060" lon="-3.0604850"/>
            <trkpt lat="54.4171800" lon="-3.0591920"/>
            <trkpt lat="54.4170530" lon="-3.0587480"/>
            <trkpt lat="54.4169330" lon="-3.0581660"/>
            <trkpt lat="54.4164240" lon="-3.0585390"/>
            <trkpt lat="54.4169390" lon="-3.0581660"/>
            <trkpt lat="54.4169360" lon="-3.0577900"/>
            <trkpt lat="54.4169850" lon="-3.0572440"/>
            <trkpt lat="54.4170870" lon="-3.0569570"/>
            <trkpt lat="54.4170110" lon="-3.0563970"/>
            <trkpt lat="54.4168590" lon="-3.0559640"/>
            <trkpt lat="54.4166990" lon="-3.0557130"/>
            <trkpt lat="54.4161240" lon="-3.0556880"/>
            <trkpt lat="54.4157760" lon="-3.0555710"/>
            <trkpt lat="54.4155530" lon="-3.0553300"/>
            <trkpt lat="54.4155250" lon="-3.0549430"/>
            <trkpt lat="54.4156160" lon="-3.0545480"/>
            <trkpt lat="54.4156250" lon="-3.0542690"/>
            <trkpt lat="54.4155270" lon="-3.0539660"/>
            <trkpt lat="54.4155620" lon="-3.0535590"/>
            <trkpt lat="54.4157540" lon="-3.0530920"/>
            <trkpt lat="54.4160640" lon="-3.0525850"/>
            <trkpt lat="54.4164010" lon="-3.0519390"/>
            <trkpt lat="54.4164600" lon="-3.0515440"/>
            <trkpt lat="54.4162260" lon="-3.0511840"/>
            <trkpt lat="54.4155800" lon="-3.0515850"/>
            <trkpt lat="54.4153230" lon="-3.0516860"/>
            <trkpt lat="54.4151270" lon="-3.0519170"/>
            <trkpt lat="54.4150370" lon="-3.0522800"/>
            <trkpt lat="54.4148550" lon="-3.0523500"/>
            <trkpt lat="54.4147220" lon="-3.0524970"/>
            <trkpt lat="54.4145030" lon="-3.0526090"/>
            <trkpt lat="54.4143470" lon="-3.0526270"/>
            <trkpt lat="54.4139970" lon="-3.0526070"/>
            <trkpt lat="54.4137220" lon="-3.0526750"/>
            <trkpt lat="54.4134340" lon="-3.0527860"/>
            <trkpt lat="54.4131150" lon="-3.0527670"/>
            <trkpt lat="54.4127920" lon="-3.0525650"/>
            <trkpt lat="54.4124240" lon="-3.0525240"/>
            <trkpt lat="54.4116380" lon="-3.0525250"/>
            <trkpt lat="54.4114410" lon="-3.0521660"/>
            <trkpt lat="54.4111940" lon="-3.0517940"/>
            <trkpt lat="54.4109280" lon="-3.0515620"/>
            <trkpt lat="54.4108050" lon="-3.0513870"/>
            <trkpt lat="54.4104860" lon="-3.0514440"/>
            <trkpt lat="54.4100290" lon="-3.0515710"/>
            <trkpt lat="54.4095090" lon="-3.0517510"/>
            <trkpt lat="54.4089820" lon="-3.0519840"/>
            <trkpt lat="54.4085370" lon="-3.0522090"/>
            <trkpt lat="54.4082740" lon="-3.0522990"/>
            <trkpt lat="54.4076910" lon="-3.0518120"/>
            <trkpt lat="54.4069660" lon="-3.0525660"/>
            <trkpt lat="54.4064010" lon="-3.0536350"/>
            <trkpt lat="54.4069660" lon="-3.0525760"/>
            <trkpt lat="54.4073130" lon="-3.0521880"/>
            <trkpt lat="54.4076850" lon="-3.0518220"/>
            <trkpt lat="54.4079080" lon="-3.0520000"/>
            <trkpt lat="54.4078580" lon="-3.0527390"/>
            <trkpt lat="54.4076060" lon="-3.0530000"/>
            <trkpt lat="54.4076280" lon="-3.0533010"/>
            <trkpt lat="54.4075820" lon="-3.0535470"/>
            <trkpt lat="54.4075980" lon="-3.0538590"/>
            <trkpt lat="54.4075520" lon="-3.0541040"/>
            <trkpt lat="54.4076670" lon="-3.0545260"/>
            <trkpt lat="54.4077000" lon="-3.0550090"/>
            <trkpt lat="54.4076170" lon="-3.0553180"/>
            <trkpt lat="54.4073910" lon="-3.0554310"/>
            <trkpt lat="54.4072020" lon="-3.0556300"/>
            <trkpt lat="54.4071860" lon="-3.0560050"/>
            <trkpt lat="54.4073570" lon="-3.0564280"/>
            <trkpt lat="54.4074300" lon="-3.0567190"/>
            <trkpt lat="54.4074770" lon="-3.0570530"/>
            <trkpt lat="54.4075610" lon="-3.0574520"/>
            <trkpt lat="54.4077650" lon="-3.0576510"/>
            <trkpt lat="54.4079990" lon="-3.0580110"/>
            <trkpt lat="54.4083770" lon="-3.0583750"/>
            <trkpt lat="54.4085120" lon="-3.0586890"/>
            <trkpt lat="54.4086450" lon="-3.0591540"/>
            <trkpt lat="54.4087800" lon="-3.0593720"/>
            <trkpt lat="54.4089970" lon="-3.0595820"/>
            <trkpt lat="54.4090460" lon="-3.0597120"/>
            <trkpt lat="54.4091820" lon="-3.0598010"/>
            <trkpt lat="54.4090800" lon="-3.0601100"/>
            <trkpt lat="54.4090150" lon="-3.0603760"/>
            <trkpt lat="54.4091100" lon="-3.0609050"/>
            <trkpt lat="54.4087630" lon="-3.0613680"/>
            <trkpt lat="54.4084920" lon="-3.0615970"/>
            <trkpt lat="54.4078930" lon="-3.0615600"/>
            <trkpt lat="54.4076220" lon="-3.0618640"/>
            <trkpt lat="54.4073030" lon="-3.0619630"/>
            <trkpt lat="54.4068330" lon="-3.0620580"/>
            <trkpt lat="54.4065390" lon="-3.0621680"/>
            <trkpt lat="54.4063070" lon="-3.0622270"/>
            <trkpt lat="54.4060260" lon="-3.0622200"/>
            <trkpt lat="54.4057510" lon="-3.0623090"/>
            <trkpt lat="54.4054290" lon="-3.0626650"/>
            <trkpt lat="54.4051320" lon="-3.0630330"/>
            <trkpt lat="54.4047810" lon="-3.0639470"/>
            <trkpt lat="54.4044900" lon="-3.0643580"/>
            <trkpt lat="54.4041490" lon="-3.0647780"/>
            <trkpt lat="54.4038490" lon="-3.0648130"/>
            <trkpt lat="54.4035400" lon="-3.0650950"/>
            <trkpt lat="54.4034050" lon="-3.0655100"/>
            <trkpt lat="54.4033720" lon="-3.0657990"/>
            <trkpt lat="54.4034120" lon="-3.0669260"/>
            <trkpt lat="54.4029380" lon="-3.0681700"/>
            <trkpt lat="54.4027360" lon="-3.0684750"/>
            <trkpt lat="54.4024930" lon="-3.0691560"/>
            <trkpt lat="54.4013530" lon="-3.0708860"/>
            <trkpt lat="54.4010820" lon="-3.0711470"/>
            <trkpt lat="54.4007310" lon="-3.0713630"/>
            <trkpt lat="54.4005380" lon="-3.0712620"/>
            <trkpt lat="54.4003120" lon="-3.0706120"/>
            <trkpt lat="54.3997020" lon="-3.0697480"/>
            <trkpt lat="54.3994050" lon="-3.0701270"/>
            <trkpt lat="54.3992390" lon="-3.0704870"/>
            <trkpt lat="54.3988710" lon="-3.0711860"/>
            <trkpt lat="54.3986060" lon="-3.0715010"/>
            <trkpt lat="54.3983500" lon="-3.0721480"/>
            <trkpt lat="54.3981240" lon="-3.0722820"/>
            <trkpt lat="54.3972310" lon="-3.0729450"/>
            <trkpt lat="54.3969430" lon="-3.0730560"/>
            <trkpt lat="54.3966060" lon="-3.0736480"/>
            <trkpt lat="54.3962690" lon="-3.0743040"/>
            <trkpt lat="54.3960150" lon="-3.0748560"/>
            <trkpt lat="54.3958290" lon="-3.0753870"/>
            <trkpt lat="54.3957780" lon="-3.0762340"/>
            <trkpt lat="54.3958430" lon="-3.0765890"/>
            <trkpt lat="54.3960160" lon="-3.0768620"/>
            <trkpt lat="54.3961810" lon="-3.0772740"/>
            <trkpt lat="54.3962580" lon="-3.0777050"/>
            <trkpt lat="54.3965570" lon="-3.0785290"/>
            <trkpt lat="54.3967140" lon="-3.0790690"/>
            <trkpt lat="54.3968040" lon="-3.0795120"/>
            <trkpt lat="54.3965630" lon="-3.0799770"/>
            <trkpt lat="54.3961850" lon="-3.0803220"/>
            <trkpt lat="54.3958100" lon="-3.0803010"/>
            <trkpt lat="54.3953450" lon="-3.0799560"/>
            <trkpt lat="54.3951280" lon="-3.0796930"/>
            <trkpt lat="54.3946940" lon="-3.0793810"/>
            <trkpt lat="54.3940250" lon="-3.0787840"/>
            <trkpt lat="54.3937010" lon="-3.0786570"/>
            <trkpt lat="54.3933470" lon="-3.0784120"/>
            <trkpt lat="54.3931120" lon="-3.0781690"/>
            <trkpt lat="54.3927870" lon="-3.0781610"/>
            <trkpt lat="54.3924980" lon="-3.0783460"/>
            <trkpt lat="54.3921910" lon="-3.0784560"/>
            <trkpt lat="54.3918950" lon="-3.0787060"/>
            <trkpt lat="54.3913950" lon="-3.0787680"/>
            <trkpt lat="54.3908850" lon="-3.0791190"/>
            <trkpt lat="54.3906570" lon="-3.0788130"/>
            <trkpt lat="54.3904790" lon="-3.0791300"/>
            <trkpt lat="54.3901990" lon="-3.0796910"/>
            <trkpt lat="54.3899020" lon="-3.0800480"/>
            <trkpt lat="54.3893560" lon="-3.0803670"/>
            <trkpt lat="54.3888180" lon="-3.0811680"/>
            <trkpt lat="54.3883090" lon="-3.0821200"/>
            <trkpt lat="54.3878460" lon="-3.0829450"/>
            <trkpt lat="54.3875820" lon="-3.0831790"/>
            <trkpt lat="54.3872030" lon="-3.0835660"/>
            <trkpt lat="54.3869610" lon="-3.0841180"/>
            <trkpt lat="54.3865320" lon="-3.0845460"/>
            <trkpt lat="54.3862400" lon="-3.0851070"/>
            <trkpt lat="54.3858220" lon="-3.0856650"/>
            <trkpt lat="54.3854120" lon="-3.0861580"/>
            <trkpt lat="54.3842700" lon="-3.0874050"/>
            <trkpt lat="54.3839730" lon="-3.0876870"/>
            <trkpt lat="54.3836820" lon="-3.0881290"/>
            <trkpt lat="54.3833220" lon="-3.0884950"/>
            <trkpt lat="54.3829100" lon="-3.0891710"/>
            <trkpt lat="54.3824310" lon="-3.0896200"/>
            <trkpt lat="54.3819970" lon="-3.0899090"/>
            <trkpt lat="54.3817830" lon="-3.0901820"/>
            <trkpt lat="54.3813690" lon="-3.0902780"/>
            <trkpt lat="54.3808500" lon="-3.0903610"/>
            <trkpt lat="54.3807180" lon="-3.0904010"/>
            <trkpt lat="54.3805820" lon="-3.0903110"/>
            <trkpt lat="54.3803990" lon="-3.0904670"/>
            <trkpt lat="54.3801200" lon="-3.0902450"/>
            <trkpt lat="54.3799590" lon="-3.0900260"/>
            <trkpt lat="54.3796610" lon="-3.0898680"/>
            <trkpt lat="54.3793080" lon="-3.0895260"/>
            <trkpt lat="54.3789220" lon="-3.0892800"/>
            <trkpt lat="54.3785870" lon="-3.0890130"/>
            <trkpt lat="54.3782140" lon="-3.0888320"/>
            <trkpt lat="54.3777900" lon="-3.0887240"/>
            <trkpt lat="54.3773270" lon="-3.0887550"/>
            <trkpt lat="54.3770120" lon="-3.0890790"/>
            <trkpt lat="54.3768470" lon="-3.0892780"/>
            <trkpt lat="54.3766400" lon="-3.0894230"/>
            <trkpt lat="54.3768950" lon="-3.0895260"/>
            <trkpt lat="54.3770500" lon="-3.0897020"/>
            <trkpt lat="54.3770660" lon="-3.0899490"/>
            <trkpt lat="54.3768400" lon="-3.0901470"/>
            <trkpt lat="54.3764130" lon="-3.0903080"/>
            <trkpt lat="54.3758830" lon="-3.0901750"/>
            <trkpt lat="54.3755530" lon="-3.0900060"/>
            <trkpt lat="54.3752230" lon="-3.0899330"/>
            <trkpt lat="54.3748810" lon="-3.0896770"/>
            <trkpt lat="54.3746220" lon="-3.0893160"/>
            <trkpt lat="54.3743800" lon="-3.0891810"/>
            <trkpt lat="54.3740430" lon="-3.0890860"/>
            <trkpt lat="54.3735030" lon="-3.0886530"/>
            <trkpt lat="54.3731760" lon="-3.0882360"/>
            <trkpt lat="54.3729730" lon="-3.0878340"/>
            <trkpt lat="54.3727840" lon="-3.0873460"/>
            <trkpt lat="54.3726150" lon="-3.0867080"/>
            <trkpt lat="54.3723530" lon="-3.0852100"/>
            <trkpt lat="54.3722710" lon="-3.0845960"/>
            <trkpt lat="54.3723280" lon="-3.0837710"/>
            <trkpt lat="54.3724670" lon="-3.0829600"/>
            <trkpt lat="54.3725210" lon="-3.0825640"/>
            <trkpt lat="54.3725430" lon="-3.0821250"/>
            <trkpt lat="54.3726080" lon="-3.0818260"/>
            <trkpt lat="54.3723130" lon="-3.0805950"/>
            <trkpt lat="54.3722400" lon="-3.0803680"/>
            <trkpt lat="54.3721880" lon="-3.0799150"/>
            <trkpt lat="54.3723360" lon="-3.0794580"/>
            <trkpt lat="54.3724010" lon="-3.0791810"/>
            <trkpt lat="54.3723920" lon="-3.0787730"/>
            <trkpt lat="54.3721900" lon="-3.0783600"/>
            <trkpt lat="54.3719100" lon="-3.0781910"/>
            <trkpt lat="54.3713790" lon="-3.0781770"/>
            <trkpt lat="54.3710670" lon="-3.0780940"/>
            <trkpt lat="54.3708010" lon="-3.0777330"/>
            <trkpt lat="54.3706490" lon="-3.0772670"/>
            <trkpt lat="54.3704650" lon="-3.0768870"/>
            <trkpt lat="54.3702560" lon="-3.0764950"/>
            <trkpt lat="54.3701010" lon="-3.0763090"/>
            <trkpt lat="54.3698070" lon="-3.0764190"/>
            <trkpt lat="54.3695840" lon="-3.0761660"/>
            <trkpt lat="54.3693060" lon="-3.0757940"/>
            <trkpt lat="54.3689750" lon="-3.0757210"/>
            <trkpt lat="54.3688980" lon="-3.0760330"/>
            <trkpt lat="54.3691010" lon="-3.0764680"/>
            <trkpt lat="54.3691270" lon="-3.0777130"/>
            <trkpt lat="54.3689760" lon="-3.0784710"/>
            <trkpt lat="54.3691170" lon="-3.0788610"/>
            <trkpt lat="54.3693450" lon="-3.0792320"/>
            <trkpt lat="54.3695170" lon="-3.0795480"/>
            <trkpt lat="54.3695580" lon="-3.0798060"/>
            <trkpt lat="54.3699440" lon="-3.0806960"/>
            <trkpt lat="54.3700210" lon="-3.0812240"/>
            <trkpt lat="54.3700350" lon="-3.0816970"/>
            <trkpt lat="54.3701320" lon="-3.0820420"/>
            <trkpt lat="54.3701540" lon="-3.0823650"/>
            <trkpt lat="54.3703190" lon="-3.0828410"/>
            <trkpt lat="54.3706780" lon="-3.0832050"/>
            <trkpt lat="54.3709750" lon="-3.0835450"/>
            <trkpt lat="54.3710910" lon="-3.0838270"/>
            <trkpt lat="54.3712000" lon="-3.0842380"/>
            <trkpt lat="54.3713350" lon="-3.0845630"/>
            <trkpt lat="54.3715560" lon="-3.0849880"/>
            <trkpt lat="54.3718710" lon="-3.0854250"/>
            <trkpt lat="54.3721050" lon="-3.0858500"/>
            <trkpt lat="54.3723010" lon="-3.0862630"/>
            <trkpt lat="54.3724280" lon="-3.0866850"/>
            <trkpt lat="54.3725730" lon="-3.0873320"/>
            <trkpt lat="54.3726560" lon="-3.0877640"/>
            <trkpt lat="54.3727920" lon="-3.0879930"/>
            <trkpt lat="54.3729680" lon="-3.0878580"/>
            <trkpt lat="54.3731960" lon="-3.0882500"/>
            <trkpt lat="54.3735110" lon="-3.0886660"/>
            <trkpt lat="54.3740380" lon="-3.0890660"/>
            <trkpt lat="54.3742730" lon="-3.0893840"/>
            <trkpt lat="54.3747130" lon="-3.0898350"/>
            <trkpt lat="54.3750170" lon="-3.0900580"/>
            <trkpt lat="54.3753980" lon="-3.0907220"/>
            <trkpt lat="54.3759850" lon="-3.0915320"/>
            <trkpt lat="54.3763110" lon="-3.0920880"/>
            <trkpt lat="54.3765520" lon="-3.0924270"/>
            <trkpt lat="54.3767680" lon="-3.0926800"/>
            <trkpt lat="54.3769090" lon="-3.0930050"/>
            <trkpt lat="54.3773110" lon="-3.0935310"/>
            <trkpt lat="54.3775170" lon="-3.0941910"/>
            <trkpt lat="54.3776860" lon="-3.0949040"/>
            <trkpt lat="54.3779020" lon="-3.0951240"/>
            <trkpt lat="54.3782210" lon="-3.0951430"/>
            <trkpt lat="54.3784290" lon="-3.0949340"/>
            <trkpt lat="54.3787160" lon="-3.0950390"/>
            <trkpt lat="54.3790330" lon="-3.0952290"/>
            <trkpt lat="54.3794010" lon="-3.0952930"/>
            <trkpt lat="54.3796760" lon="-3.0953000"/>
            <trkpt lat="54.3799240" lon="-3.0954250"/>
            <trkpt lat="54.3801530" lon="-3.0956990"/>
            <trkpt lat="54.3804120" lon="-3.0960920"/>
            <trkpt lat="54.3805720" lon="-3.0963970"/>
            <trkpt lat="54.3807010" lon="-3.0966040"/>
            <trkpt lat="54.3807720" lon="-3.0964030"/>
            <trkpt lat="54.3807690" lon="-3.0960480"/>
            <trkpt lat="54.3810330" lon="-3.0965060"/>
            <trkpt lat="54.3812620" lon="-3.0967480"/>
            <trkpt lat="54.3815790" lon="-3.0970140"/>
            <trkpt lat="54.3817770" lon="-3.0972230"/>
            <trkpt lat="54.3820290" lon="-3.0969730"/>
            <trkpt lat="54.3820610" lon="-3.0962220"/>
            <trkpt lat="54.3820250" lon="-3.0973590"/>
            <trkpt lat="54.3820390" lon="-3.0979600"/>
            <trkpt lat="54.3821830" lon="-3.0985650"/>
            <trkpt lat="54.3821670" lon="-3.0989610"/>
            <trkpt lat="54.3822310" lon="-3.0994670"/>
            <trkpt lat="54.3823650" lon="-3.0998790"/>
            <trkpt lat="54.3824430" lon="-3.1009860"/>
            <trkpt lat="54.3826800" lon="-3.1030210"/>
            <trkpt lat="54.3828160" lon="-3.1031530"/>
            <trkpt lat="54.3828340" lon="-3.1034380"/>
            <trkpt lat="54.3828550" lon="-3.1039530"/>
            <trkpt lat="54.3826850" lon="-3.1040130"/>
            <trkpt lat="54.3825440" lon="-3.1042400"/>
            <trkpt lat="54.3825850" lon="-3.1045850"/>
            <trkpt lat="54.3827180" lon="-3.1050390"/>
            <trkpt lat="54.3828640" lon="-3.1054180"/>
            <trkpt lat="54.3828420" lon="-3.1058040"/>
            <trkpt lat="54.3830170" lon="-3.1064630"/>
            <trkpt lat="54.3832180" lon="-3.1070910"/>
            <trkpt lat="54.3832950" lon="-3.1074900"/>
            <trkpt lat="54.3830380" lon="-3.1083520"/>
            <trkpt lat="54.3828040" lon="-3.1086250"/>
            <trkpt lat="54.3825250" lon="-3.1090360"/>
            <trkpt lat="54.3823340" lon="-3.1094820"/>
            <trkpt lat="54.3820910" lon="-3.1095660"/>
            <trkpt lat="54.3819450" lon="-3.1098090"/>
            <trkpt lat="54.3818150" lon="-3.1102990"/>
            <trkpt lat="54.3815430" lon="-3.1100450"/>
            <trkpt lat="54.3812550" lon="-3.1100800"/>
            <trkpt lat="54.3809170" lon="-3.1099690"/>
            <trkpt lat="54.3804600" lon="-3.1099890"/>
            <trkpt lat="54.3802680" lon="-3.1098770"/>
            <trkpt lat="54.3799330" lon="-3.1096310"/>
            <trkpt lat="54.3796140" lon="-3.1095910"/>
            <trkpt lat="54.3786330" lon="-3.1095860"/>
            <trkpt lat="54.3784760" lon="-3.1096890"/>
            <trkpt lat="54.3779450" lon="-3.1096960"/>
            <trkpt lat="54.3776060" lon="-3.1097940"/>
            <trkpt lat="54.3773080" lon="-3.1095710"/>
            <trkpt lat="54.3763720" lon="-3.1094490"/>
            <trkpt lat="54.3761250" lon="-3.1091530"/>
            <trkpt lat="54.3761210" lon="-3.1089060"/>
            <trkpt lat="54.3759780" lon="-3.1085020"/>
            <trkpt lat="54.3757690" lon="-3.1081740"/>
            <trkpt lat="54.3756390" lon="-3.1080420"/>
            <trkpt lat="54.3755290" lon="-3.1077380"/>
            <trkpt lat="54.3752940" lon="-3.1074750"/>
            <trkpt lat="54.3750120" lon="-3.1069200"/>
            <trkpt lat="54.3748970" lon="-3.1064660"/>
            <trkpt lat="54.3748890" lon="-3.1059940"/>
            <trkpt lat="54.3746960" lon="-3.1052690"/>
            <trkpt lat="54.3744990" lon="-3.1049210"/>
            <trkpt lat="54.3744090" lon="-3.1044680"/>
            <trkpt lat="54.3742250" lon="-3.1040550"/>
            <trkpt lat="54.3739660" lon="-3.1037480"/>
            <trkpt lat="54.3737410" lon="-3.1036770"/>
            <trkpt lat="54.3734850" lon="-3.1036380"/>
            <trkpt lat="54.3732130" lon="-3.1033300"/>
            <trkpt lat="54.3733480" lon="-3.1030010"/>
            <trkpt lat="54.3733010" lon="-3.1025810"/>
            <trkpt lat="54.3731020" lon="-3.1024900"/>
            <trkpt lat="54.3728890" lon="-3.1025270"/>
            <trkpt lat="54.3725350" lon="-3.1023680"/>
            <trkpt lat="54.3717520" lon="-3.1024860"/>
            <trkpt lat="54.3710840" lon="-3.1024250"/>
            <trkpt lat="54.3704530" lon="-3.1024190"/>
            <trkpt lat="54.3700850" lon="-3.1022480"/>
            <trkpt lat="54.3697630" lon="-3.1019820"/>
            <trkpt lat="54.3694110" lon="-3.1014890"/>
            <trkpt lat="54.3691510" lon="-3.1011600"/>
            <trkpt lat="54.3688160" lon="-3.1009150"/>
            <trkpt lat="54.3685670" lon="-3.1007910"/>
            <trkpt lat="54.3681570" lon="-3.1005010"/>
            <trkpt lat="54.3676840" lon="-3.1002630"/>
            <trkpt lat="54.3673560" lon="-3.0999320"/>
            <trkpt lat="54.3670850" lon="-3.0995380"/>
            <trkpt lat="54.3666930" lon="-3.0992600"/>
            <trkpt lat="54.3663270" lon="-3.0989600"/>
            <trkpt lat="54.3661680" lon="-3.0986230"/>
            <trkpt lat="54.3659130" lon="-3.0984450"/>
            <trkpt lat="54.3656310" lon="-3.0985440"/>
            <trkpt lat="54.3654010" lon="-3.0984090"/>
            <trkpt lat="54.3651110" lon="-3.0979720"/>
            <trkpt lat="54.3649650" lon="-3.0982370"/>
            <trkpt lat="54.3648210" lon="-3.0982440"/>
            <trkpt lat="54.3642380" lon="-3.0995300"/>
            <trkpt lat="54.3641420" lon="-3.0998710"/>
            <trkpt lat="54.3637790" lon="-3.1005480"/>
            <trkpt lat="54.3636760" lon="-3.1008880"/>
            <trkpt lat="54.3633830" lon="-3.1014710"/>
            <trkpt lat="54.3629760" lon="-3.1024650"/>
            <trkpt lat="54.3626090" lon="-3.1028840"/>
            <trkpt lat="54.3626080" lon="-3.1030770"/>
            <trkpt lat="54.3625090" lon="-3.1036110"/>
            <trkpt lat="54.3624800" lon="-3.1040390"/>
            <trkpt lat="54.3623190" lon="-3.1045390"/>
            <trkpt lat="54.3621090" lon="-3.1049200"/>
            <trkpt lat="54.3619940" lon="-3.1052710"/>
            <trkpt lat="54.3618820" lon="-3.1058800"/>
            <trkpt lat="54.3614120" lon="-3.1066930"/>
            <trkpt lat="54.3611980" lon="-3.1068590"/>
            <trkpt lat="54.3610000" lon="-3.1072720"/>
            <trkpt lat="54.3604750" lon="-3.1079020"/>
            <trkpt lat="54.3599800" lon="-3.1087580"/>
            <trkpt lat="54.3597680" lon="-3.1093530"/>
            <trkpt lat="54.3595680" lon="-3.1099800"/>
            <trkpt lat="54.3593290" lon="-3.1102100"/>
            <trkpt lat="54.3591110" lon="-3.1107840"/>
            <trkpt lat="54.3588380" lon="-3.1112480"/>
            <trkpt lat="54.3586150" lon="-3.1116610"/>
            <trkpt lat="54.3584650" lon="-3.1123330"/>
            <trkpt lat="54.3584420" lon="-3.1127610"/>
            <trkpt lat="54.3583510" lon="-3.1131660"/>
            <trkpt lat="54.3582920" lon="-3.1135400"/>
            <trkpt lat="54.3583700" lon="-3.1138430"/>
            <trkpt lat="54.3582790" lon="-3.1142480"/>
            <trkpt lat="54.3583750" lon="-3.1146800"/>
            <trkpt lat="54.3582290" lon="-3.1155560"/>
            <trkpt lat="54.3582460" lon="-3.1157600"/>
            <trkpt lat="54.3581950" lon="-3.1159200"/>
            <trkpt lat="54.3583830" lon="-3.1164830"/>
            <trkpt lat="54.3584040" lon="-3.1169340"/>
            <trkpt lat="54.3584050" lon="-3.1174600"/>
            <trkpt lat="54.3584890" lon="-3.1179020"/>
            <trkpt lat="54.3585860" lon="-3.1182270"/>
            <trkpt lat="54.3585710" lon="-3.1185270"/>
            <trkpt lat="54.3582890" lon="-3.1191840"/>
            <trkpt lat="54.3582680" lon="-3.1194630"/>
            <trkpt lat="54.3583140" lon="-3.1199260"/>
            <trkpt lat="54.3581800" lon="-3.1201470"/>
            <trkpt lat="54.3581080" lon="-3.1205210"/>
            <trkpt lat="54.3581240" lon="-3.1208750"/>
            <trkpt lat="54.3581840" lon="-3.1211450"/>
            <trkpt lat="54.3582940" lon="-3.1214160"/>
            <trkpt lat="54.3582970" lon="-3.1217380"/>
            <trkpt lat="54.3586020" lon="-3.1225410"/>
            <trkpt lat="54.3587040" lon="-3.1230590"/>
            <trkpt lat="54.3587010" lon="-3.1233270"/>
            <trkpt lat="54.3585500" lon="-3.1234520"/>
            <trkpt lat="54.3584920" lon="-3.1236650"/>
            <trkpt lat="54.3585330" lon="-3.1239660"/>
            <trkpt lat="54.3584420" lon="-3.1242960"/>
            <trkpt lat="54.3584250" lon="-3.1248000"/>
            <trkpt lat="54.3584320" lon="-3.1254230"/>
            <trkpt lat="54.3583230" lon="-3.1256990"/>
            <trkpt lat="54.3582380" lon="-3.1260930"/>
            <trkpt lat="54.3582650" lon="-3.1265550"/>
            <trkpt lat="54.3580320" lon="-3.1273860"/>
            <trkpt lat="54.3580410" lon="-3.1277400"/>
            <trkpt lat="54.3580880" lon="-3.1280640"/>
            <trkpt lat="54.3580030" lon="-3.1285330"/>
            <trkpt lat="54.3580170" lon="-3.1290490"/>
            <trkpt lat="54.3579510" lon="-3.1293690"/>
            <trkpt lat="54.3578360" lon="-3.1296340"/>
            <trkpt lat="54.3578390" lon="-3.1299880"/>
            <trkpt lat="54.3579110" lon="-3.1302690"/>
            <trkpt lat="54.3579910" lon="-3.1304650"/>
            <trkpt lat="54.3580270" lon="-3.1306370"/>
            <trkpt lat="54.3578940" lon="-3.1308050"/>
            <trkpt lat="54.3578480" lon="-3.1310610"/>
            <trkpt lat="54.3579020" lon="-3.1312880"/>
            <trkpt lat="54.3579130" lon="-3.1314280"/>
            <trkpt lat="54.3577810" lon="-3.1315530"/>
            <trkpt lat="54.3576560" lon="-3.1321830"/>
            <trkpt lat="54.3576520" lon="-3.1326230"/>
            <trkpt lat="54.3575660" lon="-3.1330600"/>
            <trkpt lat="54.3574570" lon="-3.1333900"/>
            <trkpt lat="54.3572620" lon="-3.1335030"/>
            <trkpt lat="54.3571640" lon="-3.1339610"/>
            <trkpt lat="54.3571690" lon="-3.1343820"/>
            <trkpt lat="54.3572560" lon="-3.1350180"/>
            <trkpt lat="54.3574220" lon="-3.1354090"/>
            <trkpt lat="54.3574100" lon="-3.1357160"/>
            <trkpt lat="54.3572310" lon="-3.1361510"/>
            <trkpt lat="54.3572350" lon="-3.1365950"/>
            <trkpt lat="54.3571100" lon="-3.1370390"/>
            <trkpt lat="54.3571500" lon="-3.1374270"/>
            <trkpt lat="54.3571920" lon="-3.1375890"/>
            <trkpt lat="54.3573220" lon="-3.1377430"/>
            <trkpt lat="54.3573020" lon="-3.1378600"/>
            <trkpt lat="54.3573320" lon="-3.1380110"/>
            <trkpt lat="54.3573300" lon="-3.1382580"/>
            <trkpt lat="54.3574080" lon="-3.1385710"/>
            <trkpt lat="54.3573430" lon="-3.1389240"/>
            <trkpt lat="54.3574380" lon="-3.1394630"/>
            <trkpt lat="54.3575160" lon="-3.1397330"/>
            <trkpt lat="54.3576580" lon="-3.1399840"/>
            <trkpt lat="54.3577480" lon="-3.1403830"/>
            <trkpt lat="54.3578180" lon="-3.1409110"/>
            <trkpt lat="54.3578580" lon="-3.1413310"/>
            <trkpt lat="54.3579420" lon="-3.1416120"/>
            <trkpt lat="54.3580970" lon="-3.1418520"/>
            <trkpt lat="54.3581930" lon="-3.1422630"/>
            <trkpt lat="54.3583580" lon="-3.1426430"/>
            <trkpt lat="54.3583970" lon="-3.1431060"/>
            <trkpt lat="54.3584070" lon="-3.1434380"/>
            <trkpt lat="54.3585360" lon="-3.1436890"/>
            <trkpt lat="54.3586780" lon="-3.1438320"/>
            <trkpt lat="54.3587140" lon="-3.1440370"/>
            <trkpt lat="54.3585740" lon="-3.1443020"/>
            <trkpt lat="54.3584450" lon="-3.1446310"/>
            <trkpt lat="54.3583780" lon="-3.1451330"/>
            <trkpt lat="54.3582290" lon="-3.1456440"/>
            <trkpt lat="54.3581180" lon="-3.1461670"/>
            <trkpt lat="54.3576370" lon="-3.1475160"/>
            <trkpt lat="54.3573290" lon="-3.1483340"/>
            <trkpt lat="54.3572120" lon="-3.1487700"/>
            <trkpt lat="54.3570000" lon="-3.1493970"/>
            <trkpt lat="54.3568760" lon="-3.1499520"/>
            <trkpt lat="54.3567090" lon="-3.1503440"/>
            <trkpt lat="54.3565500" lon="-3.1506620"/>
            <trkpt lat="54.3564000" lon="-3.1511300"/>
            <trkpt lat="54.3562500" lon="-3.1514500"/>
            <trkpt lat="54.3560900" lon="-3.1517100"/>
            <trkpt lat="54.3560400" lon="-3.1519000"/>
            <trkpt lat="54.3558610" lon="-3.1522660"/>
            <trkpt lat="54.3558900" lon="-3.1528300"/>
            <trkpt lat="54.3558500" lon="-3.1531200"/>
            <trkpt lat="54.3558700" lon="-3.1538300"/>
            <trkpt lat="54.3558500" lon="-3.1544000"/>
            <trkpt lat="54.3559000" lon="-3.1550100"/>
            <trkpt lat="54.3556000" lon="-3.1560200"/>
            <trkpt lat="54.3555600" lon="-3.1563800"/>
            <trkpt lat="54.3556000" lon="-3.1573700"/>
            <trkpt lat="54.3556100" lon="-3.1579800"/>
            <trkpt lat="54.3558700" lon="-3.1579500"/>
            <trkpt lat="54.3561850" lon="-3.1576720"/>
            <trkpt lat="54.3564470" lon="-3.1577120"/>
            <trkpt lat="54.3567600" lon="-3.1576130"/>
            <trkpt lat="54.3571100" lon="-3.1576560"/>
            <trkpt lat="54.3574350" lon="-3.1577290"/>
            <trkpt lat="54.3578470" lon="-3.1577300"/>
            <trkpt lat="54.3580160" lon="-3.1580460"/>
            <trkpt lat="54.3580640" lon="-3.1583260"/>
            <trkpt lat="54.3582180" lon="-3.1585670"/>
            <trkpt lat="54.3582970" lon="-3.1587620"/>
            <trkpt lat="54.3586200" lon="-3.1590180"/>
            <trkpt lat="54.3587670" lon="-3.1592480"/>
            <trkpt lat="54.3589050" lon="-3.1598740"/>
            <trkpt lat="54.3590250" lon="-3.1604890"/>
            <trkpt lat="54.3591710" lon="-3.1608260"/>
            <trkpt lat="54.3593380" lon="-3.1610230"/>
            <trkpt lat="54.3595680" lon="-3.1611370"/>
            <trkpt lat="54.3597290" lon="-3.1613560"/>
            <trkpt lat="54.3598540" lon="-3.1620150"/>
            <trkpt lat="54.3598680" lon="-3.1624550"/>
            <trkpt lat="54.3599770" lon="-3.1628660"/>
            <trkpt lat="54.3600930" lon="-3.1631800"/>
            <trkpt lat="54.3602550" lon="-3.1638180"/>
            <trkpt lat="54.3602880" lon="-3.1643120"/>
            <trkpt lat="54.3603530" lon="-3.1647330"/>
            <trkpt lat="54.3604680" lon="-3.1651120"/>
            <trkpt lat="54.3606630" lon="-3.1663400"/>
            <trkpt lat="54.3606530" lon="-3.1673060"/>
            <trkpt lat="54.3607550" lon="-3.1677380"/>
            <trkpt lat="54.3605950" lon="-3.1681520"/>
            <trkpt lat="54.3604980" lon="-3.1685250"/>
            <trkpt lat="54.3606000" lon="-3.1689780"/>
            <trkpt lat="54.3608680" lon="-3.1696410"/>
            <trkpt lat="54.3610160" lon="-3.1699130"/>
            <trkpt lat="54.3609060" lon="-3.1702850"/>
            <trkpt lat="54.3610040" lon="-3.1705350"/>
            <trkpt lat="54.3610230" lon="-3.1710720"/>
            <trkpt lat="54.3611550" lon="-3.1729430"/>
            <trkpt lat="54.3615700" lon="-3.1740390"/>
            <trkpt lat="54.3616110" lon="-3.1749410"/>
            <trkpt lat="54.3616880" lon="-3.1754050"/>
            <trkpt lat="54.3623390" lon="-3.1759390"/>
            <trkpt lat="54.3625740" lon="-3.1762140"/>
            <trkpt lat="54.3628410" lon="-3.1763930"/>
            <trkpt lat="54.3630010" lon="-3.1766550"/>
            <trkpt lat="54.3633500" lon="-3.1768050"/>
            <trkpt lat="54.3638420" lon="-3.1769800"/>
            <trkpt lat="54.3641940" lon="-3.1780840"/>
            <trkpt lat="54.3643550" lon="-3.1782820"/>
            <trkpt lat="54.3647170" lon="-3.1782930"/>
            <trkpt lat="54.3649210" lon="-3.1785340"/>
            <trkpt lat="54.3650560" lon="-3.1794400"/>
            <trkpt lat="54.3651310" lon="-3.1800960"/>
            <trkpt lat="54.3651220" lon="-3.1810300"/>
            <trkpt lat="54.3653460" lon="-3.1811220"/>
            <trkpt lat="54.3654060" lon="-3.1807370"/>
            <trkpt lat="54.3656790" lon="-3.1809490"/>
            <trkpt lat="54.3659890" lon="-3.1812370"/>
            <trkpt lat="54.3666440" lon="-3.1800330"/>
            <trkpt lat="54.3667180" lon="-3.1801530"/>
            <trkpt lat="54.3664580" lon="-3.1811750"/>
            <trkpt lat="54.3663130" lon="-3.1819870"/>
            <trkpt lat="54.3663070" lon="-3.1825770"/>
            <trkpt lat="54.3664030" lon="-3.1829770"/>
            <trkpt lat="54.3666500" lon="-3.1833270"/>
            <trkpt lat="54.3668830" lon="-3.1837840"/>
            <trkpt lat="54.3669450" lon="-3.1843980"/>
            <trkpt lat="54.3670280" lon="-3.1849260"/>
            <trkpt lat="54.3669470" lon="-3.1855240"/>
            <trkpt lat="54.3670440" lon="-3.1858060"/>
            <trkpt lat="54.3672410" lon="-3.1861340"/>
            <trkpt lat="54.3675350" lon="-3.1867110"/>
            <trkpt lat="54.3679010" lon="-3.1870220"/>
            <trkpt lat="54.3681670" lon="-3.1873520"/>
            <trkpt lat="54.3681820" lon="-3.1876850"/>
            <trkpt lat="54.3684110" lon="-3.1879490"/>
            <trkpt lat="54.3684740" lon="-3.1885190"/>
            <trkpt lat="54.3682130" lon="-3.1890060"/>
            <trkpt lat="54.3681280" lon="-3.1893790"/>
            <trkpt lat="54.3676330" lon="-3.1895250"/>
            <trkpt lat="54.3675430" lon="-3.1897370"/>
            <trkpt lat="54.3674650" lon="-3.1900360"/>
            <trkpt lat="54.3672400" lon="-3.1900290"/>
            <trkpt lat="54.3667930" lon="-3.1897480"/>
            <trkpt lat="54.3661070" lon="-3.1895240"/>
            <trkpt lat="54.3657610" lon="-3.1895400"/>
            <trkpt lat="54.3654390" lon="-3.1898200"/>
            <trkpt lat="54.3651080" lon="-3.1898220"/>
            <trkpt lat="54.3647080" lon="-3.1900890"/>
            <trkpt lat="54.3645440" lon="-3.1908890"/>
            <trkpt lat="54.3642890" lon="-3.1913650"/>
            <trkpt lat="54.3642820" lon="-3.1914030"/>
            <trkpt lat="54.3640670" lon="-3.1916700"/>
            <trkpt lat="54.3636570" lon="-3.1920820"/>
            <trkpt lat="54.3632680" lon="-3.1922100"/>
            <trkpt lat="54.3624610" lon="-3.1928200"/>
            <trkpt lat="54.3617350" lon="-3.1929060"/>
            <trkpt lat="54.3612510" lon="-3.1931500"/>
            <trkpt lat="54.3603730" lon="-3.1934240"/>
            <trkpt lat="54.3601540" lon="-3.1935150"/>
            <trkpt lat="54.3599100" lon="-3.1935290"/>
            <trkpt lat="54.3596310" lon="-3.1938430"/>
            <trkpt lat="54.3591170" lon="-3.1940530"/>
            <trkpt lat="54.3585790" lon="-3.1946490"/>
            <trkpt lat="54.3582010" lon="-3.1949600"/>
            <trkpt lat="54.3576060" lon="-3.1950280"/>
            <trkpt lat="54.3570590" lon="-3.1954200"/>
            <trkpt lat="54.3569180" lon="-3.1950620"/>
            <trkpt lat="54.3564130" lon="-3.1955950"/>
            <trkpt lat="54.3560960" lon="-3.1953920"/>
            <trkpt lat="54.3558730" lon="-3.1951500"/>
            <trkpt lat="54.3555590" lon="-3.1946900"/>
            <trkpt lat="54.3553440" lon="-3.1942760"/>
            <trkpt lat="54.3551200" lon="-3.1941510"/>
            <trkpt lat="54.3548650" lon="-3.1940690"/>
            <trkpt lat="54.3546740" lon="-3.1937520"/>
            <trkpt lat="54.3542650" lon="-3.1933970"/>
            <trkpt lat="54.3542120" lon="-3.1930620"/>
            <trkpt lat="54.3541960" lon="-3.1927290"/>
            <trkpt lat="54.3536610" lon="-3.1924880"/>
            <trkpt lat="54.3536780" lon="-3.1913840"/>
            <trkpt lat="54.3538640" lon="-3.1902300"/>
            <trkpt lat="54.3537000" lon="-3.1897850"/>
            <trkpt lat="54.3534360" lon="-3.1889900"/>
            <trkpt lat="54.3537610" lon="-3.1885050"/>
            <trkpt lat="54.3541420" lon="-3.1881650"/>
            <trkpt lat="54.3545730" lon="-3.1879570"/>
            <trkpt lat="54.3548730" lon="-3.1880430"/>
            <trkpt lat="54.3547610" lon="-3.1883800"/>
            <trkpt lat="54.3547390" lon="-3.1887090"/>
            <trkpt lat="54.3548840" lon="-3.1889110"/>
            <trkpt lat="54.3549940" lon="-3.1888160"/>
            <trkpt lat="54.3551640" lon="-3.1883920"/>
            <trkpt lat="54.3553260" lon="-3.1881880"/>
            <trkpt lat="54.3555250" lon="-3.1881390"/>
            <trkpt lat="54.3556990" lon="-3.1880560"/>
            <trkpt lat="54.3557970" lon="-3.1884650"/>
            <trkpt lat="54.3559010" lon="-3.1889960"/>
            <trkpt lat="54.3559150" lon="-3.1895230"/>
            <trkpt lat="54.3558970" lon="-3.1900500"/>
            <trkpt lat="54.3560020" lon="-3.1903830"/>
            <trkpt lat="54.3562030" lon="-3.1907730"/>
            <trkpt lat="54.3563660" lon="-3.1911620"/>
            <trkpt lat="54.3563820" lon="-3.1914920"/>
            <trkpt lat="54.3562710" lon="-3.1917420"/>
            <trkpt lat="54.3561090" lon="-3.1919350"/>
            <trkpt lat="54.3560090" lon="-3.1923490"/>
            <trkpt lat="54.3559580" lon="-3.1928970"/>
            <trkpt lat="54.3558630" lon="-3.1934430"/>
            <trkpt lat="54.3563300" lon="-3.1941380"/>
            <trkpt lat="54.3564620" lon="-3.1944160"/>
            <trkpt lat="54.3566850" lon="-3.1945330"/>
            <trkpt lat="54.3568740" lon="-3.1948350"/>
            <trkpt lat="54.3569230" lon="-3.1950670"/>
            <trkpt lat="54.3570460" lon="-3.1954200"/>
            <trkpt lat="54.3569010" lon="-3.1963850"/>
            <trkpt lat="54.3567610" lon="-3.1975570"/>
            <trkpt lat="54.3567840" lon="-3.1981390"/>
            <trkpt lat="54.3568660" lon="-3.1988990"/>
            <trkpt lat="54.3566830" lon="-3.1998930"/>
            <trkpt lat="54.3567770" lon="-3.2007310"/>
            <trkpt lat="54.3570050" lon="-3.2010010"/>
            <trkpt lat="54.3573490" lon="-3.2011650"/>
            <trkpt lat="54.3574960" lon="-3.2011910"/>
            <trkpt lat="54.3576370" lon="-3.2011620"/>
            <trkpt lat="54.3579370" lon="-3.2012040"/>
            <trkpt lat="54.3581880" lon="-3.2010580"/>
            <trkpt lat="54.3583890" lon="-3.2008660"/>
            <trkpt lat="54.3585190" lon="-3.2005950"/>
            <trkpt lat="54.3587610" lon="-3.2007450"/>
            <trkpt lat="54.3591290" lon="-3.2004920"/>
            <trkpt lat="54.3593370" lon="-3.2008170"/>
            <trkpt lat="54.3595960" lon="-3.2004290"/>
            <trkpt lat="54.3598060" lon="-3.2006440"/>
            <trkpt lat="54.3599170" lon="-3.2003280"/>
            <trkpt lat="54.3599030" lon="-3.1998670"/>
            <trkpt lat="54.3607160" lon="-3.2004510"/>
            <trkpt lat="54.3611900" lon="-3.2003990"/>
            <trkpt lat="54.3616380" lon="-3.2004670"/>
            <trkpt lat="54.3619050" lon="-3.2006280"/>
            <trkpt lat="54.3620420" lon="-3.2003580"/>
            <trkpt lat="54.3621310" lon="-3.1997890"/>
            <trkpt lat="54.3622520" lon="-3.1992210"/>
            <trkpt lat="54.3623270" lon="-3.1987620"/>
            <trkpt lat="54.3626140" lon="-3.1981890"/>
            <trkpt lat="54.3628400" lon="-3.1979860"/>
            <trkpt lat="54.3630780" lon="-3.1978510"/>
            <trkpt lat="54.3632480" lon="-3.1975260"/>
            <trkpt lat="54.3635050" lon="-3.1973800"/>
            <trkpt lat="54.3640480" lon="-3.1974730"/>
            <trkpt lat="54.3648580" lon="-3.1971450"/>
            <trkpt lat="54.3652510" lon="-3.1969150"/>
            <trkpt lat="54.3655920" lon="-3.1967850"/>
            <trkpt lat="54.3662030" lon="-3.1964400"/>
            <trkpt lat="54.3665050" lon="-3.1963060"/>
            <trkpt lat="54.3667070" lon="-3.1960270"/>
            <trkpt lat="54.3669830" lon="-3.1958810"/>
            <trkpt lat="54.3672780" lon="-3.1958020"/>
            <trkpt lat="54.3675160" lon="-3.1956660"/>
            <trkpt lat="54.3677660" lon="-3.1956400"/>
            <trkpt lat="54.3679270" lon="-3.1955680"/>
            <trkpt lat="54.3683410" lon="-3.1957340"/>
            <trkpt lat="54.3685930" lon="-3.1954890"/>
            <trkpt lat="54.3687920" lon="-3.1954940"/>
            <trkpt lat="54.3691920" lon="-3.1958030"/>
            <trkpt lat="54.3692000" lon="-3.1955830"/>
            <trkpt lat="54.3693760" lon="-3.1952480"/>
            <trkpt lat="54.3701920" lon="-3.1949640"/>
            <trkpt lat="54.3705250" lon="-3.1949630"/>
            <trkpt lat="54.3710780" lon="-3.1946930"/>
            <trkpt lat="54.3715350" lon="-3.1949810"/>
            <trkpt lat="54.3719420" lon="-3.1953230"/>
            <trkpt lat="54.3722330" lon="-3.1956170"/>
            <trkpt lat="54.3724160" lon="-3.1958640"/>
            <trkpt lat="54.3726170" lon="-3.1962980"/>
            <trkpt lat="54.3727390" lon="-3.1962470"/>
            <trkpt lat="54.3728920" lon="-3.1963170"/>
            <trkpt lat="54.3729850" lon="-3.1965830"/>
            <trkpt lat="54.3732860" lon="-3.1965590"/>
            <trkpt lat="54.3734930" lon="-3.1963460"/>
            <trkpt lat="54.3737220" lon="-3.1958580"/>
            <trkpt lat="54.3740770" lon="-3.1954950"/>
            <trkpt lat="54.3745230" lon="-3.1950900"/>
            <trkpt lat="54.3749490" lon="-3.1946740"/>
            <trkpt lat="54.3756780" lon="-3.1940920"/>
            <trkpt lat="54.3758790" lon="-3.1938120"/>
            <trkpt lat="54.3759550" lon="-3.1931880"/>
            <trkpt lat="54.3760150" lon="-3.1929590"/>
            <trkpt lat="54.3759170" lon="-3.1925610"/>
            <trkpt lat="54.3760490" lon="-3.1921030"/>
            <trkpt lat="54.3760970" lon="-3.1917750"/>
            <trkpt lat="54.3761000" lon="-3.1914900"/>
            <trkpt lat="54.3767100" lon="-3.1908140"/>
            <trkpt lat="54.3765590" lon="-3.1905790"/>
            <trkpt lat="54.3763950" lon="-3.1903660"/>
            <trkpt lat="54.3764370" lon="-3.1899930"/>
            <trkpt lat="54.3765950" lon="-3.1895590"/>
            <trkpt lat="54.3768420" lon="-3.1891590"/>
            <trkpt lat="54.3770750" lon="-3.1888260"/>
            <trkpt lat="54.3773130" lon="-3.1886680"/>
            <trkpt lat="54.3776770" lon="-3.1888320"/>
            <trkpt lat="54.3778700" lon="-3.1886950"/>
            <trkpt lat="54.3784450" lon="-3.1880970"/>
            <trkpt lat="54.3786380" lon="-3.1879590"/>
            <trkpt lat="54.3790090" lon="-3.1880140"/>
            <trkpt lat="54.3793730" lon="-3.1880250"/>
            <trkpt lat="54.3799250" lon="-3.1879090"/>
            <trkpt lat="54.3802950" lon="-3.1879860"/>
            <trkpt lat="54.3806840" lon="-3.1880960"/>
            <trkpt lat="54.3810350" lon="-3.1882380"/>
            <trkpt lat="54.3815060" lon="-3.1884820"/>
            <trkpt lat="54.3817610" lon="-3.1885550"/>
            <trkpt lat="54.3819970" lon="-3.1886060"/>
            <trkpt lat="54.3822150" lon="-3.1885140"/>
            <trkpt lat="54.3827390" lon="-3.1885950"/>
            <trkpt lat="54.3829550" lon="-3.1883790"/>
            <trkpt lat="54.3832400" lon="-3.1880440"/>
            <trkpt lat="54.3838520" lon="-3.1874390"/>
            <trkpt lat="54.3841010" lon="-3.1869210"/>
            <trkpt lat="54.3847630" lon="-3.1869400"/>
            <trkpt lat="54.3850320" lon="-3.1868620"/>
            <trkpt lat="54.3853500" lon="-3.1869890"/>
            <trkpt lat="54.3858080" lon="-3.1867450"/>
            <trkpt lat="54.3862020" lon="-3.1867560"/>
            <trkpt lat="54.3866570" lon="-3.1868560"/>
            <trkpt lat="54.3870120" lon="-3.1869950"/>
            <trkpt lat="54.3874090" lon="-3.1872640"/>
            <trkpt lat="54.3876030" lon="-3.1872160"/>
            <trkpt lat="54.3878990" lon="-3.1870420"/>
            <trkpt lat="54.3892720" lon="-3.1872000"/>
            <trkpt lat="54.3898660" lon="-3.1871630"/>
            <trkpt lat="54.3902560" lon="-3.1874860"/>
            <trkpt lat="54.3905950" lon="-3.1873670"/>
            <trkpt lat="54.3909920" lon="-3.1875930"/>
            <trkpt lat="54.3914510" lon="-3.1879820"/>
            <trkpt lat="54.3917620" lon="-3.1880550"/>
            <trkpt lat="54.3923040" lon="-3.1882210"/>
            <trkpt lat="54.3924730" lon="-3.1882580"/>
            <trkpt lat="54.3931110" lon="-3.1881910"/>
            <trkpt lat="54.3935730" lon="-3.1881830"/>
            <trkpt lat="54.3941930" lon="-3.1880510"/>
            <trkpt lat="54.3946790" lon="-3.1881620"/>
            <trkpt lat="54.3952390" lon="-3.1883500"/>
            <trkpt lat="54.3954310" lon="-3.1885270"/>
            <trkpt lat="54.3955890" lon="-3.1889500"/>
            <trkpt lat="54.3959720" lon="-3.1893900"/>
            <trkpt lat="54.3966170" lon="-3.1899130"/>
            <trkpt lat="54.3967870" lon="-3.1904010"/>
            <trkpt lat="54.3971380" lon="-3.1902730"/>
            <trkpt lat="54.3974570" lon="-3.1901850"/>
            <trkpt lat="54.3980800" lon="-3.1903430"/>
            <trkpt lat="54.3993000" lon="-3.1901200"/>
            <trkpt lat="54.3997000" lon="-3.1899300"/>
            <trkpt lat="54.3997900" lon="-3.1892800"/>
            <trkpt lat="54.4000600" lon="-3.1887300"/>
            <trkpt lat="54.4003700" lon="-3.1886900"/>
            <trkpt lat="54.4005200" lon="-3.1883500"/>
            <trkpt lat="54.4007700" lon="-3.1883100"/>
            <trkpt lat="54.4009880" lon="-3.1880780"/>
            <trkpt lat="54.4021710" lon="-3.1872530"/>
            <trkpt lat="54.4027810" lon="-3.1862090"/>
            <trkpt lat="54.4028380" lon="-3.1854920"/>
            <trkpt lat="54.4028760" lon="-3.1860720"/>
            <trkpt lat="54.4028000" lon="-3.1867460"/>
            <trkpt lat="54.4027990" lon="-3.1875180"/>
            <trkpt lat="54.4027380" lon="-3.1886650"/>
            <trkpt lat="54.4027260" lon="-3.1892550"/>
            <trkpt lat="54.4028160" lon="-3.1901800"/>
            <trkpt lat="54.4029260" lon="-3.1911170"/>
            <trkpt lat="54.4029500" lon="-3.1924700"/>
            <trkpt lat="54.4030220" lon="-3.1927720"/>
            <trkpt lat="54.4031390" lon="-3.1929790"/>
            <trkpt lat="54.4032330" lon="-3.1941620"/>
            <trkpt lat="54.4042210" lon="-3.1966380"/>
            <trkpt lat="54.4043550" lon="-3.1975640"/>
            <trkpt lat="54.4045600" lon="-3.1983320"/>
            <trkpt lat="54.4046930" lon="-3.1987440"/>
            <trkpt lat="54.4049170" lon="-3.2001130"/>
            <trkpt lat="54.4047480" lon="-3.2008170"/>
            <trkpt lat="54.4042430" lon="-3.2026050"/>
            <trkpt lat="54.4039210" lon="-3.2035820"/>
            <trkpt lat="54.4035710" lon="-3.2042160"/>
            <trkpt lat="54.4030530" lon="-3.2047910"/>
            <trkpt lat="54.4026970" lon="-3.2053810"/>
            <trkpt lat="54.4023350" lon="-3.2060360"/>
            <trkpt lat="54.4020520" lon="-3.2061880"/>
            <trkpt lat="54.4017610" lon="-3.2065980"/>
            <trkpt lat="54.4014790" lon="-3.2072770"/>
            <trkpt lat="54.4013100" lon="-3.2079370"/>
            <trkpt lat="54.4012330" lon="-3.2087500"/>
            <trkpt lat="54.4009220" lon="-3.2098570"/>
            <trkpt lat="54.4004210" lon="-3.2106790"/>
            <trkpt lat="54.4001260" lon="-3.2120550"/>
            <trkpt lat="54.3996520" lon="-3.2119870"/>
            <trkpt lat="54.3994740" lon="-3.2128400"/>
            <trkpt lat="54.3994120" lon="-3.2134820"/>
            <trkpt lat="54.3991190" lon="-3.2134090"/>
            <trkpt lat="54.3989320" lon="-3.2140260"/>
            <trkpt lat="54.3986260" lon="-3.2145860"/>
            <trkpt lat="54.3981800" lon="-3.2154520"/>
            <trkpt lat="54.3980300" lon="-3.2161450"/>
            <trkpt lat="54.3976120" lon="-3.2172810"/>
            <trkpt lat="54.3971950" lon="-3.2183420"/>
            <trkpt lat="54.3968340" lon="-3.2188250"/>
            <trkpt lat="54.3966820" lon="-3.2197320"/>
            <trkpt lat="54.3964550" lon="-3.2204870"/>
            <trkpt lat="54.3963740" lon="-3.2210750"/>
            <trkpt lat="54.3961700" lon="-3.2215630"/>
            <trkpt lat="54.3960580" lon="-3.2220850"/>
            <trkpt lat="54.3959120" lon="-3.2229820"/>
            <trkpt lat="54.3957000" lon="-3.2235770"/>
            <trkpt lat="54.3956310" lon="-3.2242080"/>
            <trkpt lat="54.3950020" lon="-3.2264420"/>
            <trkpt lat="54.3949060" lon="-3.2267180"/>
            <trkpt lat="54.3947150" lon="-3.2270670"/>
            <trkpt lat="54.3943400" lon="-3.2270770"/>
            <trkpt lat="54.3942370" lon="-3.2273210"/>
            <trkpt lat="54.3939670" lon="-3.2274740"/>
            <trkpt lat="54.3939930" lon="-3.2285780"/>
            <trkpt lat="54.3939890" lon="-3.2296620"/>
            <trkpt lat="54.3940650" lon="-3.2301360"/>
            <trkpt lat="54.3939170" lon="-3.2311830"/>
            <trkpt lat="54.3940460" lon="-3.2326570"/>
            <trkpt lat="54.3942420" lon="-3.2341870"/>
            <trkpt lat="54.3946620" lon="-3.2371610"/>
            <trkpt lat="54.3947510" lon="-3.2376470"/>
            <trkpt lat="54.3947900" lon="-3.2380560"/>
            <trkpt lat="54.3947530" lon="-3.2386230"/>
            <trkpt lat="54.3949750" lon="-3.2388980"/>
            <trkpt lat="54.3951150" lon="-3.2392780"/>
            <trkpt lat="54.3951150" lon="-3.2398790"/>
            <trkpt lat="54.3952030" lon="-3.2404400"/>
            <trkpt lat="54.3954490" lon="-3.2413810"/>
            <trkpt lat="54.3954930" lon="-3.2420040"/>
            <trkpt lat="54.3953550" lon="-3.2426760"/>
            <trkpt lat="54.3952440" lon="-3.2443570"/>
            <trkpt lat="54.3959780" lon="-3.2446480"/>
            <trkpt lat="54.3959590" lon="-3.2459460"/>
            <trkpt lat="54.3959900" lon="-3.2465370"/>
            <trkpt lat="54.3958110" lon="-3.2481410"/>
            <trkpt lat="54.3956580" lon="-3.2496920"/>
            <trkpt lat="54.3956400" lon="-3.2501320"/>
            <trkpt lat="54.3953260" lon="-3.2503370"/>
            <trkpt lat="54.3950480" lon="-3.2506500"/>
            <trkpt lat="54.3947010" lon="-3.2509400"/>
            <trkpt lat="54.3944790" lon="-3.2512660"/>
            <trkpt lat="54.3943530" lon="-3.2519920"/>
            <trkpt lat="54.3942830" lon="-3.2527410"/>
            <trkpt lat="54.3941640" lon="-3.2533160"/>
            <trkpt lat="54.3939670" lon="-3.2536860"/>
            <trkpt lat="54.3937320" lon="-3.2540760"/>
            <trkpt lat="54.3934820" lon="-3.2546260"/>
            <trkpt lat="54.3933890" lon="-3.2551810"/>
            <trkpt lat="54.3933640" lon="-3.2557710"/>
            <trkpt lat="54.3930690" lon="-3.2565450"/>
            <trkpt lat="54.3928590" lon="-3.2569460"/>
            <trkpt lat="54.3925920" lon="-3.2573570"/>
            <trkpt lat="54.3923610" lon="-3.2579080"/>
            <trkpt lat="54.3916490" lon="-3.2590660"/>
            <trkpt lat="54.3914580" lon="-3.2594570"/>
            <trkpt lat="54.3910720" lon="-3.2611410"/>
            <trkpt lat="54.3908960" lon="-3.2618430"/>
            <trkpt lat="54.3905880" lon="-3.2625850"/>
            <trkpt lat="54.3904460" lon="-3.2630640"/>
            <trkpt lat="54.3907630" lon="-3.2632130"/>
            <trkpt lat="54.3910860" lon="-3.2633190"/>
            <trkpt lat="54.3912410" lon="-3.2634420"/>
            <trkpt lat="54.3913810" lon="-3.2632210"/>
            <trkpt lat="54.3913280" lon="-3.2635410"/>
            <trkpt lat="54.3918380" lon="-3.2637720"/>
            <trkpt lat="54.3922470" lon="-3.2634840"/>
            <trkpt lat="54.3925960" lon="-3.2641490"/>
            <trkpt lat="54.3929570" lon="-3.2642460"/>
            <trkpt lat="54.3938010" lon="-3.2635850"/>
            <trkpt lat="54.3944150" lon="-3.2634760"/>
            <trkpt lat="54.3948310" lon="-3.2630700"/>
            <trkpt lat="54.3952180" lon="-3.2631140"/>
            <trkpt lat="54.3956570" lon="-3.2629560"/>
            <trkpt lat="54.3960590" lon="-3.2633330"/>
            <trkpt lat="54.3964320" lon="-3.2635160"/>
            <trkpt lat="54.3972330" lon="-3.2634230"/>
            <trkpt lat="54.3973610" lon="-3.2636850"/>
            <trkpt lat="54.3974500" lon="-3.2641600"/>
            <trkpt lat="54.3973540" lon="-3.2649940"/>
            <trkpt lat="54.3974790" lon="-3.2661990"/>
            <trkpt lat="54.3973580" lon="-3.2670330"/>
            <trkpt lat="54.3971270" lon="-3.2681840"/>
            <trkpt lat="54.3969310" lon="-3.2689830"/>
            <trkpt lat="54.3967040" lon="-3.2697380"/>
            <trkpt lat="54.3977040" lon="-3.2703590"/>
            <trkpt lat="54.3981000" lon="-3.2700820"/>
            <trkpt lat="54.3983880" lon="-3.2700800"/>
            <trkpt lat="54.3981060" lon="-3.2700930"/>
            <trkpt lat="54.3976970" lon="-3.2703700"/>
            <trkpt lat="54.3973680" lon="-3.2708420"/>
            <trkpt lat="54.3968780" lon="-3.2710630"/>
            <trkpt lat="54.3965960" lon="-3.2711130"/>
            <trkpt lat="54.3962410" lon="-3.2710810"/>
            <trkpt lat="54.3959810" lon="-3.2707940"/>
            <trkpt lat="54.3957260" lon="-3.2706790"/>
            <trkpt lat="54.3955470" lon="-3.2704800"/>
            <trkpt lat="54.3953170" lon="-3.2703870"/>
            <trkpt lat="54.3950540" lon="-3.2704860"/>
            <trkpt lat="54.3947770" lon="-3.2706920"/>
            <trkpt lat="54.3945510" lon="-3.2707820"/>
            <trkpt lat="54.3940950" lon="-3.2707460"/>
            <trkpt lat="54.3939280" lon="-3.2706330"/>
            <trkpt lat="54.3937930" lon="-3.2703400"/>
            <trkpt lat="54.3935390" lon="-3.2701710"/>
            <trkpt lat="54.3931040" lon="-3.2699320"/>
            <trkpt lat="54.3929220" lon="-3.2700340"/>
            <trkpt lat="54.3927720" lon="-3.2700180"/>
            <trkpt lat="54.3926310" lon="-3.2704000"/>
            <trkpt lat="54.3914120" lon="-3.2686030"/>
            <trkpt lat="54.3911800" lon="-3.2681340"/>
            <trkpt lat="54.3910600" lon="-3.2676580"/>
            <trkpt lat="54.3908960" lon="-3.2672020"/>
            <trkpt lat="54.3907180" lon="-3.2668860"/>
            <trkpt lat="54.3902740" lon="-3.2663780"/>
            <trkpt lat="54.3899630" lon="-3.2662180"/>
            <trkpt lat="54.3900030" lon="-3.2665680"/>
            <trkpt lat="54.3902860" lon="-3.2669850"/>
            <trkpt lat="54.3905870" lon="-3.2674660"/>
            <trkpt lat="54.3908060" lon="-3.2680200"/>
            <trkpt lat="54.3907410" lon="-3.2688340"/>
            <trkpt lat="54.3906870" lon="-3.2698300"/>
            <trkpt lat="54.3907020" lon="-3.2707750"/>
            <trkpt lat="54.3903080" lon="-3.2737780"/>
            <trkpt lat="54.3904590" lon="-3.2749200"/>
            <trkpt lat="54.3904130" lon="-3.2751330"/>
            <trkpt lat="54.3900890" lon="-3.2750590"/>
            <trkpt lat="54.3896430" lon="-3.2746370"/>
            <trkpt lat="54.3891460" lon="-3.2743960"/>
            <trkpt lat="54.3888490" lon="-3.2741720"/>
            <trkpt lat="54.3883310" lon="-3.2735550"/>
            <trkpt lat="54.3878980" lon="-3.2736810"/>
            <trkpt lat="54.3874150" lon="-3.2733010"/>
            <trkpt lat="54.3871090" lon="-3.2726910"/>
            <trkpt lat="54.3868230" lon="-3.2725530"/>
            <trkpt lat="54.3865230" lon="-3.2725440"/>
            <trkpt lat="54.3861990" lon="-3.2724800"/>
            <trkpt lat="54.3860280" lon="-3.2727110"/>
            <trkpt lat="54.3858360" lon="-3.2725550"/>
            <trkpt lat="54.3856260" lon="-3.2728810"/>
            <trkpt lat="54.3854190" lon="-3.2730030"/>
            <trkpt lat="54.3853680" lon="-3.2736780"/>
            <trkpt lat="54.3851250" lon="-3.2741960"/>
            <trkpt lat="54.3850110" lon="-3.2737420"/>
            <trkpt lat="54.3847630" lon="-3.2735730"/>
            <trkpt lat="54.3843630" lon="-3.2735280"/>
            <trkpt lat="54.3841210" lon="-3.2733380"/>
            <trkpt lat="54.3836600" lon="-3.2738390"/>
            <trkpt lat="54.3831610" lon="-3.2737160"/>
            <trkpt lat="54.3828030" lon="-3.2733510"/>
            <trkpt lat="54.3825190" lon="-3.2729770"/>
            <trkpt lat="54.3822700" lon="-3.2723470"/>
            <trkpt lat="54.3820850" lon="-3.2720620"/>
            <trkpt lat="54.3816640" lon="-3.2717380"/>
            <trkpt lat="54.3813830" lon="-3.2717080"/>
            <trkpt lat="54.3811640" lon="-3.2717120"/>
            <trkpt lat="54.3806410" lon="-3.2715240"/>
            <trkpt lat="54.3803850" lon="-3.2714940"/>
            <trkpt lat="54.3801580" lon="-3.2716910"/>
            <trkpt lat="54.3799200" lon="-3.2717270"/>
            <trkpt lat="54.3792400" lon="-3.2716090"/>
            <trkpt lat="54.3788520" lon="-3.2716610"/>
            <trkpt lat="54.3784440" lon="-3.2718850"/>
            <trkpt lat="54.3783390" lon="-3.2717100"/>
            <trkpt lat="54.3780850" lon="-3.2709190"/>
            <trkpt lat="54.3775120" lon="-3.2701280"/>
            <trkpt lat="54.3770240" lon="-3.2696410"/>
            <trkpt lat="54.3762090" lon="-3.2698520"/>
            <trkpt lat="54.3755990" lon="-3.2701870"/>
            <trkpt lat="54.3753400" lon="-3.2704470"/>
            <trkpt lat="54.3750110" lon="-3.2708450"/>
            <trkpt lat="54.3747950" lon="-3.2711710"/>
            <trkpt lat="54.3746530" lon="-3.2715520"/>
            <trkpt lat="54.3744880" lon="-3.2717830"/>
            <trkpt lat="54.3739790" lon="-3.2720680"/>
            <trkpt lat="54.3736890" lon="-3.2723380"/>
            <trkpt lat="54.3736890" lon="-3.2729180"/>
            <trkpt lat="54.3735750" lon="-3.2730960"/>
            <trkpt lat="54.3731500" lon="-3.2730830"/>
            <trkpt lat="54.3728870" lon="-3.2731290"/>
            <trkpt lat="54.3724580" lon="-3.2734690"/>
            <trkpt lat="54.3718420" lon="-3.2737720"/>
            <trkpt lat="54.3718530" lon="-3.2744920"/>
            <trkpt lat="54.3717240" lon="-3.2749380"/>
            <trkpt lat="54.3713450" lon="-3.2752590"/>
            <trkpt lat="54.3712420" lon="-3.2749660"/>
            <trkpt lat="54.3712460" lon="-3.2745690"/>
            <trkpt lat="54.3711760" lon="-3.2741590"/>
            <trkpt lat="54.3710480" lon="-3.2737800"/>
            <trkpt lat="54.3708820" lon="-3.2735490"/>
            <trkpt lat="54.3706830" lon="-3.2734790"/>
            <trkpt lat="54.3704910" lon="-3.2738380"/>
            <trkpt lat="54.3702700" lon="-3.2740880"/>
            <trkpt lat="54.3700370" lon="-3.2742420"/>
            <trkpt lat="54.3696720" lon="-3.2746360"/>
            <trkpt lat="54.3693980" lon="-3.2751000"/>
            <trkpt lat="54.3690580" lon="-3.2759160"/>
            <trkpt lat="54.3689180" lon="-3.2761150"/>
            <trkpt lat="54.3687490" lon="-3.2767110"/>
            <trkpt lat="54.3680810" lon="-3.2778380"/>
            <trkpt lat="54.3676910" lon="-3.2792320"/>
            <trkpt lat="54.3672960" lon="-3.2805610"/>
            <trkpt lat="54.3668760" lon="-3.2818780"/>
            <trkpt lat="54.3664820" lon="-3.2830350"/>
            <trkpt lat="54.3662630" lon="-3.2836080"/>
            <trkpt lat="54.3656750" lon="-3.2854570"/>
            <trkpt lat="54.3654620" lon="-3.2860830"/>
            <trkpt lat="54.3651480" lon="-3.2867600"/>
            <trkpt lat="54.3649120" lon="-3.2871930"/>
            <trkpt lat="54.3646150" lon="-3.2875050"/>
            <trkpt lat="54.3642830" lon="-3.2876230"/>
            <trkpt lat="54.3641160" lon="-3.2880260"/>
            <trkpt lat="54.3627660" lon="-3.2891640"/>
            <trkpt lat="54.3624740" lon="-3.2895090"/>
            <trkpt lat="54.3622770" lon="-3.2898140"/>
            <trkpt lat="54.3620760" lon="-3.2899360"/>
            <trkpt lat="54.3616940" lon="-3.2899350"/>
            <trkpt lat="54.3614260" lon="-3.2899050"/>
            <trkpt lat="54.3611690" lon="-3.2899400"/>
            <trkpt lat="54.3610020" lon="-3.2904180"/>
            <trkpt lat="54.3607760" lon="-3.2904750"/>
            <trkpt lat="54.3605510" lon="-3.2904890"/>
            <trkpt lat="54.3603860" lon="-3.2906670"/>
            <trkpt lat="54.3603510" lon="-3.2910300"/>
            <trkpt lat="54.3602830" lon="-3.2915000"/>
            <trkpt lat="54.3600840" lon="-3.2919980"/>
            <trkpt lat="54.3599540" lon="-3.2930890"/>
            <trkpt lat="54.3596900" lon="-3.2938320"/>
            <trkpt lat="54.3595190" lon="-3.2945670"/>
            <trkpt lat="54.3593930" lon="-3.2952390"/>
            <trkpt lat="54.3592450" lon="-3.2962210"/>
            <trkpt lat="54.3591050" lon="-3.2970110"/>
            <trkpt lat="54.3589420" lon="-3.2976920"/>
            <trkpt lat="54.3589770" lon="-3.2984550"/>
            <trkpt lat="54.3589750" lon="-3.2992390"/>
            <trkpt lat="54.3587610" lon="-3.2999400"/>
            <trkpt lat="54.3586440" lon="-3.3003980"/>
            <trkpt lat="54.3586330" lon="-3.3008480"/>
            <trkpt lat="54.3585880" lon="-3.3015340"/>
            <trkpt lat="54.3592400" lon="-3.3059970"/>
            <trkpt lat="54.3593860" lon="-3.3063550"/>
            <trkpt lat="54.3597290" lon="-3.3070420"/>
            <trkpt lat="54.3598310" lon="-3.3074860"/>
            <trkpt lat="54.3605160" lon="-3.3076790"/>
            <trkpt lat="54.3599250" lon="-3.3086150"/>
            <trkpt lat="54.3600680" lon="-3.3097680"/>
            <trkpt lat="54.3600600" lon="-3.3105730"/>
            <trkpt lat="54.3601110" lon="-3.3110680"/>
            <trkpt lat="54.3603050" lon="-3.3115570"/>
            <trkpt lat="54.3604500" lon="-3.3120660"/>
            <trkpt lat="54.3603940" lon="-3.3126220"/>
            <trkpt lat="54.3603030" lon="-3.3129300"/>
            <trkpt lat="54.3600660" lon="-3.3134700"/>
            <trkpt lat="54.3597890" lon="-3.3141690"/>
            <trkpt lat="54.3593190" lon="-3.3159890"/>
            <trkpt lat="54.3591660" lon="-3.3162740"/>
            <trkpt lat="54.3590630" lon="-3.3165710"/>
            <trkpt lat="54.3588310" lon="-3.3177870"/>
            <trkpt lat="54.3582530" lon="-3.3197750"/>
            <trkpt lat="54.3579820" lon="-3.3205390"/>
            <trkpt lat="54.3576610" lon="-3.3212690"/>
            <trkpt lat="54.3573140" lon="-3.3221600"/>
            <trkpt lat="54.3570450" lon="-3.3227410"/>
            <trkpt lat="54.3568730" lon="-3.3229930"/>
            <trkpt lat="54.3565820" lon="-3.3233060"/>
            <trkpt lat="54.3562220" lon="-3.3236270"/>
            <trkpt lat="54.3554740" lon="-3.3239990"/>
            <trkpt lat="54.3552110" lon="-3.3245920"/>
            <trkpt lat="54.3550040" lon="-3.3251970"/>
            <trkpt lat="54.3542940" lon="-3.3260970"/>
            <trkpt lat="54.3537470" lon="-3.3269270"/>
            <trkpt lat="54.3530490" lon="-3.3278590"/>
            <trkpt lat="54.3526910" lon="-3.3285020"/>
            <trkpt lat="54.3523750" lon="-3.3294260"/>
            <trkpt lat="54.3520240" lon="-3.3300800"/>
            <trkpt lat="54.3518490" lon="-3.3306210"/>
            <trkpt lat="54.3515180" lon="-3.3328210"/>
            <trkpt lat="54.3514050" lon="-3.3339870"/>
            <trkpt lat="54.3513730" lon="-3.3346190"/>
            <trkpt lat="54.3513970" lon="-3.3359070"/>
            <trkpt lat="54.3510080" lon="-3.3354550"/>
            <trkpt lat="54.3507130" lon="-3.3360890"/>
            <trkpt lat="54.3498870" lon="-3.3372860"/>
            <trkpt lat="54.3496250" lon="-3.3383500"/>
            <trkpt lat="54.3498300" lon="-3.3396230"/>
            <trkpt lat="54.3497980" lon="-3.3401690"/>
            <trkpt lat="54.3498920" lon="-3.3407200"/>
            <trkpt lat="54.3500770" lon="-3.3415300"/>
            <trkpt lat="54.3500690" lon="-3.3422710"/>
            <trkpt lat="54.3499190" lon="-3.3433710"/>
            <trkpt lat="54.3499670" lon="-3.3446710"/>
            <trkpt lat="54.3500210" lon="-3.3454560"/>
            <trkpt lat="54.3499550" lon="-3.3469130"/>
            <trkpt lat="54.3498830" lon="-3.3488960"/>
            <trkpt lat="54.3497550" lon="-3.3496640"/>
            <trkpt lat="54.3490230" lon="-3.3502630"/>
            <trkpt lat="54.3480540" lon="-3.3507670"/>
            <trkpt lat="54.3469070" lon="-3.3515560"/>
            <trkpt lat="54.3468900" lon="-3.3525430"/>
            <trkpt lat="54.3468960" lon="-3.3536800"/>
            <trkpt lat="54.3466720" lon="-3.3541560"/>
            <trkpt lat="54.3465550" lon="-3.3544950"/>
            <trkpt lat="54.3468690" lon="-3.3555460"/>
            <trkpt lat="54.3472200" lon="-3.3559870"/>
            <trkpt lat="54.3462890" lon="-3.3547760"/>
            <trkpt lat="54.3458420" lon="-3.3545360"/>
            <trkpt lat="54.3457070" lon="-3.3542420"/>
            <trkpt lat="54.3447830" lon="-3.3541360"/>
            <trkpt lat="54.3441420" lon="-3.3538580"/>
            <trkpt lat="54.3439990" lon="-3.3543360"/>
            <trkpt lat="54.3438510" lon="-3.3552320"/>
            <trkpt lat="54.3437230" lon="-3.3555180"/>
            <trkpt lat="54.3433960" lon="-3.3556790"/>
            <trkpt lat="54.3430130" lon="-3.3557520"/>
            <trkpt lat="54.3428370" lon="-3.3558750"/>
            <trkpt lat="54.3429460" lon="-3.3562110"/>
            <trkpt lat="54.3430350" lon="-3.3566220"/>
            <trkpt lat="54.3427430" lon="-3.3570310"/>
            <trkpt lat="54.3425930" lon="-3.3575410"/>
            <trkpt lat="54.3425890" lon="-3.3579050"/>
            <trkpt lat="54.3427240" lon="-3.3581030"/>
            <trkpt lat="54.3429110" lon="-3.3581840"/>
            <trkpt lat="54.3425780" lon="-3.3594180"/>
            <trkpt lat="54.3425680" lon="-3.3597290"/>
            <trkpt lat="54.3426580" lon="-3.3600650"/>
            <trkpt lat="54.3422600" lon="-3.3599120"/>
            <trkpt lat="54.3417140" lon="-3.3605810"/>
            <trkpt lat="54.3413920" lon="-3.3608700"/>
            <trkpt lat="54.3410450" lon="-3.3605480"/>
            <trkpt lat="54.3403660" lon="-3.3636480"/>
            <trkpt lat="54.3403050" lon="-3.3646220"/>
            <trkpt lat="54.3396600" lon="-3.3646330"/>
            <trkpt lat="54.3395380" lon="-3.3649190"/>
            <trkpt lat="54.3392610" lon="-3.3651350"/>
            <trkpt lat="54.3390680" lon="-3.3650000"/>
            <trkpt lat="54.3388110" lon="-3.3644970"/>
            <trkpt lat="54.3385470" lon="-3.3645850"/>
            <trkpt lat="54.3383870" lon="-3.3649120"/>
            <trkpt lat="54.3382190" lon="-3.3654430"/>
            <trkpt lat="54.3378730" lon="-3.3660970"/>
            <trkpt lat="54.3379240" lon="-3.3666250"/>
            <trkpt lat="54.3378560" lon="-3.3671160"/>
            <trkpt lat="54.3377010" lon="-3.3674760"/>
            <trkpt lat="54.3373920" lon="-3.3677660"/>
            <trkpt lat="54.3371510" lon="-3.3680580"/>
            <trkpt lat="54.3368910" lon="-3.3683070"/>
            <trkpt lat="54.3363880" lon="-3.3685480"/>
            <trkpt lat="54.3362080" lon="-3.3689500"/>
            <trkpt lat="54.3358890" lon="-3.3695510"/>
            <trkpt lat="54.3353460" lon="-3.3699510"/>
            <trkpt lat="54.3350850" lon="-3.3703720"/>
            <trkpt lat="54.3345250" lon="-3.3717590"/>
            <trkpt lat="54.3343130" lon="-3.3722450"/>
            <trkpt lat="54.3341220" lon="-3.3720030"/>
            <trkpt lat="54.3334890" lon="-3.3726260"/>
            <trkpt lat="54.3326330" lon="-3.3736380"/>
            <trkpt lat="54.3323540" lon="-3.3739180"/>
            <trkpt lat="54.3321120" lon="-3.3742960"/>
            <trkpt lat="54.3319560" lon="-3.3753860"/>
            <trkpt lat="54.3320080" lon="-3.3757420"/>
            <trkpt lat="54.3319930" lon="-3.3770290"/>
            <trkpt lat="54.3319190" lon="-3.3775200"/>
            <trkpt lat="54.3317600" lon="-3.3777080"/>
            <trkpt lat="54.3312160" lon="-3.3782690"/>
            <trkpt lat="54.3304440" lon="-3.3790370"/>
            <trkpt lat="54.3313230" lon="-3.3798500"/>
            <trkpt lat="54.3315570" lon="-3.3801480"/>
            <trkpt lat="54.3318090" lon="-3.3805750"/>
            <trkpt lat="54.3318960" lon="-3.3812110"/>
            <trkpt lat="54.3319430" lon="-3.3820060"/>
            <trkpt lat="54.3319190" lon="-3.3829500"/>
            <trkpt lat="54.3318090" lon="-3.3838470"/>
            <trkpt lat="54.3317840" lon="-3.3844260"/>
            <trkpt lat="54.3318470" lon="-3.3849430"/>
            <trkpt lat="54.3325390" lon="-3.3872950"/>
            <trkpt lat="54.3327910" lon="-3.3876790"/>
            <trkpt lat="54.3330600" lon="-3.3882250"/>
            <trkpt lat="54.3333180" lon="-3.3886630"/>
            <trkpt lat="54.3335880" lon="-3.3891660"/>
            <trkpt lat="54.3337810" lon="-3.3897840"/>
            <trkpt lat="54.3340430" lon="-3.3903720"/>
            <trkpt lat="54.3340500" lon="-3.3908980"/>
            <trkpt lat="54.3340240" lon="-3.3915090"/>
            <trkpt lat="54.3340570" lon="-3.3918640"/>
            <trkpt lat="54.3342770" lon="-3.3923010"/>
            <trkpt lat="54.3348550" lon="-3.3932330"/>
            <trkpt lat="54.3349350" lon="-3.3938900"/>
            <trkpt lat="54.3349540" lon="-3.3944270"/>
            <trkpt lat="54.3347470" lon="-3.3949680"/>
            <trkpt lat="54.3347050" lon="-3.3953630"/>
            <trkpt lat="54.3343790" lon="-3.3976270"/>
            <trkpt lat="54.3343560" lon="-3.3985280"/>
            <trkpt lat="54.3342670" lon="-3.3991260"/>
            <trkpt lat="54.3340740" lon="-3.4001920"/>
            <trkpt lat="54.3340360" lon="-3.4007060"/>
            <trkpt lat="54.3340870" lon="-3.4012230"/>
            <trkpt lat="54.3340990" lon="-3.4023280"/>
            <trkpt lat="54.3341390" lon="-3.4026840"/>
            <trkpt lat="54.3348530" lon="-3.4042210"/>
            <trkpt lat="54.3351930" lon="-3.4045440"/>
            <trkpt lat="54.3355160" lon="-3.4047270"/>
            <trkpt lat="54.3355440" lon="-3.4050610"/>
            <trkpt lat="54.3355400" lon="-3.4053930"/>
            <trkpt lat="54.3357950" lon="-3.4055200"/>
            <trkpt lat="54.3360460" lon="-3.4060010"/>
            <trkpt lat="54.3363460" lon="-3.4054420"/>
            <trkpt lat="54.3380890" lon="-3.4051580"/>
            <trkpt lat="54.3386610" lon="-3.4060260"/>
            <trkpt lat="54.3397210" lon="-3.4068450"/>
            <trkpt lat="54.3401630" lon="-3.4069790"/>
            <trkpt lat="54.3412870" lon="-3.4072210"/>
            <trkpt lat="54.3414760" lon="-3.4070560"/>
            <trkpt lat="54.3425630" lon="-3.4056120"/>
            <trkpt lat="54.3428190" lon="-3.4051170"/>
            <trkpt lat="54.3435530" lon="-3.4049600"/>
            <trkpt lat="54.3439220" lon="-3.4054550"/>
            <trkpt lat="54.3445020" lon="-3.4056470"/>
            <trkpt lat="54.3454610" lon="-3.4054540"/>
            <trkpt lat="54.3463970" lon="-3.4051320"/>
            <trkpt lat="54.3478970" lon="-3.4052370"/>
            <trkpt lat="54.3490050" lon="-3.4056730"/>
            <trkpt lat="54.3503070" lon="-3.4061140"/>
            <trkpt lat="54.3510990" lon="-3.4068180"/>
            <trkpt lat="54.3514970" lon="-3.4075820"/>
            <trkpt lat="54.3519300" lon="-3.4085090"/>
            <trkpt lat="54.3523800" lon="-3.4090510"/>
            <trkpt lat="54.3528470" lon="-3.4098070"/>
            <trkpt lat="54.3530060" lon="-3.4106170"/>
            <trkpt lat="54.3531980" lon="-3.4107530"/>
            <trkpt lat="54.3540000" lon="-3.4107050"/>
            <extensions>
                <gs:line>
                    <gs:color>D40058</gs:color>
                    <gs:opacity>0.5</gs:opacity>
                    <gs:width>6.0</gs:width>
                </gs:line>
            </extensions>
        </trkseg>
    </trk>
</gpx>
