<?xml version="1.0" encoding="UTF-8"?>
<gpx version="1.1" creator="OS Maps - Web" schemaLocation="http://www.topografix.com/GPX/1/1 http://www.topografix.com/GPX/1/1/gpx.xsd http://www.garmin.com/xmlschemas/GpxExtensions/v3 http://www.garmin.com/xmlschemas/GpxExtensionsv3.xsd http://www.garmin.com/xmlschemas/TrackPointExtension/v1 http://www.garmin.com/xmlschemas/TrackPointExtensionv1.xsd http://www.garmin.com/xmlschemas/PowerExtension/v1 http://www.garmin.com/xmlschemas/PowerExtensionv1.xsd http://www.topografix.com/GPX/gpx_style/0/2 http://www.topografix.com/GPX/gpx_style/0/2/gpx_style.xsd" xmlns="http://www.topografix.com/GPX/1/1" xmlns:xsi="http://www.w3.org/2001/XMLSchema-instance" xsi:schemaLocation="http://www.topografix.com/GPX/1/1 http://www.topografix.com/GPX/1/1/gpx.xsd http://www.garmin.com/xmlschemas/GpxExtensions/v3 http://www.garmin.com/xmlschemas/GpxExtensionsv3.xsd http://www.garmin.com/xmlschemas/TrackPointExtension/v1 http://www.garmin.com/xmlschemas/TrackPointExtensionv1.xsd http://www.garmin.com/xmlschemas/PowerExtension/v1 http://www.garmin.com/xmlschemas/PowerExtensionv1.xsd http://www.topografix.com/GPX/gpx_style/0/2 http://www.topografix.com/GPX/gpx_style/0/2/gpx_style.xsd" xmlns:gpxtpx="http://www.garmin.com/xmlschemas/TrackPointExtension/v1" xmlns:gpxx="http://www.garmin.com/xmlschemas/GpxExtensions/v3" xmlns:gpxpx="http://www.garmin.com/xmlschemas/PowerExtension/v1" xmlns:gpx_style="http://www.topografix.com/GPX/gpx_style/0/2">
  <metadata>
    <name>Roof of England Walk_Full Route_FINAL</name>
    <author>
      <name>gpx.studio</name>
      <link href="https://gpx.studio"/>
    </author>
  </metadata>
  <wpt lat="54.59405" lon="-2.465209">
    <ele>153.95188163782115</ele>
    <name>Flakebridge Woods</name>
  </wpt>
  <wpt lat="0" lon="0">
    <ele>0</ele>
    <name>Flakebridge Woods</name>
  </wpt>
  <wpt lat="54.58993" lon="-2.42287">
    <ele>245.427562291655</ele>
    <name>Murton</name>
  </wpt>
  <wpt lat="54.62148" lon="-2.40104">
    <ele>581.8358083751139</ele>
    <name>High Cup Gill</name>
  </wpt>
  <wpt lat="54.63019" lon="-2.3956">
    <ele>550.5386847217333</ele>
    <name>High Cup Nick</name>
  </wpt>
  <wpt lat="54.61939" lon="-2.48039">
    <ele>193.49535281006283</ele>
    <name>Dufton</name>
  </wpt>
  <wpt lat="54.666404" lon="-2.433496">
    <ele>790.3187250033104</ele>
    <name>Knock Fell</name>
  </wpt>
  <wpt lat="0" lon="0">
    <ele>0</ele>
    <name>Knock Fell</name>
  </wpt>
  <wpt lat="54.684405" lon="-2.4501">
    <ele>844.4337730548349</ele>
    <name>Great Dun Fell</name>
  </wpt>
  <wpt lat="54.691266" lon="-2.460076">
    <ele>837.0128454523659</ele>
    <name>Little Dun Fell</name>
  </wpt>
  <wpt lat="54.703051" lon="-2.486807">
    <ele>889.2569029786167</ele>
    <name>Cross Fell</name>
  </wpt>
  <wpt lat="54.712739" lon="-2.481454">
    <ele>703.0606446895763</ele>
    <name>Greg&apos;s Hut</name>
  </wpt>
  <wpt lat="54.767971" lon="-2.398268">
    <ele>344.9457787733538</ele>
    <name>Garrigill</name>
  </wpt>
  <wpt lat="54.808934" lon="-2.442059">
    <ele>280.205666982593</ele>
    <name>Alston</name>
  </wpt>
  <wpt lat="54.830511" lon="-2.479411">
    <ele>341.76983928736365</ele>
    <name>Epiacum Roman Fort</name>
  </wpt>
  <wpt lat="54.865909" lon="-2.503241">
    <ele>208.77429959112877</ele>
    <name>Slaggyford</name>
  </wpt>
  <wpt lat="54.882982" lon="-2.507527">
    <ele>207.45345082520527</ele>
    <name>Burnstones Viaduct</name>
  </wpt>
  <wpt lat="54.92108" lon="-2.526754">
    <ele>203.56468253596745</ele>
    <name>A689</name>
  </wpt>
  <wpt lat="0" lon="0">
    <ele>0</ele>
    <name>A689</name>
  </wpt>
  <wpt lat="54.945279" lon="-2.512169">
    <ele>134.9622926237295</ele>
    <name>River South Tyne</name>
  </wpt>
  <wpt lat="54.952003" lon="-2.494181">
    <ele>142.22406143996184</ele>
    <name>North Woods</name>
  </wpt>
  <wpt lat="54.962203" lon="-2.46966">
    <ele>115.94067134149496</ele>
    <name>A69 - South of Haltwhistle</name>
  </wpt>
  <wpt lat="54.966929" lon="-2.36009">
    <ele>111.5863556411591</ele>
    <name>Willimoteswick Castle</name>
  </wpt>
  <wpt lat="54.969379" lon="-2.330528">
    <ele>96.13147752126726</ele>
    <name>Beltingham</name>
  </wpt>
  <wpt lat="54.966299" lon="-2.318043">
    <ele>110.24312589024315</ele>
    <name>Allen Banks</name>
  </wpt>
  <wpt lat="0" lon="0">
    <ele>0</ele>
  </wpt>
  <wpt lat="54.953666" lon="-2.321703">
    <ele>104.39952202081622</ele>
    <name>Plankey Mill</name>
  </wpt>
  <wpt lat="54.931584" lon="-2.303305">
    <ele>243.81447680497115</ele>
    <name>A686</name>
  </wpt>
  <wpt lat="54.91577" lon="-2.26986">
    <ele>239.53760492066033</ele>
    <name>Catton</name>
  </wpt>
  <wpt lat="54.90452" lon="-2.265688">
    <ele>198.09201979459698</ele>
    <name>Allen Mill</name>
  </wpt>
  <wpt lat="54.90596" lon="-2.24238">
    <ele>311.4190114079154</ele>
    <name>Chat&apos;s Lane</name>
  </wpt>
  <wpt lat="54.897369" lon="-2.257499">
    <ele>228.6312485815365</ele>
    <name>Allendale</name>
  </wpt>
  <wpt lat="54.918082" lon="-2.127138">
    <ele>176.63049853087918</ele>
    <name>Dalton</name>
  </wpt>
  <wpt lat="54.916691" lon="-2.091802">
    <ele>139.99355378816904</ele>
    <name>Dukesfield Arches</name>
  </wpt>
  <wpt lat="54.894751" lon="-2.100636">
    <ele>278.6749438273726</ele>
    <name>Slaley Forest</name>
  </wpt>
  <wpt lat="54.860889" lon="-2.079752">
    <ele>346.5093640021053</ele>
    <name>Pennypie House</name>
  </wpt>
  <wpt lat="54.854422" lon="-2.063843">
    <ele>290.75005339396404</ele>
    <name>Shildon Engine House</name>
  </wpt>
  <wpt lat="54.848906" lon="-2.055827">
    <ele>247.85614382554832</ele>
    <name>Blanchland</name>
  </wpt>
  <wpt lat="54.845992" lon="-1.979452">
    <ele>271.26811270425145</ele>
    <name>Edmundbyers</name>
  </wpt>
  <wpt lat="54.845067" lon="-1.933345">
    <ele>228.08479780836518</ele>
    <name>Muggleswick</name>
  </wpt>
  <wpt lat="0" lon="0">
    <ele>0</ele>
    <name>Muggleswick</name>
  </wpt>
  <wpt lat="54.80271" lon="-1.921539">
    <ele>357.1684620165971</ele>
    <name>Waskerley</name>
  </wpt>
  <wpt lat="54.77845" lon="-1.88108">
    <ele>346.62164274458814</ele>
    <name>Salter&apos;s Gate</name>
  </wpt>
  <wpt lat="54.771473" lon="-1.894783">
    <ele>221.83604396190574</ele>
    <name>Tunstall Reservoir</name>
  </wpt>
  <wpt lat="54.733066" lon="-1.881675">
    <ele>143.77105924084415</ele>
    <name>Wolsingham</name>
  </wpt>
  <wpt lat="54.704724" lon="-1.936216">
    <ele>371.03978159895706</ele>
    <name>Elephant Trees</name>
  </wpt>
  <wpt lat="54.721959" lon="-1.941751">
    <ele>184.83493902310062</ele>
    <name>Harehope Quarry</name>
  </wpt>
  <wpt lat="54.718561" lon="-1.95946">
    <ele>202.6156893053558</ele>
    <name>White Kirkley</name>
  </wpt>
  <wpt lat="54.718375" lon="-1.978941">
    <ele>306.0614186248235</ele>
    <name>Hill End</name>
  </wpt>
  <wpt lat="54.747288" lon="-2.011597">
    <ele>201.3603533274222</ele>
    <name>Stanhope</name>
  </wpt>
  <wpt lat="54.74368" lon="-2.07499">
    <ele>234.15428551109562</ele>
    <name>Eastgate</name>
  </wpt>
  <wpt lat="54.764723" lon="-2.084972">
    <ele>297.98464795029787</ele>
    <name>Brandon Wall Lead Mining Site</name>
  </wpt>
  <wpt lat="54.748371" lon="-2.140419">
    <ele>403.80879724158495</ele>
    <name>West Rigg Opencut</name>
  </wpt>
  <wpt lat="54.747491" lon="-2.147839">
    <ele>335.5018064062584</ele>
    <name>Low Slitt Lead Mine</name>
  </wpt>
  <wpt lat="54.73746" lon="-2.144848">
    <ele>275.9076176974936</ele>
    <name>Westgate</name>
  </wpt>
  <wpt lat="54.73792" lon="-2.174908">
    <ele>292.49703941302744</ele>
    <name>St. John&apos;s Chapel</name>
  </wpt>
  <wpt lat="54.741931" lon="-2.200039">
    <ele>319.0720905640737</ele>
    <name>Weardale Museum</name>
  </wpt>
  <wpt lat="54.742401" lon="-2.204015">
    <ele>322.59077546664145</ele>
    <name>Ireshopeburn</name>
  </wpt>
  <wpt lat="54.73245" lon="-2.252238">
    <ele>511.4567626266748</ele>
    <name>Grasshill Causeway</name>
  </wpt>
  <wpt lat="54.710537" lon="-2.291454">
    <ele>557.6266003601115</ele>
    <name>B6277</name>
  </wpt>
  <wpt lat="54.67084" lon="-2.287889">
    <ele>505.7888163491163</ele>
    <name>Cow Green Reservoir</name>
  </wpt>
  <wpt lat="54.653576" lon="-2.289335">
    <ele>463.9591217313904</ele>
    <name>Cauldron Snout</name>
  </wpt>
  <wpt lat="54.666772" lon="-2.226887">
    <ele>364.3780259327744</ele>
    <name>Saur Hill Bridge</name>
  </wpt>
  <wpt lat="54.650176" lon="-2.187743">
    <ele>318.0030358733851</ele>
    <name>High Force</name>
  </wpt>
  <wpt lat="54.646212" lon="-2.151451">
    <ele>266.67674315981577</ele>
    <name>Low Force</name>
  </wpt>
  <wpt lat="54.621427" lon="-2.085067">
    <ele>219.6203135612891</ele>
    <name>Middleton-in-Teesdale</name>
  </wpt>
  <wpt lat="54.610008" lon="-2.106361">
    <ele>423.01808311161614</ele>
    <name>Kirkcarrion</name>
  </wpt>
  <wpt lat="54.589152" lon="-2.110635">
    <ele>274</ele>
    <name>Grassholme Reservoir</name>
  </wpt>
  <wpt lat="54.560243" lon="-2.101821">
    <ele>292.3533249986362</ele>
    <name>Blackton Reservoir</name>
  </wpt>
  <wpt lat="54.511353" lon="-2.069933">
    <ele>353.91490713350953</ele>
    <name>A66</name>
  </wpt>
  <wpt lat="54.508497" lon="-2.067979">
    <ele>306.6141354538737</ele>
    <name>God&apos;s Bridge</name>
  </wpt>
  <wpt lat="54.455412" lon="-2.159374">
    <ele>524.4795885670004</ele>
    <name>Tan Hill Inn</name>
  </wpt>
  <wpt lat="54.40586" lon="-2.16636">
    <ele>321.2283566548964</ele>
    <name>Keld</name>
  </wpt>
  <wpt lat="54.415808" lon="-2.204579">
    <ele>395.00774134290475</ele>
    <name>Hell&apos;s Mouth</name>
  </wpt>
  <wpt lat="54.425308" lon="-2.212508">
    <ele>400.1134838207629</ele>
    <name>Ravenseat</name>
  </wpt>
  <wpt lat="54.452683" lon="-2.27215">
    <ele>653.2802549280215</ele>
    <name>Nine Standards Rigg</name>
  </wpt>
  <wpt lat="54.47346" lon="-2.346398">
    <ele>167.750501441829</ele>
    <name>Frank&apos;s Bridge, Kirkby Stephen</name>
  </wpt>
  <wpt lat="54.490053" lon="-2.339424">
    <ele>170.3860905888493</ele>
    <name>Winton</name>
  </wpt>
  <wpt lat="54.499267" lon="-2.316862">
    <ele>166.22024775110265</ele>
    <name>Kaber</name>
  </wpt>
  <wpt lat="54.509917" lon="-2.313266">
    <ele>189.06572847738968</ele>
    <name>Brough Sowerby</name>
  </wpt>
  <wpt lat="54.519969" lon="-2.318421">
    <ele>184.3018881346805</ele>
    <name>Church Brough</name>
  </wpt>
  <wpt lat="54.51592" lon="-2.359918">
    <ele>173.12423710053244</ele>
    <name>Great Musgrave</name>
  </wpt>
  <wpt lat="54.53686" lon="-2.423452">
    <ele>137.774261920212</ele>
    <name>Sandford</name>
  </wpt>
  <wpt lat="54.549468" lon="-2.463125">
    <ele>139.79867481137734</ele>
    <name>Great Ormside</name>
  </wpt>
  <wpt lat="54.57173" lon="-2.486931">
    <ele>149.47698005326137</ele>
    <name>Appleby-in-Westmorland</name>
  </wpt>
  <trk>
    <name>Roof of England Walk_Full Route_FINAL</name>
    <trkseg>
      <trkpt lat="54.57705" lon="-2.49081">
        <ele>136.51226666802597</ele>
      </trkpt>
      <trkpt lat="54.57779" lon="-2.49125">
        <ele>132.26928319477108</ele>
      </trkpt>
      <trkpt lat="54.57779" lon="-2.49146">
        <ele>131.9387100444417</ele>
      </trkpt>
      <trkpt lat="54.57779" lon="-2.49125">
        <ele>132.26928319477108</ele>
      </trkpt>
      <trkpt lat="54.57804" lon="-2.49025">
        <ele>130.80162742207867</ele>
      </trkpt>
      <trkpt lat="54.57824" lon="-2.48935">
        <ele>129.1127492112345</ele>
      </trkpt>
      <trkpt lat="54.57827" lon="-2.48925">
        <ele>129.41677059923683</ele>
      </trkpt>
      <trkpt lat="54.57843" lon="-2.48939">
        <ele>129.7534378996773</ele>
      </trkpt>
      <trkpt lat="54.57903" lon="-2.48981">
        <ele>132.83566712387952</ele>
      </trkpt>
      <trkpt lat="54.57932" lon="-2.49006">
        <ele>132.50948480002177</ele>
      </trkpt>
      <trkpt lat="54.57985" lon="-2.4903">
        <ele>133.63158131347907</ele>
      </trkpt>
      <trkpt lat="54.5801" lon="-2.49045">
        <ele>135.96569465054247</ele>
      </trkpt>
      <trkpt lat="54.58011" lon="-2.4904">
        <ele>136.33943091849858</ele>
      </trkpt>
      <trkpt lat="54.58018" lon="-2.49008">
        <ele>139.03387250026614</ele>
      </trkpt>
      <trkpt lat="54.58022" lon="-2.48974">
        <ele>141.42309720061556</ele>
      </trkpt>
      <trkpt lat="54.58022" lon="-2.48936">
        <ele>144.0091306146703</ele>
      </trkpt>
      <trkpt lat="54.58024" lon="-2.48915">
        <ele>145.62780910653595</ele>
      </trkpt>
      <trkpt lat="54.58071" lon="-2.488">
        <ele>155.55239022272198</ele>
      </trkpt>
      <trkpt lat="54.58082" lon="-2.48719">
        <ele>158.8595963291369</ele>
      </trkpt>
      <trkpt lat="54.5808" lon="-2.48695">
        <ele>159.83787116329313</ele>
      </trkpt>
      <trkpt lat="54.58083" lon="-2.48663">
        <ele>161.5388961981164</ele>
      </trkpt>
      <trkpt lat="54.58096" lon="-2.48629">
        <ele>163.08658986669133</ele>
      </trkpt>
      <trkpt lat="54.58118" lon="-2.48584">
        <ele>164.33062446660017</ele>
      </trkpt>
      <trkpt lat="54.58166" lon="-2.48491">
        <ele>166.85139343477914</ele>
      </trkpt>
      <trkpt lat="54.58213" lon="-2.48406">
        <ele>170.91866983431433</ele>
      </trkpt>
      <trkpt lat="54.58221" lon="-2.48377">
        <ele>172.59232400127672</ele>
      </trkpt>
      <trkpt lat="54.58222" lon="-2.4837">
        <ele>173.0380249827174</ele>
      </trkpt>
      <trkpt lat="54.58224" lon="-2.48353">
        <ele>174.19550267612536</ele>
      </trkpt>
      <trkpt lat="54.58221" lon="-2.483">
        <ele>176.78546868190273</ele>
      </trkpt>
      <trkpt lat="54.58213" lon="-2.48271">
        <ele>177.44372796760925</ele>
      </trkpt>
      <trkpt lat="54.58096" lon="-2.48027">
        <ele>176.9239950222207</ele>
      </trkpt>
      <trkpt lat="54.58081" lon="-2.47983">
        <ele>176.2263471451596</ele>
      </trkpt>
      <trkpt lat="54.58088" lon="-2.47985">
        <ele>176.10892689935903</ele>
      </trkpt>
      <trkpt lat="54.58141" lon="-2.48001">
        <ele>178.06319313221812</ele>
      </trkpt>
      <trkpt lat="54.58159" lon="-2.48009">
        <ele>178.27901848556425</ele>
      </trkpt>
      <trkpt lat="54.58177" lon="-2.48023">
        <ele>178.02260835554924</ele>
      </trkpt>
      <trkpt lat="54.58186" lon="-2.48034">
        <ele>177.90945628347023</ele>
      </trkpt>
      <trkpt lat="54.58199" lon="-2.48057">
        <ele>177.9898279224294</ele>
      </trkpt>
      <trkpt lat="54.58214" lon="-2.48103">
        <ele>178.19748061928428</ele>
      </trkpt>
      <trkpt lat="54.58234" lon="-2.48089">
        <ele>177.47830948704024</ele>
      </trkpt>
      <trkpt lat="54.58305" lon="-2.48139">
        <ele>176.0882325441114</ele>
      </trkpt>
      <trkpt lat="54.58457" lon="-2.48205">
        <ele>175.04845390847558</ele>
      </trkpt>
      <trkpt lat="54.58563" lon="-2.48064">
        <ele>166.67988576595775</ele>
      </trkpt>
      <trkpt lat="54.5864" lon="-2.47927">
        <ele>160.90000000000146</ele>
      </trkpt>
      <trkpt lat="54.58684" lon="-2.47858">
        <ele>163.26734065008432</ele>
      </trkpt>
      <trkpt lat="54.58672" lon="-2.47833">
        <ele>163.276062998293</ele>
      </trkpt>
      <trkpt lat="54.58872" lon="-2.4757">
        <ele>168.68684909179856</ele>
      </trkpt>
      <trkpt lat="54.59014" lon="-2.47256">
        <ele>157.84440036320981</ele>
      </trkpt>
      <trkpt lat="54.59101" lon="-2.47051">
        <ele>148.3710253118551</ele>
      </trkpt>
      <trkpt lat="54.59114" lon="-2.47035">
        <ele>149.26478634684588</ele>
      </trkpt>
      <trkpt lat="54.5916" lon="-2.46959">
        <ele>145.04520319011104</ele>
      </trkpt>
      <trkpt lat="54.59308" lon="-2.46807">
        <ele>147.3435823970557</ele>
      </trkpt>
      <trkpt lat="54.59368" lon="-2.46741">
        <ele>144.21798186665478</ele>
      </trkpt>
      <trkpt lat="54.59384" lon="-2.46708">
        <ele>145.23040640000337</ele>
      </trkpt>
      <trkpt lat="54.59397" lon="-2.46648">
        <ele>147.76004798547424</ele>
      </trkpt>
      <trkpt lat="54.59405" lon="-2.46521">
        <ele>153.946056215699</ele>
      </trkpt>
      <trkpt lat="54.59404" lon="-2.46487">
        <ele>156.0324630690741</ele>
      </trkpt>
      <trkpt lat="54.59389" lon="-2.46399">
        <ele>160.73739613997802</ele>
      </trkpt>
      <trkpt lat="54.59342" lon="-2.46299">
        <ele>163.06707209324642</ele>
      </trkpt>
      <trkpt lat="54.59285" lon="-2.46035">
        <ele>161.98712516101125</ele>
      </trkpt>
      <trkpt lat="54.59065" lon="-2.45507">
        <ele>175.16112847160596</ele>
      </trkpt>
      <trkpt lat="54.58764" lon="-2.4523">
        <ele>172.46264533884528</ele>
      </trkpt>
      <trkpt lat="54.58741" lon="-2.45269">
        <ele>173.87289813331</ele>
      </trkpt>
      <trkpt lat="54.58738" lon="-2.45188">
        <ele>171.48505985113817</ele>
      </trkpt>
      <trkpt lat="54.58743" lon="-2.45119">
        <ele>171.33408023235515</ele>
      </trkpt>
      <trkpt lat="54.58739" lon="-2.45072">
        <ele>171.45571764009216</ele>
      </trkpt>
      <trkpt lat="54.58738" lon="-2.4502">
        <ele>171.7983638358795</ele>
      </trkpt>
      <trkpt lat="54.58743" lon="-2.44974">
        <ele>173.0373414832224</ele>
      </trkpt>
      <trkpt lat="54.58748" lon="-2.44963">
        <ele>173.36396611405203</ele>
      </trkpt>
      <trkpt lat="54.5876" lon="-2.44885">
        <ele>175.3382446981042</ele>
      </trkpt>
      <trkpt lat="54.58791" lon="-2.4472">
        <ele>190.0888871688871</ele>
      </trkpt>
      <trkpt lat="54.58808" lon="-2.44222">
        <ele>207.5247514578515</ele>
      </trkpt>
      <trkpt lat="54.58801" lon="-2.44036">
        <ele>211.24012792372477</ele>
      </trkpt>
      <trkpt lat="54.58807" lon="-2.4363">
        <ele>211.90000000000146</ele>
      </trkpt>
      <trkpt lat="54.58821" lon="-2.43529">
        <ele>214.3513487380934</ele>
      </trkpt>
      <trkpt lat="54.58846" lon="-2.43416">
        <ele>219.53067706711664</ele>
      </trkpt>
      <trkpt lat="54.58867" lon="-2.43332">
        <ele>222.73548654895407</ele>
      </trkpt>
      <trkpt lat="54.58872" lon="-2.43314">
        <ele>223.84581228663296</ele>
      </trkpt>
      <trkpt lat="54.58898" lon="-2.43265">
        <ele>225.75017154766346</ele>
      </trkpt>
      <trkpt lat="54.58911" lon="-2.43223">
        <ele>226.72309436230046</ele>
      </trkpt>
      <trkpt lat="54.58914" lon="-2.4319">
        <ele>227.06294442510762</ele>
      </trkpt>
      <trkpt lat="54.58943" lon="-2.43081">
        <ele>227.6168118203529</ele>
      </trkpt>
      <trkpt lat="54.58949" lon="-2.43077">
        <ele>227.80140469493583</ele>
      </trkpt>
      <trkpt lat="54.58956" lon="-2.43061">
        <ele>228.51080126683271</ele>
      </trkpt>
      <trkpt lat="54.58954" lon="-2.42852">
        <ele>238.50671324492475</ele>
      </trkpt>
      <trkpt lat="54.58961" lon="-2.42776">
        <ele>241.6974967290426</ele>
      </trkpt>
      <trkpt lat="54.58958" lon="-2.4272">
        <ele>241.6040479718708</ele>
      </trkpt>
      <trkpt lat="54.5896" lon="-2.42594">
        <ele>242.83786682384152</ele>
      </trkpt>
      <trkpt lat="54.58965" lon="-2.42528">
        <ele>244.51602813624092</ele>
      </trkpt>
      <trkpt lat="54.58977" lon="-2.42458">
        <ele>246.75647599021997</ele>
      </trkpt>
      <trkpt lat="54.5898" lon="-2.42355">
        <ele>246.58405408445162</ele>
      </trkpt>
      <trkpt lat="54.58993" lon="-2.42287">
        <ele>245.427562291655</ele>
      </trkpt>
      <trkpt lat="54.58987" lon="-2.42276">
        <ele>245.1204479095763</ele>
      </trkpt>
      <trkpt lat="54.58992" lon="-2.42267">
        <ele>245.11513102222278</ele>
      </trkpt>
      <trkpt lat="54.59022" lon="-2.42222">
        <ele>246.71268360945467</ele>
      </trkpt>
      <trkpt lat="54.59037" lon="-2.42202">
        <ele>247.3636709610479</ele>
      </trkpt>
      <trkpt lat="54.59076" lon="-2.42161">
        <ele>247.19802489784834</ele>
      </trkpt>
      <trkpt lat="54.59101" lon="-2.42125">
        <ele>248.21786666668564</ele>
      </trkpt>
      <trkpt lat="54.59125" lon="-2.42094">
        <ele>249.550706707454</ele>
      </trkpt>
      <trkpt lat="54.59183" lon="-2.42034">
        <ele>253.9498474353002</ele>
      </trkpt>
      <trkpt lat="54.59263" lon="-2.41963">
        <ele>258.6541342517832</ele>
      </trkpt>
      <trkpt lat="54.59273" lon="-2.41956">
        <ele>259.3236848918565</ele>
      </trkpt>
      <trkpt lat="54.59287" lon="-2.41951">
        <ele>260.331438098546</ele>
      </trkpt>
      <trkpt lat="54.59305" lon="-2.41958">
        <ele>261.43462649327716</ele>
      </trkpt>
      <trkpt lat="54.59319" lon="-2.41961">
        <ele>262.27943326262806</ele>
      </trkpt>
      <trkpt lat="54.59353" lon="-2.4196">
        <ele>264.00536852583826</ele>
      </trkpt>
      <trkpt lat="54.59386" lon="-2.41952">
        <ele>267.396604532162</ele>
      </trkpt>
      <trkpt lat="54.59402" lon="-2.41953">
        <ele>269.3152170443265</ele>
      </trkpt>
      <trkpt lat="54.59431" lon="-2.4195">
        <ele>273.7552109895281</ele>
      </trkpt>
      <trkpt lat="54.59462" lon="-2.41938">
        <ele>280.3396702099179</ele>
      </trkpt>
      <trkpt lat="54.59472" lon="-2.41937">
        <ele>282.1754547800416</ele>
      </trkpt>
      <trkpt lat="54.5952" lon="-2.41955">
        <ele>287.68722641524005</ele>
      </trkpt>
      <trkpt lat="54.59543" lon="-2.41942">
        <ele>294.10538496756953</ele>
      </trkpt>
      <trkpt lat="54.5955" lon="-2.41945">
        <ele>295.36791567858415</ele>
      </trkpt>
      <trkpt lat="54.59579" lon="-2.41978">
        <ele>298.6189187724387</ele>
      </trkpt>
      <trkpt lat="54.59586" lon="-2.41983">
        <ele>299.8546399889459</ele>
      </trkpt>
      <trkpt lat="54.59598" lon="-2.4198">
        <ele>303.0460301374786</ele>
      </trkpt>
      <trkpt lat="54.59602" lon="-2.41975">
        <ele>304.48667835372066</ele>
      </trkpt>
      <trkpt lat="54.59606" lon="-2.41963">
        <ele>306.5997265523945</ele>
      </trkpt>
      <trkpt lat="54.59622" lon="-2.41873">
        <ele>318.8722983799154</ele>
      </trkpt>
      <trkpt lat="54.59614" lon="-2.41803">
        <ele>323.53322291131605</ele>
      </trkpt>
      <trkpt lat="54.59617" lon="-2.41776">
        <ele>326.33565983083145</ele>
      </trkpt>
      <trkpt lat="54.59616" lon="-2.41768">
        <ele>326.8802069204874</ele>
      </trkpt>
      <trkpt lat="54.59605" lon="-2.41732">
        <ele>328.2694387174688</ele>
      </trkpt>
      <trkpt lat="54.59604" lon="-2.4172">
        <ele>329.3598904160629</ele>
      </trkpt>
      <trkpt lat="54.59607" lon="-2.41711">
        <ele>330.98850277865483</ele>
      </trkpt>
      <trkpt lat="54.59622" lon="-2.41695">
        <ele>335.7057998897249</ele>
      </trkpt>
      <trkpt lat="54.59625" lon="-2.41688">
        <ele>336.91660689015515</ele>
      </trkpt>
      <trkpt lat="54.59631" lon="-2.4165">
        <ele>341.69448679061634</ele>
      </trkpt>
      <trkpt lat="54.59645" lon="-2.41598">
        <ele>347.60685646584693</ele>
      </trkpt>
      <trkpt lat="54.59667" lon="-2.41551">
        <ele>356.6819697279261</ele>
      </trkpt>
      <trkpt lat="54.5967" lon="-2.41537">
        <ele>358.10085740680915</ele>
      </trkpt>
      <trkpt lat="54.59678" lon="-2.4147">
        <ele>362.36099059673194</ele>
      </trkpt>
      <trkpt lat="54.59696" lon="-2.41379">
        <ele>367.5763619056922</ele>
      </trkpt>
      <trkpt lat="54.59705" lon="-2.41347">
        <ele>371.3309660187465</ele>
      </trkpt>
      <trkpt lat="54.59712" lon="-2.41315">
        <ele>373.9076974077611</ele>
      </trkpt>
      <trkpt lat="54.59725" lon="-2.41276">
        <ele>376.08679214135435</ele>
      </trkpt>
      <trkpt lat="54.59757" lon="-2.41216">
        <ele>379.1803740444605</ele>
      </trkpt>
      <trkpt lat="54.59776" lon="-2.41152">
        <ele>380.9341128609155</ele>
      </trkpt>
      <trkpt lat="54.59802" lon="-2.41099">
        <ele>387.9230338733415</ele>
      </trkpt>
      <trkpt lat="54.59806" lon="-2.4108">
        <ele>389.02515525054343</ele>
      </trkpt>
      <trkpt lat="54.59806" lon="-2.41015">
        <ele>388.4373491340788</ele>
      </trkpt>
      <trkpt lat="54.59808" lon="-2.40975">
        <ele>391.129104162055</ele>
      </trkpt>
      <trkpt lat="54.59821" lon="-2.40808">
        <ele>411.18747155328776</ele>
      </trkpt>
      <trkpt lat="54.59821" lon="-2.40773">
        <ele>415.95372032928367</ele>
      </trkpt>
      <trkpt lat="54.59825" lon="-2.40717">
        <ele>419.81745083255265</ele>
      </trkpt>
      <trkpt lat="54.59853" lon="-2.40642">
        <ele>430.309413743971</ele>
      </trkpt>
      <trkpt lat="54.59886" lon="-2.40572">
        <ele>439.83821646979743</ele>
      </trkpt>
      <trkpt lat="54.59902" lon="-2.40528">
        <ele>443.1356532253104</ele>
      </trkpt>
      <trkpt lat="54.59919" lon="-2.40451">
        <ele>445.7863644593866</ele>
      </trkpt>
      <trkpt lat="54.59937" lon="-2.40389">
        <ele>449.1971863483554</ele>
      </trkpt>
      <trkpt lat="54.59944" lon="-2.40372">
        <ele>450.4972680951706</ele>
      </trkpt>
      <trkpt lat="54.59971" lon="-2.40319">
        <ele>455.2384488991939</ele>
      </trkpt>
      <trkpt lat="54.59996" lon="-2.40277">
        <ele>457.4464161490797</ele>
      </trkpt>
      <trkpt lat="54.60003" lon="-2.40268">
        <ele>458.23113157500137</ele>
      </trkpt>
      <trkpt lat="54.60011" lon="-2.40264">
        <ele>459.86125369842694</ele>
      </trkpt>
      <trkpt lat="54.60038" lon="-2.40267">
        <ele>465.15338790540943</ele>
      </trkpt>
      <trkpt lat="54.60063" lon="-2.40263">
        <ele>468.5190892642607</ele>
      </trkpt>
      <trkpt lat="54.60093" lon="-2.40265">
        <ele>473.55785756772457</ele>
      </trkpt>
      <trkpt lat="54.60114" lon="-2.40271">
        <ele>476.72925770669286</ele>
      </trkpt>
      <trkpt lat="54.60142" lon="-2.40299">
        <ele>481.3752734047474</ele>
      </trkpt>
      <trkpt lat="54.60156" lon="-2.40307">
        <ele>483.0864412942441</ele>
      </trkpt>
      <trkpt lat="54.60175" lon="-2.40323">
        <ele>485.25926708116117</ele>
      </trkpt>
      <trkpt lat="54.60211" lon="-2.40365">
        <ele>491.0788843069233</ele>
      </trkpt>
      <trkpt lat="54.60226" lon="-2.40399">
        <ele>494.410714546731</ele>
      </trkpt>
      <trkpt lat="54.60241" lon="-2.40464">
        <ele>499.3942289860688</ele>
      </trkpt>
      <trkpt lat="54.60253" lon="-2.40478">
        <ele>501.8173672798796</ele>
      </trkpt>
      <trkpt lat="54.60241" lon="-2.40464">
        <ele>499.3942289860688</ele>
      </trkpt>
      <trkpt lat="54.60254" lon="-2.4047">
        <ele>501.9266215449203</ele>
      </trkpt>
      <trkpt lat="54.6026" lon="-2.40466">
        <ele>503.0127699355129</ele>
      </trkpt>
      <trkpt lat="54.60297" lon="-2.40399">
        <ele>508.7296060509967</ele>
      </trkpt>
      <trkpt lat="54.6033" lon="-2.40393">
        <ele>514.756665803446</ele>
      </trkpt>
      <trkpt lat="54.60356" lon="-2.40323">
        <ele>518.1676994020848</ele>
      </trkpt>
      <trkpt lat="54.60371" lon="-2.40267">
        <ele>519.767731058743</ele>
      </trkpt>
      <trkpt lat="54.6038" lon="-2.40224">
        <ele>521.7208680940419</ele>
      </trkpt>
      <trkpt lat="54.60388" lon="-2.40193">
        <ele>524.3056784628003</ele>
      </trkpt>
      <trkpt lat="54.60414" lon="-2.40118">
        <ele>532.1176096302931</ele>
      </trkpt>
      <trkpt lat="54.60432" lon="-2.40061">
        <ele>534.7730437997733</ele>
      </trkpt>
      <trkpt lat="54.60452" lon="-2.40033">
        <ele>537.9765704605823</ele>
      </trkpt>
      <trkpt lat="54.60463" lon="-2.40011">
        <ele>539.1850375442773</ele>
      </trkpt>
      <trkpt lat="54.60501" lon="-2.39967">
        <ele>544.3102365407171</ele>
      </trkpt>
      <trkpt lat="54.6052" lon="-2.39949">
        <ele>546.95801829428</ele>
      </trkpt>
      <trkpt lat="54.60532" lon="-2.39945">
        <ele>548.8806027542805</ele>
      </trkpt>
      <trkpt lat="54.60548" lon="-2.39953">
        <ele>551.1609362274882</ele>
      </trkpt>
      <trkpt lat="54.6056" lon="-2.39955">
        <ele>553.0080483634962</ele>
      </trkpt>
      <trkpt lat="54.60595" lon="-2.39944">
        <ele>557.6186540976173</ele>
      </trkpt>
      <trkpt lat="54.60608" lon="-2.39935">
        <ele>559.0372524881511</ele>
      </trkpt>
      <trkpt lat="54.60617" lon="-2.39921">
        <ele>561.1008204954213</ele>
      </trkpt>
      <trkpt lat="54.60624" lon="-2.39905">
        <ele>562.9631932846015</ele>
      </trkpt>
      <trkpt lat="54.60644" lon="-2.39876">
        <ele>566.459470870992</ele>
      </trkpt>
      <trkpt lat="54.60668" lon="-2.39826">
        <ele>569.0903221152959</ele>
      </trkpt>
      <trkpt lat="54.607" lon="-2.39704">
        <ele>574.7859214272361</ele>
      </trkpt>
      <trkpt lat="54.60721" lon="-2.39662">
        <ele>579.4803090719515</ele>
      </trkpt>
      <trkpt lat="54.60773" lon="-2.39575">
        <ele>589.8877993189269</ele>
      </trkpt>
      <trkpt lat="54.60783" lon="-2.39563">
        <ele>590.7095583864032</ele>
      </trkpt>
      <trkpt lat="54.60798" lon="-2.39551">
        <ele>591.5753586630107</ele>
      </trkpt>
      <trkpt lat="54.60827" lon="-2.39541">
        <ele>593.0067566938654</ele>
      </trkpt>
      <trkpt lat="54.60898" lon="-2.39489">
        <ele>598.4916703144632</ele>
      </trkpt>
      <trkpt lat="54.60928" lon="-2.39476">
        <ele>600.8291052307754</ele>
      </trkpt>
      <trkpt lat="54.61039" lon="-2.39425">
        <ele>610.5251226418378</ele>
      </trkpt>
      <trkpt lat="54.61711" lon="-2.39365">
        <ele>616.3545231080168</ele>
      </trkpt>
      <trkpt lat="54.61739" lon="-2.39537">
        <ele>632.1292989054474</ele>
      </trkpt>
      <trkpt lat="54.62072" lon="-2.39807">
        <ele>644.5072274539626</ele>
      </trkpt>
      <trkpt lat="54.62193" lon="-2.39749">
        <ele>642.8189587329115</ele>
      </trkpt>
      <trkpt lat="54.62148" lon="-2.40104">
        <ele>581.8358083751139</ele>
      </trkpt>
      <trkpt lat="54.62322" lon="-2.39934">
        <ele>577.2860887761979</ele>
      </trkpt>
      <trkpt lat="54.6268" lon="-2.39573">
        <ele>577.1343993448725</ele>
      </trkpt>
      <trkpt lat="54.63" lon="-2.39387">
        <ele>574.5398400434301</ele>
      </trkpt>
      <trkpt lat="54.63094" lon="-2.39258">
        <ele>579.6352876641798</ele>
      </trkpt>
      <trkpt lat="54.63019" lon="-2.3956">
        <ele>550.5386847217333</ele>
      </trkpt>
      <trkpt lat="54.63038" lon="-2.39605">
        <ele>549.1655091188856</ele>
      </trkpt>
      <trkpt lat="54.63046" lon="-2.3969">
        <ele>556.403584997794</ele>
      </trkpt>
      <trkpt lat="54.63045" lon="-2.39732">
        <ele>560.1928913264543</ele>
      </trkpt>
      <trkpt lat="54.63048" lon="-2.39779">
        <ele>568.4910289955662</ele>
      </trkpt>
      <trkpt lat="54.6306" lon="-2.39909">
        <ele>580.3389499164584</ele>
      </trkpt>
      <trkpt lat="54.63041" lon="-2.39948">
        <ele>578.8292340379551</ele>
      </trkpt>
      <trkpt lat="54.63033" lon="-2.39976">
        <ele>580.0673123927328</ele>
      </trkpt>
      <trkpt lat="54.62976" lon="-2.40147">
        <ele>582.8224646079175</ele>
      </trkpt>
      <trkpt lat="54.62938" lon="-2.40319">
        <ele>580.3831338763645</ele>
      </trkpt>
      <trkpt lat="54.62879" lon="-2.40394">
        <ele>567.342413027048</ele>
      </trkpt>
      <trkpt lat="54.6272" lon="-2.40873">
        <ele>576.5585028014152</ele>
      </trkpt>
      <trkpt lat="54.6271" lon="-2.4104">
        <ele>587.2561734913385</ele>
      </trkpt>
      <trkpt lat="54.62449" lon="-2.41498">
        <ele>571.666486517819</ele>
      </trkpt>
      <trkpt lat="54.62303" lon="-2.41988">
        <ele>562.6214538141157</ele>
      </trkpt>
      <trkpt lat="54.6221" lon="-2.42417">
        <ele>531.2418130745191</ele>
      </trkpt>
      <trkpt lat="54.62111" lon="-2.42582">
        <ele>510.8918835937054</ele>
      </trkpt>
      <trkpt lat="54.62002" lon="-2.4304">
        <ele>475.5672984997514</ele>
      </trkpt>
      <trkpt lat="54.61932" lon="-2.4317">
        <ele>463.8034417951874</ele>
      </trkpt>
      <trkpt lat="54.61928" lon="-2.4325">
        <ele>462.12038508628115</ele>
      </trkpt>
      <trkpt lat="54.61917" lon="-2.43363">
        <ele>450.8727852495152</ele>
      </trkpt>
      <trkpt lat="54.61911" lon="-2.43389">
        <ele>447.5267141587575</ele>
      </trkpt>
      <trkpt lat="54.61913" lon="-2.43408">
        <ele>445.82400434723945</ele>
      </trkpt>
      <trkpt lat="54.61998" lon="-2.43617">
        <ele>430.1945802488312</ele>
      </trkpt>
      <trkpt lat="54.62099" lon="-2.43875">
        <ele>405.79663072340304</ele>
      </trkpt>
      <trkpt lat="54.62121" lon="-2.43923">
        <ele>401.9222771196246</ele>
      </trkpt>
      <trkpt lat="54.62124" lon="-2.43937">
        <ele>400.2439340420585</ele>
      </trkpt>
      <trkpt lat="54.62124" lon="-2.43951">
        <ele>398.35979734552166</ele>
      </trkpt>
      <trkpt lat="54.62124" lon="-2.43959">
        <ele>397.4277297899134</ele>
      </trkpt>
      <trkpt lat="54.6211" lon="-2.44063">
        <ele>387.10079984748825</ele>
      </trkpt>
      <trkpt lat="54.62073" lon="-2.44306">
        <ele>370.2047448096571</ele>
      </trkpt>
      <trkpt lat="54.62063" lon="-2.44357">
        <ele>365.20575609202587</ele>
      </trkpt>
      <trkpt lat="54.62064" lon="-2.44369">
        <ele>364.62787760132994</ele>
      </trkpt>
      <trkpt lat="54.62062" lon="-2.44388">
        <ele>363.0323604172333</ele>
      </trkpt>
      <trkpt lat="54.61894" lon="-2.45417">
        <ele>280.99327016371893</ele>
      </trkpt>
      <trkpt lat="54.61892" lon="-2.45436">
        <ele>279.24211273901255</ele>
      </trkpt>
      <trkpt lat="54.61892" lon="-2.45448">
        <ele>278.1236316723757</ele>
      </trkpt>
      <trkpt lat="54.61949" lon="-2.45758">
        <ele>260.42320383675406</ele>
      </trkpt>
      <trkpt lat="54.61988" lon="-2.4598">
        <ele>259.631142784935</ele>
      </trkpt>
      <trkpt lat="54.61958" lon="-2.46071">
        <ele>258.50417823331316</ele>
      </trkpt>
      <trkpt lat="54.61944" lon="-2.46127">
        <ele>257.1613293642654</ele>
      </trkpt>
      <trkpt lat="54.61929" lon="-2.46241">
        <ele>250.74339556219263</ele>
      </trkpt>
      <trkpt lat="54.61923" lon="-2.46312">
        <ele>245.62361815033566</ele>
      </trkpt>
      <trkpt lat="54.61901" lon="-2.46519">
        <ele>233.70209191364847</ele>
      </trkpt>
      <trkpt lat="54.61853" lon="-2.47051">
        <ele>208.29441626633115</ele>
      </trkpt>
      <trkpt lat="54.6183" lon="-2.47278">
        <ele>199.32399934788546</ele>
      </trkpt>
      <trkpt lat="54.6182" lon="-2.47323">
        <ele>197.03459840000193</ele>
      </trkpt>
      <trkpt lat="54.61798" lon="-2.47394">
        <ele>194.7313480830045</ele>
      </trkpt>
      <trkpt lat="54.61741" lon="-2.47536">
        <ele>196.2124590363827</ele>
      </trkpt>
      <trkpt lat="54.61736" lon="-2.47533">
        <ele>196.34719618391364</ele>
      </trkpt>
      <trkpt lat="54.61741" lon="-2.47536">
        <ele>196.2124590363827</ele>
      </trkpt>
      <trkpt lat="54.61759" lon="-2.47561">
        <ele>195.97712261124497</ele>
      </trkpt>
      <trkpt lat="54.61812" lon="-2.47651">
        <ele>195.51894781777543</ele>
      </trkpt>
      <trkpt lat="54.61864" lon="-2.47725">
        <ele>193.27119138780853</ele>
      </trkpt>
      <trkpt lat="54.619" lon="-2.47784">
        <ele>192.4114875741715</ele>
      </trkpt>
      <trkpt lat="54.61913" lon="-2.47813">
        <ele>192.60829248578753</ele>
      </trkpt>
      <trkpt lat="54.61921" lon="-2.47835">
        <ele>192.64106112278384</ele>
      </trkpt>
      <trkpt lat="54.61932" lon="-2.47889">
        <ele>192.4710740633086</ele>
      </trkpt>
      <trkpt lat="54.61934" lon="-2.47909">
        <ele>192.84403627810605</ele>
      </trkpt>
      <trkpt lat="54.61935" lon="-2.47959">
        <ele>193.22900859217708</ele>
      </trkpt>
      <trkpt lat="54.6194" lon="-2.48005">
        <ele>193.5994023163807</ele>
      </trkpt>
      <trkpt lat="54.61941" lon="-2.48027">
        <ele>193.63964667702146</ele>
      </trkpt>
      <trkpt lat="54.61939" lon="-2.48039">
        <ele>193.49535281006283</ele>
      </trkpt>
      <trkpt lat="54.61956" lon="-2.48043">
        <ele>193.88959146666016</ele>
      </trkpt>
      <trkpt lat="54.61958" lon="-2.4805">
        <ele>193.80803555555286</ele>
      </trkpt>
      <trkpt lat="54.61956" lon="-2.48043">
        <ele>193.88959146666016</ele>
      </trkpt>
      <trkpt lat="54.62005" lon="-2.48013">
        <ele>191.60551046182667</ele>
      </trkpt>
      <trkpt lat="54.62029" lon="-2.47986">
        <ele>188.6121483822123</ele>
      </trkpt>
      <trkpt lat="54.621" lon="-2.47891">
        <ele>184.48241380797785</ele>
      </trkpt>
      <trkpt lat="54.62137" lon="-2.479">
        <ele>181.4558597944221</ele>
      </trkpt>
      <trkpt lat="54.62171" lon="-2.47922">
        <ele>177.7584063156508</ele>
      </trkpt>
      <trkpt lat="54.622" lon="-2.47959">
        <ele>175.06836543618726</ele>
      </trkpt>
      <trkpt lat="54.62218" lon="-2.47993">
        <ele>174.7721336888858</ele>
      </trkpt>
      <trkpt lat="54.62241" lon="-2.48026">
        <ele>173.23630002514673</ele>
      </trkpt>
      <trkpt lat="54.62252" lon="-2.48038">
        <ele>172.9219386333611</ele>
      </trkpt>
      <trkpt lat="54.62271" lon="-2.48051">
        <ele>172.7963847111223</ele>
      </trkpt>
      <trkpt lat="54.62304" lon="-2.48052">
        <ele>172.85420160000342</ele>
      </trkpt>
      <trkpt lat="54.62329" lon="-2.48043">
        <ele>173.16877439997705</ele>
      </trkpt>
      <trkpt lat="54.62415" lon="-2.48046">
        <ele>174.0165871913553</ele>
      </trkpt>
      <trkpt lat="54.62427" lon="-2.48057">
        <ele>174.72578841830344</ele>
      </trkpt>
      <trkpt lat="54.62438" lon="-2.48073">
        <ele>174.86251646208171</ele>
      </trkpt>
      <trkpt lat="54.62454" lon="-2.48103">
        <ele>174.3484710416763</ele>
      </trkpt>
      <trkpt lat="54.62474" lon="-2.48133">
        <ele>173.86869571395277</ele>
      </trkpt>
      <trkpt lat="54.62502" lon="-2.48155">
        <ele>174.32743856613627</ele>
      </trkpt>
      <trkpt lat="54.62529" lon="-2.48181">
        <ele>176.21008739322502</ele>
      </trkpt>
      <trkpt lat="54.62568" lon="-2.48223">
        <ele>178.26441984830683</ele>
      </trkpt>
      <trkpt lat="54.62619" lon="-2.48235">
        <ele>178.63285885518496</ele>
      </trkpt>
      <trkpt lat="54.6268" lon="-2.4823">
        <ele>180.48856389844946</ele>
      </trkpt>
      <trkpt lat="54.62719" lon="-2.48244">
        <ele>182.0241502127846</ele>
      </trkpt>
      <trkpt lat="54.62735" lon="-2.48264">
        <ele>181.91475484443487</ele>
      </trkpt>
      <trkpt lat="54.6275" lon="-2.48267">
        <ele>182.20080534154866</ele>
      </trkpt>
      <trkpt lat="54.62771" lon="-2.48261">
        <ele>183.58021865202664</ele>
      </trkpt>
      <trkpt lat="54.62789" lon="-2.48263">
        <ele>183.92640568888854</ele>
      </trkpt>
      <trkpt lat="54.62851" lon="-2.48283">
        <ele>185.17272661705567</ele>
      </trkpt>
      <trkpt lat="54.62888" lon="-2.48283">
        <ele>186.28583071376198</ele>
      </trkpt>
      <trkpt lat="54.63024" lon="-2.48254">
        <ele>192.61237558476392</ele>
      </trkpt>
      <trkpt lat="54.63116" lon="-2.48173">
        <ele>203.94206645464976</ele>
      </trkpt>
      <trkpt lat="54.63191" lon="-2.48175">
        <ele>208.1314564164036</ele>
      </trkpt>
      <trkpt lat="54.63292" lon="-2.48092">
        <ele>216.51066816578538</ele>
      </trkpt>
      <trkpt lat="54.63451" lon="-2.48071">
        <ele>229.0530272982757</ele>
      </trkpt>
      <trkpt lat="54.63626" lon="-2.48065">
        <ele>240.6439798828972</ele>
      </trkpt>
      <trkpt lat="54.6365" lon="-2.48059">
        <ele>241.7317480082399</ele>
      </trkpt>
      <trkpt lat="54.63689" lon="-2.48031">
        <ele>243.61760640004692</ele>
      </trkpt>
      <trkpt lat="54.63709" lon="-2.4801">
        <ele>244.8453429028694</ele>
      </trkpt>
      <trkpt lat="54.63729" lon="-2.47998">
        <ele>245.89566510687686</ele>
      </trkpt>
      <trkpt lat="54.63734" lon="-2.47998">
        <ele>246.09697553087034</ele>
      </trkpt>
      <trkpt lat="54.63838" lon="-2.48002">
        <ele>252.06797700771156</ele>
      </trkpt>
      <trkpt lat="54.63868" lon="-2.48058">
        <ele>255.61336546686988</ele>
      </trkpt>
      <trkpt lat="54.63914" lon="-2.48129">
        <ele>255.48083401623578</ele>
      </trkpt>
      <trkpt lat="54.6393" lon="-2.4811">
        <ele>254.29591379547713</ele>
      </trkpt>
      <trkpt lat="54.6395" lon="-2.48024">
        <ele>249.00467935318713</ele>
      </trkpt>
      <trkpt lat="54.63982" lon="-2.47902">
        <ele>241.8666098356048</ele>
      </trkpt>
      <trkpt lat="54.6402" lon="-2.4783">
        <ele>243.07410179318487</ele>
      </trkpt>
      <trkpt lat="54.64022" lon="-2.4783">
        <ele>242.9328457162719</ele>
      </trkpt>
      <trkpt lat="54.64032" lon="-2.47839">
        <ele>242.4327274666637</ele>
      </trkpt>
      <trkpt lat="54.64065" lon="-2.47876">
        <ele>243.11265517320996</ele>
      </trkpt>
      <trkpt lat="54.64106" lon="-2.4783">
        <ele>246.62910848262896</ele>
      </trkpt>
      <trkpt lat="54.64317" lon="-2.47539">
        <ele>273.5437129893352</ele>
      </trkpt>
      <trkpt lat="54.64579" lon="-2.47165">
        <ele>315.334206978628</ele>
      </trkpt>
      <trkpt lat="54.64631" lon="-2.46977">
        <ele>331.2680901779339</ele>
      </trkpt>
      <trkpt lat="54.64642" lon="-2.46972">
        <ele>332.3371862144915</ele>
      </trkpt>
      <trkpt lat="54.64652" lon="-2.46997">
        <ele>332.00404169119366</ele>
      </trkpt>
      <trkpt lat="54.64713" lon="-2.47032">
        <ele>338.46779149125865</ele>
      </trkpt>
      <trkpt lat="54.64737" lon="-2.47032">
        <ele>341.6856832388801</ele>
      </trkpt>
      <trkpt lat="54.64812" lon="-2.4699">
        <ele>357.16119022350836</ele>
      </trkpt>
      <trkpt lat="54.64847" lon="-2.46944">
        <ele>365.52291459792787</ele>
      </trkpt>
      <trkpt lat="54.649" lon="-2.46948">
        <ele>365.8332446409395</ele>
      </trkpt>
      <trkpt lat="54.64923" lon="-2.46926">
        <ele>368.76768217701556</ele>
      </trkpt>
      <trkpt lat="54.64958" lon="-2.46908">
        <ele>369.5310591767082</ele>
      </trkpt>
      <trkpt lat="54.65001" lon="-2.46872">
        <ele>370.827090501739</ele>
      </trkpt>
      <trkpt lat="54.6504" lon="-2.46823">
        <ele>372.8192139354778</ele>
      </trkpt>
      <trkpt lat="54.65072" lon="-2.46749">
        <ele>375.240787837399</ele>
      </trkpt>
      <trkpt lat="54.65091" lon="-2.46626">
        <ele>381.37127455766375</ele>
      </trkpt>
      <trkpt lat="54.65095" lon="-2.46612">
        <ele>381.7975841296847</ele>
      </trkpt>
      <trkpt lat="54.65102" lon="-2.46586">
        <ele>383.0128452040266</ele>
      </trkpt>
      <trkpt lat="54.65152" lon="-2.46574">
        <ele>387.95373081400237</ele>
      </trkpt>
      <trkpt lat="54.65166" lon="-2.46471">
        <ele>400.2318575377448</ele>
      </trkpt>
      <trkpt lat="54.65192" lon="-2.46402">
        <ele>413.6391120921087</ele>
      </trkpt>
      <trkpt lat="54.65214" lon="-2.46352">
        <ele>424.4895926853789</ele>
      </trkpt>
      <trkpt lat="54.65268" lon="-2.46215">
        <ele>458.7744653700726</ele>
      </trkpt>
      <trkpt lat="54.65274" lon="-2.46186">
        <ele>462.55878874638665</ele>
      </trkpt>
      <trkpt lat="54.65284" lon="-2.46175">
        <ele>466.64444953729446</ele>
      </trkpt>
      <trkpt lat="54.65304" lon="-2.46133">
        <ele>477.8714292769563</ele>
      </trkpt>
      <trkpt lat="54.6532" lon="-2.46089">
        <ele>485.6866621120067</ele>
      </trkpt>
      <trkpt lat="54.65326" lon="-2.46079">
        <ele>487.97111468494677</ele>
      </trkpt>
      <trkpt lat="54.65337" lon="-2.46071">
        <ele>490.9019761064102</ele>
      </trkpt>
      <trkpt lat="54.65343" lon="-2.4606">
        <ele>492.55545279986734</ele>
      </trkpt>
      <trkpt lat="54.65348" lon="-2.46042">
        <ele>494.43687674044776</ele>
      </trkpt>
      <trkpt lat="54.65373" lon="-2.46015">
        <ele>498.68243650787076</ele>
      </trkpt>
      <trkpt lat="54.65394" lon="-2.45963">
        <ele>506.9517663626473</ele>
      </trkpt>
      <trkpt lat="54.65406" lon="-2.4595">
        <ele>509.711478827206</ele>
      </trkpt>
      <trkpt lat="54.65409" lon="-2.45935">
        <ele>512.0611706229897</ele>
      </trkpt>
      <trkpt lat="54.65406" lon="-2.45917">
        <ele>514.3708410728267</ele>
      </trkpt>
      <trkpt lat="54.65402" lon="-2.45909">
        <ele>515.1504215545042</ele>
      </trkpt>
      <trkpt lat="54.65401" lon="-2.45881">
        <ele>518.3694492243471</ele>
      </trkpt>
      <trkpt lat="54.65394" lon="-2.45872">
        <ele>518.4820367544312</ele>
      </trkpt>
      <trkpt lat="54.6539" lon="-2.45858">
        <ele>519.2051284768968</ele>
      </trkpt>
      <trkpt lat="54.65367" lon="-2.45799">
        <ele>518.7984630050147</ele>
      </trkpt>
      <trkpt lat="54.65366" lon="-2.45777">
        <ele>519.8599378194203</ele>
      </trkpt>
      <trkpt lat="54.65372" lon="-2.45731">
        <ele>523.3983712487412</ele>
      </trkpt>
      <trkpt lat="54.65376" lon="-2.4571">
        <ele>525.5483880279825</ele>
      </trkpt>
      <trkpt lat="54.6538" lon="-2.45651">
        <ele>530.8015449870735</ele>
      </trkpt>
      <trkpt lat="54.65393" lon="-2.45641">
        <ele>535.2686697843388</ele>
      </trkpt>
      <trkpt lat="54.65427" lon="-2.45604">
        <ele>542.9809375911719</ele>
      </trkpt>
      <trkpt lat="54.65431" lon="-2.45588">
        <ele>543.6725257310516</ele>
      </trkpt>
      <trkpt lat="54.6545" lon="-2.45543">
        <ele>546.4223573855832</ele>
      </trkpt>
      <trkpt lat="54.65461" lon="-2.45534">
        <ele>548.552333773417</ele>
      </trkpt>
      <trkpt lat="54.65497" lon="-2.45529">
        <ele>553.2057356722587</ele>
      </trkpt>
      <trkpt lat="54.6552" lon="-2.4549">
        <ele>557.5462354424178</ele>
      </trkpt>
      <trkpt lat="54.65541" lon="-2.45468">
        <ele>561.7688564993455</ele>
      </trkpt>
      <trkpt lat="54.65555" lon="-2.4543">
        <ele>567.0296461528404</ele>
      </trkpt>
      <trkpt lat="54.65567" lon="-2.45407">
        <ele>569.594793178048</ele>
      </trkpt>
      <trkpt lat="54.65577" lon="-2.45374">
        <ele>571.652961408854</ele>
      </trkpt>
      <trkpt lat="54.65607" lon="-2.4531">
        <ele>577.2742948488942</ele>
      </trkpt>
      <trkpt lat="54.65626" lon="-2.4526">
        <ele>582.0498009276578</ele>
      </trkpt>
      <trkpt lat="54.65646" lon="-2.45218">
        <ele>585.0258915613173</ele>
      </trkpt>
      <trkpt lat="54.65659" lon="-2.45171">
        <ele>587.3969998208078</ele>
      </trkpt>
      <trkpt lat="54.65674" lon="-2.45044">
        <ele>594.467338552218</ele>
      </trkpt>
      <trkpt lat="54.65681" lon="-2.45022">
        <ele>597.2067789741795</ele>
      </trkpt>
      <trkpt lat="54.65694" lon="-2.44956">
        <ele>604.4121573253074</ele>
      </trkpt>
      <trkpt lat="54.65708" lon="-2.44912">
        <ele>608.3072146800821</ele>
      </trkpt>
      <trkpt lat="54.65713" lon="-2.44886">
        <ele>609.3031500847088</ele>
      </trkpt>
      <trkpt lat="54.65713" lon="-2.44857">
        <ele>610.2306956846738</ele>
      </trkpt>
      <trkpt lat="54.65719" lon="-2.44837">
        <ele>612.0173535124405</ele>
      </trkpt>
      <trkpt lat="54.65727" lon="-2.44822">
        <ele>613.8402746140963</ele>
      </trkpt>
      <trkpt lat="54.65751" lon="-2.44797">
        <ele>617.2114950467827</ele>
      </trkpt>
      <trkpt lat="54.65765" lon="-2.44778">
        <ele>619.3641774280004</ele>
      </trkpt>
      <trkpt lat="54.65808" lon="-2.44744">
        <ele>624.015800844925</ele>
      </trkpt>
      <trkpt lat="54.65847" lon="-2.44695">
        <ele>628.6426598032592</ele>
      </trkpt>
      <trkpt lat="54.65876" lon="-2.44672">
        <ele>633.1467733695176</ele>
      </trkpt>
      <trkpt lat="54.65903" lon="-2.44654">
        <ele>637.1423686441047</ele>
      </trkpt>
      <trkpt lat="54.65916" lon="-2.44636">
        <ele>639.8271208092576</ele>
      </trkpt>
      <trkpt lat="54.65951" lon="-2.44601">
        <ele>646.9887188259282</ele>
      </trkpt>
      <trkpt lat="54.66074" lon="-2.44503">
        <ele>665.1040388702187</ele>
      </trkpt>
      <trkpt lat="54.66251" lon="-2.44077">
        <ele>701.1335891898962</ele>
      </trkpt>
      <trkpt lat="54.66372" lon="-2.43918">
        <ele>734.6180722497022</ele>
      </trkpt>
      <trkpt lat="54.66511" lon="-2.43527">
        <ele>779.2838032383946</ele>
      </trkpt>
      <trkpt lat="54.66547" lon="-2.43458">
        <ele>783.9812454635518</ele>
      </trkpt>
      <trkpt lat="54.66583" lon="-2.43411">
        <ele>787.2972890727699</ele>
      </trkpt>
      <trkpt lat="54.6664" lon="-2.4335">
        <ele>790.3050565760859</ele>
      </trkpt>
      <trkpt lat="54.66676" lon="-2.43328">
        <ele>792.5728140229944</ele>
      </trkpt>
      <trkpt lat="54.66686" lon="-2.4333">
        <ele>793.2659659195003</ele>
      </trkpt>
      <trkpt lat="54.66983" lon="-2.43521">
        <ele>781.5135044055063</ele>
      </trkpt>
      <trkpt lat="54.67011" lon="-2.43541">
        <ele>781.7416931555615</ele>
      </trkpt>
      <trkpt lat="54.6703" lon="-2.43597">
        <ele>779.2411635470188</ele>
      </trkpt>
      <trkpt lat="54.67152" lon="-2.43658">
        <ele>772.9927217777822</ele>
      </trkpt>
      <trkpt lat="54.67204" lon="-2.43669">
        <ele>773.806624858426</ele>
      </trkpt>
      <trkpt lat="54.67218" lon="-2.43675">
        <ele>773.2484069481271</ele>
      </trkpt>
      <trkpt lat="54.67238" lon="-2.43679">
        <ele>772.6331169984609</ele>
      </trkpt>
      <trkpt lat="54.67248" lon="-2.43689">
        <ele>772.0385634428394</ele>
      </trkpt>
      <trkpt lat="54.67359" lon="-2.43749">
        <ele>769.1115251846153</ele>
      </trkpt>
      <trkpt lat="54.67474" lon="-2.43794">
        <ele>759.8041530021238</ele>
      </trkpt>
      <trkpt lat="54.67611" lon="-2.43884">
        <ele>746.7274248495479</ele>
      </trkpt>
      <trkpt lat="54.67662" lon="-2.43922">
        <ele>745.3891143111526</ele>
      </trkpt>
      <trkpt lat="54.67688" lon="-2.43983">
        <ele>749.8791979355742</ele>
      </trkpt>
      <trkpt lat="54.67695" lon="-2.43983">
        <ele>750.1394769858852</ele>
      </trkpt>
      <trkpt lat="54.67709" lon="-2.43983">
        <ele>749.9969034092278</ele>
      </trkpt>
      <trkpt lat="54.67719" lon="-2.43988">
        <ele>750.4298744888986</ele>
      </trkpt>
      <trkpt lat="54.67728" lon="-2.43997">
        <ele>751.304421573069</ele>
      </trkpt>
      <trkpt lat="54.67751" lon="-2.44037">
        <ele>754.2094805964505</ele>
      </trkpt>
      <trkpt lat="54.67773" lon="-2.44046">
        <ele>754.7372870111844</ele>
      </trkpt>
      <trkpt lat="54.67818" lon="-2.44096">
        <ele>757.3471530666118</ele>
      </trkpt>
      <trkpt lat="54.67853" lon="-2.44112">
        <ele>759.0124540746218</ele>
      </trkpt>
      <trkpt lat="54.6786" lon="-2.44119">
        <ele>759.3572355843851</ele>
      </trkpt>
      <trkpt lat="54.67865" lon="-2.44131">
        <ele>759.6112730233003</ele>
      </trkpt>
      <trkpt lat="54.67882" lon="-2.44138">
        <ele>759.188490137179</ele>
      </trkpt>
      <trkpt lat="54.67937" lon="-2.44345">
        <ele>773.5637823582634</ele>
      </trkpt>
      <trkpt lat="54.67958" lon="-2.44413">
        <ele>776.6227896698524</ele>
      </trkpt>
      <trkpt lat="54.68005" lon="-2.44487">
        <ele>781.8835812633866</ele>
      </trkpt>
      <trkpt lat="54.68042" lon="-2.44559">
        <ele>789.303270395741</ele>
      </trkpt>
      <trkpt lat="54.68052" lon="-2.44585">
        <ele>792.8404007714014</ele>
      </trkpt>
      <trkpt lat="54.68052" lon="-2.44632">
        <ele>797.6289143848404</ele>
      </trkpt>
      <trkpt lat="54.68057" lon="-2.44673">
        <ele>800.7620783385357</ele>
      </trkpt>
      <trkpt lat="54.68064" lon="-2.44713">
        <ele>803.1966448502881</ele>
      </trkpt>
      <trkpt lat="54.68071" lon="-2.44735">
        <ele>804.7325868348594</ele>
      </trkpt>
      <trkpt lat="54.68119" lon="-2.44783">
        <ele>810.1026288011822</ele>
      </trkpt>
      <trkpt lat="54.68156" lon="-2.44829">
        <ele>816.0950590766266</ele>
      </trkpt>
      <trkpt lat="54.68179" lon="-2.44831">
        <ele>820.6033342789195</ele>
      </trkpt>
      <trkpt lat="54.68233" lon="-2.44803">
        <ele>826.2413661671112</ele>
      </trkpt>
      <trkpt lat="54.68285" lon="-2.44834">
        <ele>832.6885938091013</ele>
      </trkpt>
      <trkpt lat="54.68305" lon="-2.44864">
        <ele>834.7727337522814</ele>
      </trkpt>
      <trkpt lat="54.68328" lon="-2.44882">
        <ele>835.9746247110428</ele>
      </trkpt>
      <trkpt lat="54.68376" lon="-2.44894">
        <ele>837.3198932953878</ele>
      </trkpt>
      <trkpt lat="54.68397" lon="-2.4493">
        <ele>842.1591257779403</ele>
      </trkpt>
      <trkpt lat="54.6845" lon="-2.45029">
        <ele>843.6789317831555</ele>
      </trkpt>
      <trkpt lat="54.68492" lon="-2.45107">
        <ele>836.3989281596387</ele>
      </trkpt>
      <trkpt lat="54.68518" lon="-2.45179">
        <ele>827.6550358400222</ele>
      </trkpt>
      <trkpt lat="54.6855" lon="-2.45218">
        <ele>821.5669734651904</ele>
      </trkpt>
      <trkpt lat="54.6859" lon="-2.45243">
        <ele>815.784094152205</ele>
      </trkpt>
      <trkpt lat="54.68606" lon="-2.45247">
        <ele>813.4273369652639</ele>
      </trkpt>
      <trkpt lat="54.68619" lon="-2.4524">
        <ele>811.6974453206649</ele>
      </trkpt>
      <trkpt lat="54.68639" lon="-2.4525">
        <ele>808.456085007312</ele>
      </trkpt>
      <trkpt lat="54.68646" lon="-2.45257">
        <ele>807.246605887032</ele>
      </trkpt>
      <trkpt lat="54.68674" lon="-2.45261">
        <ele>802.5968861136591</ele>
      </trkpt>
      <trkpt lat="54.68695" lon="-2.45278">
        <ele>799.676187252371</ele>
      </trkpt>
      <trkpt lat="54.68708" lon="-2.45295">
        <ele>797.8059586571757</ele>
      </trkpt>
      <trkpt lat="54.68721" lon="-2.45306">
        <ele>796.0677184433923</ele>
      </trkpt>
      <trkpt lat="54.68723" lon="-2.45315">
        <ele>795.7875733238018</ele>
      </trkpt>
      <trkpt lat="54.6874" lon="-2.45343">
        <ele>793.2155763010967</ele>
      </trkpt>
      <trkpt lat="54.6876" lon="-2.45367">
        <ele>790.8731358795909</ele>
      </trkpt>
      <trkpt lat="54.68789" lon="-2.45387">
        <ele>788.6935702376693</ele>
      </trkpt>
      <trkpt lat="54.68819" lon="-2.45447">
        <ele>785.1935387384153</ele>
      </trkpt>
      <trkpt lat="54.68831" lon="-2.4546">
        <ele>784.1927420247123</ele>
      </trkpt>
      <trkpt lat="54.68839" lon="-2.45478">
        <ele>783.381558622141</ele>
      </trkpt>
      <trkpt lat="54.6885" lon="-2.45491">
        <ele>782.8450929777705</ele>
      </trkpt>
      <trkpt lat="54.68872" lon="-2.45527">
        <ele>782.5174854724669</ele>
      </trkpt>
      <trkpt lat="54.68883" lon="-2.45538">
        <ele>782.8797408114663</ele>
      </trkpt>
      <trkpt lat="54.689" lon="-2.45574">
        <ele>784.190095342097</ele>
      </trkpt>
      <trkpt lat="54.68904" lon="-2.45594">
        <ele>784.6787669516873</ele>
      </trkpt>
      <trkpt lat="54.68928" lon="-2.4562">
        <ele>787.3281502269305</ele>
      </trkpt>
      <trkpt lat="54.68936" lon="-2.45634">
        <ele>789.3245774677308</ele>
      </trkpt>
      <trkpt lat="54.68968" lon="-2.45701">
        <ele>796.324892348015</ele>
      </trkpt>
      <trkpt lat="54.68974" lon="-2.4572">
        <ele>798.47261931818</ele>
      </trkpt>
      <trkpt lat="54.69001" lon="-2.45758">
        <ele>804.2645378861121</ele>
      </trkpt>
      <trkpt lat="54.69015" lon="-2.45799">
        <ele>808.4459990748211</ele>
      </trkpt>
      <trkpt lat="54.69047" lon="-2.45854">
        <ele>817.7965031586845</ele>
      </trkpt>
      <trkpt lat="54.69055" lon="-2.45883">
        <ele>822.2033569932344</ele>
      </trkpt>
      <trkpt lat="54.69074" lon="-2.45926">
        <ele>829.3875356005278</ele>
      </trkpt>
      <trkpt lat="54.69101" lon="-2.45974">
        <ele>835.2269689787697</ele>
      </trkpt>
      <trkpt lat="54.69153" lon="-2.46044">
        <ele>837.0977515779447</ele>
      </trkpt>
      <trkpt lat="54.69213" lon="-2.46112">
        <ele>836.2828139013611</ele>
      </trkpt>
      <trkpt lat="54.69289" lon="-2.46188">
        <ele>833.4849665119315</ele>
      </trkpt>
      <trkpt lat="54.69342" lon="-2.46286">
        <ele>822.3539467628464</ele>
      </trkpt>
      <trkpt lat="54.69456" lon="-2.46417">
        <ele>805.073786468211</ele>
      </trkpt>
      <trkpt lat="54.6947" lon="-2.4643">
        <ele>803.9422332524689</ele>
      </trkpt>
      <trkpt lat="54.69501" lon="-2.46471">
        <ele>799.6487392834857</ele>
      </trkpt>
      <trkpt lat="54.69539" lon="-2.46513">
        <ele>797.0486785671485</ele>
      </trkpt>
      <trkpt lat="54.69558" lon="-2.46554">
        <ele>793.8990605026025</ele>
      </trkpt>
      <trkpt lat="54.6956" lon="-2.46573">
        <ele>792.0561657585214</ele>
      </trkpt>
      <trkpt lat="54.69571" lon="-2.46612">
        <ele>788.0575487999487</ele>
      </trkpt>
      <trkpt lat="54.69585" lon="-2.46643">
        <ele>785.0269188718406</ele>
      </trkpt>
      <trkpt lat="54.69587" lon="-2.46667">
        <ele>782.9292568462212</ele>
      </trkpt>
      <trkpt lat="54.69595" lon="-2.46687">
        <ele>781.1169557332532</ele>
      </trkpt>
      <trkpt lat="54.69611" lon="-2.46704">
        <ele>779.7479644592291</ele>
      </trkpt>
      <trkpt lat="54.69615" lon="-2.46719">
        <ele>778.9612380444086</ele>
      </trkpt>
      <trkpt lat="54.69616" lon="-2.46741">
        <ele>778.0359637333088</ele>
      </trkpt>
      <trkpt lat="54.69625" lon="-2.4676">
        <ele>777.3128746666719</ele>
      </trkpt>
      <trkpt lat="54.69618" lon="-2.46781">
        <ele>776.5788714666389</ele>
      </trkpt>
      <trkpt lat="54.69617" lon="-2.46793">
        <ele>776.1594410666503</ele>
      </trkpt>
      <trkpt lat="54.69626" lon="-2.46822">
        <ele>775.0458176000045</ele>
      </trkpt>
      <trkpt lat="54.6965" lon="-2.46841">
        <ele>773.9928071796196</ele>
      </trkpt>
      <trkpt lat="54.69691" lon="-2.46864">
        <ele>772.9374114579862</ele>
      </trkpt>
      <trkpt lat="54.697" lon="-2.46873">
        <ele>773.0180178367999</ele>
      </trkpt>
      <trkpt lat="54.69718" lon="-2.46907">
        <ele>772.0748522666519</ele>
      </trkpt>
      <trkpt lat="54.69731" lon="-2.46922">
        <ele>771.7112953373548</ele>
      </trkpt>
      <trkpt lat="54.69742" lon="-2.46948">
        <ele>771.2728680404607</ele>
      </trkpt>
      <trkpt lat="54.69757" lon="-2.46956">
        <ele>772.0384724098269</ele>
      </trkpt>
      <trkpt lat="54.69774" lon="-2.46977">
        <ele>773.7431507276012</ele>
      </trkpt>
      <trkpt lat="54.6979" lon="-2.47008">
        <ele>775.4684997505522</ele>
      </trkpt>
      <trkpt lat="54.69809" lon="-2.47033">
        <ele>777.5668697477788</ele>
      </trkpt>
      <trkpt lat="54.69817" lon="-2.47053">
        <ele>778.7309848195644</ele>
      </trkpt>
      <trkpt lat="54.69827" lon="-2.47059">
        <ele>779.8984529960057</ele>
      </trkpt>
      <trkpt lat="54.69836" lon="-2.47069">
        <ele>780.6026364210536</ele>
      </trkpt>
      <trkpt lat="54.69843" lon="-2.47074">
        <ele>781.0221438796264</ele>
      </trkpt>
      <trkpt lat="54.69844" lon="-2.47083">
        <ele>781.3770708570714</ele>
      </trkpt>
      <trkpt lat="54.69873" lon="-2.47128">
        <ele>786.1779792348856</ele>
      </trkpt>
      <trkpt lat="54.69901" lon="-2.47154">
        <ele>791.9565313171602</ele>
      </trkpt>
      <trkpt lat="54.70003" lon="-2.4732">
        <ele>818.1488313387853</ele>
      </trkpt>
      <trkpt lat="54.70006" lon="-2.47334">
        <ele>819.6303882821471</ele>
      </trkpt>
      <trkpt lat="54.70024" lon="-2.47367">
        <ele>824.5821169654383</ele>
      </trkpt>
      <trkpt lat="54.70026" lon="-2.47378">
        <ele>825.5739734446358</ele>
      </trkpt>
      <trkpt lat="54.70026" lon="-2.47398">
        <ele>826.9911211641512</ele>
      </trkpt>
      <trkpt lat="54.70032" lon="-2.47436">
        <ele>829.9255565328999</ele>
      </trkpt>
      <trkpt lat="54.70052" lon="-2.4749">
        <ele>836.6964875685986</ele>
      </trkpt>
      <trkpt lat="54.70071" lon="-2.47515">
        <ele>841.7218472295234</ele>
      </trkpt>
      <trkpt lat="54.70084" lon="-2.47547">
        <ele>846.3284094205645</ele>
      </trkpt>
      <trkpt lat="54.70087" lon="-2.47592">
        <ele>851.2003015260682</ele>
      </trkpt>
      <trkpt lat="54.70122" lon="-2.47737">
        <ele>862.2305769702429</ele>
      </trkpt>
      <trkpt lat="54.70136" lon="-2.47809">
        <ele>863</ele>
      </trkpt>
      <trkpt lat="54.70162" lon="-2.47918">
        <ele>864.8233742611493</ele>
      </trkpt>
      <trkpt lat="54.70173" lon="-2.47951">
        <ele>865.7696520715562</ele>
      </trkpt>
      <trkpt lat="54.70173" lon="-2.47972">
        <ele>866.5165553182833</ele>
      </trkpt>
      <trkpt lat="54.70182" lon="-2.48023">
        <ele>869.6942437932371</ele>
      </trkpt>
      <trkpt lat="54.70194" lon="-2.48062">
        <ele>873.442989021562</ele>
      </trkpt>
      <trkpt lat="54.70201" lon="-2.48099">
        <ele>877.4289905598941</ele>
      </trkpt>
      <trkpt lat="54.7022" lon="-2.48164">
        <ele>882.9850666252667</ele>
      </trkpt>
      <trkpt lat="54.70241" lon="-2.48222">
        <ele>885.7014542277211</ele>
      </trkpt>
      <trkpt lat="54.70264" lon="-2.48382">
        <ele>888.7283778644642</ele>
      </trkpt>
      <trkpt lat="54.70264" lon="-2.48414">
        <ele>889.4024097733676</ele>
      </trkpt>
      <trkpt lat="54.70292" lon="-2.4859">
        <ele>890.7606141001514</ele>
      </trkpt>
      <trkpt lat="54.703" lon="-2.48671">
        <ele>889.3341632056994</ele>
      </trkpt>
      <trkpt lat="54.70305" lon="-2.48681">
        <ele>889.251391359955</ele>
      </trkpt>
      <trkpt lat="54.70357" lon="-2.487">
        <ele>889.8802518852444</ele>
      </trkpt>
      <trkpt lat="54.70411" lon="-2.48708">
        <ele>889.8064684095203</ele>
      </trkpt>
      <trkpt lat="54.70464" lon="-2.48727">
        <ele>886.4558593390283</ele>
      </trkpt>
      <trkpt lat="54.70514" lon="-2.4879">
        <ele>878.512478778372</ele>
      </trkpt>
      <trkpt lat="54.70637" lon="-2.48876">
        <ele>865.6191685139669</ele>
      </trkpt>
      <trkpt lat="54.70702" lon="-2.48893">
        <ele>848.8986621300706</ele>
      </trkpt>
      <trkpt lat="54.70727" lon="-2.48906">
        <ele>841.0395533998677</ele>
      </trkpt>
      <trkpt lat="54.7076" lon="-2.48936">
        <ele>832.7406375182564</ele>
      </trkpt>
      <trkpt lat="54.70791" lon="-2.48988">
        <ele>825.9530367748051</ele>
      </trkpt>
      <trkpt lat="54.70815" lon="-2.49005">
        <ele>821.8904007363839</ele>
      </trkpt>
      <trkpt lat="54.70852" lon="-2.4904">
        <ele>813.7417936549527</ele>
      </trkpt>
      <trkpt lat="54.70896" lon="-2.4909">
        <ele>803.7598411360768</ele>
      </trkpt>
      <trkpt lat="54.70981" lon="-2.4914">
        <ele>790.8487504804507</ele>
      </trkpt>
      <trkpt lat="54.71003" lon="-2.49173">
        <ele>789.6342327015943</ele>
      </trkpt>
      <trkpt lat="54.71024" lon="-2.49182">
        <ele>786.9842307148502</ele>
      </trkpt>
      <trkpt lat="54.71044" lon="-2.49184">
        <ele>784.2227800247523</ele>
      </trkpt>
      <trkpt lat="54.71059" lon="-2.49191">
        <ele>781.7013632268171</ele>
      </trkpt>
      <trkpt lat="54.71075" lon="-2.49208">
        <ele>778.8608738856278</ele>
      </trkpt>
      <trkpt lat="54.71085" lon="-2.49228">
        <ele>777.7563760900881</ele>
      </trkpt>
      <trkpt lat="54.71086" lon="-2.49219">
        <ele>777.2804630222738</ele>
      </trkpt>
      <trkpt lat="54.71087" lon="-2.49179">
        <ele>775.5569519822606</ele>
      </trkpt>
      <trkpt lat="54.71091" lon="-2.49158">
        <ele>774.1049400709106</ele>
      </trkpt>
      <trkpt lat="54.711" lon="-2.49138">
        <ele>771.9380659536466</ele>
      </trkpt>
      <trkpt lat="54.71112" lon="-2.49122">
        <ele>769.6192694113378</ele>
      </trkpt>
      <trkpt lat="54.71123" lon="-2.49104">
        <ele>767.2033785512061</ele>
      </trkpt>
      <trkpt lat="54.71126" lon="-2.49092">
        <ele>766.1342631535356</ele>
      </trkpt>
      <trkpt lat="54.71135" lon="-2.49083">
        <ele>763.6977606876296</ele>
      </trkpt>
      <trkpt lat="54.71141" lon="-2.49067">
        <ele>761.2763643109496</ele>
      </trkpt>
      <trkpt lat="54.71181" lon="-2.48987">
        <ele>748.2364964555959</ele>
      </trkpt>
      <trkpt lat="54.71205" lon="-2.48891">
        <ele>734.8645888609351</ele>
      </trkpt>
      <trkpt lat="54.71221" lon="-2.48747">
        <ele>726.6763598224858</ele>
      </trkpt>
      <trkpt lat="54.71208" lon="-2.48678">
        <ele>727.3786365194259</ele>
      </trkpt>
      <trkpt lat="54.71214" lon="-2.48632">
        <ele>725.0128341923244</ele>
      </trkpt>
      <trkpt lat="54.71222" lon="-2.48604">
        <ele>722.6676107013842</ele>
      </trkpt>
      <trkpt lat="54.71234" lon="-2.48576">
        <ele>719.9301609539714</ele>
      </trkpt>
      <trkpt lat="54.71233" lon="-2.48559">
        <ele>719.4963517632419</ele>
      </trkpt>
      <trkpt lat="54.71243" lon="-2.48518">
        <ele>716.4370894346862</ele>
      </trkpt>
      <trkpt lat="54.71249" lon="-2.4846">
        <ele>712.1648059198641</ele>
      </trkpt>
      <trkpt lat="54.71261" lon="-2.48392">
        <ele>707.4429195639866</ele>
      </trkpt>
      <trkpt lat="54.71261" lon="-2.48365">
        <ele>707.1216808292323</ele>
      </trkpt>
      <trkpt lat="54.71247" lon="-2.48261">
        <ele>710.2190488330327</ele>
      </trkpt>
      <trkpt lat="54.71248" lon="-2.48223">
        <ele>709.3300910973468</ele>
      </trkpt>
      <trkpt lat="54.71258" lon="-2.48178">
        <ele>706.157015250461</ele>
      </trkpt>
      <trkpt lat="54.71267" lon="-2.48156">
        <ele>704.2635415354054</ele>
      </trkpt>
      <trkpt lat="54.71287" lon="-2.48125">
        <ele>700.5863796942675</ele>
      </trkpt>
      <trkpt lat="54.71288" lon="-2.48119">
        <ele>700.5217684572326</ele>
      </trkpt>
      <trkpt lat="54.71287" lon="-2.48097">
        <ele>700.7562678383206</ele>
      </trkpt>
      <trkpt lat="54.71292" lon="-2.48046">
        <ele>698.9121720533833</ele>
      </trkpt>
      <trkpt lat="54.71311" lon="-2.4793">
        <ele>693.3246755266338</ele>
      </trkpt>
      <trkpt lat="54.71313" lon="-2.47909">
        <ele>693.255005542394</ele>
      </trkpt>
      <trkpt lat="54.71312" lon="-2.47845">
        <ele>694.4799535905711</ele>
      </trkpt>
      <trkpt lat="54.71306" lon="-2.47815">
        <ele>696.3871840209475</ele>
      </trkpt>
      <trkpt lat="54.71311" lon="-2.47776">
        <ele>696.843587116176</ele>
      </trkpt>
      <trkpt lat="54.71312" lon="-2.47732">
        <ele>699.4804540310067</ele>
      </trkpt>
      <trkpt lat="54.71322" lon="-2.47654">
        <ele>700.465143917664</ele>
      </trkpt>
      <trkpt lat="54.71327" lon="-2.47603">
        <ele>700.0892291303729</ele>
      </trkpt>
      <trkpt lat="54.71345" lon="-2.47551">
        <ele>698.3470320805046</ele>
      </trkpt>
      <trkpt lat="54.71355" lon="-2.47534">
        <ele>696.9778116386727</ele>
      </trkpt>
      <trkpt lat="54.71366" lon="-2.47507">
        <ele>696.4319711131504</ele>
      </trkpt>
      <trkpt lat="54.71373" lon="-2.47477">
        <ele>697.3612321153525</ele>
      </trkpt>
      <trkpt lat="54.7138" lon="-2.47416">
        <ele>701.1773195994556</ele>
      </trkpt>
      <trkpt lat="54.71377" lon="-2.47399">
        <ele>702.7630927898701</ele>
      </trkpt>
      <trkpt lat="54.71369" lon="-2.47379">
        <ele>705.0946152165075</ele>
      </trkpt>
      <trkpt lat="54.71369" lon="-2.47371">
        <ele>705.662959911031</ele>
      </trkpt>
      <trkpt lat="54.71374" lon="-2.47362">
        <ele>705.7900130545531</ele>
      </trkpt>
      <trkpt lat="54.71381" lon="-2.47359">
        <ele>705.0945636441242</ele>
      </trkpt>
      <trkpt lat="54.71393" lon="-2.47363">
        <ele>702.9809859912829</ele>
      </trkpt>
      <trkpt lat="54.71401" lon="-2.47354">
        <ele>701.9474470107181</ele>
      </trkpt>
      <trkpt lat="54.71406" lon="-2.47343">
        <ele>701.8791217583237</ele>
      </trkpt>
      <trkpt lat="54.71429" lon="-2.47312">
        <ele>701.9414291085682</ele>
      </trkpt>
      <trkpt lat="54.7145" lon="-2.47299">
        <ele>700.2466330259633</ele>
      </trkpt>
      <trkpt lat="54.7146" lon="-2.47283">
        <ele>700.9466175872373</ele>
      </trkpt>
      <trkpt lat="54.71464" lon="-2.47273">
        <ele>701.8018154494001</ele>
      </trkpt>
      <trkpt lat="54.71475" lon="-2.47261">
        <ele>700.9392641162635</ele>
      </trkpt>
      <trkpt lat="54.71492" lon="-2.4723">
        <ele>702.8416485359319</ele>
      </trkpt>
      <trkpt lat="54.7153" lon="-2.47192">
        <ele>703.8937805404184</ele>
      </trkpt>
      <trkpt lat="54.71602" lon="-2.4709">
        <ele>704.7459260026785</ele>
      </trkpt>
      <trkpt lat="54.71667" lon="-2.47009">
        <ele>706.1788990930193</ele>
      </trkpt>
      <trkpt lat="54.71695" lon="-2.46969">
        <ele>707.1176742450115</ele>
      </trkpt>
      <trkpt lat="54.71718" lon="-2.4693">
        <ele>705.9294497702739</ele>
      </trkpt>
      <trkpt lat="54.7174" lon="-2.46884">
        <ele>705.3512818073632</ele>
      </trkpt>
      <trkpt lat="54.7176" lon="-2.46782">
        <ele>708.1383489249017</ele>
      </trkpt>
      <trkpt lat="54.71805" lon="-2.46534">
        <ele>707.0326991827872</ele>
      </trkpt>
      <trkpt lat="54.71809" lon="-2.46381">
        <ele>713.3508446680979</ele>
      </trkpt>
      <trkpt lat="54.71823" lon="-2.46286">
        <ele>712.6535438274966</ele>
      </trkpt>
      <trkpt lat="54.71821" lon="-2.46034">
        <ele>714.7803183403772</ele>
      </trkpt>
      <trkpt lat="54.71823" lon="-2.45853">
        <ele>714.4762440934782</ele>
      </trkpt>
      <trkpt lat="54.71822" lon="-2.45774">
        <ele>715.6796740611559</ele>
      </trkpt>
      <trkpt lat="54.71814" lon="-2.45688">
        <ele>717.9201074023902</ele>
      </trkpt>
      <trkpt lat="54.71811" lon="-2.45624">
        <ele>718.016923210072</ele>
      </trkpt>
      <trkpt lat="54.71804" lon="-2.45576">
        <ele>716.8991263007288</ele>
      </trkpt>
      <trkpt lat="54.71796" lon="-2.45536">
        <ele>716.1177926693354</ele>
      </trkpt>
      <trkpt lat="54.71787" lon="-2.45481">
        <ele>716.4252012710912</ele>
      </trkpt>
      <trkpt lat="54.71761" lon="-2.45429">
        <ele>717.9737835739185</ele>
      </trkpt>
      <trkpt lat="54.71706" lon="-2.45281">
        <ele>721.8463484115902</ele>
      </trkpt>
      <trkpt lat="54.71698" lon="-2.45265">
        <ele>722.0450649330791</ele>
      </trkpt>
      <trkpt lat="54.71677" lon="-2.45246">
        <ele>723.6165213056047</ele>
      </trkpt>
      <trkpt lat="54.71667" lon="-2.45208">
        <ele>723.5798800710147</ele>
      </trkpt>
      <trkpt lat="54.71658" lon="-2.45142">
        <ele>722.333926400031</ele>
      </trkpt>
      <trkpt lat="54.71657" lon="-2.45088">
        <ele>718.3856117871594</ele>
      </trkpt>
      <trkpt lat="54.7166" lon="-2.45064">
        <ele>715.856828153362</ele>
      </trkpt>
      <trkpt lat="54.71681" lon="-2.45039">
        <ele>712.1104462645025</ele>
      </trkpt>
      <trkpt lat="54.71682" lon="-2.45003">
        <ele>709.4959496718599</ele>
      </trkpt>
      <trkpt lat="54.71689" lon="-2.44988">
        <ele>708.0675804827091</ele>
      </trkpt>
      <trkpt lat="54.71702" lon="-2.44981">
        <ele>707.3137169753803</ele>
      </trkpt>
      <trkpt lat="54.7171" lon="-2.44963">
        <ele>706.8036400486346</ele>
      </trkpt>
      <trkpt lat="54.71713" lon="-2.44938">
        <ele>706.0690730666745</ele>
      </trkpt>
      <trkpt lat="54.71763" lon="-2.44849">
        <ele>704.1949752362219</ele>
      </trkpt>
      <trkpt lat="54.71767" lon="-2.44833">
        <ele>703.4832823634239</ele>
      </trkpt>
      <trkpt lat="54.71763" lon="-2.44756">
        <ele>701.4162239473093</ele>
      </trkpt>
      <trkpt lat="54.71765" lon="-2.44735">
        <ele>701.1908725795575</ele>
      </trkpt>
      <trkpt lat="54.71764" lon="-2.44693">
        <ele>700.4571744312082</ele>
      </trkpt>
      <trkpt lat="54.71813" lon="-2.44552">
        <ele>693.8699314544774</ele>
      </trkpt>
      <trkpt lat="54.7183" lon="-2.44545">
        <ele>693.2718451898554</ele>
      </trkpt>
      <trkpt lat="54.71836" lon="-2.44539">
        <ele>692.5253785461463</ele>
      </trkpt>
      <trkpt lat="54.71837" lon="-2.44531">
        <ele>691.8743488332741</ele>
      </trkpt>
      <trkpt lat="54.7183" lon="-2.44506">
        <ele>690.2094092309483</ele>
      </trkpt>
      <trkpt lat="54.71829" lon="-2.44497">
        <ele>689.3512333689259</ele>
      </trkpt>
      <trkpt lat="54.71834" lon="-2.44479">
        <ele>687.4923866305218</ele>
      </trkpt>
      <trkpt lat="54.71837" lon="-2.44459">
        <ele>685.5260887015618</ele>
      </trkpt>
      <trkpt lat="54.71845" lon="-2.44436">
        <ele>682.4709354476092</ele>
      </trkpt>
      <trkpt lat="54.71856" lon="-2.44393">
        <ele>678.18504285086</ele>
      </trkpt>
      <trkpt lat="54.71875" lon="-2.44327">
        <ele>670.7726398612615</ele>
      </trkpt>
      <trkpt lat="54.71882" lon="-2.44267">
        <ele>666.5714663891124</ele>
      </trkpt>
      <trkpt lat="54.71879" lon="-2.44239">
        <ele>665.9708905779298</ele>
      </trkpt>
      <trkpt lat="54.71882" lon="-2.44228">
        <ele>665.1928932596005</ele>
      </trkpt>
      <trkpt lat="54.71912" lon="-2.44184">
        <ele>660.0275532225614</ele>
      </trkpt>
      <trkpt lat="54.71928" lon="-2.44122">
        <ele>657.1279498465135</ele>
      </trkpt>
      <trkpt lat="54.71931" lon="-2.44099">
        <ele>656.2435331428896</ele>
      </trkpt>
      <trkpt lat="54.71935" lon="-2.44091">
        <ele>655.8273471649279</ele>
      </trkpt>
      <trkpt lat="54.71959" lon="-2.4407">
        <ele>653.5072442749058</ele>
      </trkpt>
      <trkpt lat="54.71992" lon="-2.44036">
        <ele>648.8772577192383</ele>
      </trkpt>
      <trkpt lat="54.72005" lon="-2.44035">
        <ele>647.2173970618289</ele>
      </trkpt>
      <trkpt lat="54.72021" lon="-2.44027">
        <ele>645.4872472632676</ele>
      </trkpt>
      <trkpt lat="54.72061" lon="-2.44041">
        <ele>642.4596813580954</ele>
      </trkpt>
      <trkpt lat="54.7207" lon="-2.4404">
        <ele>641.7995208811684</ele>
      </trkpt>
      <trkpt lat="54.72088" lon="-2.44045">
        <ele>640.4976591066946</ele>
      </trkpt>
      <trkpt lat="54.72115" lon="-2.44063">
        <ele>638.7833583462473</ele>
      </trkpt>
      <trkpt lat="54.72144" lon="-2.44058">
        <ele>636.1170002306583</ele>
      </trkpt>
      <trkpt lat="54.72178" lon="-2.44048">
        <ele>634.0036125493092</ele>
      </trkpt>
      <trkpt lat="54.72221" lon="-2.44029">
        <ele>632.1478604562117</ele>
      </trkpt>
      <trkpt lat="54.72294" lon="-2.43983">
        <ele>627.9170041121981</ele>
      </trkpt>
      <trkpt lat="54.72321" lon="-2.43957">
        <ele>625.7516301194738</ele>
      </trkpt>
      <trkpt lat="54.72376" lon="-2.43893">
        <ele>622.9781716843411</ele>
      </trkpt>
      <trkpt lat="54.72434" lon="-2.4384">
        <ele>620.6934586590158</ele>
      </trkpt>
      <trkpt lat="54.72498" lon="-2.43737">
        <ele>618.7289596336897</ele>
      </trkpt>
      <trkpt lat="54.72563" lon="-2.43669">
        <ele>617.7145464277831</ele>
      </trkpt>
      <trkpt lat="54.7258" lon="-2.4364">
        <ele>616.6754265897446</ele>
      </trkpt>
      <trkpt lat="54.72618" lon="-2.43593">
        <ele>615.8491781590976</ele>
      </trkpt>
      <trkpt lat="54.72627" lon="-2.43589">
        <ele>616.0947157333146</ele>
      </trkpt>
      <trkpt lat="54.72651" lon="-2.43588">
        <ele>616.5899285797965</ele>
      </trkpt>
      <trkpt lat="54.7277" lon="-2.4361">
        <ele>617.5538144836213</ele>
      </trkpt>
      <trkpt lat="54.72905" lon="-2.4371">
        <ele>618.2591379545177</ele>
      </trkpt>
      <trkpt lat="54.72964" lon="-2.43743">
        <ele>616.5655473432045</ele>
      </trkpt>
      <trkpt lat="54.73018" lon="-2.43742">
        <ele>614.3645751230432</ele>
      </trkpt>
      <trkpt lat="54.73069" lon="-2.4372">
        <ele>612.9694062522459</ele>
      </trkpt>
      <trkpt lat="54.73082" lon="-2.43695">
        <ele>612.6551303872845</ele>
      </trkpt>
      <trkpt lat="54.73092" lon="-2.43665">
        <ele>613.8374121756359</ele>
      </trkpt>
      <trkpt lat="54.73112" lon="-2.43649">
        <ele>613.991999093118</ele>
      </trkpt>
      <trkpt lat="54.73225" lon="-2.43622">
        <ele>611.0051496917383</ele>
      </trkpt>
      <trkpt lat="54.73247" lon="-2.43593">
        <ele>612.5324898948674</ele>
      </trkpt>
      <trkpt lat="54.73372" lon="-2.43518">
        <ele>608.555202250556</ele>
      </trkpt>
      <trkpt lat="54.73593" lon="-2.43378">
        <ele>603.704650220741</ele>
      </trkpt>
      <trkpt lat="54.73611" lon="-2.43342">
        <ele>604.901411815528</ele>
      </trkpt>
      <trkpt lat="54.73628" lon="-2.43334">
        <ele>605.3327685103718</ele>
      </trkpt>
      <trkpt lat="54.73659" lon="-2.43332">
        <ele>606.3641359600713</ele>
      </trkpt>
      <trkpt lat="54.73779" lon="-2.43275">
        <ele>612.7385524155815</ele>
      </trkpt>
      <trkpt lat="54.73888" lon="-2.43156">
        <ele>613.6696508355454</ele>
      </trkpt>
      <trkpt lat="54.73923" lon="-2.4313">
        <ele>612.4623690673624</ele>
      </trkpt>
      <trkpt lat="54.73968" lon="-2.43101">
        <ele>611.1488304231772</ele>
      </trkpt>
      <trkpt lat="54.7398" lon="-2.43096">
        <ele>610.1986229178736</ele>
      </trkpt>
      <trkpt lat="54.74037" lon="-2.43098">
        <ele>608.4674936599972</ele>
      </trkpt>
      <trkpt lat="54.74135" lon="-2.43094">
        <ele>604.9329877150486</ele>
      </trkpt>
      <trkpt lat="54.74211" lon="-2.43105">
        <ele>600.6233486923394</ele>
      </trkpt>
      <trkpt lat="54.74232" lon="-2.43105">
        <ele>599.2177334463352</ele>
      </trkpt>
      <trkpt lat="54.74248" lon="-2.43112">
        <ele>598.2431097562434</ele>
      </trkpt>
      <trkpt lat="54.74254" lon="-2.43111">
        <ele>597.8080649646004</ele>
      </trkpt>
      <trkpt lat="54.74295" lon="-2.43074">
        <ele>593.7140151511651</ele>
      </trkpt>
      <trkpt lat="54.74314" lon="-2.43041">
        <ele>591.1336405164734</ele>
      </trkpt>
      <trkpt lat="54.74329" lon="-2.43008">
        <ele>588.7759366454562</ele>
      </trkpt>
      <trkpt lat="54.74349" lon="-2.42983">
        <ele>585.6505169592249</ele>
      </trkpt>
      <trkpt lat="54.74353" lon="-2.42948">
        <ele>583.6266899087447</ele>
      </trkpt>
      <trkpt lat="54.74363" lon="-2.42913">
        <ele>581.024205869623</ele>
      </trkpt>
      <trkpt lat="54.74373" lon="-2.42837">
        <ele>577.518618281885</ele>
      </trkpt>
      <trkpt lat="54.74393" lon="-2.42798">
        <ele>576.0742696016797</ele>
      </trkpt>
      <trkpt lat="54.74414" lon="-2.4277">
        <ele>574.9160049136731</ele>
      </trkpt>
      <trkpt lat="54.74518" lon="-2.42699">
        <ele>574.2852530155108</ele>
      </trkpt>
      <trkpt lat="54.74589" lon="-2.42596">
        <ele>573.9848584874077</ele>
      </trkpt>
      <trkpt lat="54.74675" lon="-2.42479">
        <ele>572.5005271117677</ele>
      </trkpt>
      <trkpt lat="54.74716" lon="-2.42394">
        <ele>570.6739413333597</ele>
      </trkpt>
      <trkpt lat="54.74758" lon="-2.42338">
        <ele>569.0594802150509</ele>
      </trkpt>
      <trkpt lat="54.74817" lon="-2.42264">
        <ele>567.884443280032</ele>
      </trkpt>
      <trkpt lat="54.74904" lon="-2.42202">
        <ele>564.7959492515783</ele>
      </trkpt>
      <trkpt lat="54.75012" lon="-2.42125">
        <ele>561.4642666666308</ele>
      </trkpt>
      <trkpt lat="54.75095" lon="-2.42116">
        <ele>561.1152858616331</ele>
      </trkpt>
      <trkpt lat="54.75113" lon="-2.42111">
        <ele>561.292177411535</ele>
      </trkpt>
      <trkpt lat="54.7519" lon="-2.42078">
        <ele>560.9524856888703</ele>
      </trkpt>
      <trkpt lat="54.7537" lon="-2.42029">
        <ele>563.3755379769965</ele>
      </trkpt>
      <trkpt lat="54.75593" lon="-2.41861">
        <ele>557.164653563966</ele>
      </trkpt>
      <trkpt lat="54.75609" lon="-2.41852">
        <ele>556.8035440485737</ele>
      </trkpt>
      <trkpt lat="54.75657" lon="-2.41842">
        <ele>553.8421402866248</ele>
      </trkpt>
      <trkpt lat="54.75744" lon="-2.41842">
        <ele>548.6106299931198</ele>
      </trkpt>
      <trkpt lat="54.75966" lon="-2.41828">
        <ele>520.6526825267831</ele>
      </trkpt>
      <trkpt lat="54.75975" lon="-2.41829">
        <ele>519.506078842443</ele>
      </trkpt>
      <trkpt lat="54.75984" lon="-2.41834">
        <ele>518.4027246767116</ele>
      </trkpt>
      <trkpt lat="54.75992" lon="-2.41832">
        <ele>517.4010098665351</ele>
      </trkpt>
      <trkpt lat="54.75994" lon="-2.41829">
        <ele>517.1699872114756</ele>
      </trkpt>
      <trkpt lat="54.75996" lon="-2.41822">
        <ele>517.0263712430519</ele>
      </trkpt>
      <trkpt lat="54.75997" lon="-2.41798">
        <ele>516.7622021285356</ele>
      </trkpt>
      <trkpt lat="54.76042" lon="-2.41501">
        <ele>497.0550110947588</ele>
      </trkpt>
      <trkpt lat="54.75913" lon="-2.40898">
        <ele>456.1486293828393</ele>
      </trkpt>
      <trkpt lat="54.75913" lon="-2.40891">
        <ele>455.46431029439077</ele>
      </trkpt>
      <trkpt lat="54.76046" lon="-2.40391">
        <ele>430.7175651103495</ele>
      </trkpt>
      <trkpt lat="54.76046" lon="-2.40364">
        <ele>429.5575530213775</ele>
      </trkpt>
      <trkpt lat="54.76037" lon="-2.40324">
        <ele>427.4678526240681</ele>
      </trkpt>
      <trkpt lat="54.76001" lon="-2.40127">
        <ele>413.4610662497079</ele>
      </trkpt>
      <trkpt lat="54.76" lon="-2.40107">
        <ele>412.08034868161315</ele>
      </trkpt>
      <trkpt lat="54.76002" lon="-2.401">
        <ele>411.51024514697554</ele>
      </trkpt>
      <trkpt lat="54.76007" lon="-2.40093">
        <ele>410.8189893357927</ele>
      </trkpt>
      <trkpt lat="54.76023" lon="-2.40082">
        <ele>409.36192273483687</ele>
      </trkpt>
      <trkpt lat="54.76085" lon="-2.40002">
        <ele>397.14561764211703</ele>
      </trkpt>
      <trkpt lat="54.76197" lon="-2.39866">
        <ele>381.0515850996054</ele>
      </trkpt>
      <trkpt lat="54.76252" lon="-2.39838">
        <ele>373.1897756196326</ele>
      </trkpt>
      <trkpt lat="54.76289" lon="-2.39809">
        <ele>367.141788269339</ele>
      </trkpt>
      <trkpt lat="54.76376" lon="-2.39753">
        <ele>357.59904057607093</ele>
      </trkpt>
      <trkpt lat="54.76419" lon="-2.3975">
        <ele>353.88842166775174</ele>
      </trkpt>
      <trkpt lat="54.76462" lon="-2.39727">
        <ele>350.22209952032404</ele>
      </trkpt>
      <trkpt lat="54.76478" lon="-2.39702">
        <ele>349.0276458082025</ele>
      </trkpt>
      <trkpt lat="54.765" lon="-2.39674">
        <ele>349.18226455012405</ele>
      </trkpt>
      <trkpt lat="54.76519" lon="-2.39654">
        <ele>348.43918365363777</ele>
      </trkpt>
      <trkpt lat="54.7651" lon="-2.39645">
        <ele>349.08103501186747</ele>
      </trkpt>
      <trkpt lat="54.76519" lon="-2.39654">
        <ele>348.43918365363777</ele>
      </trkpt>
      <trkpt lat="54.76574" lon="-2.39676">
        <ele>346.4837173029747</ele>
      </trkpt>
      <trkpt lat="54.76625" lon="-2.39702">
        <ele>346.9307150222138</ele>
      </trkpt>
      <trkpt lat="54.76697" lon="-2.39744">
        <ele>346.1799495111226</ele>
      </trkpt>
      <trkpt lat="54.7675" lon="-2.39785">
        <ele>346.4576887215262</ele>
      </trkpt>
      <trkpt lat="54.76797" lon="-2.39827">
        <ele>344.9387882666676</ele>
      </trkpt>
      <trkpt lat="54.76828" lon="-2.39864">
        <ele>343.85340522455647</ele>
      </trkpt>
      <trkpt lat="54.76865" lon="-2.39902">
        <ele>342.3025284992075</ele>
      </trkpt>
      <trkpt lat="54.76895" lon="-2.39936">
        <ele>341.8429873777798</ele>
      </trkpt>
      <trkpt lat="54.76959" lon="-2.40059">
        <ele>338.3516388478697</ele>
      </trkpt>
      <trkpt lat="54.77006" lon="-2.40122">
        <ele>337.301268250496</ele>
      </trkpt>
      <trkpt lat="54.77028" lon="-2.4017">
        <ele>336.3978366074624</ele>
      </trkpt>
      <trkpt lat="54.7704" lon="-2.40211">
        <ele>335.54071977578604</ele>
      </trkpt>
      <trkpt lat="54.77052" lon="-2.40276">
        <ele>335.6634005333303</ele>
      </trkpt>
      <trkpt lat="54.77058" lon="-2.40324">
        <ele>334.8224597333244</ele>
      </trkpt>
      <trkpt lat="54.77058" lon="-2.40351">
        <ele>334.0742096427314</ele>
      </trkpt>
      <trkpt lat="54.77054" lon="-2.40454">
        <ele>332.4584981967306</ele>
      </trkpt>
      <trkpt lat="54.77051" lon="-2.40475">
        <ele>332.1280113947355</ele>
      </trkpt>
      <trkpt lat="54.77046" lon="-2.40491">
        <ele>332.4494333274672</ele>
      </trkpt>
      <trkpt lat="54.77048" lon="-2.40498">
        <ele>332.12419843212047</ele>
      </trkpt>
      <trkpt lat="54.77049" lon="-2.40514">
        <ele>331.8808744870602</ele>
      </trkpt>
      <trkpt lat="54.77049" lon="-2.40524">
        <ele>331.8814979610617</ele>
      </trkpt>
      <trkpt lat="54.77053" lon="-2.40536">
        <ele>331.37676255144646</ele>
      </trkpt>
      <trkpt lat="54.77084" lon="-2.40531">
        <ele>328.31060817938226</ele>
      </trkpt>
      <trkpt lat="54.77086" lon="-2.40524">
        <ele>328.4315049355626</ele>
      </trkpt>
      <trkpt lat="54.77085" lon="-2.40505">
        <ele>328.859987328971</ele>
      </trkpt>
      <trkpt lat="54.77088" lon="-2.40458">
        <ele>330.563348696894</ele>
      </trkpt>
      <trkpt lat="54.77094" lon="-2.40395">
        <ele>331.9818305146081</ele>
      </trkpt>
      <trkpt lat="54.77108" lon="-2.40353">
        <ele>333.0830773292182</ele>
      </trkpt>
      <trkpt lat="54.7711" lon="-2.40338">
        <ele>333.5877814855202</ele>
      </trkpt>
      <trkpt lat="54.7712" lon="-2.40299">
        <ele>334.45695168655806</ele>
      </trkpt>
      <trkpt lat="54.77132" lon="-2.40278">
        <ele>335.5701967320881</ele>
      </trkpt>
      <trkpt lat="54.77155" lon="-2.40256">
        <ele>338.50011247634046</ele>
      </trkpt>
      <trkpt lat="54.77252" lon="-2.40182">
        <ele>347.9757444160996</ele>
      </trkpt>
      <trkpt lat="54.77258" lon="-2.40188">
        <ele>348.19320499648535</ele>
      </trkpt>
      <trkpt lat="54.77281" lon="-2.4023">
        <ele>349.1975740130533</ele>
      </trkpt>
      <trkpt lat="54.77293" lon="-2.40271">
        <ele>350.00146899426</ele>
      </trkpt>
      <trkpt lat="54.77338" lon="-2.40386">
        <ele>350.86277175226746</ele>
      </trkpt>
      <trkpt lat="54.77354" lon="-2.4044">
        <ele>349.953450126194</ele>
      </trkpt>
      <trkpt lat="54.77391" lon="-2.40545">
        <ele>347.98288065600326</ele>
      </trkpt>
      <trkpt lat="54.77403" lon="-2.4072">
        <ele>339.8379810544432</ele>
      </trkpt>
      <trkpt lat="54.77558" lon="-2.41179">
        <ele>340.4766306140471</ele>
      </trkpt>
      <trkpt lat="54.77622" lon="-2.4158">
        <ele>332.1330177035042</ele>
      </trkpt>
      <trkpt lat="54.77747" lon="-2.41983">
        <ele>324.57612487990497</ele>
      </trkpt>
      <trkpt lat="54.77927" lon="-2.42476">
        <ele>332.6289921534008</ele>
      </trkpt>
      <trkpt lat="54.77987" lon="-2.42769">
        <ele>324.1412963279763</ele>
      </trkpt>
      <trkpt lat="54.7813" lon="-2.43003">
        <ele>330.46741887976674</ele>
      </trkpt>
      <trkpt lat="54.7828" lon="-2.43351">
        <ele>319.26471810255515</ele>
      </trkpt>
      <trkpt lat="54.7844" lon="-2.43779">
        <ele>321.86397833600677</ele>
      </trkpt>
      <trkpt lat="54.78551" lon="-2.44048">
        <ele>330.6138629388768</ele>
      </trkpt>
      <trkpt lat="54.78682" lon="-2.44137">
        <ele>325.8911594666555</ele>
      </trkpt>
      <trkpt lat="54.78698" lon="-2.44142">
        <ele>325.55574751383756</ele>
      </trkpt>
      <trkpt lat="54.7871" lon="-2.44153">
        <ele>324.7104545167885</ele>
      </trkpt>
      <trkpt lat="54.78713" lon="-2.44172">
        <ele>323.85299733490814</ele>
      </trkpt>
      <trkpt lat="54.78708" lon="-2.4419">
        <ele>323.32885295914144</ele>
      </trkpt>
      <trkpt lat="54.78708" lon="-2.44224">
        <ele>322.0455304338682</ele>
      </trkpt>
      <trkpt lat="54.78712" lon="-2.44251">
        <ele>321.0746701525471</ele>
      </trkpt>
      <trkpt lat="54.78761" lon="-2.44254">
        <ele>318.68865466583617</ele>
      </trkpt>
      <trkpt lat="54.78792" lon="-2.44266">
        <ele>316.2559620904516</ele>
      </trkpt>
      <trkpt lat="54.78823" lon="-2.44281">
        <ele>313.92090225182596</ele>
      </trkpt>
      <trkpt lat="54.78844" lon="-2.44286">
        <ele>313.38544213331795</ele>
      </trkpt>
      <trkpt lat="54.78926" lon="-2.44289">
        <ele>309.8616416265039</ele>
      </trkpt>
      <trkpt lat="54.79047" lon="-2.44275">
        <ele>308.1719039966826</ele>
      </trkpt>
      <trkpt lat="54.79116" lon="-2.44259">
        <ele>305.01977019931815</ele>
      </trkpt>
      <trkpt lat="54.79202" lon="-2.44217">
        <ele>309.9809056163775</ele>
      </trkpt>
      <trkpt lat="54.79221" lon="-2.44195">
        <ele>311.31006289394634</ele>
      </trkpt>
      <trkpt lat="54.79264" lon="-2.44191">
        <ele>308.57949942228043</ele>
      </trkpt>
      <trkpt lat="54.79282" lon="-2.44211">
        <ele>304.65352630317255</ele>
      </trkpt>
      <trkpt lat="54.79358" lon="-2.44183">
        <ele>305.63610746944903</ele>
      </trkpt>
      <trkpt lat="54.79412" lon="-2.44184">
        <ele>301.7263455339271</ele>
      </trkpt>
      <trkpt lat="54.79424" lon="-2.44184">
        <ele>300.14371512995996</ele>
      </trkpt>
      <trkpt lat="54.79486" lon="-2.44171">
        <ele>297.3194781693754</ele>
      </trkpt>
      <trkpt lat="54.79532" lon="-2.44148">
        <ele>298.9994956076446</ele>
      </trkpt>
      <trkpt lat="54.79577" lon="-2.44149">
        <ele>296.1398161019904</ele>
      </trkpt>
      <trkpt lat="54.79628" lon="-2.44137">
        <ele>296.3801087999731</ele>
      </trkpt>
      <trkpt lat="54.79725" lon="-2.44127">
        <ele>290.95528260143533</ele>
      </trkpt>
      <trkpt lat="54.79759" lon="-2.44116">
        <ele>289.0565660675486</ele>
      </trkpt>
      <trkpt lat="54.79762" lon="-2.44115">
        <ele>288.84885020109397</ele>
      </trkpt>
      <trkpt lat="54.79779" lon="-2.44133">
        <ele>287.09538591140915</ele>
      </trkpt>
      <trkpt lat="54.79819" lon="-2.44154">
        <ele>285.5840085532519</ele>
      </trkpt>
      <trkpt lat="54.79855" lon="-2.44142">
        <ele>285.25216480947586</ele>
      </trkpt>
      <trkpt lat="54.7996" lon="-2.44092">
        <ele>283.21955097586743</ele>
      </trkpt>
      <trkpt lat="54.80007" lon="-2.44106">
        <ele>281.2231727649699</ele>
      </trkpt>
      <trkpt lat="54.80051" lon="-2.44114">
        <ele>280.1411088447098</ele>
      </trkpt>
      <trkpt lat="54.80099" lon="-2.4413">
        <ele>280.6128390859351</ele>
      </trkpt>
      <trkpt lat="54.80134" lon="-2.44149">
        <ele>280.0656499703733</ele>
      </trkpt>
      <trkpt lat="54.80276" lon="-2.44193">
        <ele>278.61810609445035</ele>
      </trkpt>
      <trkpt lat="54.80327" lon="-2.44184">
        <ele>280.3641136070728</ele>
      </trkpt>
      <trkpt lat="54.80349" lon="-2.44167">
        <ele>281.5281290705527</ele>
      </trkpt>
      <trkpt lat="54.80462" lon="-2.44183">
        <ele>283.5329571556075</ele>
      </trkpt>
      <trkpt lat="54.80539" lon="-2.44182">
        <ele>281.6586750283718</ele>
      </trkpt>
      <trkpt lat="54.80589" lon="-2.44187">
        <ele>281.38015877693044</ele>
      </trkpt>
      <trkpt lat="54.80681" lon="-2.44185">
        <ele>285.0833534325478</ele>
      </trkpt>
      <trkpt lat="54.80904" lon="-2.44206">
        <ele>280.53370512207664</ele>
      </trkpt>
      <trkpt lat="54.80931" lon="-2.44208">
        <ele>280.6954238758475</ele>
      </trkpt>
      <trkpt lat="54.80946" lon="-2.44239">
        <ele>276.43581261197215</ele>
      </trkpt>
      <trkpt lat="54.80947" lon="-2.44253">
        <ele>274.4380372953606</ele>
      </trkpt>
      <trkpt lat="54.80936" lon="-2.44313">
        <ele>272.2883457349959</ele>
      </trkpt>
      <trkpt lat="54.80929" lon="-2.44336">
        <ele>273.281386134215</ele>
      </trkpt>
      <trkpt lat="54.80911" lon="-2.44373">
        <ele>276.17272427426747</ele>
      </trkpt>
      <trkpt lat="54.80899" lon="-2.44392">
        <ele>277.1157241239687</ele>
      </trkpt>
      <trkpt lat="54.80908" lon="-2.4441">
        <ele>278.7379125016288</ele>
      </trkpt>
      <trkpt lat="54.80924" lon="-2.4443">
        <ele>281.05552973150236</ele>
      </trkpt>
      <trkpt lat="54.80916" lon="-2.44421">
        <ele>279.8623497432336</ele>
      </trkpt>
      <trkpt lat="54.80945" lon="-2.44412">
        <ele>281.0554535072763</ele>
      </trkpt>
      <trkpt lat="54.80961" lon="-2.44412">
        <ele>281.14953884445174</ele>
      </trkpt>
      <trkpt lat="54.80987" lon="-2.44418">
        <ele>281.2174708771061</ele>
      </trkpt>
      <trkpt lat="54.81045" lon="-2.4446">
        <ele>279.47879109793126</ele>
      </trkpt>
      <trkpt lat="54.81066" lon="-2.4449">
        <ele>278.91655581484144</ele>
      </trkpt>
      <trkpt lat="54.81099" lon="-2.44524">
        <ele>280.1922137062561</ele>
      </trkpt>
      <trkpt lat="54.8111" lon="-2.44532">
        <ele>281.03864320009023</ele>
      </trkpt>
      <trkpt lat="54.8116" lon="-2.44548">
        <ele>282.3775134030396</ele>
      </trkpt>
      <trkpt lat="54.81195" lon="-2.44547">
        <ele>283.18006933511214</ele>
      </trkpt>
      <trkpt lat="54.81222" lon="-2.44549">
        <ele>282.57238797452356</ele>
      </trkpt>
      <trkpt lat="54.81237" lon="-2.44546">
        <ele>281.7282501386949</ele>
      </trkpt>
      <trkpt lat="54.81252" lon="-2.44546">
        <ele>280.96404169842197</ele>
      </trkpt>
      <trkpt lat="54.8131" lon="-2.4456">
        <ele>280.7136213332882</ele>
      </trkpt>
      <trkpt lat="54.81334" lon="-2.44591">
        <ele>282.6497551452841</ele>
      </trkpt>
      <trkpt lat="54.8134" lon="-2.4459">
        <ele>282.8321933913912</ele>
      </trkpt>
      <trkpt lat="54.81367" lon="-2.44618">
        <ele>284.40901249468664</ele>
      </trkpt>
      <trkpt lat="54.81431" lon="-2.4467">
        <ele>279.5769351397043</ele>
      </trkpt>
      <trkpt lat="54.8152" lon="-2.44709">
        <ele>276.2790147193485</ele>
      </trkpt>
      <trkpt lat="54.8155" lon="-2.44726">
        <ele>275.5787856970221</ele>
      </trkpt>
      <trkpt lat="54.81644" lon="-2.44738">
        <ele>274.66646307748795</ele>
      </trkpt>
      <trkpt lat="54.81687" lon="-2.44738">
        <ele>273.7057244565344</ele>
      </trkpt>
      <trkpt lat="54.81738" lon="-2.4477">
        <ele>272.4900618605833</ele>
      </trkpt>
      <trkpt lat="54.8175" lon="-2.44782">
        <ele>272.35087408621416</ele>
      </trkpt>
      <trkpt lat="54.81759" lon="-2.44797">
        <ele>272.4225715484947</ele>
      </trkpt>
      <trkpt lat="54.81771" lon="-2.44802">
        <ele>272.23104978185233</ele>
      </trkpt>
      <trkpt lat="54.81793" lon="-2.44796">
        <ele>271.66799917961305</ele>
      </trkpt>
      <trkpt lat="54.818" lon="-2.44798">
        <ele>271.7163169708148</ele>
      </trkpt>
      <trkpt lat="54.81881" lon="-2.44842">
        <ele>271.4481664000325</ele>
      </trkpt>
      <trkpt lat="54.8189" lon="-2.4485">
        <ele>271.5931923685366</ele>
      </trkpt>
      <trkpt lat="54.81904" lon="-2.44875">
        <ele>271.29258886153127</ele>
      </trkpt>
      <trkpt lat="54.81908" lon="-2.44889">
        <ele>271.6327899205768</ele>
      </trkpt>
      <trkpt lat="54.81911" lon="-2.44918">
        <ele>273.5083577948563</ele>
      </trkpt>
      <trkpt lat="54.8192" lon="-2.44962">
        <ele>276.86305310120906</ele>
      </trkpt>
      <trkpt lat="54.81927" lon="-2.44976">
        <ele>278.34475335729326</ele>
      </trkpt>
      <trkpt lat="54.81936" lon="-2.44989">
        <ele>279.8814902587803</ele>
      </trkpt>
      <trkpt lat="54.81955" lon="-2.45011">
        <ele>282.0137248112727</ele>
      </trkpt>
      <trkpt lat="54.8196" lon="-2.45019">
        <ele>282.43820118601536</ele>
      </trkpt>
      <trkpt lat="54.81964" lon="-2.45042">
        <ele>283.14346578232994</ele>
      </trkpt>
      <trkpt lat="54.81964" lon="-2.45068">
        <ele>282.9943194712286</ele>
      </trkpt>
      <trkpt lat="54.81959" lon="-2.45137">
        <ele>283.53767492400857</ele>
      </trkpt>
      <trkpt lat="54.81962" lon="-2.45144">
        <ele>283.8036648964129</ele>
      </trkpt>
      <trkpt lat="54.81974" lon="-2.45151">
        <ele>283.79221507960574</ele>
      </trkpt>
      <trkpt lat="54.82004" lon="-2.45155">
        <ele>282.9015505532508</ele>
      </trkpt>
      <trkpt lat="54.82023" lon="-2.45168">
        <ele>282.3109242853681</ele>
      </trkpt>
      <trkpt lat="54.82031" lon="-2.45182">
        <ele>282.07165551662933</ele>
      </trkpt>
      <trkpt lat="54.82036" lon="-2.45195">
        <ele>281.8402197696975</ele>
      </trkpt>
      <trkpt lat="54.82045" lon="-2.45252">
        <ele>282.08722055056273</ele>
      </trkpt>
      <trkpt lat="54.8205" lon="-2.45264">
        <ele>282.0221126631842</ele>
      </trkpt>
      <trkpt lat="54.82002" lon="-2.45515">
        <ele>296.97324563900327</ele>
      </trkpt>
      <trkpt lat="54.81995" lon="-2.45509">
        <ele>297.2990227993089</ele>
      </trkpt>
      <trkpt lat="54.82075" lon="-2.45577">
        <ele>293.43912183316536</ele>
      </trkpt>
      <trkpt lat="54.82058" lon="-2.45613">
        <ele>295.15250127976816</ele>
      </trkpt>
      <trkpt lat="54.82055" lon="-2.45641">
        <ele>296.1392630267195</ele>
      </trkpt>
      <trkpt lat="54.8204" lon="-2.45693">
        <ele>300.79251697957613</ele>
      </trkpt>
      <trkpt lat="54.82033" lon="-2.4571">
        <ele>302.7886794441388</ele>
      </trkpt>
      <trkpt lat="54.82028" lon="-2.45736">
        <ele>305.2596148389398</ele>
      </trkpt>
      <trkpt lat="54.82023" lon="-2.45747">
        <ele>306.5011026887699</ele>
      </trkpt>
      <trkpt lat="54.82023" lon="-2.45771">
        <ele>308.0936531498803</ele>
      </trkpt>
      <trkpt lat="54.82007" lon="-2.45831">
        <ele>313.04482222069106</ele>
      </trkpt>
      <trkpt lat="54.82001" lon="-2.45876">
        <ele>317.5943982369273</ele>
      </trkpt>
      <trkpt lat="54.82002" lon="-2.45895">
        <ele>319.3046605755587</ele>
      </trkpt>
      <trkpt lat="54.8202" lon="-2.45949">
        <ele>322.7781331685148</ele>
      </trkpt>
      <trkpt lat="54.82017" lon="-2.45991">
        <ele>324.6375178473073</ele>
      </trkpt>
      <trkpt lat="54.82005" lon="-2.4606">
        <ele>329.6764262533336</ele>
      </trkpt>
      <trkpt lat="54.81998" lon="-2.46138">
        <ele>334.13436668650286</ele>
      </trkpt>
      <trkpt lat="54.81996" lon="-2.4618">
        <ele>336.5442068248069</ele>
      </trkpt>
      <trkpt lat="54.81996" lon="-2.46228">
        <ele>338.51704309149693</ele>
      </trkpt>
      <trkpt lat="54.81999" lon="-2.46248">
        <ele>339.0029295146471</ele>
      </trkpt>
      <trkpt lat="54.82005" lon="-2.4627">
        <ele>339.40788910125946</ele>
      </trkpt>
      <trkpt lat="54.8202" lon="-2.46318">
        <ele>339.456036447746</ele>
      </trkpt>
      <trkpt lat="54.82034" lon="-2.46353">
        <ele>339.09187320293944</ele>
      </trkpt>
      <trkpt lat="54.82033" lon="-2.46367">
        <ele>339.4153922663771</ele>
      </trkpt>
      <trkpt lat="54.8203" lon="-2.46376">
        <ele>339.63084866916813</ele>
      </trkpt>
      <trkpt lat="54.82033" lon="-2.46367">
        <ele>339.4153922663771</ele>
      </trkpt>
      <trkpt lat="54.82046" lon="-2.46402">
        <ele>338.48024483434995</ele>
      </trkpt>
      <trkpt lat="54.8211" lon="-2.46507">
        <ele>336.0069079304126</ele>
      </trkpt>
      <trkpt lat="54.82329" lon="-2.46773">
        <ele>309.51080612435476</ele>
      </trkpt>
      <trkpt lat="54.82446" lon="-2.46919">
        <ele>297.44671025366813</ele>
      </trkpt>
      <trkpt lat="54.82472" lon="-2.46954">
        <ele>289.39090256437214</ele>
      </trkpt>
      <trkpt lat="54.82478" lon="-2.46967">
        <ele>287.25325406477356</ele>
      </trkpt>
      <trkpt lat="54.82482" lon="-2.47">
        <ele>283.4492395637557</ele>
      </trkpt>
      <trkpt lat="54.8248" lon="-2.47026">
        <ele>280.87617963583</ele>
      </trkpt>
      <trkpt lat="54.82472" lon="-2.4708">
        <ele>276.7147992991043</ele>
      </trkpt>
      <trkpt lat="54.8248" lon="-2.47106">
        <ele>275.05963277416384</ele>
      </trkpt>
      <trkpt lat="54.82485" lon="-2.47113">
        <ele>275.20153575960325</ele>
      </trkpt>
      <trkpt lat="54.82489" lon="-2.47108">
        <ele>275.3011819197144</ele>
      </trkpt>
      <trkpt lat="54.82501" lon="-2.47119">
        <ele>276.54312746352946</ele>
      </trkpt>
      <trkpt lat="54.82507" lon="-2.47117">
        <ele>277.0478687853098</ele>
      </trkpt>
      <trkpt lat="54.82517" lon="-2.47125">
        <ele>278.936287512062</ele>
      </trkpt>
      <trkpt lat="54.82531" lon="-2.47108">
        <ele>279.17969988286</ele>
      </trkpt>
      <trkpt lat="54.82535" lon="-2.47106">
        <ele>279.52210424595927</ele>
      </trkpt>
      <trkpt lat="54.82542" lon="-2.47095">
        <ele>279.3295405931775</ele>
      </trkpt>
      <trkpt lat="54.82576" lon="-2.47078">
        <ele>281.33289608990367</ele>
      </trkpt>
      <trkpt lat="54.82592" lon="-2.47078">
        <ele>283.594933836</ele>
      </trkpt>
      <trkpt lat="54.82616" lon="-2.47083">
        <ele>287.6186891014234</ele>
      </trkpt>
      <trkpt lat="54.82628" lon="-2.47094">
        <ele>290.0612457404755</ele>
      </trkpt>
      <trkpt lat="54.82645" lon="-2.47114">
        <ele>293.4752485349648</ele>
      </trkpt>
      <trkpt lat="54.82659" lon="-2.47145">
        <ele>296.3877013333613</ele>
      </trkpt>
      <trkpt lat="54.82674" lon="-2.47187">
        <ele>298.68642844446003</ele>
      </trkpt>
      <trkpt lat="54.82756" lon="-2.47368">
        <ele>308.9707296945632</ele>
      </trkpt>
      <trkpt lat="54.82788" lon="-2.47397">
        <ele>313.29931891279546</ele>
      </trkpt>
      <trkpt lat="54.82803" lon="-2.4742">
        <ele>314.7273947022126</ele>
      </trkpt>
      <trkpt lat="54.82819" lon="-2.47423">
        <ele>314.6212073143345</ele>
      </trkpt>
      <trkpt lat="54.8283" lon="-2.47433">
        <ele>314.99144240149815</ele>
      </trkpt>
      <trkpt lat="54.82841" lon="-2.4745">
        <ele>316.4102044444778</ele>
      </trkpt>
      <trkpt lat="54.82852" lon="-2.47479">
        <ele>318.8753258666495</ele>
      </trkpt>
      <trkpt lat="54.82856" lon="-2.47497">
        <ele>320.1942848000217</ele>
      </trkpt>
      <trkpt lat="54.82864" lon="-2.47591">
        <ele>325.33011309532503</ele>
      </trkpt>
      <trkpt lat="54.82881" lon="-2.47668">
        <ele>328.6722185426636</ele>
      </trkpt>
      <trkpt lat="54.82908" lon="-2.47757">
        <ele>331.7080804585487</ele>
      </trkpt>
      <trkpt lat="54.82923" lon="-2.47792">
        <ele>332.8660023056206</ele>
      </trkpt>
      <trkpt lat="54.82938" lon="-2.4782">
        <ele>333.1254147641366</ele>
      </trkpt>
      <trkpt lat="54.82963" lon="-2.47857">
        <ele>335.4643353032883</ele>
      </trkpt>
      <trkpt lat="54.82989" lon="-2.47892">
        <ele>338.3567253134454</ele>
      </trkpt>
      <trkpt lat="54.83014" lon="-2.47916">
        <ele>340.55011059162297</ele>
      </trkpt>
      <trkpt lat="54.8305" lon="-2.47941">
        <ele>341.8194382753696</ele>
      </trkpt>
      <trkpt lat="54.83116" lon="-2.4795">
        <ele>341.4750898073202</ele>
      </trkpt>
      <trkpt lat="54.83138" lon="-2.4795">
        <ele>340.8032016624698</ele>
      </trkpt>
      <trkpt lat="54.83194" lon="-2.47936">
        <ele>339.772270885576</ele>
      </trkpt>
      <trkpt lat="54.83212" lon="-2.47928">
        <ele>339.1644913777721</ele>
      </trkpt>
      <trkpt lat="54.83234" lon="-2.47913">
        <ele>337.65859533258237</ele>
      </trkpt>
      <trkpt lat="54.83284" lon="-2.47865">
        <ele>330.2746501006576</ele>
      </trkpt>
      <trkpt lat="54.83314" lon="-2.47841">
        <ele>326.46137212133146</ele>
      </trkpt>
      <trkpt lat="54.83317" lon="-2.47832">
        <ele>325.44884627883215</ele>
      </trkpt>
      <trkpt lat="54.83319" lon="-2.47812">
        <ele>323.9288278646761</ele>
      </trkpt>
      <trkpt lat="54.83326" lon="-2.478">
        <ele>322.4745427233178</ele>
      </trkpt>
      <trkpt lat="54.83363" lon="-2.4776">
        <ele>315.4020065161644</ele>
      </trkpt>
      <trkpt lat="54.83393" lon="-2.4772">
        <ele>310.23679186218504</ele>
      </trkpt>
      <trkpt lat="54.83399" lon="-2.47709">
        <ele>309.2857095542371</ele>
      </trkpt>
      <trkpt lat="54.83405" lon="-2.47678">
        <ele>307.7561069031024</ele>
      </trkpt>
      <trkpt lat="54.83421" lon="-2.47656">
        <ele>306.297746675161</ele>
      </trkpt>
      <trkpt lat="54.83451" lon="-2.47626">
        <ele>303.9760832000531</ele>
      </trkpt>
      <trkpt lat="54.83466" lon="-2.47617">
        <ele>302.4074926592629</ele>
      </trkpt>
      <trkpt lat="54.83474" lon="-2.47604">
        <ele>300.44987577435467</ele>
      </trkpt>
      <trkpt lat="54.83484" lon="-2.47609">
        <ele>301.2659283839873</ele>
      </trkpt>
      <trkpt lat="54.83499" lon="-2.47582">
        <ele>297.99806398872846</ele>
      </trkpt>
      <trkpt lat="54.83516" lon="-2.47562">
        <ele>297.01239227036854</ele>
      </trkpt>
      <trkpt lat="54.83532" lon="-2.47527">
        <ele>294.1543092905317</ele>
      </trkpt>
      <trkpt lat="54.8354" lon="-2.4752">
        <ele>293.3406404309994</ele>
      </trkpt>
      <trkpt lat="54.83545" lon="-2.47529">
        <ele>294.0763094364678</ele>
      </trkpt>
      <trkpt lat="54.8354" lon="-2.4752">
        <ele>293.3406404309994</ele>
      </trkpt>
      <trkpt lat="54.8358" lon="-2.47534">
        <ele>291.100647529588</ele>
      </trkpt>
      <trkpt lat="54.83617" lon="-2.47551">
        <ele>288.78162975215895</ele>
      </trkpt>
      <trkpt lat="54.83653" lon="-2.47559">
        <ele>285.9797239066471</ele>
      </trkpt>
      <trkpt lat="54.83689" lon="-2.47561">
        <ele>283.44456776590107</ele>
      </trkpt>
      <trkpt lat="54.83746" lon="-2.4757">
        <ele>282.5323896931951</ele>
      </trkpt>
      <trkpt lat="54.83786" lon="-2.47554">
        <ele>279.32102528128354</ele>
      </trkpt>
      <trkpt lat="54.83827" lon="-2.47568">
        <ele>276.29082879387266</ele>
      </trkpt>
      <trkpt lat="54.83899" lon="-2.47642">
        <ele>275.20986420852205</ele>
      </trkpt>
      <trkpt lat="54.84007" lon="-2.47663">
        <ele>270.08096598215775</ele>
      </trkpt>
      <trkpt lat="54.84045" lon="-2.47666">
        <ele>266.32315026391404</ele>
      </trkpt>
      <trkpt lat="54.84118" lon="-2.47689">
        <ele>260.64775008119256</ele>
      </trkpt>
      <trkpt lat="54.84146" lon="-2.47693">
        <ele>259.80131688122844</ele>
      </trkpt>
      <trkpt lat="54.84239" lon="-2.47721">
        <ele>255.2122051919169</ele>
      </trkpt>
      <trkpt lat="54.84255" lon="-2.47721">
        <ele>254.57211491035605</ele>
      </trkpt>
      <trkpt lat="54.84337" lon="-2.47744">
        <ele>250.7687565129934</ele>
      </trkpt>
      <trkpt lat="54.84345" lon="-2.47885">
        <ele>261.74068145537785</ele>
      </trkpt>
      <trkpt lat="54.84457" lon="-2.47887">
        <ele>260.0223825689881</ele>
      </trkpt>
      <trkpt lat="54.84574" lon="-2.47929">
        <ele>253.7290860614052</ele>
      </trkpt>
      <trkpt lat="54.84754" lon="-2.48194">
        <ele>254.78823441853402</ele>
      </trkpt>
      <trkpt lat="54.84824" lon="-2.48255">
        <ele>251.17230390286778</ele>
      </trkpt>
      <trkpt lat="54.85176" lon="-2.48715">
        <ele>247.92022102344825</ele>
      </trkpt>
      <trkpt lat="54.85266" lon="-2.48743">
        <ele>236.88204274885447</ele>
      </trkpt>
      <trkpt lat="54.85373" lon="-2.48962">
        <ele>233.01070110702162</ele>
      </trkpt>
      <trkpt lat="54.85443" lon="-2.49041">
        <ele>233.7138538666543</ele>
      </trkpt>
      <trkpt lat="54.85407" lon="-2.48944">
        <ele>232.2497016668329</ele>
      </trkpt>
      <trkpt lat="54.85416" lon="-2.4893">
        <ele>231.96229105606437</ele>
      </trkpt>
      <trkpt lat="54.85444" lon="-2.48915">
        <ele>230.03521762721348</ele>
      </trkpt>
      <trkpt lat="54.85466" lon="-2.48907">
        <ele>229.06147337052994</ele>
      </trkpt>
      <trkpt lat="54.85513" lon="-2.489">
        <ele>228.58554666666353</ele>
      </trkpt>
      <trkpt lat="54.85574" lon="-2.48808">
        <ele>223.26815990072308</ele>
      </trkpt>
      <trkpt lat="54.85601" lon="-2.48795">
        <ele>222.8432298202202</ele>
      </trkpt>
      <trkpt lat="54.85614" lon="-2.48796">
        <ele>222.56436488694328</ele>
      </trkpt>
      <trkpt lat="54.85634" lon="-2.48821">
        <ele>223.95381014456572</ele>
      </trkpt>
      <trkpt lat="54.85652" lon="-2.48862">
        <ele>224.43553478575814</ele>
      </trkpt>
      <trkpt lat="54.85673" lon="-2.48896">
        <ele>222.89505529706435</ele>
      </trkpt>
      <trkpt lat="54.85692" lon="-2.4892">
        <ele>221.351215414948</ele>
      </trkpt>
      <trkpt lat="54.8571" lon="-2.48952">
        <ele>220.55616331019007</ele>
      </trkpt>
      <trkpt lat="54.85747" lon="-2.48985">
        <ele>216.7594395044962</ele>
      </trkpt>
      <trkpt lat="54.85791" lon="-2.49066">
        <ele>214.7802702860455</ele>
      </trkpt>
      <trkpt lat="54.8585" lon="-2.49371">
        <ele>218.2902098422934</ele>
      </trkpt>
      <trkpt lat="54.85972" lon="-2.49696">
        <ele>216.14936200860086</ele>
      </trkpt>
      <trkpt lat="54.86081" lon="-2.49815">
        <ele>207.4974129431891</ele>
      </trkpt>
      <trkpt lat="54.8609" lon="-2.49869">
        <ele>208.17132940063863</ele>
      </trkpt>
      <trkpt lat="54.86111" lon="-2.49869">
        <ele>206.48044723658882</ele>
      </trkpt>
      <trkpt lat="54.86122" lon="-2.49892">
        <ele>206.6081211164909</ele>
      </trkpt>
      <trkpt lat="54.86157" lon="-2.49912">
        <ele>206.0457770280544</ele>
      </trkpt>
      <trkpt lat="54.86197" lon="-2.49943">
        <ele>205.1098704219806</ele>
      </trkpt>
      <trkpt lat="54.86297" lon="-2.50028">
        <ele>204.9373347555529</ele>
      </trkpt>
      <trkpt lat="54.86341" lon="-2.50069">
        <ele>205</ele>
      </trkpt>
      <trkpt lat="54.86366" lon="-2.50086">
        <ele>205</ele>
      </trkpt>
      <trkpt lat="54.86429" lon="-2.50113">
        <ele>204.0932085101729</ele>
      </trkpt>
      <trkpt lat="54.86446" lon="-2.50125">
        <ele>203.71376306505496</ele>
      </trkpt>
      <trkpt lat="54.86464" lon="-2.50144">
        <ele>202.41738086287032</ele>
      </trkpt>
      <trkpt lat="54.86514" lon="-2.50209">
        <ele>202.4212928646018</ele>
      </trkpt>
      <trkpt lat="54.86585" lon="-2.50317">
        <ele>208.61238905737224</ele>
      </trkpt>
      <trkpt lat="54.86591" lon="-2.50323">
        <ele>208.7486677333256</ele>
      </trkpt>
      <trkpt lat="54.86589" lon="-2.5033">
        <ele>208.96697544999284</ele>
      </trkpt>
      <trkpt lat="54.86577" lon="-2.50371">
        <ele>210.142421410047</ele>
      </trkpt>
      <trkpt lat="54.86566" lon="-2.50421">
        <ele>213.1151065216144</ele>
      </trkpt>
      <trkpt lat="54.86563" lon="-2.50473">
        <ele>216.88150923540917</ele>
      </trkpt>
      <trkpt lat="54.86595" lon="-2.50553">
        <ele>220.09394929385797</ele>
      </trkpt>
      <trkpt lat="54.86708" lon="-2.50794">
        <ele>223.36767603238155</ele>
      </trkpt>
      <trkpt lat="54.86736" lon="-2.50876">
        <ele>225.76900337776235</ele>
      </trkpt>
      <trkpt lat="54.86752" lon="-2.50907">
        <ele>226.91273207720923</ele>
      </trkpt>
      <trkpt lat="54.86829" lon="-2.51015">
        <ele>225.11943603339648</ele>
      </trkpt>
      <trkpt lat="54.86865" lon="-2.51041">
        <ele>222.76153036388655</ele>
      </trkpt>
      <trkpt lat="54.86883" lon="-2.51046">
        <ele>222.19091278652263</ele>
      </trkpt>
      <trkpt lat="54.86903" lon="-2.5108">
        <ele>222.46522634800158</ele>
      </trkpt>
      <trkpt lat="54.86917" lon="-2.51084">
        <ele>221.89625696244283</ele>
      </trkpt>
      <trkpt lat="54.86945" lon="-2.51084">
        <ele>219.70549660108608</ele>
      </trkpt>
      <trkpt lat="54.86963" lon="-2.51104">
        <ele>218.48032318884634</ele>
      </trkpt>
      <trkpt lat="54.86969" lon="-2.51119">
        <ele>218.16172288931284</ele>
      </trkpt>
      <trkpt lat="54.87028" lon="-2.51108">
        <ele>214.3345680521342</ele>
      </trkpt>
      <trkpt lat="54.8704" lon="-2.51219">
        <ele>216.89473027438044</ele>
      </trkpt>
      <trkpt lat="54.87097" lon="-2.51349">
        <ele>227.05959679752624</ele>
      </trkpt>
      <trkpt lat="54.87201" lon="-2.51353">
        <ele>236.51672861399197</ele>
      </trkpt>
      <trkpt lat="54.87214" lon="-2.51348">
        <ele>237.06475303643458</ele>
      </trkpt>
      <trkpt lat="54.87224" lon="-2.51361">
        <ele>238.55176534672424</ele>
      </trkpt>
      <trkpt lat="54.87245" lon="-2.51383">
        <ele>240.91146811619504</ele>
      </trkpt>
      <trkpt lat="54.87339" lon="-2.51453">
        <ele>243.8179380200378</ele>
      </trkpt>
      <trkpt lat="54.87352" lon="-2.51469">
        <ele>244.20551795023542</ele>
      </trkpt>
      <trkpt lat="54.87361" lon="-2.51471">
        <ele>244.00052551576627</ele>
      </trkpt>
      <trkpt lat="54.87412" lon="-2.51425">
        <ele>242.79855499379005</ele>
      </trkpt>
      <trkpt lat="54.87425" lon="-2.51426">
        <ele>242.5443541708409</ele>
      </trkpt>
      <trkpt lat="54.87441" lon="-2.51431">
        <ele>242.04818913817888</ele>
      </trkpt>
      <trkpt lat="54.87486" lon="-2.51361">
        <ele>241.37393228258077</ele>
      </trkpt>
      <trkpt lat="54.87549" lon="-2.51283">
        <ele>236.64504010793846</ele>
      </trkpt>
      <trkpt lat="54.87626" lon="-2.51206">
        <ele>231.80397017821775</ele>
      </trkpt>
      <trkpt lat="54.87655" lon="-2.51208">
        <ele>230.13167153633478</ele>
      </trkpt>
      <trkpt lat="54.87682" lon="-2.51201">
        <ele>228.17684507799385</ele>
      </trkpt>
      <trkpt lat="54.87705" lon="-2.51173">
        <ele>225.51681353161158</ele>
      </trkpt>
      <trkpt lat="54.8778" lon="-2.51127">
        <ele>220.55000997739882</ele>
      </trkpt>
      <trkpt lat="54.878" lon="-2.51101">
        <ele>219.15575306951126</ele>
      </trkpt>
      <trkpt lat="54.87812" lon="-2.51092">
        <ele>218.60454910639712</ele>
      </trkpt>
      <trkpt lat="54.8782" lon="-2.51091">
        <ele>218.36887952510838</ele>
      </trkpt>
      <trkpt lat="54.87824" lon="-2.51098">
        <ele>218.29982038000702</ele>
      </trkpt>
      <trkpt lat="54.87826" lon="-2.51094">
        <ele>218.2089762585478</ele>
      </trkpt>
      <trkpt lat="54.8786" lon="-2.51069">
        <ele>217.83172764442983</ele>
      </trkpt>
      <trkpt lat="54.87883" lon="-2.51068">
        <ele>218.61474683993487</ele>
      </trkpt>
      <trkpt lat="54.87887" lon="-2.51073">
        <ele>218.98787917031464</ele>
      </trkpt>
      <trkpt lat="54.87888" lon="-2.5107">
        <ele>218.94003210759274</ele>
      </trkpt>
      <trkpt lat="54.87882" lon="-2.51095">
        <ele>219.52739317540062</ele>
      </trkpt>
      <trkpt lat="54.87886" lon="-2.51097">
        <ele>219.799835828013</ele>
      </trkpt>
      <trkpt lat="54.87893" lon="-2.51092">
        <ele>219.95364783662518</ele>
      </trkpt>
      <trkpt lat="54.87921" lon="-2.51083">
        <ele>221.67511643113164</ele>
      </trkpt>
      <trkpt lat="54.87964" lon="-2.51077">
        <ele>222.97721173332604</ele>
      </trkpt>
      <trkpt lat="54.88021" lon="-2.51011">
        <ele>220.55770174895918</ele>
      </trkpt>
      <trkpt lat="54.88033" lon="-2.51004">
        <ele>220.32567680003223</ele>
      </trkpt>
      <trkpt lat="54.88105" lon="-2.50939">
        <ele>217.0039069842773</ele>
      </trkpt>
      <trkpt lat="54.88174" lon="-2.50865">
        <ele>211.32735650038924</ele>
      </trkpt>
      <trkpt lat="54.88191" lon="-2.50851">
        <ele>210.32747291612944</ele>
      </trkpt>
      <trkpt lat="54.88205" lon="-2.50847">
        <ele>209.68888783237153</ele>
      </trkpt>
      <trkpt lat="54.88213" lon="-2.50832">
        <ele>209.43811337209905</ele>
      </trkpt>
      <trkpt lat="54.88224" lon="-2.50819">
        <ele>208.79145722105272</ele>
      </trkpt>
      <trkpt lat="54.88237" lon="-2.5081">
        <ele>208.39102266665816</ele>
      </trkpt>
      <trkpt lat="54.88243" lon="-2.50801">
        <ele>208.20664510508144</ele>
      </trkpt>
      <trkpt lat="54.88279" lon="-2.50715">
        <ele>207.03797464869024</ele>
      </trkpt>
      <trkpt lat="54.88273" lon="-2.50708">
        <ele>207.1579956433509</ele>
      </trkpt>
      <trkpt lat="54.88274" lon="-2.50702">
        <ele>207.05757972495692</ele>
      </trkpt>
      <trkpt lat="54.88313" lon="-2.50785">
        <ele>209.3073188012234</ele>
      </trkpt>
      <trkpt lat="54.88699" lon="-2.51075">
        <ele>256.054515918903</ele>
      </trkpt>
      <trkpt lat="54.88701" lon="-2.5108">
        <ele>256.4997633613363</ele>
      </trkpt>
      <trkpt lat="54.88701" lon="-2.51101">
        <ele>258.2181189090258</ele>
      </trkpt>
      <trkpt lat="54.88705" lon="-2.51145">
        <ele>263.2660514809666</ele>
      </trkpt>
      <trkpt lat="54.88704" lon="-2.51171">
        <ele>266.45703474710456</ele>
      </trkpt>
      <trkpt lat="54.8871" lon="-2.51185">
        <ele>268.7475858178232</ele>
      </trkpt>
      <trkpt lat="54.88741" lon="-2.51224">
        <ele>274.6202182119384</ele>
      </trkpt>
      <trkpt lat="54.88778" lon="-2.51221">
        <ele>275.7426451555324</ele>
      </trkpt>
      <trkpt lat="54.88797" lon="-2.51214">
        <ele>275.8091071472777</ele>
      </trkpt>
      <trkpt lat="54.88833" lon="-2.51196">
        <ele>274.4641685333112</ele>
      </trkpt>
      <trkpt lat="54.88841" lon="-2.51175">
        <ele>272.60597333340013</ele>
      </trkpt>
      <trkpt lat="54.88856" lon="-2.51155">
        <ele>270.40094528577833</ele>
      </trkpt>
      <trkpt lat="54.88871" lon="-2.51142">
        <ele>268.83394993888277</ele>
      </trkpt>
      <trkpt lat="54.88888" lon="-2.51138">
        <ele>267.9728245252751</ele>
      </trkpt>
      <trkpt lat="54.88966" lon="-2.51139">
        <ele>267.20777753077095</ele>
      </trkpt>
      <trkpt lat="54.89002" lon="-2.51153">
        <ele>267.633742276673</ele>
      </trkpt>
      <trkpt lat="54.89042" lon="-2.51178">
        <ele>268.7405127202879</ele>
      </trkpt>
      <trkpt lat="54.89065" lon="-2.51206">
        <ele>270.5501689405026</ele>
      </trkpt>
      <trkpt lat="54.89095" lon="-2.51211">
        <ele>270.9845648596306</ele>
      </trkpt>
      <trkpt lat="54.89111" lon="-2.51219">
        <ele>272.40667740155834</ele>
      </trkpt>
      <trkpt lat="54.89142" lon="-2.51206">
        <ele>271.9625680878609</ele>
      </trkpt>
      <trkpt lat="54.89177" lon="-2.51183">
        <ele>270.76534794510974</ele>
      </trkpt>
      <trkpt lat="54.89185" lon="-2.51186">
        <ele>271.28052107757037</ele>
      </trkpt>
      <trkpt lat="54.892" lon="-2.51182">
        <ele>271.2592739555998</ele>
      </trkpt>
      <trkpt lat="54.89227" lon="-2.51187">
        <ele>272.10121122486834</ele>
      </trkpt>
      <trkpt lat="54.89381" lon="-2.51158">
        <ele>273.8182710093683</ele>
      </trkpt>
      <trkpt lat="54.89411" lon="-2.51164">
        <ele>273.3691268383168</ele>
      </trkpt>
      <trkpt lat="54.89483" lon="-2.51189">
        <ele>274.08379093334173</ele>
      </trkpt>
      <trkpt lat="54.89604" lon="-2.5123">
        <ele>273.38329148545927</ele>
      </trkpt>
      <trkpt lat="54.89783" lon="-2.51285">
        <ele>261.263248742126</ele>
      </trkpt>
      <trkpt lat="54.89963" lon="-2.51335">
        <ele>247.63444639258148</ele>
      </trkpt>
      <trkpt lat="54.90021" lon="-2.51339">
        <ele>240.86446520327723</ele>
      </trkpt>
      <trkpt lat="54.90028" lon="-2.51341">
        <ele>239.9461397454612</ele>
      </trkpt>
      <trkpt lat="54.90044" lon="-2.51366">
        <ele>237.83238832389358</ele>
      </trkpt>
      <trkpt lat="54.90057" lon="-2.51428">
        <ele>237.18558521657286</ele>
      </trkpt>
      <trkpt lat="54.90062" lon="-2.51469">
        <ele>236.21392449443914</ele>
      </trkpt>
      <trkpt lat="54.9006" lon="-2.51514">
        <ele>237.49422590318295</ele>
      </trkpt>
      <trkpt lat="54.9007" lon="-2.5152">
        <ele>237.1974163153678</ele>
      </trkpt>
      <trkpt lat="54.90075" lon="-2.51524">
        <ele>237.34479235192222</ele>
      </trkpt>
      <trkpt lat="54.90086" lon="-2.51523">
        <ele>237.81835644161401</ele>
      </trkpt>
      <trkpt lat="54.90096" lon="-2.51512">
        <ele>237.92004675259858</ele>
      </trkpt>
      <trkpt lat="54.90115" lon="-2.51466">
        <ele>237.77818728161517</ele>
      </trkpt>
      <trkpt lat="54.90132" lon="-2.51454">
        <ele>239.48308880450247</ele>
      </trkpt>
      <trkpt lat="54.90145" lon="-2.51453">
        <ele>241.88131923307753</ele>
      </trkpt>
      <trkpt lat="54.90152" lon="-2.51458">
        <ele>243.71534696365728</ele>
      </trkpt>
      <trkpt lat="54.90157" lon="-2.51459">
        <ele>244.8226060294783</ele>
      </trkpt>
      <trkpt lat="54.90171" lon="-2.51471">
        <ele>247.95568320993408</ele>
      </trkpt>
      <trkpt lat="54.90184" lon="-2.51473">
        <ele>249.87831185357737</ele>
      </trkpt>
      <trkpt lat="54.90186" lon="-2.51468">
        <ele>249.88845197297658</ele>
      </trkpt>
      <trkpt lat="54.90199" lon="-2.51466">
        <ele>251.31324716164985</ele>
      </trkpt>
      <trkpt lat="54.90216" lon="-2.51457">
        <ele>252.0700945127767</ele>
      </trkpt>
      <trkpt lat="54.90376" lon="-2.51523">
        <ele>268.74232170260575</ele>
      </trkpt>
      <trkpt lat="54.90477" lon="-2.51585">
        <ele>277.3921247672764</ele>
      </trkpt>
      <trkpt lat="54.90491" lon="-2.5159">
        <ele>278.19210281858625</ele>
      </trkpt>
      <trkpt lat="54.90496" lon="-2.51588">
        <ele>278.30596298629166</ele>
      </trkpt>
      <trkpt lat="54.90505" lon="-2.51596">
        <ele>279.2869631294633</ele>
      </trkpt>
      <trkpt lat="54.9063" lon="-2.5166">
        <ele>287.83832190645694</ele>
      </trkpt>
      <trkpt lat="54.9077" lon="-2.51715">
        <ele>294.77119874382015</ele>
      </trkpt>
      <trkpt lat="54.90853" lon="-2.51733">
        <ele>292.4946241122331</ele>
      </trkpt>
      <trkpt lat="54.90937" lon="-2.51768">
        <ele>292.94302237670445</ele>
      </trkpt>
      <trkpt lat="54.91174" lon="-2.51818">
        <ele>290.96731832975183</ele>
      </trkpt>
      <trkpt lat="54.91186" lon="-2.51826">
        <ele>290.39173451038255</ele>
      </trkpt>
      <trkpt lat="54.91256" lon="-2.51834">
        <ele>286.6179948310141</ele>
      </trkpt>
      <trkpt lat="54.91272" lon="-2.51828">
        <ele>285.33539087341677</ele>
      </trkpt>
      <trkpt lat="54.91287" lon="-2.51834">
        <ele>285.0897662724374</ele>
      </trkpt>
      <trkpt lat="54.91307" lon="-2.5185">
        <ele>284.7537459773952</ele>
      </trkpt>
      <trkpt lat="54.91564" lon="-2.5195">
        <ele>262.45745474511943</ele>
      </trkpt>
      <trkpt lat="54.9159" lon="-2.51953">
        <ele>260.7757652549573</ele>
      </trkpt>
      <trkpt lat="54.91617" lon="-2.5197">
        <ele>260.41048370575214</ele>
      </trkpt>
      <trkpt lat="54.91656" lon="-2.51981">
        <ele>257.4381953559591</ele>
      </trkpt>
      <trkpt lat="54.91735" lon="-2.52011">
        <ele>250.0046156740642</ele>
      </trkpt>
      <trkpt lat="54.91811" lon="-2.52044">
        <ele>242.86475340165313</ele>
      </trkpt>
      <trkpt lat="54.91876" lon="-2.52083">
        <ele>234.15889393733886</ele>
      </trkpt>
      <trkpt lat="54.91872" lon="-2.52081">
        <ele>234.57117671105152</ele>
      </trkpt>
      <trkpt lat="54.91872" lon="-2.52126">
        <ele>234.57117671105155</ele>
      </trkpt>
      <trkpt lat="54.91881" lon="-2.52194">
        <ele>233.0261184179461</ele>
      </trkpt>
      <trkpt lat="54.91884" lon="-2.52262">
        <ele>231.38248709444952</ele>
      </trkpt>
      <trkpt lat="54.91886" lon="-2.52393">
        <ele>229.75862741450257</ele>
      </trkpt>
      <trkpt lat="54.91893" lon="-2.52459">
        <ele>227.7095737483828</ele>
      </trkpt>
      <trkpt lat="54.91912" lon="-2.52525">
        <ele>225.3435773178477</ele>
      </trkpt>
      <trkpt lat="54.91944" lon="-2.52582">
        <ele>221.88801196953395</ele>
      </trkpt>
      <trkpt lat="54.91971" lon="-2.52634">
        <ele>218.93718673884902</ele>
      </trkpt>
      <trkpt lat="54.91995" lon="-2.52645">
        <ele>216.37637097484006</ele>
      </trkpt>
      <trkpt lat="54.92108" lon="-2.52675">
        <ele>203.57866354927017</ele>
      </trkpt>
      <trkpt lat="54.92107" lon="-2.52682">
        <ele>203.5206969046618</ele>
      </trkpt>
      <trkpt lat="54.92108" lon="-2.52675">
        <ele>203.57866354927017</ele>
      </trkpt>
      <trkpt lat="54.92415" lon="-2.52804">
        <ele>175.9320513620045</ele>
      </trkpt>
      <trkpt lat="54.92418" lon="-2.52815">
        <ele>175.80173859907205</ele>
      </trkpt>
      <trkpt lat="54.92425" lon="-2.52819">
        <ele>175.49185955823415</ele>
      </trkpt>
      <trkpt lat="54.92443" lon="-2.52821">
        <ele>174.89668582724553</ele>
      </trkpt>
      <trkpt lat="54.92465" lon="-2.52846">
        <ele>174.10460736379065</ele>
      </trkpt>
      <trkpt lat="54.92476" lon="-2.52848">
        <ele>174</ele>
      </trkpt>
      <trkpt lat="54.92575" lon="-2.52925">
        <ele>175.9220709358353</ele>
      </trkpt>
      <trkpt lat="54.92644" lon="-2.52939">
        <ele>175.10000000000036</ele>
      </trkpt>
      <trkpt lat="54.92673" lon="-2.52962">
        <ele>176.1580795601146</ele>
      </trkpt>
      <trkpt lat="54.92728" lon="-2.52978">
        <ele>178.2601629309366</ele>
      </trkpt>
      <trkpt lat="54.92774" lon="-2.52984">
        <ele>179.91277780546935</ele>
      </trkpt>
      <trkpt lat="54.92819" lon="-2.52984">
        <ele>181.5252084584442</ele>
      </trkpt>
      <trkpt lat="54.92862" lon="-2.52979">
        <ele>182</ele>
      </trkpt>
      <trkpt lat="54.92892" lon="-2.52998">
        <ele>182.28608096097696</ele>
      </trkpt>
      <trkpt lat="54.92941" lon="-2.52999">
        <ele>183.64248095353474</ele>
      </trkpt>
      <trkpt lat="54.93002" lon="-2.53012">
        <ele>183.28963626665168</ele>
      </trkpt>
      <trkpt lat="54.9303" lon="-2.53014">
        <ele>183.21973119999828</ele>
      </trkpt>
      <trkpt lat="54.93066" lon="-2.53013">
        <ele>183.68830444649882</ele>
      </trkpt>
      <trkpt lat="54.93089" lon="-2.53028">
        <ele>183.6405336995582</ele>
      </trkpt>
      <trkpt lat="54.93126" lon="-2.53046">
        <ele>181.80031766331192</ele>
      </trkpt>
      <trkpt lat="54.93144" lon="-2.53063">
        <ele>179.94590314594103</ele>
      </trkpt>
      <trkpt lat="54.93158" lon="-2.53084">
        <ele>178.4597955402583</ele>
      </trkpt>
      <trkpt lat="54.93171" lon="-2.53085">
        <ele>178.0661113670424</ele>
      </trkpt>
      <trkpt lat="54.93317" lon="-2.52931">
        <ele>169.45926436223118</ele>
      </trkpt>
      <trkpt lat="54.93368" lon="-2.53006">
        <ele>158.24121181229987</ele>
      </trkpt>
      <trkpt lat="54.93399" lon="-2.52897">
        <ele>154.0002127331462</ele>
      </trkpt>
      <trkpt lat="54.9343" lon="-2.52885">
        <ele>149.90259647551102</ele>
      </trkpt>
      <trkpt lat="54.93451" lon="-2.52866">
        <ele>149.00243128889707</ele>
      </trkpt>
      <trkpt lat="54.93518" lon="-2.52687">
        <ele>148.01497417921206</ele>
      </trkpt>
      <trkpt lat="54.93539" lon="-2.52453">
        <ele>144.76514525218033</ele>
      </trkpt>
      <trkpt lat="54.93697" lon="-2.52313">
        <ele>145.69875884836574</ele>
      </trkpt>
      <trkpt lat="54.93827" lon="-2.5223">
        <ele>146.37149620470583</ele>
      </trkpt>
      <trkpt lat="54.93827" lon="-2.52224">
        <ele>146.11541246725568</ele>
      </trkpt>
      <trkpt lat="54.93881" lon="-2.52042">
        <ele>140.45517229921865</ele>
      </trkpt>
      <trkpt lat="54.93903" lon="-2.51997">
        <ele>140.82817339159288</ele>
      </trkpt>
      <trkpt lat="54.9393" lon="-2.51932">
        <ele>140.87588762177737</ele>
      </trkpt>
      <trkpt lat="54.93947" lon="-2.51875">
        <ele>141.7432776355892</ele>
      </trkpt>
      <trkpt lat="54.93973" lon="-2.51814">
        <ele>139.60906491335547</ele>
      </trkpt>
      <trkpt lat="54.93979" lon="-2.51808">
        <ele>139.19022658081715</ele>
      </trkpt>
      <trkpt lat="54.94007" lon="-2.51802">
        <ele>139.5682812617163</ele>
      </trkpt>
      <trkpt lat="54.94019" lon="-2.51778">
        <ele>139.7207726625503</ele>
      </trkpt>
      <trkpt lat="54.94044" lon="-2.51758">
        <ele>141.27008147966217</ele>
      </trkpt>
      <trkpt lat="54.94051" lon="-2.51743">
        <ele>141.66778419478254</ele>
      </trkpt>
      <trkpt lat="54.94067" lon="-2.5172">
        <ele>142.6378643434278</ele>
      </trkpt>
      <trkpt lat="54.94069" lon="-2.51714">
        <ele>142.7535841238466</ele>
      </trkpt>
      <trkpt lat="54.9409" lon="-2.51703">
        <ele>145.45642694057577</ele>
      </trkpt>
      <trkpt lat="54.9409" lon="-2.51609">
        <ele>141.03136712666688</ele>
      </trkpt>
      <trkpt lat="54.9423" lon="-2.51496">
        <ele>146.3927751247009</ele>
      </trkpt>
      <trkpt lat="54.94538" lon="-2.51274">
        <ele>140.63214412463316</ele>
      </trkpt>
      <trkpt lat="54.94519" lon="-2.51168">
        <ele>134.19586203125968</ele>
      </trkpt>
      <trkpt lat="54.94521" lon="-2.51169">
        <ele>134.12754478059225</ele>
      </trkpt>
      <trkpt lat="54.9457" lon="-2.51157">
        <ele>133.09113813333713</ele>
      </trkpt>
      <trkpt lat="54.94658" lon="-2.51108">
        <ele>132.46518302706247</ele>
      </trkpt>
      <trkpt lat="54.947" lon="-2.5109">
        <ele>132.25841911167467</ele>
      </trkpt>
      <trkpt lat="54.94754" lon="-2.5107">
        <ele>132.65502933333684</ele>
      </trkpt>
      <trkpt lat="54.94827" lon="-2.51036">
        <ele>133.20426903752423</ele>
      </trkpt>
      <trkpt lat="54.9487" lon="-2.51011">
        <ele>135.03112506745424</ele>
      </trkpt>
      <trkpt lat="54.949" lon="-2.50989">
        <ele>135.2976093090144</ele>
      </trkpt>
      <trkpt lat="54.94944" lon="-2.50939">
        <ele>134.0263463375632</ele>
      </trkpt>
      <trkpt lat="54.94989" lon="-2.50883">
        <ele>134.6074591793014</ele>
      </trkpt>
      <trkpt lat="54.95022" lon="-2.5083">
        <ele>133.45642588832433</ele>
      </trkpt>
      <trkpt lat="54.95037" lon="-2.5079">
        <ele>132.55477912147182</ele>
      </trkpt>
      <trkpt lat="54.95051" lon="-2.50731">
        <ele>131.56507981851428</ele>
      </trkpt>
      <trkpt lat="54.9507" lon="-2.50624">
        <ele>131.2023782021839</ele>
      </trkpt>
      <trkpt lat="54.9512" lon="-2.50304">
        <ele>127.4003761203965</ele>
      </trkpt>
      <trkpt lat="54.95136" lon="-2.50133">
        <ele>126.22776924243658</ele>
      </trkpt>
      <trkpt lat="54.95145" lon="-2.49939">
        <ele>128.3918044234474</ele>
      </trkpt>
      <trkpt lat="54.95156" lon="-2.49826">
        <ele>128.5101928240858</ele>
      </trkpt>
      <trkpt lat="54.95164" lon="-2.49636">
        <ele>130.83884169235247</ele>
      </trkpt>
      <trkpt lat="54.95179" lon="-2.49594">
        <ele>130.41712256875024</ele>
      </trkpt>
      <trkpt lat="54.95187" lon="-2.49562">
        <ele>130.04625508550106</ele>
      </trkpt>
      <trkpt lat="54.95198" lon="-2.4948">
        <ele>134.62711293106022</ele>
      </trkpt>
      <trkpt lat="54.95201" lon="-2.49447">
        <ele>138.79966281966378</ele>
      </trkpt>
      <trkpt lat="54.952" lon="-2.49418">
        <ele>142.23242706903505</ele>
      </trkpt>
      <trkpt lat="54.95219" lon="-2.49412">
        <ele>142.56223325114763</ele>
      </trkpt>
      <trkpt lat="54.95233" lon="-2.49374">
        <ele>144.39181322037118</ele>
      </trkpt>
      <trkpt lat="54.95234" lon="-2.49339">
        <ele>146.07957696304717</ele>
      </trkpt>
      <trkpt lat="54.95244" lon="-2.49234">
        <ele>148.10789006834452</ele>
      </trkpt>
      <trkpt lat="54.9524" lon="-2.49148">
        <ele>150.2462250666699</ele>
      </trkpt>
      <trkpt lat="54.95252" lon="-2.49063">
        <ele>151.76444371505752</ele>
      </trkpt>
      <trkpt lat="54.95279" lon="-2.49034">
        <ele>146.8486396644582</ele>
      </trkpt>
      <trkpt lat="54.95296" lon="-2.49026">
        <ele>143.90769944817362</ele>
      </trkpt>
      <trkpt lat="54.95322" lon="-2.48983">
        <ele>144.1228978373117</ele>
      </trkpt>
      <trkpt lat="54.95324" lon="-2.48954">
        <ele>146.43193308302529</ele>
      </trkpt>
      <trkpt lat="54.95337" lon="-2.48864">
        <ele>152.74777395452872</ele>
      </trkpt>
      <trkpt lat="54.95346" lon="-2.48831">
        <ele>154.20063440807124</ele>
      </trkpt>
      <trkpt lat="54.95472" lon="-2.48524">
        <ele>156.24684765020803</ele>
      </trkpt>
      <trkpt lat="54.9548" lon="-2.48496">
        <ele>157.19467166632185</ele>
      </trkpt>
      <trkpt lat="54.95499" lon="-2.48449">
        <ele>157.8439308840088</ele>
      </trkpt>
      <trkpt lat="54.95502" lon="-2.48436">
        <ele>158.03996354513887</ele>
      </trkpt>
      <trkpt lat="54.9557" lon="-2.4836">
        <ele>150.9211420677144</ele>
      </trkpt>
      <trkpt lat="54.95592" lon="-2.48342">
        <ele>148.51389309915353</ele>
      </trkpt>
      <trkpt lat="54.95619" lon="-2.4832">
        <ele>146.0965505243396</ele>
      </trkpt>
      <trkpt lat="54.9564" lon="-2.48315">
        <ele>142.63539150202757</ele>
      </trkpt>
      <trkpt lat="54.95691" lon="-2.4828">
        <ele>135.40379220831215</ele>
      </trkpt>
      <trkpt lat="54.9571" lon="-2.48256">
        <ele>133.4637862925422</ele>
      </trkpt>
      <trkpt lat="54.9571" lon="-2.48248">
        <ele>133.65096173144312</ele>
      </trkpt>
      <trkpt lat="54.95693" lon="-2.48168">
        <ele>139.32324963766186</ele>
      </trkpt>
      <trkpt lat="54.95686" lon="-2.48145">
        <ele>140.97440084160544</ele>
      </trkpt>
      <trkpt lat="54.95689" lon="-2.48065">
        <ele>141.56831506222971</ele>
      </trkpt>
      <trkpt lat="54.95694" lon="-2.4804">
        <ele>140.9274789553376</ele>
      </trkpt>
      <trkpt lat="54.95714" lon="-2.47991">
        <ele>139.21608258420676</ele>
      </trkpt>
      <trkpt lat="54.95718" lon="-2.4797">
        <ele>139.8502257329655</ele>
      </trkpt>
      <trkpt lat="54.95706" lon="-2.4793">
        <ele>145.38404766786914</ele>
      </trkpt>
      <trkpt lat="54.95738" lon="-2.47736">
        <ele>146.15396549334304</ele>
      </trkpt>
      <trkpt lat="54.95748" lon="-2.47647">
        <ele>146.67258345268306</ele>
      </trkpt>
      <trkpt lat="54.95759" lon="-2.47575">
        <ele>145.1138125908102</ele>
      </trkpt>
      <trkpt lat="54.95776" lon="-2.47496">
        <ele>144.57017173636137</ele>
      </trkpt>
      <trkpt lat="54.95802" lon="-2.47436">
        <ele>144.34356376599956</ele>
      </trkpt>
      <trkpt lat="54.9581" lon="-2.47426">
        <ele>143.645205046791</ele>
      </trkpt>
      <trkpt lat="54.95821" lon="-2.474">
        <ele>143.81460175813822</ele>
      </trkpt>
      <trkpt lat="54.95817" lon="-2.47394">
        <ele>145.31372480292458</ele>
      </trkpt>
      <trkpt lat="54.96026" lon="-2.47242">
        <ele>116.6013613220311</ele>
      </trkpt>
      <trkpt lat="54.96178" lon="-2.47051">
        <ele>115.42384919403163</ele>
      </trkpt>
      <trkpt lat="54.9622" lon="-2.46966">
        <ele>115.92849523429888</ele>
      </trkpt>
      <trkpt lat="54.96243" lon="-2.46469">
        <ele>113.9719793777684</ele>
      </trkpt>
      <trkpt lat="54.96244" lon="-2.46471">
        <ele>113.99275541175453</ele>
      </trkpt>
      <trkpt lat="54.96266" lon="-2.46271">
        <ele>112.30449103615356</ele>
      </trkpt>
      <trkpt lat="54.96287" lon="-2.46103">
        <ele>111.55789571543377</ele>
      </trkpt>
      <trkpt lat="54.96315" lon="-2.45919">
        <ele>110.93598506667279</ele>
      </trkpt>
      <trkpt lat="54.96345" lon="-2.45757">
        <ele>110.40195199088247</ele>
      </trkpt>
      <trkpt lat="54.96368" lon="-2.45646">
        <ele>110.12929727203955</ele>
      </trkpt>
      <trkpt lat="54.96383" lon="-2.45595">
        <ele>111.16654453254365</ele>
      </trkpt>
      <trkpt lat="54.96383" lon="-2.45591">
        <ele>111.21314791033588</ele>
      </trkpt>
      <trkpt lat="54.96383" lon="-2.45584">
        <ele>111.33372177700578</ele>
      </trkpt>
      <trkpt lat="54.9638" lon="-2.45574">
        <ele>111.71000773480131</ele>
      </trkpt>
      <trkpt lat="54.96363" lon="-2.45549">
        <ele>113.4817119781396</ele>
      </trkpt>
      <trkpt lat="54.96361" lon="-2.4554">
        <ele>113.7732404811546</ele>
      </trkpt>
      <trkpt lat="54.96364" lon="-2.4552">
        <ele>113.83840952229247</ele>
      </trkpt>
      <trkpt lat="54.96352" lon="-2.4551">
        <ele>115.03710308011475</ele>
      </trkpt>
      <trkpt lat="54.96332" lon="-2.45505">
        <ele>117.02888343774038</ele>
      </trkpt>
      <trkpt lat="54.96329" lon="-2.45497">
        <ele>117.42128963160815</ele>
      </trkpt>
      <trkpt lat="54.96306" lon="-2.45489">
        <ele>119.81611874175766</ele>
      </trkpt>
      <trkpt lat="54.96287" lon="-2.4547">
        <ele>120.52607578705073</ele>
      </trkpt>
      <trkpt lat="54.96277" lon="-2.4545">
        <ele>120.52894697735405</ele>
      </trkpt>
      <trkpt lat="54.96269" lon="-2.45445">
        <ele>120.63287893096033</ele>
      </trkpt>
      <trkpt lat="54.96235" lon="-2.45367">
        <ele>122.38134914485411</ele>
      </trkpt>
      <trkpt lat="54.96223" lon="-2.45345">
        <ele>122.94974365243807</ele>
      </trkpt>
      <trkpt lat="54.96169" lon="-2.45261">
        <ele>125.82071489091149</ele>
      </trkpt>
      <trkpt lat="54.96164" lon="-2.45244">
        <ele>125.94429452546882</ele>
      </trkpt>
      <trkpt lat="54.96161" lon="-2.45225">
        <ele>125.96138964782052</ele>
      </trkpt>
      <trkpt lat="54.96157" lon="-2.45199">
        <ele>125.9642335717106</ele>
      </trkpt>
      <trkpt lat="54.96155" lon="-2.45149">
        <ele>126.59036010438618</ele>
      </trkpt>
      <trkpt lat="54.96156" lon="-2.45134">
        <ele>126.61547323772727</ele>
      </trkpt>
      <trkpt lat="54.9617" lon="-2.45042">
        <ele>125.99160544178542</ele>
      </trkpt>
      <trkpt lat="54.96178" lon="-2.44875">
        <ele>123</ele>
      </trkpt>
      <trkpt lat="54.96187" lon="-2.44748">
        <ele>121.96473882931946</ele>
      </trkpt>
      <trkpt lat="54.96185" lon="-2.44713">
        <ele>121.99602218505467</ele>
      </trkpt>
      <trkpt lat="54.96158" lon="-2.44534">
        <ele>122.37576150447188</ele>
      </trkpt>
      <trkpt lat="54.96141" lon="-2.44434">
        <ele>120.60713100663911</ele>
      </trkpt>
      <trkpt lat="54.9613" lon="-2.44389">
        <ele>120.97540852069004</ele>
      </trkpt>
      <trkpt lat="54.96115" lon="-2.44351">
        <ele>122.16091779129559</ele>
      </trkpt>
      <trkpt lat="54.96089" lon="-2.44298">
        <ele>122.50986791445195</ele>
      </trkpt>
      <trkpt lat="54.96072" lon="-2.44271">
        <ele>122.50909347794233</ele>
      </trkpt>
      <trkpt lat="54.9608" lon="-2.44247">
        <ele>121.95358893266067</ele>
      </trkpt>
      <trkpt lat="54.96109" lon="-2.44134">
        <ele>121.00934444293459</ele>
      </trkpt>
      <trkpt lat="54.96114" lon="-2.44104">
        <ele>121.50534839294735</ele>
      </trkpt>
      <trkpt lat="54.96117" lon="-2.44065">
        <ele>121.40382901858548</ele>
      </trkpt>
      <trkpt lat="54.96125" lon="-2.4365">
        <ele>119.41361316458914</ele>
      </trkpt>
      <trkpt lat="54.9616" lon="-2.43022">
        <ele>115.42202111927467</ele>
      </trkpt>
      <trkpt lat="54.96186" lon="-2.42769">
        <ele>108.24835660540982</ele>
      </trkpt>
      <trkpt lat="54.96188" lon="-2.42733">
        <ele>107.72399122542782</ele>
      </trkpt>
      <trkpt lat="54.96186" lon="-2.42706">
        <ele>107.30558058132993</ele>
      </trkpt>
      <trkpt lat="54.96183" lon="-2.42687">
        <ele>107.27321768803623</ele>
      </trkpt>
      <trkpt lat="54.96177" lon="-2.4267">
        <ele>107.51673739915796</ele>
      </trkpt>
      <trkpt lat="54.9616" lon="-2.42639">
        <ele>108.05595309496879</ele>
      </trkpt>
      <trkpt lat="54.96076" lon="-2.42543">
        <ele>115.68600776868516</ele>
      </trkpt>
      <trkpt lat="54.96034" lon="-2.42502">
        <ele>120.41966681920168</ele>
      </trkpt>
      <trkpt lat="54.9602" lon="-2.42477">
        <ele>120.766423772624</ele>
      </trkpt>
      <trkpt lat="54.96018" lon="-2.42454">
        <ele>121.28650455142524</ele>
      </trkpt>
      <trkpt lat="54.96021" lon="-2.42439">
        <ele>121.47756311162682</ele>
      </trkpt>
      <trkpt lat="54.96037" lon="-2.42398">
        <ele>121.21685355990304</ele>
      </trkpt>
      <trkpt lat="54.96056" lon="-2.42368">
        <ele>121.35772831332962</ele>
      </trkpt>
      <trkpt lat="54.96069" lon="-2.42334">
        <ele>121.55643925968506</ele>
      </trkpt>
      <trkpt lat="54.96081" lon="-2.4229">
        <ele>121.3739078206313</ele>
      </trkpt>
      <trkpt lat="54.96092" lon="-2.42236">
        <ele>122.05453772980306</ele>
      </trkpt>
      <trkpt lat="54.96096" lon="-2.42233">
        <ele>121.75353783192202</ele>
      </trkpt>
      <trkpt lat="54.96104" lon="-2.42236">
        <ele>120.73696402444152</ele>
      </trkpt>
      <trkpt lat="54.96126" lon="-2.42253">
        <ele>117.75531879820883</ele>
      </trkpt>
      <trkpt lat="54.96141" lon="-2.42257">
        <ele>116.05967576223141</ele>
      </trkpt>
      <trkpt lat="54.96153" lon="-2.42252">
        <ele>115.06833338458549</ele>
      </trkpt>
      <trkpt lat="54.96206" lon="-2.42135">
        <ele>115.43334902659849</ele>
      </trkpt>
      <trkpt lat="54.96279" lon="-2.41967">
        <ele>107.54177476825984</ele>
      </trkpt>
      <trkpt lat="54.96285" lon="-2.41949">
        <ele>107.42937262948958</ele>
      </trkpt>
      <trkpt lat="54.96286" lon="-2.41931">
        <ele>108.26145989850738</ele>
      </trkpt>
      <trkpt lat="54.96284" lon="-2.41854">
        <ele>112.072470785445</ele>
      </trkpt>
      <trkpt lat="54.96292" lon="-2.41813">
        <ele>110.37959747639702</ele>
      </trkpt>
      <trkpt lat="54.96293" lon="-2.41792">
        <ele>110.0017226390542</ele>
      </trkpt>
      <trkpt lat="54.96308" lon="-2.41704">
        <ele>110</ele>
      </trkpt>
      <trkpt lat="54.9632" lon="-2.41645">
        <ele>111.5</ele>
      </trkpt>
      <trkpt lat="54.96328" lon="-2.41619">
        <ele>111.13467517696725</ele>
      </trkpt>
      <trkpt lat="54.96373" lon="-2.41552">
        <ele>106.91876760441839</ele>
      </trkpt>
      <trkpt lat="54.96382" lon="-2.41527">
        <ele>105.47872521778613</ele>
      </trkpt>
      <trkpt lat="54.96387" lon="-2.41474">
        <ele>104.53615041157975</ele>
      </trkpt>
      <trkpt lat="54.96383" lon="-2.41147">
        <ele>102.75684417579396</ele>
      </trkpt>
      <trkpt lat="54.96411" lon="-2.41038">
        <ele>102.85384068440293</ele>
      </trkpt>
      <trkpt lat="54.96441" lon="-2.40737">
        <ele>97</ele>
      </trkpt>
      <trkpt lat="54.96444" lon="-2.40669">
        <ele>97</ele>
      </trkpt>
      <trkpt lat="54.96444" lon="-2.40637">
        <ele>96.82425457777109</ele>
      </trkpt>
      <trkpt lat="54.9643" lon="-2.40559">
        <ele>95.63949233295912</ele>
      </trkpt>
      <trkpt lat="54.96407" lon="-2.40388">
        <ele>96.30474920107629</ele>
      </trkpt>
      <trkpt lat="54.96402" lon="-2.40323">
        <ele>96.3844993231832</ele>
      </trkpt>
      <trkpt lat="54.96397" lon="-2.40036">
        <ele>96.18116525574665</ele>
      </trkpt>
      <trkpt lat="54.96383" lon="-2.39765">
        <ele>94.17784293294018</ele>
      </trkpt>
      <trkpt lat="54.96376" lon="-2.39725">
        <ele>94.33980630422099</ele>
      </trkpt>
      <trkpt lat="54.96366" lon="-2.39691">
        <ele>94.74569178605542</ele>
      </trkpt>
      <trkpt lat="54.96316" lon="-2.39672">
        <ele>99.6252435174781</ele>
      </trkpt>
      <trkpt lat="54.963" lon="-2.39544">
        <ele>103.90729365917001</ele>
      </trkpt>
      <trkpt lat="54.96298" lon="-2.39512">
        <ele>103.30282080460572</ele>
      </trkpt>
      <trkpt lat="54.96299" lon="-2.39455">
        <ele>102.68467782624126</ele>
      </trkpt>
      <trkpt lat="54.96305" lon="-2.39379">
        <ele>108.99438523562577</ele>
      </trkpt>
      <trkpt lat="54.96317" lon="-2.39278">
        <ele>109.92398713599528</ele>
      </trkpt>
      <trkpt lat="54.96331" lon="-2.39192">
        <ele>110.36134497871616</ele>
      </trkpt>
      <trkpt lat="54.9634" lon="-2.39018">
        <ele>110.77547154845054</ele>
      </trkpt>
      <trkpt lat="54.96361" lon="-2.38736">
        <ele>107.67973658140224</ele>
      </trkpt>
      <trkpt lat="54.9636" lon="-2.38702">
        <ele>107.30329906945857</ele>
      </trkpt>
      <trkpt lat="54.96342" lon="-2.38604">
        <ele>109.51981282010682</ele>
      </trkpt>
      <trkpt lat="54.9634" lon="-2.3858">
        <ele>109.58042853040341</ele>
      </trkpt>
      <trkpt lat="54.96343" lon="-2.38557">
        <ele>109.25933497310713</ele>
      </trkpt>
      <trkpt lat="54.96363" lon="-2.38551">
        <ele>107.52296476720406</ele>
      </trkpt>
      <trkpt lat="54.96374" lon="-2.3854">
        <ele>106.03399768984306</ele>
      </trkpt>
      <trkpt lat="54.96385" lon="-2.38482">
        <ele>106.0329571363748</ele>
      </trkpt>
      <trkpt lat="54.96396" lon="-2.38354">
        <ele>106.93599910528977</ele>
      </trkpt>
      <trkpt lat="54.96393" lon="-2.38331">
        <ele>108.29198871061766</ele>
      </trkpt>
      <trkpt lat="54.96392" lon="-2.38294">
        <ele>107.64533414498507</ele>
      </trkpt>
      <trkpt lat="54.96398" lon="-2.3824">
        <ele>104.85238742867999</ele>
      </trkpt>
      <trkpt lat="54.96399" lon="-2.38197">
        <ele>103.36253508485903</ele>
      </trkpt>
      <trkpt lat="54.96397" lon="-2.38152">
        <ele>102.30614277813706</ele>
      </trkpt>
      <trkpt lat="54.96397" lon="-2.38112">
        <ele>101.27407522262175</ele>
      </trkpt>
      <trkpt lat="54.96405" lon="-2.38088">
        <ele>99.98819808066011</ele>
      </trkpt>
      <trkpt lat="54.96406" lon="-2.38037">
        <ele>100.18502564495209</ele>
      </trkpt>
      <trkpt lat="54.96402" lon="-2.37885">
        <ele>103.21099812586422</ele>
      </trkpt>
      <trkpt lat="54.96407" lon="-2.37786">
        <ele>104.79238031646378</ele>
      </trkpt>
      <trkpt lat="54.96401" lon="-2.37719">
        <ele>107.22343858829734</ele>
      </trkpt>
      <trkpt lat="54.9641" lon="-2.37626">
        <ele>106.01851676162357</ele>
      </trkpt>
      <trkpt lat="54.96401" lon="-2.37603">
        <ele>108.36307316694939</ele>
      </trkpt>
      <trkpt lat="54.964" lon="-2.37583">
        <ele>108.62690066723201</ele>
      </trkpt>
      <trkpt lat="54.96403" lon="-2.37545">
        <ele>108.96366305930985</ele>
      </trkpt>
      <trkpt lat="54.96427" lon="-2.37398">
        <ele>106.33042083559681</ele>
      </trkpt>
      <trkpt lat="54.96404" lon="-2.37341">
        <ele>112.6990548244919</ele>
      </trkpt>
      <trkpt lat="54.96429" lon="-2.37193">
        <ele>115.39868372315607</ele>
      </trkpt>
      <trkpt lat="54.96483" lon="-2.37147">
        <ele>101.2193453289551</ele>
      </trkpt>
      <trkpt lat="54.96535" lon="-2.37017">
        <ele>97.39281820959951</ele>
      </trkpt>
      <trkpt lat="54.96546" lon="-2.36984">
        <ele>96.54191134030222</ele>
      </trkpt>
      <trkpt lat="54.96571" lon="-2.36938">
        <ele>95.70096973609188</ele>
      </trkpt>
      <trkpt lat="54.96574" lon="-2.36929">
        <ele>95.89186590583824</ele>
      </trkpt>
      <trkpt lat="54.96618" lon="-2.36835">
        <ele>96.42530277781212</ele>
      </trkpt>
      <trkpt lat="54.96669" lon="-2.36745">
        <ele>96.58286576152383</ele>
      </trkpt>
      <trkpt lat="54.96677" lon="-2.36715">
        <ele>97.36289504338173</ele>
      </trkpt>
      <trkpt lat="54.96696" lon="-2.36629">
        <ele>96.79339595227576</ele>
      </trkpt>
      <trkpt lat="54.96713" lon="-2.36539">
        <ele>97.07769098951657</ele>
      </trkpt>
      <trkpt lat="54.96723" lon="-2.36469">
        <ele>96.73243135945025</ele>
      </trkpt>
      <trkpt lat="54.96726" lon="-2.36421">
        <ele>96.73317787922073</ele>
      </trkpt>
      <trkpt lat="54.96739" lon="-2.36306">
        <ele>96.25821889981256</ele>
      </trkpt>
      <trkpt lat="54.96723" lon="-2.36207">
        <ele>98.69889479037487</ele>
      </trkpt>
      <trkpt lat="54.96714" lon="-2.36077">
        <ele>104.29551545586503</ele>
      </trkpt>
      <trkpt lat="54.9671" lon="-2.36055">
        <ele>106.20665641567163</ele>
      </trkpt>
      <trkpt lat="54.96693" lon="-2.36009">
        <ele>111.5701189207387</ele>
      </trkpt>
      <trkpt lat="54.96698" lon="-2.35967">
        <ele>111.2237600154252</ele>
      </trkpt>
      <trkpt lat="54.96698" lon="-2.35953">
        <ele>110.91214557293026</ele>
      </trkpt>
      <trkpt lat="54.96701" lon="-2.35941">
        <ele>110.41069734799201</ele>
      </trkpt>
      <trkpt lat="54.96708" lon="-2.35923">
        <ele>109.51393442670853</ele>
      </trkpt>
      <trkpt lat="54.96716" lon="-2.35911">
        <ele>108.33466599669734</ele>
      </trkpt>
      <trkpt lat="54.96742" lon="-2.35888">
        <ele>104.63780958057882</ele>
      </trkpt>
      <trkpt lat="54.96768" lon="-2.35873">
        <ele>101.08489785138613</ele>
      </trkpt>
      <trkpt lat="54.96776" lon="-2.35863">
        <ele>100.01245468878189</ele>
      </trkpt>
      <trkpt lat="54.96784" lon="-2.35847">
        <ele>99.40303172576316</ele>
      </trkpt>
      <trkpt lat="54.9681" lon="-2.35756">
        <ele>98.65189785283407</ele>
      </trkpt>
      <trkpt lat="54.96817" lon="-2.35752">
        <ele>98.18150425197686</ele>
      </trkpt>
      <trkpt lat="54.96861" lon="-2.35761">
        <ele>95.87657376239214</ele>
      </trkpt>
      <trkpt lat="54.96877" lon="-2.35755">
        <ele>95.24848223733805</ele>
      </trkpt>
      <trkpt lat="54.96885" lon="-2.35744">
        <ele>94.78678256523119</ele>
      </trkpt>
      <trkpt lat="54.96895" lon="-2.3572">
        <ele>93.8964964890861</ele>
      </trkpt>
      <trkpt lat="54.96909" lon="-2.3568">
        <ele>92.77566656728838</ele>
      </trkpt>
      <trkpt lat="54.96951" lon="-2.3553">
        <ele>89.4030618138619</ele>
      </trkpt>
      <trkpt lat="54.96959" lon="-2.35506">
        <ele>89.85615281523246</ele>
      </trkpt>
      <trkpt lat="54.96992" lon="-2.3543">
        <ele>92.38872391260308</ele>
      </trkpt>
      <trkpt lat="54.97208" lon="-2.35054">
        <ele>90.1775900444488</ele>
      </trkpt>
      <trkpt lat="54.97211" lon="-2.35045">
        <ele>90.07273244443374</ele>
      </trkpt>
      <trkpt lat="54.97241" lon="-2.34812">
        <ele>86.70114499277071</ele>
      </trkpt>
      <trkpt lat="54.97246" lon="-2.34757">
        <ele>85.02390109719786</ele>
      </trkpt>
      <trkpt lat="54.97247" lon="-2.34726">
        <ele>84.35164290093901</ele>
      </trkpt>
      <trkpt lat="54.97241" lon="-2.34409">
        <ele>84</ele>
      </trkpt>
      <trkpt lat="54.97239" lon="-2.34377">
        <ele>84</ele>
      </trkpt>
      <trkpt lat="54.97217" lon="-2.34284">
        <ele>84.7493894062014</ele>
      </trkpt>
      <trkpt lat="54.97195" lon="-2.34214">
        <ele>84.9062967366785</ele>
      </trkpt>
      <trkpt lat="54.97187" lon="-2.34199">
        <ele>85.29341085286003</ele>
      </trkpt>
      <trkpt lat="54.97178" lon="-2.34193">
        <ele>85.93432452280621</ele>
      </trkpt>
      <trkpt lat="54.97106" lon="-2.34203">
        <ele>90.17620882569528</ele>
      </trkpt>
      <trkpt lat="54.97102" lon="-2.34199">
        <ele>90.38453483414666</ele>
      </trkpt>
      <trkpt lat="54.97094" lon="-2.34174">
        <ele>89.98629187966193</ele>
      </trkpt>
      <trkpt lat="54.97014" lon="-2.33464">
        <ele>84.55777621092295</ele>
      </trkpt>
      <trkpt lat="54.9701" lon="-2.33445">
        <ele>84.39539610790145</ele>
      </trkpt>
      <trkpt lat="54.96981" lon="-2.3339">
        <ele>87.09590692103443</ele>
      </trkpt>
      <trkpt lat="54.96973" lon="-2.33363">
        <ele>88.65374271622903</ele>
      </trkpt>
      <trkpt lat="54.96968" lon="-2.33205">
        <ele>88.66966948324792</ele>
      </trkpt>
      <trkpt lat="54.96971" lon="-2.3315">
        <ele>89.97052526529018</ele>
      </trkpt>
      <trkpt lat="54.9697" lon="-2.33134">
        <ele>90.78682502259747</ele>
      </trkpt>
      <trkpt lat="54.96967" lon="-2.3312">
        <ele>92.11774246497959</ele>
      </trkpt>
      <trkpt lat="54.96944" lon="-2.33086">
        <ele>95.81897631150328</ele>
      </trkpt>
      <trkpt lat="54.96939" lon="-2.33058">
        <ele>96.10784572406371</ele>
      </trkpt>
      <trkpt lat="54.96938" lon="-2.33052">
        <ele>96.12741809352347</ele>
      </trkpt>
      <trkpt lat="54.96933" lon="-2.33049">
        <ele>96.33307075105955</ele>
      </trkpt>
      <trkpt lat="54.96891" lon="-2.33069">
        <ele>98.25527180427719</ele>
      </trkpt>
      <trkpt lat="54.96858" lon="-2.3308">
        <ele>99.0152924444531</ele>
      </trkpt>
      <trkpt lat="54.96816" lon="-2.33076">
        <ele>98.82887893337818</ele>
      </trkpt>
      <trkpt lat="54.96793" lon="-2.33063">
        <ele>98.52819359736377</ele>
      </trkpt>
      <trkpt lat="54.96743" lon="-2.33011">
        <ele>100.21096477143092</ele>
      </trkpt>
      <trkpt lat="54.96734" lon="-2.32996">
        <ele>100.67140553940698</ele>
      </trkpt>
      <trkpt lat="54.9672" lon="-2.32957">
        <ele>101.82080576741075</ele>
      </trkpt>
      <trkpt lat="54.96719" lon="-2.32756">
        <ele>104.14133871067366</ele>
      </trkpt>
      <trkpt lat="54.96716" lon="-2.32733">
        <ele>104.3084904587839</ele>
      </trkpt>
      <trkpt lat="54.9671" lon="-2.32707">
        <ele>104.71195509389977</ele>
      </trkpt>
      <trkpt lat="54.96697" lon="-2.3268">
        <ele>105.23937122342267</ele>
      </trkpt>
      <trkpt lat="54.9668" lon="-2.32653">
        <ele>105.44783309698605</ele>
      </trkpt>
      <trkpt lat="54.96578" lon="-2.32549">
        <ele>106.60777528889051</ele>
      </trkpt>
      <trkpt lat="54.96599" lon="-2.32524">
        <ele>107.09809280000665</ele>
      </trkpt>
      <trkpt lat="54.96624" lon="-2.32503">
        <ele>107.54371413332426</ele>
      </trkpt>
      <trkpt lat="54.96667" lon="-2.32481">
        <ele>109.88598457481852</ele>
      </trkpt>
      <trkpt lat="54.96665" lon="-2.32417">
        <ele>110.84536033468447</ele>
      </trkpt>
      <trkpt lat="54.96659" lon="-2.32349">
        <ele>110.7702318319125</ele>
      </trkpt>
      <trkpt lat="54.96662" lon="-2.32311">
        <ele>111.75341923749166</ele>
      </trkpt>
      <trkpt lat="54.96673" lon="-2.32246">
        <ele>112.30772657182645</ele>
      </trkpt>
      <trkpt lat="54.96686" lon="-2.32147">
        <ele>110.89899322232326</ele>
      </trkpt>
      <trkpt lat="54.96703" lon="-2.32057">
        <ele>109.45408932846141</ele>
      </trkpt>
      <trkpt lat="54.96706" lon="-2.32024">
        <ele>109.47011138331234</ele>
      </trkpt>
      <trkpt lat="54.967" lon="-2.31968">
        <ele>108.35038265446285</ele>
      </trkpt>
      <trkpt lat="54.96658" lon="-2.31878">
        <ele>109.3355196482503</ele>
      </trkpt>
      <trkpt lat="54.96626" lon="-2.31795">
        <ele>109.42768284548197</ele>
      </trkpt>
      <trkpt lat="54.96632" lon="-2.31792">
        <ele>107.63200175280326</ele>
      </trkpt>
      <trkpt lat="54.96626" lon="-2.31795">
        <ele>109.42768284548197</ele>
      </trkpt>
      <trkpt lat="54.96581" lon="-2.31793">
        <ele>118.68217166501681</ele>
      </trkpt>
      <trkpt lat="54.96543" lon="-2.31786">
        <ele>122.36219485933023</ele>
      </trkpt>
      <trkpt lat="54.96502" lon="-2.31784">
        <ele>124.09915917703891</ele>
      </trkpt>
      <trkpt lat="54.96386" lon="-2.31741">
        <ele>128.6560056486176</ele>
      </trkpt>
      <trkpt lat="54.96359" lon="-2.31722">
        <ele>125.24365297737593</ele>
      </trkpt>
      <trkpt lat="54.96333" lon="-2.31688">
        <ele>119.86000236974459</ele>
      </trkpt>
      <trkpt lat="54.96281" lon="-2.31645">
        <ele>116.85805078561593</ele>
      </trkpt>
      <trkpt lat="54.96261" lon="-2.3164">
        <ele>118.05121304015721</ele>
      </trkpt>
      <trkpt lat="54.96184" lon="-2.3163">
        <ele>121.05476529799512</ele>
      </trkpt>
      <trkpt lat="54.96129" lon="-2.3163">
        <ele>120.73229586868948</ele>
      </trkpt>
      <trkpt lat="54.96118" lon="-2.31634">
        <ele>119.75201174146045</ele>
      </trkpt>
      <trkpt lat="54.96054" lon="-2.31662">
        <ele>110.31582881314742</ele>
      </trkpt>
      <trkpt lat="54.96032" lon="-2.31699">
        <ele>110.80446623340382</ele>
      </trkpt>
      <trkpt lat="54.96026" lon="-2.31805">
        <ele>113.61320872407062</ele>
      </trkpt>
      <trkpt lat="54.96018" lon="-2.31851">
        <ele>114.99423599789199</ele>
      </trkpt>
      <trkpt lat="54.95979" lon="-2.31933">
        <ele>112.16096176591236</ele>
      </trkpt>
      <trkpt lat="54.95969" lon="-2.31944">
        <ele>112.13477648804474</ele>
      </trkpt>
      <trkpt lat="54.95937" lon="-2.31993">
        <ele>115.80106235095391</ele>
      </trkpt>
      <trkpt lat="54.95901" lon="-2.3203">
        <ele>117.1088635873864</ele>
      </trkpt>
      <trkpt lat="54.95842" lon="-2.32071">
        <ele>112.96288595442314</ele>
      </trkpt>
      <trkpt lat="54.95822" lon="-2.32072">
        <ele>108.94780633302244</ele>
      </trkpt>
      <trkpt lat="54.9581" lon="-2.32111">
        <ele>114.2481121851132</ele>
      </trkpt>
      <trkpt lat="54.9579" lon="-2.32128">
        <ele>113.99384325989274</ele>
      </trkpt>
      <trkpt lat="54.95768" lon="-2.32128">
        <ele>109.41585150035233</ele>
      </trkpt>
      <trkpt lat="54.95751" lon="-2.3217">
        <ele>116.20826368695201</ele>
      </trkpt>
      <trkpt lat="54.95734" lon="-2.32189">
        <ele>118.22171812779357</ele>
      </trkpt>
      <trkpt lat="54.95719" lon="-2.32191">
        <ele>116.57376074302994</ele>
      </trkpt>
      <trkpt lat="54.95708" lon="-2.32197">
        <ele>116.73902141579606</ele>
      </trkpt>
      <trkpt lat="54.9569" lon="-2.32189">
        <ele>112.85539416645224</ele>
      </trkpt>
      <trkpt lat="54.9567" lon="-2.3217">
        <ele>106.750550119375</ele>
      </trkpt>
      <trkpt lat="54.95583" lon="-2.32178">
        <ele>105.64883147417605</ele>
      </trkpt>
      <trkpt lat="54.95508" lon="-2.32195">
        <ele>104.41700399809575</ele>
      </trkpt>
      <trkpt lat="54.95394" lon="-2.32245">
        <ele>108.17321377132599</ele>
      </trkpt>
      <trkpt lat="54.95358" lon="-2.32258">
        <ele>112.05646954698076</ele>
      </trkpt>
      <trkpt lat="54.95359" lon="-2.32249">
        <ele>110.90624713557828</ele>
      </trkpt>
      <trkpt lat="54.95367" lon="-2.3217">
        <ele>104.40000000000146</ele>
      </trkpt>
      <trkpt lat="54.9534" lon="-2.32171">
        <ele>104.53606362595326</ele>
      </trkpt>
      <trkpt lat="54.95336" lon="-2.32169">
        <ele>104.42775166926737</ele>
      </trkpt>
      <trkpt lat="54.95328" lon="-2.32149">
        <ele>103.64038399688548</ele>
      </trkpt>
      <trkpt lat="54.95321" lon="-2.32142">
        <ele>103.59245169558685</ele>
      </trkpt>
      <trkpt lat="54.95224" lon="-2.31985">
        <ele>101.24577841134511</ele>
      </trkpt>
      <trkpt lat="54.9519" lon="-2.31953">
        <ele>101.48909269599386</ele>
      </trkpt>
      <trkpt lat="54.95144" lon="-2.31922">
        <ele>101.73729421198455</ele>
      </trkpt>
      <trkpt lat="54.95083" lon="-2.31869">
        <ele>104.3032937348273</ele>
      </trkpt>
      <trkpt lat="54.95042" lon="-2.3182">
        <ele>104.47600960563882</ele>
      </trkpt>
      <trkpt lat="54.94944" lon="-2.31768">
        <ele>107.67009909759423</ele>
      </trkpt>
      <trkpt lat="54.94932" lon="-2.31729">
        <ele>114.10731540306648</ele>
      </trkpt>
      <trkpt lat="54.94932" lon="-2.31724">
        <ele>114.97448566381414</ele>
      </trkpt>
      <trkpt lat="54.94896" lon="-2.31709">
        <ele>117.07849441655034</ele>
      </trkpt>
      <trkpt lat="54.94838" lon="-2.31685">
        <ele>116.8430117848612</ele>
      </trkpt>
      <trkpt lat="54.9477" lon="-2.31672">
        <ele>118.26015096354122</ele>
      </trkpt>
      <trkpt lat="54.94717" lon="-2.31627">
        <ele>120.34663464038482</ele>
      </trkpt>
      <trkpt lat="54.9469" lon="-2.31594">
        <ele>118.182493453124</ele>
      </trkpt>
      <trkpt lat="54.94676" lon="-2.31546">
        <ele>121.37191911973736</ele>
      </trkpt>
      <trkpt lat="54.94677" lon="-2.31504">
        <ele>129.8550665544583</ele>
      </trkpt>
      <trkpt lat="54.94666" lon="-2.31473">
        <ele>135.21606798432867</ele>
      </trkpt>
      <trkpt lat="54.9465" lon="-2.31483">
        <ele>130.589319704673</ele>
      </trkpt>
      <trkpt lat="54.94644" lon="-2.3147">
        <ele>133.50756230352067</ele>
      </trkpt>
      <trkpt lat="54.94625" lon="-2.31449">
        <ele>137.1240921345484</ele>
      </trkpt>
      <trkpt lat="54.94582" lon="-2.3143">
        <ele>136.41257619587807</ele>
      </trkpt>
      <trkpt lat="54.94529" lon="-2.31439">
        <ele>135.01461146578743</ele>
      </trkpt>
      <trkpt lat="54.94478" lon="-2.31506">
        <ele>134.934203035603</ele>
      </trkpt>
      <trkpt lat="54.94448" lon="-2.31567">
        <ele>133.58696693557087</ele>
      </trkpt>
      <trkpt lat="54.94408" lon="-2.31577">
        <ele>128.86149669300707</ele>
      </trkpt>
      <trkpt lat="54.94386" lon="-2.31566">
        <ele>130.0827802004532</ele>
      </trkpt>
      <trkpt lat="54.94366" lon="-2.31574">
        <ele>129.87926508549208</ele>
      </trkpt>
      <trkpt lat="54.94339" lon="-2.31551">
        <ele>134.35100962221716</ele>
      </trkpt>
      <trkpt lat="54.94329" lon="-2.31556">
        <ele>134.79573982878426</ele>
      </trkpt>
      <trkpt lat="54.9429" lon="-2.31592">
        <ele>136.87794610215383</ele>
      </trkpt>
      <trkpt lat="54.94278" lon="-2.31592">
        <ele>139.70509689934997</ele>
      </trkpt>
      <trkpt lat="54.9427" lon="-2.31588">
        <ele>142.3497845528658</ele>
      </trkpt>
      <trkpt lat="54.94252" lon="-2.31597">
        <ele>144.929219610315</ele>
      </trkpt>
      <trkpt lat="54.94229" lon="-2.31605">
        <ele>145.92814842271744</ele>
      </trkpt>
      <trkpt lat="54.94209" lon="-2.31621">
        <ele>144.40314223470705</ele>
      </trkpt>
      <trkpt lat="54.94189" lon="-2.31623">
        <ele>144.5702036177277</ele>
      </trkpt>
      <trkpt lat="54.94136" lon="-2.31607">
        <ele>145.34583679998764</ele>
      </trkpt>
      <trkpt lat="54.94072" lon="-2.31563">
        <ele>145.78586167853854</ele>
      </trkpt>
      <trkpt lat="54.94051" lon="-2.31544">
        <ele>142.99782829402938</ele>
      </trkpt>
      <trkpt lat="54.94038" lon="-2.31527">
        <ele>141.88711923204957</ele>
      </trkpt>
      <trkpt lat="54.9402" lon="-2.31512">
        <ele>140.25182757390755</ele>
      </trkpt>
      <trkpt lat="54.94013" lon="-2.31506">
        <ele>140.25797653861903</ele>
      </trkpt>
      <trkpt lat="54.94015" lon="-2.31462">
        <ele>141.32485071216948</ele>
      </trkpt>
      <trkpt lat="54.94017" lon="-2.31348">
        <ele>144.41971264167304</ele>
      </trkpt>
      <trkpt lat="54.94013" lon="-2.31282">
        <ele>144.8365764456576</ele>
      </trkpt>
      <trkpt lat="54.94003" lon="-2.31215">
        <ele>148.02898935744932</ele>
      </trkpt>
      <trkpt lat="54.93986" lon="-2.31176">
        <ele>150.3632093899446</ele>
      </trkpt>
      <trkpt lat="54.93959" lon="-2.3113">
        <ele>156.30782111757497</ele>
      </trkpt>
      <trkpt lat="54.9391" lon="-2.31082">
        <ele>159.78653906270867</ele>
      </trkpt>
      <trkpt lat="54.93883" lon="-2.31017">
        <ele>173.46580954888017</ele>
      </trkpt>
      <trkpt lat="54.9387" lon="-2.30954">
        <ele>183.63776097462184</ele>
      </trkpt>
      <trkpt lat="54.93855" lon="-2.30898">
        <ele>189.33275740640414</ele>
      </trkpt>
      <trkpt lat="54.93836" lon="-2.30846">
        <ele>192.04157173610358</ele>
      </trkpt>
      <trkpt lat="54.93838" lon="-2.30807">
        <ele>193.87220163813353</ele>
      </trkpt>
      <trkpt lat="54.93852" lon="-2.30797">
        <ele>195.30695009902243</ele>
      </trkpt>
      <trkpt lat="54.93852" lon="-2.30785">
        <ele>195.63049210780792</ele>
      </trkpt>
      <trkpt lat="54.93887" lon="-2.30789">
        <ele>197.54730880168856</ele>
      </trkpt>
      <trkpt lat="54.93916" lon="-2.30786">
        <ele>196.86967201444833</ele>
      </trkpt>
      <trkpt lat="54.93933" lon="-2.30781">
        <ele>197.1550005232454</ele>
      </trkpt>
      <trkpt lat="54.93953" lon="-2.30752">
        <ele>199.70903889110917</ele>
      </trkpt>
      <trkpt lat="54.93964" lon="-2.30728">
        <ele>202.2235154680919</ele>
      </trkpt>
      <trkpt lat="54.93978" lon="-2.30653">
        <ele>207.00287038887546</ele>
      </trkpt>
      <trkpt lat="54.93971" lon="-2.30651">
        <ele>207.1133775897792</ele>
      </trkpt>
      <trkpt lat="54.93964" lon="-2.30641">
        <ele>207.67045326693972</ele>
      </trkpt>
      <trkpt lat="54.93953" lon="-2.30623">
        <ele>208.55541206106858</ele>
      </trkpt>
      <trkpt lat="54.93858" lon="-2.3052">
        <ele>209.39093389624819</ele>
      </trkpt>
      <trkpt lat="54.93826" lon="-2.30488">
        <ele>213.87494483853322</ele>
      </trkpt>
      <trkpt lat="54.93781" lon="-2.30466">
        <ele>217.72736744946826</ele>
      </trkpt>
      <trkpt lat="54.93728" lon="-2.30486">
        <ele>219.67688502096576</ele>
      </trkpt>
      <trkpt lat="54.93705" lon="-2.30486">
        <ele>221.04469930273933</ele>
      </trkpt>
      <trkpt lat="54.93573" lon="-2.30512">
        <ele>227.4793348106561</ele>
      </trkpt>
      <trkpt lat="54.9356" lon="-2.30499">
        <ele>228.9652896458292</ele>
      </trkpt>
      <trkpt lat="54.93548" lon="-2.30464">
        <ele>230.09957191110627</ele>
      </trkpt>
      <trkpt lat="54.93473" lon="-2.30385">
        <ele>228.5574722030543</ele>
      </trkpt>
      <trkpt lat="54.93431" lon="-2.30362">
        <ele>230.20578651763583</ele>
      </trkpt>
      <trkpt lat="54.93363" lon="-2.30372">
        <ele>229.9868461740224</ele>
      </trkpt>
      <trkpt lat="54.93334" lon="-2.30385">
        <ele>227.22464359526992</ele>
      </trkpt>
      <trkpt lat="54.93287" lon="-2.30396">
        <ele>225.86637913915348</ele>
      </trkpt>
      <trkpt lat="54.93257" lon="-2.30398">
        <ele>227.2734418445975</ele>
      </trkpt>
      <trkpt lat="54.9323" lon="-2.30383">
        <ele>231.46473360411596</ele>
      </trkpt>
      <trkpt lat="54.93163" lon="-2.30334">
        <ele>243.0391889974244</ele>
      </trkpt>
      <trkpt lat="54.93158" lon="-2.3033">
        <ele>243.88823194334674</ele>
      </trkpt>
      <trkpt lat="54.93174" lon="-2.30285">
        <ele>243.42615614897818</ele>
      </trkpt>
      <trkpt lat="54.93166" lon="-2.3029">
        <ele>244.31575953530847</ele>
      </trkpt>
      <trkpt lat="54.93159" lon="-2.30299">
        <ele>244.85248903082805</ele>
      </trkpt>
      <trkpt lat="54.93146" lon="-2.30339">
        <ele>245.50938577274852</ele>
      </trkpt>
      <trkpt lat="54.93122" lon="-2.30393">
        <ele>248.12376597253686</ele>
      </trkpt>
      <trkpt lat="54.93095" lon="-2.30442">
        <ele>249.2288109958178</ele>
      </trkpt>
      <trkpt lat="54.93079" lon="-2.30418">
        <ele>252.24403516713144</ele>
      </trkpt>
      <trkpt lat="54.93017" lon="-2.3038">
        <ele>256.4623517108084</ele>
      </trkpt>
      <trkpt lat="54.92996" lon="-2.30364">
        <ele>258.6427945115592</ele>
      </trkpt>
      <trkpt lat="54.92981" lon="-2.30341">
        <ele>260.6583461590817</ele>
      </trkpt>
      <trkpt lat="54.92973" lon="-2.30318">
        <ele>262.06287474881685</ele>
      </trkpt>
      <trkpt lat="54.92745" lon="-2.29505">
        <ele>293.3890405747113</ele>
      </trkpt>
      <trkpt lat="54.92612" lon="-2.29076">
        <ele>303.5405598309371</ele>
      </trkpt>
      <trkpt lat="54.92583" lon="-2.28961">
        <ele>302.3336664070846</ele>
      </trkpt>
      <trkpt lat="54.92573" lon="-2.28939">
        <ele>301.9888653679063</ele>
      </trkpt>
      <trkpt lat="54.92539" lon="-2.2889">
        <ele>300.0844593686408</ele>
      </trkpt>
      <trkpt lat="54.92502" lon="-2.28849">
        <ele>298.7709335004685</ele>
      </trkpt>
      <trkpt lat="54.92438" lon="-2.2876">
        <ele>299.3645437078692</ele>
      </trkpt>
      <trkpt lat="54.92398" lon="-2.28835">
        <ele>294.2950577777592</ele>
      </trkpt>
      <trkpt lat="54.92375" lon="-2.28959">
        <ele>288.4832389589408</ele>
      </trkpt>
      <trkpt lat="54.92381" lon="-2.29056">
        <ele>284.5018259117157</ele>
      </trkpt>
      <trkpt lat="54.92338" lon="-2.29182">
        <ele>280.24548620821304</ele>
      </trkpt>
      <trkpt lat="54.92156" lon="-2.29238">
        <ele>275.1511637333556</ele>
      </trkpt>
      <trkpt lat="54.92069" lon="-2.29011">
        <ele>277.8980767046737</ele>
      </trkpt>
      <trkpt lat="54.92051" lon="-2.28926">
        <ele>282.3916665390347</ele>
      </trkpt>
      <trkpt lat="54.9202" lon="-2.28879">
        <ele>283.3432796212593</ele>
      </trkpt>
      <trkpt lat="54.92008" lon="-2.28808">
        <ele>283.107313696319</ele>
      </trkpt>
      <trkpt lat="54.92" lon="-2.28791">
        <ele>282.57392040474843</ele>
      </trkpt>
      <trkpt lat="54.91986" lon="-2.28786">
        <ele>281.5468350507326</ele>
      </trkpt>
      <trkpt lat="54.91985" lon="-2.28777">
        <ele>281.6754616511059</ele>
      </trkpt>
      <trkpt lat="54.91979" lon="-2.28735">
        <ele>281.39121741042516</ele>
      </trkpt>
      <trkpt lat="54.91936" lon="-2.28572">
        <ele>278.2962570104501</ele>
      </trkpt>
      <trkpt lat="54.91931" lon="-2.28535">
        <ele>277.56932817813964</ele>
      </trkpt>
      <trkpt lat="54.91914" lon="-2.28461">
        <ele>276.5669857976787</ele>
      </trkpt>
      <trkpt lat="54.91894" lon="-2.28395">
        <ele>275.55038553623575</ele>
      </trkpt>
      <trkpt lat="54.91874" lon="-2.28297">
        <ele>275.5485068548619</ele>
      </trkpt>
      <trkpt lat="54.91857" lon="-2.2823">
        <ele>275.3383742197659</ele>
      </trkpt>
      <trkpt lat="54.91836" lon="-2.28169">
        <ele>273.37409384371523</ele>
      </trkpt>
      <trkpt lat="54.91811" lon="-2.28059">
        <ele>271.62965527102614</ele>
      </trkpt>
      <trkpt lat="54.91788" lon="-2.27898">
        <ele>268.67305681081547</ele>
      </trkpt>
      <trkpt lat="54.9177" lon="-2.27746">
        <ele>264.5323595894509</ele>
      </trkpt>
      <trkpt lat="54.91753" lon="-2.2762">
        <ele>260.84077517475566</ele>
      </trkpt>
      <trkpt lat="54.91757" lon="-2.27607">
        <ele>260.8057688832293</ele>
      </trkpt>
      <trkpt lat="54.91734" lon="-2.2741">
        <ele>253.37520480654288</ele>
      </trkpt>
      <trkpt lat="54.91751" lon="-2.27375">
        <ele>253.14588117087317</ele>
      </trkpt>
      <trkpt lat="54.91778" lon="-2.27343">
        <ele>253.43404417273211</ele>
      </trkpt>
      <trkpt lat="54.91806" lon="-2.27316">
        <ele>253.01120720866624</ele>
      </trkpt>
      <trkpt lat="54.91807" lon="-2.27319">
        <ele>253.05830826666227</ele>
      </trkpt>
      <trkpt lat="54.91765" lon="-2.27203">
        <ele>249.27716557227626</ele>
      </trkpt>
      <trkpt lat="54.91749" lon="-2.27163">
        <ele>248.0223295999935</ele>
      </trkpt>
      <trkpt lat="54.91743" lon="-2.27154">
        <ele>247.707756800019</ele>
      </trkpt>
      <trkpt lat="54.91662" lon="-2.27103">
        <ele>240.88400666553179</ele>
      </trkpt>
      <trkpt lat="54.91637" lon="-2.27085">
        <ele>238.2741111856394</ele>
      </trkpt>
      <trkpt lat="54.91622" lon="-2.2707">
        <ele>237.58361504363538</ele>
      </trkpt>
      <trkpt lat="54.916" lon="-2.27037">
        <ele>237.48754271594913</ele>
      </trkpt>
      <trkpt lat="54.91586" lon="-2.2701">
        <ele>238.90741467997503</ele>
      </trkpt>
      <trkpt lat="54.91577" lon="-2.26986">
        <ele>239.53760492066033</ele>
      </trkpt>
      <trkpt lat="54.91411" lon="-2.26955">
        <ele>226.23770012816803</ele>
      </trkpt>
      <trkpt lat="54.91377" lon="-2.26936">
        <ele>223.26780244838557</ele>
      </trkpt>
      <trkpt lat="54.91364" lon="-2.26918">
        <ele>222.3138117386966</ele>
      </trkpt>
      <trkpt lat="54.91355" lon="-2.26891">
        <ele>221.86634904828435</ele>
      </trkpt>
      <trkpt lat="54.91328" lon="-2.2675">
        <ele>223.42370778810687</ele>
      </trkpt>
      <trkpt lat="54.91312" lon="-2.26707">
        <ele>221.2538658769344</ele>
      </trkpt>
      <trkpt lat="54.91285" lon="-2.26644">
        <ele>218.63923958553983</ele>
      </trkpt>
      <trkpt lat="54.91267" lon="-2.26618">
        <ele>219.2981165025858</ele>
      </trkpt>
      <trkpt lat="54.91255" lon="-2.26607">
        <ele>219.6675316500715</ele>
      </trkpt>
      <trkpt lat="54.91236" lon="-2.266">
        <ele>219.59906543863775</ele>
      </trkpt>
      <trkpt lat="54.91193" lon="-2.26601">
        <ele>219</ele>
      </trkpt>
      <trkpt lat="54.91197" lon="-2.26601">
        <ele>219.00305093198205</ele>
      </trkpt>
      <trkpt lat="54.9118" lon="-2.26634">
        <ele>217.94504035557742</ele>
      </trkpt>
      <trkpt lat="54.91138" lon="-2.26699">
        <ele>215.52680779317325</ele>
      </trkpt>
      <trkpt lat="54.91125" lon="-2.26717">
        <ele>214.24610270352585</ele>
      </trkpt>
      <trkpt lat="54.91103" lon="-2.2674">
        <ele>212.26259199997972</ele>
      </trkpt>
      <trkpt lat="54.9109" lon="-2.2676">
        <ele>211.6635413333081</ele>
      </trkpt>
      <trkpt lat="54.91076" lon="-2.26792">
        <ele>210.19080217364345</ele>
      </trkpt>
      <trkpt lat="54.91058" lon="-2.26843">
        <ele>207.32360598605717</ele>
      </trkpt>
      <trkpt lat="54.91047" lon="-2.26861">
        <ele>206.92648184511364</ele>
      </trkpt>
      <trkpt lat="54.91033" lon="-2.26876">
        <ele>206.77269652723427</ele>
      </trkpt>
      <trkpt lat="54.91022" lon="-2.26901">
        <ele>205.38221297774095</ele>
      </trkpt>
      <trkpt lat="54.91006" lon="-2.26921">
        <ele>203.5385725023463</ele>
      </trkpt>
      <trkpt lat="54.90946" lon="-2.26963">
        <ele>197.2939481007869</ele>
      </trkpt>
      <trkpt lat="54.90881" lon="-2.26991">
        <ele>192.71667514583396</ele>
      </trkpt>
      <trkpt lat="54.90854" lon="-2.27006">
        <ele>191.3490339822847</ele>
      </trkpt>
      <trkpt lat="54.90813" lon="-2.27009">
        <ele>190.36036053334863</ele>
      </trkpt>
      <trkpt lat="54.90791" lon="-2.27002">
        <ele>190.16500320127574</ele>
      </trkpt>
      <trkpt lat="54.90727" lon="-2.26896">
        <ele>192</ele>
      </trkpt>
      <trkpt lat="54.90701" lon="-2.26873">
        <ele>192.5467685696205</ele>
      </trkpt>
      <trkpt lat="54.90655" lon="-2.26845">
        <ele>193.58408730961892</ele>
      </trkpt>
      <trkpt lat="54.90599" lon="-2.26815">
        <ele>193.62431234396112</ele>
      </trkpt>
      <trkpt lat="54.90543" lon="-2.26769">
        <ele>194.87314911885233</ele>
      </trkpt>
      <trkpt lat="54.90498" lon="-2.26725">
        <ele>195.42724890669456</ele>
      </trkpt>
      <trkpt lat="54.9048" lon="-2.26697">
        <ele>197.38765955155273</ele>
      </trkpt>
      <trkpt lat="54.90475" lon="-2.2668">
        <ele>198.13291366784847</ele>
      </trkpt>
      <trkpt lat="54.90452" lon="-2.26581">
        <ele>198.24630907728533</ele>
      </trkpt>
      <trkpt lat="54.90452" lon="-2.26569">
        <ele>198.09562686744997</ele>
      </trkpt>
      <trkpt lat="54.90451" lon="-2.26568">
        <ele>198.14011213664858</ele>
      </trkpt>
      <trkpt lat="54.90436" lon="-2.26426">
        <ele>200.01216212392362</ele>
      </trkpt>
      <trkpt lat="54.90335" lon="-2.26174">
        <ele>198.9257023745693</ele>
      </trkpt>
      <trkpt lat="54.90327" lon="-2.26161">
        <ele>199.14632302796585</ele>
      </trkpt>
      <trkpt lat="54.90304" lon="-2.26099">
        <ele>199.2538789628083</ele>
      </trkpt>
      <trkpt lat="54.90279" lon="-2.26052">
        <ele>200.58472003240703</ele>
      </trkpt>
      <trkpt lat="54.90251" lon="-2.26015">
        <ele>203.27699546418202</ele>
      </trkpt>
      <trkpt lat="54.90215" lon="-2.25995">
        <ele>204.74501450760346</ele>
      </trkpt>
      <trkpt lat="54.90191" lon="-2.25994">
        <ele>205.64657564451932</ele>
      </trkpt>
      <trkpt lat="54.90152" lon="-2.25955">
        <ele>204.84536460804168</ele>
      </trkpt>
      <trkpt lat="54.90118" lon="-2.2593">
        <ele>205.69624452577045</ele>
      </trkpt>
      <trkpt lat="54.90095" lon="-2.25901">
        <ele>205.45660405767632</ele>
      </trkpt>
      <trkpt lat="54.90081" lon="-2.25866">
        <ele>204.20000000000073</ele>
      </trkpt>
      <trkpt lat="54.9006" lon="-2.2577">
        <ele>205.19099744045653</ele>
      </trkpt>
      <trkpt lat="54.90052" lon="-2.25718">
        <ele>205</ele>
      </trkpt>
      <trkpt lat="54.90052" lon="-2.25671">
        <ele>205.14228337777362</ele>
      </trkpt>
      <trkpt lat="54.9003" lon="-2.25591">
        <ele>211.46474257208737</ele>
      </trkpt>
      <trkpt lat="54.90013" lon="-2.2554">
        <ele>216.90199594425548</ele>
      </trkpt>
      <trkpt lat="54.90007" lon="-2.25523">
        <ele>218.63944610890587</ele>
      </trkpt>
      <trkpt lat="54.89969" lon="-2.25466">
        <ele>222.047681609704</ele>
      </trkpt>
      <trkpt lat="54.89939" lon="-2.25464">
        <ele>221.24146142551928</ele>
      </trkpt>
      <trkpt lat="54.8992" lon="-2.25484">
        <ele>216.93586062230216</ele>
      </trkpt>
      <trkpt lat="54.89897" lon="-2.25515">
        <ele>215.30532438838853</ele>
      </trkpt>
      <trkpt lat="54.89888" lon="-2.25537">
        <ele>215.57907104371202</ele>
      </trkpt>
      <trkpt lat="54.89843" lon="-2.2568">
        <ele>214.1663957752295</ele>
      </trkpt>
      <trkpt lat="54.89823" lon="-2.25729">
        <ele>215.96738960072926</ele>
      </trkpt>
      <trkpt lat="54.89804" lon="-2.25741">
        <ele>218.1609038806294</ele>
      </trkpt>
      <trkpt lat="54.89774" lon="-2.25716">
        <ele>225.38412381364134</ele>
      </trkpt>
      <trkpt lat="54.89736" lon="-2.2575">
        <ele>228.7313087709762</ele>
      </trkpt>
      <trkpt lat="54.89739" lon="-2.25737">
        <ele>230.09734409979248</ele>
      </trkpt>
      <trkpt lat="54.89741" lon="-2.25721">
        <ele>231.88628406075847</ele>
      </trkpt>
      <trkpt lat="54.8974" lon="-2.2571">
        <ele>233.3726531673695</ele>
      </trkpt>
      <trkpt lat="54.89712" lon="-2.25659">
        <ele>242.7444754327658</ele>
      </trkpt>
      <trkpt lat="54.89686" lon="-2.25552">
        <ele>243.41840632148143</ele>
      </trkpt>
      <trkpt lat="54.89667" lon="-2.25507">
        <ele>243.3755521312999</ele>
      </trkpt>
      <trkpt lat="54.89664" lon="-2.25513">
        <ele>243.5036476911692</ele>
      </trkpt>
      <trkpt lat="54.89667" lon="-2.25507">
        <ele>243.3755521312999</ele>
      </trkpt>
      <trkpt lat="54.89682" lon="-2.25458">
        <ele>243.0375237802014</ele>
      </trkpt>
      <trkpt lat="54.89724" lon="-2.25297">
        <ele>242.9119372775792</ele>
      </trkpt>
      <trkpt lat="54.89734" lon="-2.25274">
        <ele>242.4766642765333</ele>
      </trkpt>
      <trkpt lat="54.89747" lon="-2.2525">
        <ele>242.09558571703408</ele>
      </trkpt>
      <trkpt lat="54.8977" lon="-2.25224">
        <ele>241.76131903047207</ele>
      </trkpt>
      <trkpt lat="54.89817" lon="-2.25182">
        <ele>240.1395463111117</ele>
      </trkpt>
      <trkpt lat="54.89832" lon="-2.25166">
        <ele>240.06969638366743</ele>
      </trkpt>
      <trkpt lat="54.89866" lon="-2.25118">
        <ele>239.91765532262022</ele>
      </trkpt>
      <trkpt lat="54.89869" lon="-2.25085">
        <ele>240.5436711654773</ele>
      </trkpt>
      <trkpt lat="54.89875" lon="-2.25069">
        <ele>240.63524413906268</ele>
      </trkpt>
      <trkpt lat="54.89879" lon="-2.25066">
        <ele>240.60411223187165</ele>
      </trkpt>
      <trkpt lat="54.89887" lon="-2.25067">
        <ele>240.3614839984693</ele>
      </trkpt>
      <trkpt lat="54.89895" lon="-2.25077">
        <ele>239.92995929704088</ele>
      </trkpt>
      <trkpt lat="54.89958" lon="-2.24986">
        <ele>242.90000000000146</ele>
      </trkpt>
      <trkpt lat="54.90007" lon="-2.24924">
        <ele>242.24863344155779</ele>
      </trkpt>
      <trkpt lat="54.90037" lon="-2.249">
        <ele>240.53166500476715</ele>
      </trkpt>
      <trkpt lat="54.9005" lon="-2.24894">
        <ele>239.98569529221723</ele>
      </trkpt>
      <trkpt lat="54.9006" lon="-2.24897">
        <ele>239.7227783438446</ele>
      </trkpt>
      <trkpt lat="54.90073" lon="-2.24905">
        <ele>240.22920344746757</ele>
      </trkpt>
      <trkpt lat="54.90082" lon="-2.24922">
        <ele>241.10730308729822</ele>
      </trkpt>
      <trkpt lat="54.90087" lon="-2.24937">
        <ele>241.545101677837</ele>
      </trkpt>
      <trkpt lat="54.90096" lon="-2.25022">
        <ele>242.02553542871163</ele>
      </trkpt>
      <trkpt lat="54.90103" lon="-2.25017">
        <ele>242.51966730069893</ele>
      </trkpt>
      <trkpt lat="54.90123" lon="-2.25003">
        <ele>244.492384338193</ele>
      </trkpt>
      <trkpt lat="54.90141" lon="-2.24975">
        <ele>247.2562663885771</ele>
      </trkpt>
      <trkpt lat="54.9016" lon="-2.24924">
        <ele>251.83381267369305</ele>
      </trkpt>
      <trkpt lat="54.90167" lon="-2.24887">
        <ele>254.86653135279283</ele>
      </trkpt>
      <trkpt lat="54.9017" lon="-2.24857">
        <ele>255.8599321670973</ele>
      </trkpt>
      <trkpt lat="54.90171" lon="-2.24744">
        <ele>256.87003164413636</ele>
      </trkpt>
      <trkpt lat="54.90173" lon="-2.24728">
        <ele>257.31616817405524</ele>
      </trkpt>
      <trkpt lat="54.90199" lon="-2.24681">
        <ele>260.6923103741374</ele>
      </trkpt>
      <trkpt lat="54.90308" lon="-2.24564">
        <ele>270.5358790453538</ele>
      </trkpt>
      <trkpt lat="54.90356" lon="-2.24556">
        <ele>275.5991967624523</ele>
      </trkpt>
      <trkpt lat="54.90367" lon="-2.24545">
        <ele>276.8137152385207</ele>
      </trkpt>
      <trkpt lat="54.90378" lon="-2.2454">
        <ele>277.9738841114575</ele>
      </trkpt>
      <trkpt lat="54.9047" lon="-2.24526">
        <ele>288.51480924715304</ele>
      </trkpt>
      <trkpt lat="54.90476" lon="-2.24521">
        <ele>289.280008184887</ele>
      </trkpt>
      <trkpt lat="54.9049" lon="-2.24428">
        <ele>292.000548607601</ele>
      </trkpt>
      <trkpt lat="54.90533" lon="-2.24253">
        <ele>304.9240074702403</ele>
      </trkpt>
      <trkpt lat="54.90536" lon="-2.2425">
        <ele>305.61941160154583</ele>
      </trkpt>
      <trkpt lat="54.90546" lon="-2.2425">
        <ele>307.3441822654323</ele>
      </trkpt>
      <trkpt lat="54.90558" lon="-2.24258">
        <ele>308.59948286016044</ele>
      </trkpt>
      <trkpt lat="54.90568" lon="-2.24255">
        <ele>309.11308633077005</ele>
      </trkpt>
      <trkpt lat="54.90596" lon="-2.24238">
        <ele>311.4190114079154</ele>
      </trkpt>
      <trkpt lat="54.90595" lon="-2.24227">
        <ele>311.98817909306854</ele>
      </trkpt>
      <trkpt lat="54.90583" lon="-2.24089">
        <ele>313.8735726561178</ele>
      </trkpt>
      <trkpt lat="54.9054" lon="-2.22844">
        <ele>326.60235357275303</ele>
      </trkpt>
      <trkpt lat="54.90538" lon="-2.22749">
        <ele>329.5480229487649</ele>
      </trkpt>
      <trkpt lat="54.90532" lon="-2.22691">
        <ele>330.29454293546837</ele>
      </trkpt>
      <trkpt lat="54.90469" lon="-2.22377">
        <ele>332.21928384087573</ele>
      </trkpt>
      <trkpt lat="54.90488" lon="-2.22284">
        <ele>336.8605283114606</ele>
      </trkpt>
      <trkpt lat="54.9049" lon="-2.22188">
        <ele>338.63050623415086</ele>
      </trkpt>
      <trkpt lat="54.90507" lon="-2.2203">
        <ele>341.0306323326305</ele>
      </trkpt>
      <trkpt lat="54.90518" lon="-2.22006">
        <ele>342.25058538043027</ele>
      </trkpt>
      <trkpt lat="54.90501" lon="-2.21972">
        <ele>342.15384241784983</ele>
      </trkpt>
      <trkpt lat="54.90494" lon="-2.21947">
        <ele>342.3189629895857</ele>
      </trkpt>
      <trkpt lat="54.90492" lon="-2.21849">
        <ele>342.5231294610546</ele>
      </trkpt>
      <trkpt lat="54.90481" lon="-2.21611">
        <ele>338.02388916227795</ele>
      </trkpt>
      <trkpt lat="54.9053" lon="-2.21431">
        <ele>338.99354763368683</ele>
      </trkpt>
      <trkpt lat="54.9058" lon="-2.21353">
        <ele>341.7864287107868</ele>
      </trkpt>
      <trkpt lat="54.90664" lon="-2.20933">
        <ele>344.0413730290254</ele>
      </trkpt>
      <trkpt lat="54.90675" lon="-2.20869">
        <ele>344.3285875549086</ele>
      </trkpt>
      <trkpt lat="54.90673" lon="-2.20771">
        <ele>343.46838688670147</ele>
      </trkpt>
      <trkpt lat="54.90676" lon="-2.20641">
        <ele>342.4080421094436</ele>
      </trkpt>
      <trkpt lat="54.90671" lon="-2.20442">
        <ele>341.0496948498772</ele>
      </trkpt>
      <trkpt lat="54.90675" lon="-2.20373">
        <ele>340.42442408790845</ele>
      </trkpt>
      <trkpt lat="54.90663" lon="-2.20317">
        <ele>338.5426210799259</ele>
      </trkpt>
      <trkpt lat="54.90656" lon="-2.20224">
        <ele>336.61256385715757</ele>
      </trkpt>
      <trkpt lat="54.90652" lon="-2.20127">
        <ele>336.09274981077795</ele>
      </trkpt>
      <trkpt lat="54.90656" lon="-2.19839">
        <ele>329.4975524101627</ele>
      </trkpt>
      <trkpt lat="54.90661" lon="-2.19741">
        <ele>327.2905153345794</ele>
      </trkpt>
      <trkpt lat="54.90662" lon="-2.1966">
        <ele>325.47684019720305</ele>
      </trkpt>
      <trkpt lat="54.90668" lon="-2.19567">
        <ele>322.07602377766835</ele>
      </trkpt>
      <trkpt lat="54.90669" lon="-2.1949">
        <ele>318.2140154228098</ele>
      </trkpt>
      <trkpt lat="54.90694" lon="-2.1926">
        <ele>312.9796735495312</ele>
      </trkpt>
      <trkpt lat="54.90694" lon="-2.19189">
        <ele>311.0081893647794</ele>
      </trkpt>
      <trkpt lat="54.90698" lon="-2.19104">
        <ele>309.26147452704674</ele>
      </trkpt>
      <trkpt lat="54.90705" lon="-2.19075">
        <ele>308.8152902032026</ele>
      </trkpt>
      <trkpt lat="54.90697" lon="-2.1903">
        <ele>307.12500707302274</ele>
      </trkpt>
      <trkpt lat="54.907" lon="-2.1896">
        <ele>306.58546457735605</ele>
      </trkpt>
      <trkpt lat="54.907" lon="-2.18918">
        <ele>305.9965387508976</ele>
      </trkpt>
      <trkpt lat="54.90703" lon="-2.18878">
        <ele>305.53564841894047</ele>
      </trkpt>
      <trkpt lat="54.90701" lon="-2.18849">
        <ele>305.22959828749396</ele>
      </trkpt>
      <trkpt lat="54.90707" lon="-2.18706">
        <ele>308.92879682367334</ele>
      </trkpt>
      <trkpt lat="54.90722" lon="-2.18578">
        <ele>307.90666831135843</ele>
      </trkpt>
      <trkpt lat="54.90735" lon="-2.18554">
        <ele>307.46431786611146</ele>
      </trkpt>
      <trkpt lat="54.9074" lon="-2.18519">
        <ele>307.2698805450486</ele>
      </trkpt>
      <trkpt lat="54.90859" lon="-2.18139">
        <ele>309.88648048853645</ele>
      </trkpt>
      <trkpt lat="54.90865" lon="-2.17793">
        <ele>304.68516080570475</ele>
      </trkpt>
      <trkpt lat="54.90895" lon="-2.17645">
        <ele>301.33149001137474</ele>
      </trkpt>
      <trkpt lat="54.90999" lon="-2.17559">
        <ele>299.6549649846491</ele>
      </trkpt>
      <trkpt lat="54.91006" lon="-2.17543">
        <ele>300.0852804134839</ele>
      </trkpt>
      <trkpt lat="54.91156" lon="-2.16814">
        <ele>289.4902186582827</ele>
      </trkpt>
      <trkpt lat="54.91273" lon="-2.16311">
        <ele>277.28542391269093</ele>
      </trkpt>
      <trkpt lat="54.91283" lon="-2.16293">
        <ele>276.3671659969972</ele>
      </trkpt>
      <trkpt lat="54.91299" lon="-2.16281">
        <ele>275.6315449010307</ele>
      </trkpt>
      <trkpt lat="54.91423" lon="-2.16255">
        <ele>269.2004754968326</ele>
      </trkpt>
      <trkpt lat="54.91437" lon="-2.16247">
        <ele>268.820317155543</ele>
      </trkpt>
      <trkpt lat="54.91443" lon="-2.1624">
        <ele>268.6572053333285</ele>
      </trkpt>
      <trkpt lat="54.91448" lon="-2.16227">
        <ele>268.3627158471239</ele>
      </trkpt>
      <trkpt lat="54.91428" lon="-2.16051">
        <ele>262.07659306665914</ele>
      </trkpt>
      <trkpt lat="54.91417" lon="-2.15895">
        <ele>256.4787893075249</ele>
      </trkpt>
      <trkpt lat="54.91399" lon="-2.15722">
        <ele>251.5847284565575</ele>
      </trkpt>
      <trkpt lat="54.91398" lon="-2.15626">
        <ele>246.77495253335275</ele>
      </trkpt>
      <trkpt lat="54.91396" lon="-2.15581">
        <ele>245.37845648867213</ele>
      </trkpt>
      <trkpt lat="54.91396" lon="-2.15534">
        <ele>243.7363835997888</ele>
      </trkpt>
      <trkpt lat="54.91428" lon="-2.15352">
        <ele>237.1792502228176</ele>
      </trkpt>
      <trkpt lat="54.91438" lon="-2.15305">
        <ele>234.3402524444287</ele>
      </trkpt>
      <trkpt lat="54.91467" lon="-2.15209">
        <ele>231.63212342239083</ele>
      </trkpt>
      <trkpt lat="54.91542" lon="-2.14972">
        <ele>225.75241390075615</ele>
      </trkpt>
      <trkpt lat="54.91616" lon="-2.14597">
        <ele>219.2858736017682</ele>
      </trkpt>
      <trkpt lat="54.91615" lon="-2.14584">
        <ele>219.01707515509364</ele>
      </trkpt>
      <trkpt lat="54.9162" lon="-2.14544">
        <ele>218.3583102838449</ele>
      </trkpt>
      <trkpt lat="54.9163" lon="-2.14483">
        <ele>216.5322759111413</ele>
      </trkpt>
      <trkpt lat="54.91717" lon="-2.14044">
        <ele>203.64642373225018</ele>
      </trkpt>
      <trkpt lat="54.91746" lon="-2.13867">
        <ele>198.69661853055248</ele>
      </trkpt>
      <trkpt lat="54.91752" lon="-2.13815">
        <ele>197.36912622316828</ele>
      </trkpt>
      <trkpt lat="54.91754" lon="-2.13757">
        <ele>195.31491421952433</ele>
      </trkpt>
      <trkpt lat="54.91754" lon="-2.13616">
        <ele>191.28889781800643</ele>
      </trkpt>
      <trkpt lat="54.91751" lon="-2.13512">
        <ele>189.74588117087347</ele>
      </trkpt>
      <trkpt lat="54.91743" lon="-2.13403">
        <ele>188.1386401366342</ele>
      </trkpt>
      <trkpt lat="54.91712" lon="-2.13189">
        <ele>187.73287701790773</ele>
      </trkpt>
      <trkpt lat="54.91711" lon="-2.13139">
        <ele>188.62421174543022</ele>
      </trkpt>
      <trkpt lat="54.91714" lon="-2.13117">
        <ele>188.28603093335508</ele>
      </trkpt>
      <trkpt lat="54.9172" lon="-2.13088">
        <ele>187.91059799741583</ele>
      </trkpt>
      <trkpt lat="54.91769" lon="-2.12936">
        <ele>183.7779685421857</ele>
      </trkpt>
      <trkpt lat="54.91808" lon="-2.12715">
        <ele>176.6525880467152</ele>
      </trkpt>
      <trkpt lat="54.91813" lon="-2.12692">
        <ele>176.22240530555248</ele>
      </trkpt>
      <trkpt lat="54.91819" lon="-2.12651">
        <ele>174.83978777260123</ele>
      </trkpt>
      <trkpt lat="54.91826" lon="-2.12558">
        <ele>171.04561011677438</ele>
      </trkpt>
      <trkpt lat="54.91829" lon="-2.12497">
        <ele>171.1468739166867</ele>
      </trkpt>
      <trkpt lat="54.9183" lon="-2.12359">
        <ele>168.69516486027393</ele>
      </trkpt>
      <trkpt lat="54.91827" lon="-2.12326">
        <ele>167.55419497620335</ele>
      </trkpt>
      <trkpt lat="54.91822" lon="-2.12298">
        <ele>167.00400909272457</ele>
      </trkpt>
      <trkpt lat="54.91815" lon="-2.12277">
        <ele>166.6685592929844</ele>
      </trkpt>
      <trkpt lat="54.91807" lon="-2.12262">
        <ele>166.43229995895996</ele>
      </trkpt>
      <trkpt lat="54.91795" lon="-2.12247">
        <ele>165.95399799158378</ele>
      </trkpt>
      <trkpt lat="54.91778" lon="-2.12215">
        <ele>164.95039314505024</ele>
      </trkpt>
      <trkpt lat="54.91766" lon="-2.12186">
        <ele>164.1389491138989</ele>
      </trkpt>
      <trkpt lat="54.9175" lon="-2.12124">
        <ele>163.16334809686668</ele>
      </trkpt>
      <trkpt lat="54.91739" lon="-2.12064">
        <ele>161.25577055893098</ele>
      </trkpt>
      <trkpt lat="54.91738" lon="-2.12043">
        <ele>160.6188368394975</ele>
      </trkpt>
      <trkpt lat="54.91741" lon="-2.12011">
        <ele>160.36200683671169</ele>
      </trkpt>
      <trkpt lat="54.91746" lon="-2.11985">
        <ele>159.94317161114918</ele>
      </trkpt>
      <trkpt lat="54.91763" lon="-2.11912">
        <ele>157.96873955561387</ele>
      </trkpt>
      <trkpt lat="54.9177" lon="-2.11898">
        <ele>157.11127034178995</ele>
      </trkpt>
      <trkpt lat="54.91773" lon="-2.11863">
        <ele>155.4503292461393</ele>
      </trkpt>
      <trkpt lat="54.91772" lon="-2.1182">
        <ele>154.1626204892664</ele>
      </trkpt>
      <trkpt lat="54.91774" lon="-2.11794">
        <ele>153.67070141965488</ele>
      </trkpt>
      <trkpt lat="54.91792" lon="-2.11719">
        <ele>153.18162107262827</ele>
      </trkpt>
      <trkpt lat="54.91805" lon="-2.11647">
        <ele>156.63203427111839</ele>
      </trkpt>
      <trkpt lat="54.9181" lon="-2.11608">
        <ele>158.85660063079104</ele>
      </trkpt>
      <trkpt lat="54.91814" lon="-2.11578">
        <ele>159.17518186080355</ele>
      </trkpt>
      <trkpt lat="54.91836" lon="-2.11487">
        <ele>159.20560960120127</ele>
      </trkpt>
      <trkpt lat="54.91844" lon="-2.11294">
        <ele>159.34425324164417</ele>
      </trkpt>
      <trkpt lat="54.91847" lon="-2.11109">
        <ele>152</ele>
      </trkpt>
      <trkpt lat="54.91836" lon="-2.11106">
        <ele>152.06316728889965</ele>
      </trkpt>
      <trkpt lat="54.91834" lon="-2.10971">
        <ele>150.97484174952908</ele>
      </trkpt>
      <trkpt lat="54.91821" lon="-2.10843">
        <ele>152.18082705268236</ele>
      </trkpt>
      <trkpt lat="54.91839" lon="-2.10685">
        <ele>149.70170662771025</ele>
      </trkpt>
      <trkpt lat="54.91835" lon="-2.10659">
        <ele>148.65811868819975</ele>
      </trkpt>
      <trkpt lat="54.91903" lon="-2.10553">
        <ele>150.06606431179705</ele>
      </trkpt>
      <trkpt lat="54.91945" lon="-2.10505">
        <ele>149.0331541907511</ele>
      </trkpt>
      <trkpt lat="54.92034" lon="-2.10204">
        <ele>143.38693590785925</ele>
      </trkpt>
      <trkpt lat="54.92108" lon="-2.09968">
        <ele>141.98298568269277</ele>
      </trkpt>
      <trkpt lat="54.92161" lon="-2.09909">
        <ele>135.15902033587975</ele>
      </trkpt>
      <trkpt lat="54.92167" lon="-2.09903">
        <ele>134.54585552045833</ele>
      </trkpt>
      <trkpt lat="54.92165" lon="-2.09878">
        <ele>135.47889360605654</ele>
      </trkpt>
      <trkpt lat="54.92158" lon="-2.09831">
        <ele>138.9085470218</ele>
      </trkpt>
      <trkpt lat="54.9215" lon="-2.09808">
        <ele>141.0680304650117</ele>
      </trkpt>
      <trkpt lat="54.92143" lon="-2.09797">
        <ele>142.77276760456195</ele>
      </trkpt>
      <trkpt lat="54.92127" lon="-2.0978">
        <ele>145.5106298984548</ele>
      </trkpt>
      <trkpt lat="54.92084" lon="-2.09762">
        <ele>148.36535272211364</ele>
      </trkpt>
      <trkpt lat="54.92077" lon="-2.09756">
        <ele>148.31965318082422</ele>
      </trkpt>
      <trkpt lat="54.92065" lon="-2.0974">
        <ele>147.6443413333041</ele>
      </trkpt>
      <trkpt lat="54.92047" lon="-2.09706">
        <ele>147</ele>
      </trkpt>
      <trkpt lat="54.92035" lon="-2.09645">
        <ele>147.63980237576232</ele>
      </trkpt>
      <trkpt lat="54.92032" lon="-2.09604">
        <ele>147.90000000000146</ele>
      </trkpt>
      <trkpt lat="54.92021" lon="-2.09572">
        <ele>147.89504319812798</ele>
      </trkpt>
      <trkpt lat="54.91935" lon="-2.09439">
        <ele>145.14120960000486</ele>
      </trkpt>
      <trkpt lat="54.91923" lon="-2.09427">
        <ele>145.0013994666748</ele>
      </trkpt>
      <trkpt lat="54.91911" lon="-2.09419">
        <ele>144.90819271111528</ele>
      </trkpt>
      <trkpt lat="54.91899" lon="-2.09416">
        <ele>144.900141075208</ele>
      </trkpt>
      <trkpt lat="54.91887" lon="-2.09416">
        <ele>145</ele>
      </trkpt>
      <trkpt lat="54.91875" lon="-2.0942">
        <ele>145.41608370655595</ele>
      </trkpt>
      <trkpt lat="54.9183" lon="-2.09453">
        <ele>145.74983353264406</ele>
      </trkpt>
      <trkpt lat="54.91818" lon="-2.09445">
        <ele>145.10443502294402</ele>
      </trkpt>
      <trkpt lat="54.91812" lon="-2.09437">
        <ele>144.65412657199684</ele>
      </trkpt>
      <trkpt lat="54.91802" lon="-2.09419">
        <ele>143.7276204951269</ele>
      </trkpt>
      <trkpt lat="54.91799" lon="-2.09391">
        <ele>143.4297643972568</ele>
      </trkpt>
      <trkpt lat="54.91749" lon="-2.09191">
        <ele>139.99701090706796</ele>
      </trkpt>
      <trkpt lat="54.91741" lon="-2.09151">
        <ele>138.97353148214862</ele>
      </trkpt>
      <trkpt lat="54.91732" lon="-2.09079">
        <ele>135.6486569402985</ele>
      </trkpt>
      <trkpt lat="54.91729" lon="-2.09027">
        <ele>134.93216981293295</ele>
      </trkpt>
      <trkpt lat="54.91686" lon="-2.09084">
        <ele>142.0734950986536</ele>
      </trkpt>
      <trkpt lat="54.91677" lon="-2.091">
        <ele>143.3962529640882</ele>
      </trkpt>
      <trkpt lat="54.91674" lon="-2.09111">
        <ele>143.48042750072273</ele>
      </trkpt>
      <trkpt lat="54.91668" lon="-2.09143">
        <ele>142.61346141579568</ele>
      </trkpt>
      <trkpt lat="54.91669" lon="-2.09179">
        <ele>140.075621187967</ele>
      </trkpt>
      <trkpt lat="54.91674" lon="-2.09239">
        <ele>136.77448319674141</ele>
      </trkpt>
      <trkpt lat="54.91669" lon="-2.09309">
        <ele>136.77852380341022</ele>
      </trkpt>
      <trkpt lat="54.91662" lon="-2.09367">
        <ele>136.25923074957475</ele>
      </trkpt>
      <trkpt lat="54.91632" lon="-2.09462">
        <ele>135.30812743038922</ele>
      </trkpt>
      <trkpt lat="54.91615" lon="-2.09496">
        <ele>133.88938453332662</ele>
      </trkpt>
      <trkpt lat="54.91602" lon="-2.09512">
        <ele>133.57221408267532</ele>
      </trkpt>
      <trkpt lat="54.91573" lon="-2.09533">
        <ele>134.46689317326633</ele>
      </trkpt>
      <trkpt lat="54.91546" lon="-2.09559">
        <ele>136.54464761644903</ele>
      </trkpt>
      <trkpt lat="54.91536" lon="-2.09577">
        <ele>136.82990165145657</ele>
      </trkpt>
      <trkpt lat="54.91499" lon="-2.09701">
        <ele>135.04316560570265</ele>
      </trkpt>
      <trkpt lat="54.91487" lon="-2.09733">
        <ele>134.88056261101826</ele>
      </trkpt>
      <trkpt lat="54.91465" lon="-2.0977">
        <ele>136.00188603927472</ele>
      </trkpt>
      <trkpt lat="54.91446" lon="-2.09813">
        <ele>137.4691731514609</ele>
      </trkpt>
      <trkpt lat="54.91431" lon="-2.09861">
        <ele>139.4408075628472</ele>
      </trkpt>
      <trkpt lat="54.9142" lon="-2.09916">
        <ele>141.2558064635039</ele>
      </trkpt>
      <trkpt lat="54.91411" lon="-2.09987">
        <ele>142.61338555421685</ele>
      </trkpt>
      <trkpt lat="54.91407" lon="-2.10056">
        <ele>143.52963565170387</ele>
      </trkpt>
      <trkpt lat="54.91402" lon="-2.10103">
        <ele>144.05113988758384</ele>
      </trkpt>
      <trkpt lat="54.91395" lon="-2.1014">
        <ele>143.29580891244157</ele>
      </trkpt>
      <trkpt lat="54.91365" lon="-2.10253">
        <ele>139.70255608689115</ele>
      </trkpt>
      <trkpt lat="54.91316" lon="-2.10382">
        <ele>140.57277612099523</ele>
      </trkpt>
      <trkpt lat="54.91304" lon="-2.10408">
        <ele>141.7791627376119</ele>
      </trkpt>
      <trkpt lat="54.91287" lon="-2.10432">
        <ele>142.00338529399866</ele>
      </trkpt>
      <trkpt lat="54.91249" lon="-2.10448">
        <ele>143.71669374176054</ele>
      </trkpt>
      <trkpt lat="54.91209" lon="-2.10477">
        <ele>144.51765234926785</ele>
      </trkpt>
      <trkpt lat="54.91169" lon="-2.10524">
        <ele>145.0710375657311</ele>
      </trkpt>
      <trkpt lat="54.91158" lon="-2.1054">
        <ele>145.89906163093548</ele>
      </trkpt>
      <trkpt lat="54.91149" lon="-2.1056">
        <ele>146.227463617782</ele>
      </trkpt>
      <trkpt lat="54.91146" lon="-2.1058">
        <ele>146.06517688888147</ele>
      </trkpt>
      <trkpt lat="54.91144" lon="-2.10613">
        <ele>146.06939053945268</ele>
      </trkpt>
      <trkpt lat="54.91133" lon="-2.10701">
        <ele>145.8671462831678</ele>
      </trkpt>
      <trkpt lat="54.91128" lon="-2.10762">
        <ele>146.59020919939536</ele>
      </trkpt>
      <trkpt lat="54.91127" lon="-2.10777">
        <ele>146.89241004224505</ele>
      </trkpt>
      <trkpt lat="54.91111" lon="-2.1085">
        <ele>150.78385886782917</ele>
      </trkpt>
      <trkpt lat="54.91103" lon="-2.10862">
        <ele>151.40962705755572</ele>
      </trkpt>
      <trkpt lat="54.91093" lon="-2.10869">
        <ele>151.6460044469899</ele>
      </trkpt>
      <trkpt lat="54.90968" lon="-2.10907">
        <ele>158.89048775229958</ele>
      </trkpt>
      <trkpt lat="54.90924" lon="-2.10914">
        <ele>160.89517937777572</ele>
      </trkpt>
      <trkpt lat="54.90877" lon="-2.10907">
        <ele>163.85799161933903</ele>
      </trkpt>
      <trkpt lat="54.90816" lon="-2.10925">
        <ele>168.79952208129777</ele>
      </trkpt>
      <trkpt lat="54.90794" lon="-2.10936">
        <ele>170.33370324534218</ele>
      </trkpt>
      <trkpt lat="54.90701" lon="-2.1101">
        <ele>172.0904437758008</ele>
      </trkpt>
      <trkpt lat="54.90687" lon="-2.11018">
        <ele>172.82439416079046</ele>
      </trkpt>
      <trkpt lat="54.9065" lon="-2.11034">
        <ele>173.1027740444065</ele>
      </trkpt>
      <trkpt lat="54.90587" lon="-2.11033">
        <ele>174.94326466601368</ele>
      </trkpt>
      <trkpt lat="54.90551" lon="-2.11028">
        <ele>176.72783244707762</ele>
      </trkpt>
      <trkpt lat="54.90518" lon="-2.11029">
        <ele>175.30809621946045</ele>
      </trkpt>
      <trkpt lat="54.90502" lon="-2.11025">
        <ele>176.36111929061857</ele>
      </trkpt>
      <trkpt lat="54.90482" lon="-2.1101">
        <ele>180.45557493437184</ele>
      </trkpt>
      <trkpt lat="54.90475" lon="-2.11">
        <ele>182.70544467880455</ele>
      </trkpt>
      <trkpt lat="54.90461" lon="-2.10956">
        <ele>189.30497183767181</ele>
      </trkpt>
      <trkpt lat="54.9043" lon="-2.10951">
        <ele>190.39899520000975</ele>
      </trkpt>
      <trkpt lat="54.90393" lon="-2.10939">
        <ele>190.3496087481746</ele>
      </trkpt>
      <trkpt lat="54.90257" lon="-2.10903">
        <ele>198.43846329119322</ele>
      </trkpt>
      <trkpt lat="54.90192" lon="-2.10898">
        <ele>203.28166684452512</ele>
      </trkpt>
      <trkpt lat="54.90062" lon="-2.10901">
        <ele>216.90600793026422</ele>
      </trkpt>
      <trkpt lat="54.9003" lon="-2.10906">
        <ele>219.23262061672415</ele>
      </trkpt>
      <trkpt lat="54.90013" lon="-2.10912">
        <ele>221.87745120011346</ele>
      </trkpt>
      <trkpt lat="54.89909" lon="-2.10999">
        <ele>223.08431146661812</ele>
      </trkpt>
      <trkpt lat="54.89868" lon="-2.11047">
        <ele>218.18408045128695</ele>
      </trkpt>
      <trkpt lat="54.89868" lon="-2.11043">
        <ele>218.51572574693716</ele>
      </trkpt>
      <trkpt lat="54.89867" lon="-2.11029">
        <ele>219.66295398175836</ele>
      </trkpt>
      <trkpt lat="54.89861" lon="-2.11016">
        <ele>220.72287629363245</ele>
      </trkpt>
      <trkpt lat="54.89778" lon="-2.10868">
        <ele>230.98001584650603</ele>
      </trkpt>
      <trkpt lat="54.89769" lon="-2.10848">
        <ele>232.93046291330916</ele>
      </trkpt>
      <trkpt lat="54.89766" lon="-2.10831">
        <ele>234.6365436574918</ele>
      </trkpt>
      <trkpt lat="54.89766" lon="-2.10813">
        <ele>235.83440018048697</ele>
      </trkpt>
      <trkpt lat="54.89777" lon="-2.10695">
        <ele>242.48411972464643</ele>
      </trkpt>
      <trkpt lat="54.89777" lon="-2.10674">
        <ele>243.95212612457146</ele>
      </trkpt>
      <trkpt lat="54.89773" lon="-2.10656">
        <ele>245.37384902763432</ele>
      </trkpt>
      <trkpt lat="54.89735" lon="-2.10589">
        <ele>250.5957158819781</ele>
      </trkpt>
      <trkpt lat="54.89721" lon="-2.10553">
        <ele>253.41801295899725</ele>
      </trkpt>
      <trkpt lat="54.89693" lon="-2.10495">
        <ele>257.11409474908254</ele>
      </trkpt>
      <trkpt lat="54.89678" lon="-2.10458">
        <ele>259.3328995555421</ele>
      </trkpt>
      <trkpt lat="54.89643" lon="-2.10389">
        <ele>264.3334172443966</ele>
      </trkpt>
      <trkpt lat="54.89622" lon="-2.10341">
        <ele>266.13102223496037</ele>
      </trkpt>
      <trkpt lat="54.89592" lon="-2.10286">
        <ele>268.28245950313374</ele>
      </trkpt>
      <trkpt lat="54.89564" lon="-2.1024">
        <ele>269.3450710016135</ele>
      </trkpt>
      <trkpt lat="54.89475" lon="-2.10063">
        <ele>278.76693371217755</ele>
      </trkpt>
      <trkpt lat="54.89473" lon="-2.10055">
        <ele>280.04749083323503</ele>
      </trkpt>
      <trkpt lat="54.89472" lon="-2.10035">
        <ele>282.70647881552577</ele>
      </trkpt>
      <trkpt lat="54.89469" lon="-2.10022">
        <ele>284.5729506046827</ele>
      </trkpt>
      <trkpt lat="54.89426" lon="-2.09917">
        <ele>299.3041714802853</ele>
      </trkpt>
      <trkpt lat="54.89394" lon="-2.09826">
        <ele>302.47110731454575</ele>
      </trkpt>
      <trkpt lat="54.89382" lon="-2.09786">
        <ele>303.95537087703224</ele>
      </trkpt>
      <trkpt lat="54.89333" lon="-2.09546">
        <ele>310.94662210887856</ele>
      </trkpt>
      <trkpt lat="54.89329" lon="-2.09512">
        <ele>312.450570698596</ele>
      </trkpt>
      <trkpt lat="54.89334" lon="-2.09258">
        <ele>324.1675932444406</ele>
      </trkpt>
      <trkpt lat="54.89351" lon="-2.08849">
        <ele>343.8746095157</ele>
      </trkpt>
      <trkpt lat="54.8935" lon="-2.08105">
        <ele>332</ele>
      </trkpt>
      <trkpt lat="54.89325" lon="-2.07634">
        <ele>328.1792264270137</ele>
      </trkpt>
      <trkpt lat="54.89316" lon="-2.07371">
        <ele>329.4719418257945</ele>
      </trkpt>
      <trkpt lat="54.89302" lon="-2.07214">
        <ele>330.3594949926809</ele>
      </trkpt>
      <trkpt lat="54.89304" lon="-2.07214">
        <ele>330.1237170472872</ele>
      </trkpt>
      <trkpt lat="54.89196" lon="-2.07227">
        <ele>338.40022811514876</ele>
      </trkpt>
      <trkpt lat="54.89125" lon="-2.07228">
        <ele>341.938950579358</ele>
      </trkpt>
      <trkpt lat="54.89005" lon="-2.07191">
        <ele>344.60831738703195</ele>
      </trkpt>
      <trkpt lat="54.8896" lon="-2.07188">
        <ele>344.44524236458574</ele>
      </trkpt>
      <trkpt lat="54.88921" lon="-2.07194">
        <ele>343.3924647702993</ele>
      </trkpt>
      <trkpt lat="54.88838" lon="-2.07239">
        <ele>343</ele>
      </trkpt>
      <trkpt lat="54.88734" lon="-2.07236">
        <ele>338.7901848186793</ele>
      </trkpt>
      <trkpt lat="54.88683" lon="-2.07277">
        <ele>342.14007509483764</ele>
      </trkpt>
      <trkpt lat="54.88659" lon="-2.07318">
        <ele>341.71916972873817</ele>
      </trkpt>
      <trkpt lat="54.88643" lon="-2.07361">
        <ele>341.19016768084913</ele>
      </trkpt>
      <trkpt lat="54.88634" lon="-2.07371">
        <ele>340.9600493827609</ele>
      </trkpt>
      <trkpt lat="54.88615" lon="-2.07382">
        <ele>340.3312958436328</ele>
      </trkpt>
      <trkpt lat="54.88562" lon="-2.07443">
        <ele>343.03565879236015</ele>
      </trkpt>
      <trkpt lat="54.88531" lon="-2.07489">
        <ele>344.4751002521962</ele>
      </trkpt>
      <trkpt lat="54.88502" lon="-2.07515">
        <ele>345.5966894740946</ele>
      </trkpt>
      <trkpt lat="54.88466" lon="-2.07523">
        <ele>346.906408443288</ele>
      </trkpt>
      <trkpt lat="54.88439" lon="-2.07532">
        <ele>347.50604615395514</ele>
      </trkpt>
      <trkpt lat="54.8842" lon="-2.07534">
        <ele>348.1825113114906</ele>
      </trkpt>
      <trkpt lat="54.88404" lon="-2.07543">
        <ele>348.75362559997103</ele>
      </trkpt>
      <trkpt lat="54.8835" lon="-2.07587">
        <ele>349.90000000000146</ele>
      </trkpt>
      <trkpt lat="54.88324" lon="-2.07597">
        <ele>349.98035413334173</ele>
      </trkpt>
      <trkpt lat="54.88299" lon="-2.07603">
        <ele>350.2729698709222</ele>
      </trkpt>
      <trkpt lat="54.88257" lon="-2.076">
        <ele>351.6579674547064</ele>
      </trkpt>
      <trkpt lat="54.88242" lon="-2.07604">
        <ele>351.90000000000146</ele>
      </trkpt>
      <trkpt lat="54.88179" lon="-2.07636">
        <ele>354.8432783670968</ele>
      </trkpt>
      <trkpt lat="54.88086" lon="-2.07707">
        <ele>359.54490286011816</ele>
      </trkpt>
      <trkpt lat="54.88059" lon="-2.07718">
        <ele>362.2460643873089</ele>
      </trkpt>
      <trkpt lat="54.88051" lon="-2.07726">
        <ele>363.15925971658504</ele>
      </trkpt>
      <trkpt lat="54.88035" lon="-2.07749">
        <ele>364.32562278681513</ele>
      </trkpt>
      <trkpt lat="54.88008" lon="-2.07764">
        <ele>366.1641432814313</ele>
      </trkpt>
      <trkpt lat="54.87956" lon="-2.07773">
        <ele>370.66918294190026</ele>
      </trkpt>
      <trkpt lat="54.87939" lon="-2.07785">
        <ele>371.5682682476011</ele>
      </trkpt>
      <trkpt lat="54.87927" lon="-2.07789">
        <ele>372.1648334858479</ele>
      </trkpt>
      <trkpt lat="54.87907" lon="-2.07792">
        <ele>373.14350294442966</ele>
      </trkpt>
      <trkpt lat="54.87886" lon="-2.07808">
        <ele>375.28754602044285</ele>
      </trkpt>
      <trkpt lat="54.87835" lon="-2.07811">
        <ele>377.839160259954</ele>
      </trkpt>
      <trkpt lat="54.87811" lon="-2.07807">
        <ele>378</ele>
      </trkpt>
      <trkpt lat="54.87796" lon="-2.07808">
        <ele>378.02296789417744</ele>
      </trkpt>
      <trkpt lat="54.87764" lon="-2.07815">
        <ele>378.46662293102133</ele>
      </trkpt>
      <trkpt lat="54.8775" lon="-2.07822">
        <ele>378.79630203214583</ele>
      </trkpt>
      <trkpt lat="54.87714" lon="-2.07847">
        <ele>379.439302543714</ele>
      </trkpt>
      <trkpt lat="54.87704" lon="-2.0786">
        <ele>379.58867280923357</ele>
      </trkpt>
      <trkpt lat="54.87687" lon="-2.07874">
        <ele>379.722914133338</ele>
      </trkpt>
      <trkpt lat="54.87671" lon="-2.07873">
        <ele>379.58796159997627</ele>
      </trkpt>
      <trkpt lat="54.87653" lon="-2.0788">
        <ele>379.08940397407923</ele>
      </trkpt>
      <trkpt lat="54.87594" lon="-2.07935">
        <ele>379.38668967103695</ele>
      </trkpt>
      <trkpt lat="54.87555" lon="-2.07991">
        <ele>381.8094406007438</ele>
      </trkpt>
      <trkpt lat="54.87464" lon="-2.08046">
        <ele>384.30562078859754</ele>
      </trkpt>
      <trkpt lat="54.87453" lon="-2.08045">
        <ele>384.51025604526365</ele>
      </trkpt>
      <trkpt lat="54.87442" lon="-2.08049">
        <ele>384.9675473153833</ele>
      </trkpt>
      <trkpt lat="54.87366" lon="-2.08023">
        <ele>386.51048539250667</ele>
      </trkpt>
      <trkpt lat="54.8734" lon="-2.08006">
        <ele>386.43664853335434</ele>
      </trkpt>
      <trkpt lat="54.87287" lon="-2.07992">
        <ele>386.61547718679117</ele>
      </trkpt>
      <trkpt lat="54.8726" lon="-2.07991">
        <ele>386.97078684445046</ele>
      </trkpt>
      <trkpt lat="54.87197" lon="-2.0798">
        <ele>387.90000000000146</ele>
      </trkpt>
      <trkpt lat="54.87137" lon="-2.07982">
        <ele>388.1696694711928</ele>
      </trkpt>
      <trkpt lat="54.8711" lon="-2.07979">
        <ele>389.44421386402144</ele>
      </trkpt>
      <trkpt lat="54.87068" lon="-2.07958">
        <ele>390.65892693332944</ele>
      </trkpt>
      <trkpt lat="54.86996" lon="-2.0791">
        <ele>389.0637908026921</ele>
      </trkpt>
      <trkpt lat="54.8694" lon="-2.07893">
        <ele>391.36436659414403</ele>
      </trkpt>
      <trkpt lat="54.8683" lon="-2.07875">
        <ele>390.79699825826174</ele>
      </trkpt>
      <trkpt lat="54.86742" lon="-2.07852">
        <ele>390.7539584000138</ele>
      </trkpt>
      <trkpt lat="54.86718" lon="-2.07856">
        <ele>390.70873498437066</ele>
      </trkpt>
      <trkpt lat="54.86696" lon="-2.07857">
        <ele>390.19620715705736</ele>
      </trkpt>
      <trkpt lat="54.86587" lon="-2.07909">
        <ele>390.191586715589</ele>
      </trkpt>
      <trkpt lat="54.86552" lon="-2.07922">
        <ele>389.8521796726635</ele>
      </trkpt>
      <trkpt lat="54.86525" lon="-2.0792">
        <ele>388.9111426216099</ele>
      </trkpt>
      <trkpt lat="54.86481" lon="-2.07939">
        <ele>386.7444299136993</ele>
      </trkpt>
      <trkpt lat="54.8646" lon="-2.07956">
        <ele>384.848386520498</ele>
      </trkpt>
      <trkpt lat="54.86383" lon="-2.07987">
        <ele>375.81270840708254</ele>
      </trkpt>
      <trkpt lat="54.86211" lon="-2.08066">
        <ele>357.99156208573925</ele>
      </trkpt>
      <trkpt lat="54.86165" lon="-2.08099">
        <ele>353.90685734427643</ele>
      </trkpt>
      <trkpt lat="54.86152" lon="-2.08103">
        <ele>352.2582493036993</ele>
      </trkpt>
      <trkpt lat="54.86144" lon="-2.081">
        <ele>351.09699011989915</ele>
      </trkpt>
      <trkpt lat="54.86136" lon="-2.08091">
        <ele>350.0204803514771</ele>
      </trkpt>
      <trkpt lat="54.86097" lon="-2.0802">
        <ele>346.6203385750672</ele>
      </trkpt>
      <trkpt lat="54.86092" lon="-2.08004">
        <ele>346.55793770847424</ele>
      </trkpt>
      <trkpt lat="54.86089" lon="-2.07975">
        <ele>346.51746100094215</ele>
      </trkpt>
      <trkpt lat="54.86084" lon="-2.07969">
        <ele>346.1157722094573</ele>
      </trkpt>
      <trkpt lat="54.86061" lon="-2.07873">
        <ele>342.17492483928834</ele>
      </trkpt>
      <trkpt lat="54.86043" lon="-2.07812">
        <ele>342.125817281969</ele>
      </trkpt>
      <trkpt lat="54.86029" lon="-2.07789">
        <ele>340.9079133418659</ele>
      </trkpt>
      <trkpt lat="54.86002" lon="-2.07759">
        <ele>338.8063489841304</ele>
      </trkpt>
      <trkpt lat="54.85942" lon="-2.0767">
        <ele>333.6300367692262</ele>
      </trkpt>
      <trkpt lat="54.85928" lon="-2.07638">
        <ele>332.8266399393796</ele>
      </trkpt>
      <trkpt lat="54.85887" lon="-2.07507">
        <ele>330.43155516297526</ele>
      </trkpt>
      <trkpt lat="54.85863" lon="-2.07416">
        <ele>328.00981038528937</ele>
      </trkpt>
      <trkpt lat="54.85834" lon="-2.07319">
        <ele>322.95265766219336</ele>
      </trkpt>
      <trkpt lat="54.85772" lon="-2.07129">
        <ele>315.6369526791856</ele>
      </trkpt>
      <trkpt lat="54.85691" lon="-2.06829">
        <ele>306.6512326853823</ele>
      </trkpt>
      <trkpt lat="54.85672" lon="-2.06776">
        <ele>304.2949767557909</ele>
      </trkpt>
      <trkpt lat="54.85643" lon="-2.0671">
        <ele>300.4294640472164</ele>
      </trkpt>
      <trkpt lat="54.85591" lon="-2.06571">
        <ele>301.06028256525957</ele>
      </trkpt>
      <trkpt lat="54.85579" lon="-2.06552">
        <ele>299.8343920270773</ele>
      </trkpt>
      <trkpt lat="54.85529" lon="-2.06493">
        <ele>294.92015881121785</ele>
      </trkpt>
      <trkpt lat="54.85488" lon="-2.06431">
        <ele>294.5624896155683</ele>
      </trkpt>
      <trkpt lat="54.8546" lon="-2.06397">
        <ele>292.63937601207033</ele>
      </trkpt>
      <trkpt lat="54.85444" lon="-2.06385">
        <ele>290.9943336253992</ele>
      </trkpt>
      <trkpt lat="54.85429" lon="-2.06379">
        <ele>289.17399338984416</ele>
      </trkpt>
      <trkpt lat="54.85418" lon="-2.06371">
        <ele>288.09963993299795</ele>
      </trkpt>
      <trkpt lat="54.85408" lon="-2.06357">
        <ele>287.6241624434018</ele>
      </trkpt>
      <trkpt lat="54.85361" lon="-2.06269">
        <ele>283.5847670587383</ele>
      </trkpt>
      <trkpt lat="54.85336" lon="-2.06216">
        <ele>282.41817581835187</ele>
      </trkpt>
      <trkpt lat="54.85315" lon="-2.06151">
        <ele>281.3213838495111</ele>
      </trkpt>
      <trkpt lat="54.85303" lon="-2.06131">
        <ele>280.08066571759866</ele>
      </trkpt>
      <trkpt lat="54.85283" lon="-2.06122">
        <ele>278.11683014172183</ele>
      </trkpt>
      <trkpt lat="54.85267" lon="-2.06109">
        <ele>276.36413892294894</ele>
      </trkpt>
      <trkpt lat="54.85198" lon="-2.06025">
        <ele>272.90523080146903</ele>
      </trkpt>
      <trkpt lat="54.85163" lon="-2.05987">
        <ele>271.8783765187724</ele>
      </trkpt>
      <trkpt lat="54.85012" lon="-2.05848">
        <ele>257.4438899761021</ele>
      </trkpt>
      <trkpt lat="54.84984" lon="-2.05819">
        <ele>256.7203779250624</ele>
      </trkpt>
      <trkpt lat="54.84973" lon="-2.05805">
        <ele>257.024576500393</ele>
      </trkpt>
      <trkpt lat="54.84945" lon="-2.05684">
        <ele>253.32616011686696</ele>
      </trkpt>
      <trkpt lat="54.84925" lon="-2.05633">
        <ele>253.0104972009594</ele>
      </trkpt>
      <trkpt lat="54.84896" lon="-2.0559">
        <ele>248.8786784372294</ele>
      </trkpt>
      <trkpt lat="54.84829" lon="-2.05503">
        <ele>243.68863216852836</ele>
      </trkpt>
      <trkpt lat="54.84809" lon="-2.05488">
        <ele>243.15488209927045</ele>
      </trkpt>
      <trkpt lat="54.84799" lon="-2.05472">
        <ele>242.770718951338</ele>
      </trkpt>
      <trkpt lat="54.84785" lon="-2.05463">
        <ele>242.2644416175561</ele>
      </trkpt>
      <trkpt lat="54.84765" lon="-2.05441">
        <ele>240.29192154614842</ele>
      </trkpt>
      <trkpt lat="54.84701" lon="-2.05404">
        <ele>246.54709388203844</ele>
      </trkpt>
      <trkpt lat="54.84697" lon="-2.05396">
        <ele>247.76976724555846</ele>
      </trkpt>
      <trkpt lat="54.84688" lon="-2.05355">
        <ele>252.81560571372484</ele>
      </trkpt>
      <trkpt lat="54.84666" lon="-2.05219">
        <ele>262.7053680240279</ele>
      </trkpt>
      <trkpt lat="54.84667" lon="-2.05221">
        <ele>262.5940655549186</ele>
      </trkpt>
      <trkpt lat="54.84662" lon="-2.05227">
        <ele>264.0518189748058</ele>
      </trkpt>
      <trkpt lat="54.84655" lon="-2.05245">
        <ele>265.9360494128438</ele>
      </trkpt>
      <trkpt lat="54.84649" lon="-2.05248">
        <ele>266.7378521575605</ele>
      </trkpt>
      <trkpt lat="54.84163" lon="-2.05136">
        <ele>302.895259219929</ele>
      </trkpt>
      <trkpt lat="54.84156" lon="-2.05137">
        <ele>303.1800164949621</ele>
      </trkpt>
      <trkpt lat="54.84145" lon="-2.05133">
        <ele>303.53524217011903</ele>
      </trkpt>
      <trkpt lat="54.84121" lon="-2.05126">
        <ele>304.8659652876907</ele>
      </trkpt>
      <trkpt lat="54.84056" lon="-2.05115">
        <ele>310.94192752225877</ele>
      </trkpt>
      <trkpt lat="54.83994" lon="-2.05089">
        <ele>314.47062446382034</ele>
      </trkpt>
      <trkpt lat="54.83982" lon="-2.0509">
        <ele>315.6626376783954</ele>
      </trkpt>
      <trkpt lat="54.83966" lon="-2.051">
        <ele>317.40489891781493</ele>
      </trkpt>
      <trkpt lat="54.83948" lon="-2.05097">
        <ele>319.34161134019996</ele>
      </trkpt>
      <trkpt lat="54.83914" lon="-2.05079">
        <ele>324.32579215178316</ele>
      </trkpt>
      <trkpt lat="54.83897" lon="-2.05058">
        <ele>328.9650443509925</ele>
      </trkpt>
      <trkpt lat="54.8387" lon="-2.05044">
        <ele>333.7583046558318</ele>
      </trkpt>
      <trkpt lat="54.83813" lon="-2.05008">
        <ele>341.89781930251047</ele>
      </trkpt>
      <trkpt lat="54.83796" lon="-2.05008">
        <ele>343.49396604225177</ele>
      </trkpt>
      <trkpt lat="54.8378" lon="-2.05003">
        <ele>344.64156039720456</ele>
      </trkpt>
      <trkpt lat="54.8333" lon="-2.04832">
        <ele>390.67082662135454</ele>
      </trkpt>
      <trkpt lat="54.8293" lon="-2.0482">
        <ele>424.77304520998194</ele>
      </trkpt>
      <trkpt lat="54.82897" lon="-2.04811">
        <ele>427.23459872111823</ele>
      </trkpt>
      <trkpt lat="54.82827" lon="-2.04777">
        <ele>430.47491906606683</ele>
      </trkpt>
      <trkpt lat="54.82743" lon="-2.04747">
        <ele>427.8965101392514</ele>
      </trkpt>
      <trkpt lat="54.82743" lon="-2.04745">
        <ele>427.82102395722393</ele>
      </trkpt>
      <trkpt lat="54.8275" lon="-2.04679">
        <ele>425.6848273494756</ele>
      </trkpt>
      <trkpt lat="54.82759" lon="-2.04646">
        <ele>424.89417428010995</ele>
      </trkpt>
      <trkpt lat="54.82772" lon="-2.04607">
        <ele>423.10250980448984</ele>
      </trkpt>
      <trkpt lat="54.82776" lon="-2.04588">
        <ele>422.42237848280547</ele>
      </trkpt>
      <trkpt lat="54.8278" lon="-2.04551">
        <ele>421.22445284496155</ele>
      </trkpt>
      <trkpt lat="54.828" lon="-2.04491">
        <ele>420.9064482374183</ele>
      </trkpt>
      <trkpt lat="54.82814" lon="-2.04439">
        <ele>420.5981490312615</ele>
      </trkpt>
      <trkpt lat="54.82821" lon="-2.04386">
        <ele>419.8463248132734</ele>
      </trkpt>
      <trkpt lat="54.82835" lon="-2.04259">
        <ele>420.2105074415457</ele>
      </trkpt>
      <trkpt lat="54.82861" lon="-2.04095">
        <ele>420.9390273148198</ele>
      </trkpt>
      <trkpt lat="54.82883" lon="-2.03936">
        <ele>417.7008838456199</ele>
      </trkpt>
      <trkpt lat="54.82888" lon="-2.03911">
        <ele>417.8207815764084</ele>
      </trkpt>
      <trkpt lat="54.82918" lon="-2.03835">
        <ele>418.9468780356473</ele>
      </trkpt>
      <trkpt lat="54.82943" lon="-2.03779">
        <ele>418.0709976600486</ele>
      </trkpt>
      <trkpt lat="54.82969" lon="-2.03733">
        <ele>416.4757934853906</ele>
      </trkpt>
      <trkpt lat="54.82981" lon="-2.03715">
        <ele>415.5654165086347</ele>
      </trkpt>
      <trkpt lat="54.8302" lon="-2.03674">
        <ele>412.97045688892285</ele>
      </trkpt>
      <trkpt lat="54.83035" lon="-2.0365">
        <ele>411.67788444440885</ele>
      </trkpt>
      <trkpt lat="54.83065" lon="-2.03623">
        <ele>410.44849195376736</ele>
      </trkpt>
      <trkpt lat="54.83076" lon="-2.03523">
        <ele>405.1003738876666</ele>
      </trkpt>
      <trkpt lat="54.83403" lon="-2.03047">
        <ele>386</ele>
      </trkpt>
      <trkpt lat="54.83431" lon="-2.02667">
        <ele>384.08026728958134</ele>
      </trkpt>
      <trkpt lat="54.83582" lon="-2.02441">
        <ele>380.925800533338</ele>
      </trkpt>
      <trkpt lat="54.83776" lon="-2.0185">
        <ele>367.65337540458484</ele>
      </trkpt>
      <trkpt lat="54.83827" lon="-2.01466">
        <ele>358.6146870502274</ele>
      </trkpt>
      <trkpt lat="54.83865" lon="-2.00937">
        <ele>347.0857301333224</ele>
      </trkpt>
      <trkpt lat="54.83976" lon="-2.00771">
        <ele>339.7187320485255</ele>
      </trkpt>
      <trkpt lat="54.8417" lon="-2.0062">
        <ele>332.7204887819486</ele>
      </trkpt>
      <trkpt lat="54.84115" lon="-2.00062">
        <ele>315.1219168225546</ele>
      </trkpt>
      <trkpt lat="54.8411" lon="-1.99989">
        <ele>313.71527750506243</ele>
      </trkpt>
      <trkpt lat="54.84118" lon="-1.99835">
        <ele>311.2421372198504</ele>
      </trkpt>
      <trkpt lat="54.84121" lon="-1.99804">
        <ele>311.57031492549015</ele>
      </trkpt>
      <trkpt lat="54.84128" lon="-1.99768">
        <ele>312.5520060915509</ele>
      </trkpt>
      <trkpt lat="54.84132" lon="-1.9972">
        <ele>311.4407992511296</ele>
      </trkpt>
      <trkpt lat="54.84132" lon="-1.9964">
        <ele>310.19542680671555</ele>
      </trkpt>
      <trkpt lat="54.84141" lon="-1.99531">
        <ele>310.07414377872</ele>
      </trkpt>
      <trkpt lat="54.84149" lon="-1.99483">
        <ele>309.2091668952031</ele>
      </trkpt>
      <trkpt lat="54.84151" lon="-1.99459">
        <ele>308.697346133367</ele>
      </trkpt>
      <trkpt lat="54.84161" lon="-1.99414">
        <ele>307.7611558168903</ele>
      </trkpt>
      <trkpt lat="54.84171" lon="-1.99387">
        <ele>307.53646827943254</ele>
      </trkpt>
      <trkpt lat="54.84199" lon="-1.99344">
        <ele>304.57780480000685</ele>
      </trkpt>
      <trkpt lat="54.84208" lon="-1.99326">
        <ele>303.94865919998983</ele>
      </trkpt>
      <trkpt lat="54.8422" lon="-1.99293">
        <ele>302.69522559996767</ele>
      </trkpt>
      <trkpt lat="54.84235" lon="-1.99257">
        <ele>300.69803696908343</ele>
      </trkpt>
      <trkpt lat="54.84255" lon="-1.99223">
        <ele>299.21758915725303</ele>
      </trkpt>
      <trkpt lat="54.84281" lon="-1.99189">
        <ele>297.80027022217473</ele>
      </trkpt>
      <trkpt lat="54.84294" lon="-1.99155">
        <ele>295.64355199998255</ele>
      </trkpt>
      <trkpt lat="54.84361" lon="-1.99025">
        <ele>290.0529045742007</ele>
      </trkpt>
      <trkpt lat="54.84383" lon="-1.9899">
        <ele>288.6151492198467</ele>
      </trkpt>
      <trkpt lat="54.84401" lon="-1.9897">
        <ele>287.80221997977515</ele>
      </trkpt>
      <trkpt lat="54.8442" lon="-1.98955">
        <ele>286.65131630333786</ele>
      </trkpt>
      <trkpt lat="54.84435" lon="-1.98949">
        <ele>284.87539644541744</ele>
      </trkpt>
      <trkpt lat="54.84468" lon="-1.98948">
        <ele>283.78540373339865</ele>
      </trkpt>
      <trkpt lat="54.84488" lon="-1.98957">
        <ele>284.81019464203484</ele>
      </trkpt>
      <trkpt lat="54.84497" lon="-1.98955">
        <ele>284.68413981522986</ele>
      </trkpt>
      <trkpt lat="54.84522" lon="-1.98934">
        <ele>281.7107333875269</ele>
      </trkpt>
      <trkpt lat="54.8454" lon="-1.98931">
        <ele>280.5562979708445</ele>
      </trkpt>
      <trkpt lat="54.84564" lon="-1.9894">
        <ele>280.09398588994543</ele>
      </trkpt>
      <trkpt lat="54.84579" lon="-1.98956">
        <ele>280.37300608533087</ele>
      </trkpt>
      <trkpt lat="54.84592" lon="-1.9896">
        <ele>280.043493950375</ele>
      </trkpt>
      <trkpt lat="54.84596" lon="-1.98958">
        <ele>279.7487019479269</ele>
      </trkpt>
      <trkpt lat="54.84601" lon="-1.98951">
        <ele>279.130071466603</ele>
      </trkpt>
      <trkpt lat="54.84605" lon="-1.98939">
        <ele>278.4717882560341</ele>
      </trkpt>
      <trkpt lat="54.84606" lon="-1.98886">
        <ele>277.0466652663899</ele>
      </trkpt>
      <trkpt lat="54.84611" lon="-1.98822">
        <ele>276.74210850989937</ele>
      </trkpt>
      <trkpt lat="54.84618" lon="-1.98772">
        <ele>277.88888689368144</ele>
      </trkpt>
      <trkpt lat="54.84626" lon="-1.98636">
        <ele>278.3828644293204</ele>
      </trkpt>
      <trkpt lat="54.84631" lon="-1.98594">
        <ele>278.86910056881663</ele>
      </trkpt>
      <trkpt lat="54.84632" lon="-1.98567">
        <ele>279.03098204620227</ele>
      </trkpt>
      <trkpt lat="54.84629" lon="-1.98532">
        <ele>278.5453377345586</ele>
      </trkpt>
      <trkpt lat="54.84612" lon="-1.98457">
        <ele>277.6451123572427</ele>
      </trkpt>
      <trkpt lat="54.84601" lon="-1.98392">
        <ele>276.7485849276103</ele>
      </trkpt>
      <trkpt lat="54.846" lon="-1.98371">
        <ele>276.2063419995807</ele>
      </trkpt>
      <trkpt lat="54.84604" lon="-1.98311">
        <ele>274.74019158328974</ele>
      </trkpt>
      <trkpt lat="54.84602" lon="-1.98279">
        <ele>274.1042099940131</ele>
      </trkpt>
      <trkpt lat="54.84588" lon="-1.98215">
        <ele>271.7772784268726</ele>
      </trkpt>
      <trkpt lat="54.84585" lon="-1.98179">
        <ele>271.10005045016345</ele>
      </trkpt>
      <trkpt lat="54.84583" lon="-1.98088">
        <ele>270.09899317225177</ele>
      </trkpt>
      <trkpt lat="54.84585" lon="-1.98045">
        <ele>270.9504589834725</ele>
      </trkpt>
      <trkpt lat="54.84584" lon="-1.98012">
        <ele>270.9205372897454</ele>
      </trkpt>
      <trkpt lat="54.84586" lon="-1.97994">
        <ele>271.0195729182462</ele>
      </trkpt>
      <trkpt lat="54.84592" lon="-1.97965">
        <ele>271.0213705052694</ele>
      </trkpt>
      <trkpt lat="54.846" lon="-1.97943">
        <ele>271.2816010676792</ele>
      </trkpt>
      <trkpt lat="54.84606" lon="-1.97951">
        <ele>271.8908049744979</ele>
      </trkpt>
      <trkpt lat="54.84588" lon="-1.97934">
        <ele>269.80440243919685</ele>
      </trkpt>
      <trkpt lat="54.84571" lon="-1.97912">
        <ele>267.01332101228263</ele>
      </trkpt>
      <trkpt lat="54.84555" lon="-1.97878">
        <ele>263.46054127886737</ele>
      </trkpt>
      <trkpt lat="54.84548" lon="-1.97866">
        <ele>262.2330778023238</ele>
      </trkpt>
      <trkpt lat="54.84541" lon="-1.97858">
        <ele>261.10632302594945</ele>
      </trkpt>
      <trkpt lat="54.84517" lon="-1.97848">
        <ele>257.75184454702935</ele>
      </trkpt>
      <trkpt lat="54.84397" lon="-1.9782">
        <ele>250.68962999747382</ele>
      </trkpt>
      <trkpt lat="54.8436" lon="-1.97807">
        <ele>248.82552410182686</ele>
      </trkpt>
      <trkpt lat="54.84357" lon="-1.97813">
        <ele>248.4613154196658</ele>
      </trkpt>
      <trkpt lat="54.8436" lon="-1.97807">
        <ele>248.82552410182686</ele>
      </trkpt>
      <trkpt lat="54.84385" lon="-1.97721">
        <ele>248.6124414719527</ele>
      </trkpt>
      <trkpt lat="54.844" lon="-1.97687">
        <ele>249.6504874734661</ele>
      </trkpt>
      <trkpt lat="54.8442" lon="-1.97655">
        <ele>251.05474191976128</ele>
      </trkpt>
      <trkpt lat="54.84489" lon="-1.97578">
        <ele>253.09887955279592</ele>
      </trkpt>
      <trkpt lat="54.84503" lon="-1.97554">
        <ele>252.9519987139158</ele>
      </trkpt>
      <trkpt lat="54.84515" lon="-1.97525">
        <ele>252.84904363004162</ele>
      </trkpt>
      <trkpt lat="54.84532" lon="-1.97474">
        <ele>253.06787911236773</ele>
      </trkpt>
      <trkpt lat="54.84546" lon="-1.97418">
        <ele>253.5953763053717</ele>
      </trkpt>
      <trkpt lat="54.84549" lon="-1.97397">
        <ele>253.6168239153722</ele>
      </trkpt>
      <trkpt lat="54.8455" lon="-1.97375">
        <ele>253.63210426718044</ele>
      </trkpt>
      <trkpt lat="54.84546" lon="-1.97317">
        <ele>253.2585080409665</ele>
      </trkpt>
      <trkpt lat="54.84547" lon="-1.97338">
        <ele>253.36739947554295</ele>
      </trkpt>
      <trkpt lat="54.84533" lon="-1.97324">
        <ele>253.49122915556669</ele>
      </trkpt>
      <trkpt lat="54.84526" lon="-1.97314">
        <ele>253.307660071475</ele>
      </trkpt>
      <trkpt lat="54.84508" lon="-1.9727">
        <ele>250.50390637850026</ele>
      </trkpt>
      <trkpt lat="54.84489" lon="-1.9723">
        <ele>245.56653722235973</ele>
      </trkpt>
      <trkpt lat="54.84461" lon="-1.97165">
        <ele>239.18857743374627</ele>
      </trkpt>
      <trkpt lat="54.8445" lon="-1.97108">
        <ele>236.701627446788</ele>
      </trkpt>
      <trkpt lat="54.84429" lon="-1.97057">
        <ele>232.1438896649525</ele>
      </trkpt>
      <trkpt lat="54.84415" lon="-1.97028">
        <ele>229.52011029289466</ele>
      </trkpt>
      <trkpt lat="54.8441" lon="-1.97024">
        <ele>228.60020969074313</ele>
      </trkpt>
      <trkpt lat="54.84365" lon="-1.97008">
        <ele>222.79892486431623</ele>
      </trkpt>
      <trkpt lat="54.8435" lon="-1.97012">
        <ele>223.04425189262273</ele>
      </trkpt>
      <trkpt lat="54.8434" lon="-1.96985">
        <ele>223.71992600305379</ele>
      </trkpt>
      <trkpt lat="54.84318" lon="-1.96901">
        <ele>226.5475269658241</ele>
      </trkpt>
      <trkpt lat="54.84311" lon="-1.96895">
        <ele>228.27768901014176</ele>
      </trkpt>
      <trkpt lat="54.84295" lon="-1.96896">
        <ele>231.90320037296095</ele>
      </trkpt>
      <trkpt lat="54.84291" lon="-1.96894">
        <ele>233.041386362655</ele>
      </trkpt>
      <trkpt lat="54.84289" lon="-1.96889">
        <ele>233.97523619521002</ele>
      </trkpt>
      <trkpt lat="54.8429" lon="-1.96861">
        <ele>236.57633407930936</ele>
      </trkpt>
      <trkpt lat="54.84301" lon="-1.96786">
        <ele>243.38509677238824</ele>
      </trkpt>
      <trkpt lat="54.84305" lon="-1.96771">
        <ele>244.74764193592208</ele>
      </trkpt>
      <trkpt lat="54.84316" lon="-1.96754">
        <ele>245.368346441002</ele>
      </trkpt>
      <trkpt lat="54.84344" lon="-1.96702">
        <ele>248.55343705234205</ele>
      </trkpt>
      <trkpt lat="54.84354" lon="-1.96673">
        <ele>249.89100253451704</ele>
      </trkpt>
      <trkpt lat="54.84369" lon="-1.96612">
        <ele>249.7852886079815</ele>
      </trkpt>
      <trkpt lat="54.84409" lon="-1.96326">
        <ele>255.75642437525153</ele>
      </trkpt>
      <trkpt lat="54.84421" lon="-1.96289">
        <ele>255.66921000704247</ele>
      </trkpt>
      <trkpt lat="54.84428" lon="-1.96244">
        <ele>255.90118608370037</ele>
      </trkpt>
      <trkpt lat="54.84426" lon="-1.96164">
        <ele>256.08484699034676</ele>
      </trkpt>
      <trkpt lat="54.84424" lon="-1.96135">
        <ele>256.28718848147037</ele>
      </trkpt>
      <trkpt lat="54.84417" lon="-1.96102">
        <ele>256.89538291110694</ele>
      </trkpt>
      <trkpt lat="54.84414" lon="-1.96051">
        <ele>258.01941136880873</ele>
      </trkpt>
      <trkpt lat="54.84409" lon="-1.96038">
        <ele>258.5755539752547</ele>
      </trkpt>
      <trkpt lat="54.84406" lon="-1.95989">
        <ele>259.1387557043064</ele>
      </trkpt>
      <trkpt lat="54.84404" lon="-1.95978">
        <ele>259.21979041120545</ele>
      </trkpt>
      <trkpt lat="54.84399" lon="-1.95967">
        <ele>259.5552254168321</ele>
      </trkpt>
      <trkpt lat="54.84417" lon="-1.95879">
        <ele>256.09538291110766</ele>
      </trkpt>
      <trkpt lat="54.84439" lon="-1.95746">
        <ele>254.72784994114272</ele>
      </trkpt>
      <trkpt lat="54.8446" lon="-1.95569">
        <ele>254.25217641909524</ele>
      </trkpt>
      <trkpt lat="54.84468" lon="-1.95481">
        <ele>255.01883719349397</ele>
      </trkpt>
      <trkpt lat="54.84506" lon="-1.94961">
        <ele>247.83700950774423</ele>
      </trkpt>
      <trkpt lat="54.84511" lon="-1.94918">
        <ele>247.1711445439846</ele>
      </trkpt>
      <trkpt lat="54.84532" lon="-1.94777">
        <ele>245.469550829784</ele>
      </trkpt>
      <trkpt lat="54.84551" lon="-1.94588">
        <ele>246.24006197624377</ele>
      </trkpt>
      <trkpt lat="54.84566" lon="-1.94491">
        <ele>246.52463501328637</ele>
      </trkpt>
      <trkpt lat="54.84578" lon="-1.94435">
        <ele>245.59910157473996</ele>
      </trkpt>
      <trkpt lat="54.84584" lon="-1.94394">
        <ele>245.62008954829116</ele>
      </trkpt>
      <trkpt lat="54.84594" lon="-1.94245">
        <ele>246.77761919095786</ele>
      </trkpt>
      <trkpt lat="54.84595" lon="-1.94247">
        <ele>246.74067490015867</ele>
      </trkpt>
      <trkpt lat="54.84589" lon="-1.94226">
        <ele>247.30308693333174</ele>
      </trkpt>
      <trkpt lat="54.84456" lon="-1.93904">
        <ele>244.4300574825621</ele>
      </trkpt>
      <trkpt lat="54.84422" lon="-1.93814">
        <ele>242.34683976491496</ele>
      </trkpt>
      <trkpt lat="54.84418" lon="-1.93796">
        <ele>241.73883480802277</ele>
      </trkpt>
      <trkpt lat="54.84416" lon="-1.93771">
        <ele>241.07508953313837</ele>
      </trkpt>
      <trkpt lat="54.84417" lon="-1.93704">
        <ele>240.01815316444345</ele>
      </trkpt>
      <trkpt lat="54.8442" lon="-1.93682">
        <ele>239.7960795219526</ele>
      </trkpt>
      <trkpt lat="54.84445" lon="-1.93581">
        <ele>235.26715752869012</ele>
      </trkpt>
      <trkpt lat="54.84484" lon="-1.93456">
        <ele>231.9582857362472</ele>
      </trkpt>
      <trkpt lat="54.84498" lon="-1.93404">
        <ele>230.06393833744116</ele>
      </trkpt>
      <trkpt lat="54.84505" lon="-1.93357">
        <ele>228.96636773879948</ele>
      </trkpt>
      <trkpt lat="54.84509" lon="-1.93303">
        <ele>227.59503466412463</ele>
      </trkpt>
      <trkpt lat="54.84507" lon="-1.93334">
        <ele>228.05542575162855</ele>
      </trkpt>
      <trkpt lat="54.84473" lon="-1.93299">
        <ele>229.81156164236856</ele>
      </trkpt>
      <trkpt lat="54.84451" lon="-1.93282">
        <ele>232.56002215477707</ele>
      </trkpt>
      <trkpt lat="54.84421" lon="-1.93283">
        <ele>235.0039200515026</ele>
      </trkpt>
      <trkpt lat="54.84395" lon="-1.93287">
        <ele>236.03814113370723</ele>
      </trkpt>
      <trkpt lat="54.84362" lon="-1.93283">
        <ele>236.42764798270383</ele>
      </trkpt>
      <trkpt lat="54.84316" lon="-1.9327">
        <ele>240.13358765286435</ele>
      </trkpt>
      <trkpt lat="54.84282" lon="-1.93248">
        <ele>242.67186767395373</ele>
      </trkpt>
      <trkpt lat="54.84137" lon="-1.93239">
        <ele>260.5806219920529</ele>
      </trkpt>
      <trkpt lat="54.84132" lon="-1.93242">
        <ele>261.57405088222674</ele>
      </trkpt>
      <trkpt lat="54.84133" lon="-1.93243">
        <ele>261.50232717138806</ele>
      </trkpt>
      <trkpt lat="54.83974" lon="-1.92905">
        <ele>261.08817250515875</ele>
      </trkpt>
      <trkpt lat="54.83944" lon="-1.92869">
        <ele>263.20639775765636</ele>
      </trkpt>
      <trkpt lat="54.83925" lon="-1.92854">
        <ele>263.47512068795163</ele>
      </trkpt>
      <trkpt lat="54.83909" lon="-1.92845">
        <ele>263.6212906666803</ele>
      </trkpt>
      <trkpt lat="54.83888" lon="-1.9284">
        <ele>263.54652800001315</ele>
      </trkpt>
      <trkpt lat="54.83882" lon="-1.92813">
        <ele>262.6756420386426</ele>
      </trkpt>
      <trkpt lat="54.83865" lon="-1.92775">
        <ele>260.99629912052796</ele>
      </trkpt>
      <trkpt lat="54.83795" lon="-1.92681">
        <ele>249.238069496328</ele>
      </trkpt>
      <trkpt lat="54.83763" lon="-1.92623">
        <ele>246.6618282666436</ele>
      </trkpt>
      <trkpt lat="54.8373" lon="-1.9257">
        <ele>245.32368194363193</ele>
      </trkpt>
      <trkpt lat="54.8368" lon="-1.92506">
        <ele>243.15958920852393</ele>
      </trkpt>
      <trkpt lat="54.83653" lon="-1.92459">
        <ele>240.13125602674873</ele>
      </trkpt>
      <trkpt lat="54.83592" lon="-1.92341">
        <ele>231.69498869897865</ele>
      </trkpt>
      <trkpt lat="54.83555" lon="-1.9228">
        <ele>226.64818686889495</ele>
      </trkpt>
      <trkpt lat="54.83402" lon="-1.92006">
        <ele>205.88434471818704</ele>
      </trkpt>
      <trkpt lat="54.83392" lon="-1.91981">
        <ele>205.2522833093305</ele>
      </trkpt>
      <trkpt lat="54.83361" lon="-1.91837">
        <ele>199.40177453891405</ele>
      </trkpt>
      <trkpt lat="54.83355" lon="-1.91785">
        <ele>195.7321843286386</ele>
      </trkpt>
      <trkpt lat="54.83354" lon="-1.91732">
        <ele>193.2238150930969</ele>
      </trkpt>
      <trkpt lat="54.83356" lon="-1.91698">
        <ele>192.7260667388336</ele>
      </trkpt>
      <trkpt lat="54.83355" lon="-1.91692">
        <ele>192.665380375181</ele>
      </trkpt>
      <trkpt lat="54.83356" lon="-1.91698">
        <ele>192.7260667388336</ele>
      </trkpt>
      <trkpt lat="54.83331" lon="-1.91691">
        <ele>190.85971791763276</ele>
      </trkpt>
      <trkpt lat="54.83304" lon="-1.91699">
        <ele>187.58806371054038</ele>
      </trkpt>
      <trkpt lat="54.83285" lon="-1.91709">
        <ele>185.0349402575051</ele>
      </trkpt>
      <trkpt lat="54.8328" lon="-1.91709">
        <ele>184.70422635914366</ele>
      </trkpt>
      <trkpt lat="54.83265" lon="-1.91672">
        <ele>184.90891813419373</ele>
      </trkpt>
      <trkpt lat="54.83251" lon="-1.91644">
        <ele>186.0891183298085</ele>
      </trkpt>
      <trkpt lat="54.83238" lon="-1.91628">
        <ele>187.9804611029265</ele>
      </trkpt>
      <trkpt lat="54.83219" lon="-1.91623">
        <ele>192.34724186929088</ele>
      </trkpt>
      <trkpt lat="54.832" lon="-1.91612">
        <ele>197.54884198017595</ele>
      </trkpt>
      <trkpt lat="54.83188" lon="-1.91597">
        <ele>200.96273287325192</ele>
      </trkpt>
      <trkpt lat="54.83172" lon="-1.91571">
        <ele>205.69362202177308</ele>
      </trkpt>
      <trkpt lat="54.83152" lon="-1.91514">
        <ele>213.36630538206117</ele>
      </trkpt>
      <trkpt lat="54.83143" lon="-1.91478">
        <ele>216.23894247763602</ele>
      </trkpt>
      <trkpt lat="54.8313" lon="-1.91452">
        <ele>220.09595897123273</ele>
      </trkpt>
      <trkpt lat="54.83112" lon="-1.91441">
        <ele>224.55388989739654</ele>
      </trkpt>
      <trkpt lat="54.82987" lon="-1.91183">
        <ele>234.91789566477752</ele>
      </trkpt>
      <trkpt lat="54.82948" lon="-1.91165">
        <ele>235.2897825856702</ele>
      </trkpt>
      <trkpt lat="54.82926" lon="-1.9115">
        <ele>234.2952700499456</ele>
      </trkpt>
      <trkpt lat="54.82913" lon="-1.91125">
        <ele>233.90000000000146</ele>
      </trkpt>
      <trkpt lat="54.82901" lon="-1.91082">
        <ele>233.46154166001406</ele>
      </trkpt>
      <trkpt lat="54.82892" lon="-1.91072">
        <ele>233.41056316420494</ele>
      </trkpt>
      <trkpt lat="54.8284" lon="-1.9106">
        <ele>233.42067911112815</ele>
      </trkpt>
      <trkpt lat="54.82803" lon="-1.91044">
        <ele>234.1368135874065</ele>
      </trkpt>
      <trkpt lat="54.82791" lon="-1.91028">
        <ele>234.2613242046394</ele>
      </trkpt>
      <trkpt lat="54.82774" lon="-1.91013">
        <ele>234.62053886956315</ele>
      </trkpt>
      <trkpt lat="54.82676" lon="-1.90947">
        <ele>234.672857622896</ele>
      </trkpt>
      <trkpt lat="54.82642" lon="-1.90898">
        <ele>235.3312917333341</ele>
      </trkpt>
      <trkpt lat="54.82581" lon="-1.90853">
        <ele>235.99491761191075</ele>
      </trkpt>
      <trkpt lat="54.82566" lon="-1.90846">
        <ele>236.15882728532947</ele>
      </trkpt>
      <trkpt lat="54.82308" lon="-1.90805">
        <ele>244.37352708375525</ele>
      </trkpt>
      <trkpt lat="54.82249" lon="-1.90714">
        <ele>246.12368435121655</ele>
      </trkpt>
      <trkpt lat="54.82184" lon="-1.90726">
        <ele>248.02196325979304</ele>
      </trkpt>
      <trkpt lat="54.82196" lon="-1.9081">
        <ele>250.8979445583781</ele>
      </trkpt>
      <trkpt lat="54.8215" lon="-1.9083">
        <ele>249.55809126072606</ele>
      </trkpt>
      <trkpt lat="54.82119" lon="-1.90838">
        <ele>249.6297136675288</ele>
      </trkpt>
      <trkpt lat="54.81914" lon="-1.90856">
        <ele>253.84491741075243</ele>
      </trkpt>
      <trkpt lat="54.81926" lon="-1.90814">
        <ele>252.0442318222254</ele>
      </trkpt>
      <trkpt lat="54.81863" lon="-1.90802">
        <ele>252</ele>
      </trkpt>
      <trkpt lat="54.81835" lon="-1.90802">
        <ele>252</ele>
      </trkpt>
      <trkpt lat="54.8177" lon="-1.90822">
        <ele>252.6099046047781</ele>
      </trkpt>
      <trkpt lat="54.81744" lon="-1.90826">
        <ele>252.02517998237204</ele>
      </trkpt>
      <trkpt lat="54.81721" lon="-1.90823">
        <ele>251.93928930531328</ele>
      </trkpt>
      <trkpt lat="54.81602" lon="-1.90981">
        <ele>259.18639714561937</ele>
      </trkpt>
      <trkpt lat="54.81548" lon="-1.90932">
        <ele>258.5669842445527</ele>
      </trkpt>
      <trkpt lat="54.81533" lon="-1.90825">
        <ele>253.3665858994446</ele>
      </trkpt>
      <trkpt lat="54.81491" lon="-1.90828">
        <ele>253.28212350253028</ele>
      </trkpt>
      <trkpt lat="54.81481" lon="-1.90821">
        <ele>253.96070370588018</ele>
      </trkpt>
      <trkpt lat="54.81481" lon="-1.90811">
        <ele>254.4931873159079</ele>
      </trkpt>
      <trkpt lat="54.81484" lon="-1.90804">
        <ele>254.71387200288137</ele>
      </trkpt>
      <trkpt lat="54.81492" lon="-1.90792">
        <ele>255.00795708372985</ele>
      </trkpt>
      <trkpt lat="54.81519" lon="-1.90766">
        <ele>255.33298522635613</ele>
      </trkpt>
      <trkpt lat="54.8153" lon="-1.90747">
        <ele>255.6339623235221</ele>
      </trkpt>
      <trkpt lat="54.81294" lon="-1.90874">
        <ele>264.4503466873424</ele>
      </trkpt>
      <trkpt lat="54.81281" lon="-1.90886">
        <ele>264.77720214380054</ele>
      </trkpt>
      <trkpt lat="54.81261" lon="-1.90916">
        <ele>265.48593609929094</ele>
      </trkpt>
      <trkpt lat="54.81248" lon="-1.90916">
        <ele>266.01161102331326</ele>
      </trkpt>
      <trkpt lat="54.81231" lon="-1.9091">
        <ele>266.59921045646036</ele>
      </trkpt>
      <trkpt lat="54.81118" lon="-1.91009">
        <ele>269.03853611627284</ele>
      </trkpt>
      <trkpt lat="54.81063" lon="-1.91071">
        <ele>271.2691839335962</ele>
      </trkpt>
      <trkpt lat="54.81054" lon="-1.91086">
        <ele>271.86935889402054</ele>
      </trkpt>
      <trkpt lat="54.81044" lon="-1.91097">
        <ele>272.40186294135725</ele>
      </trkpt>
      <trkpt lat="54.8102" lon="-1.91108">
        <ele>273.6658783060972</ele>
      </trkpt>
      <trkpt lat="54.80996" lon="-1.91111">
        <ele>275.5116313454704</ele>
      </trkpt>
      <trkpt lat="54.80988" lon="-1.91081">
        <ele>275.9618857340902</ele>
      </trkpt>
      <trkpt lat="54.80956" lon="-1.90987">
        <ele>277.35463212310304</ele>
      </trkpt>
      <trkpt lat="54.8093" lon="-1.90924">
        <ele>276.12155107408825</ele>
      </trkpt>
      <trkpt lat="54.80928" lon="-1.90929">
        <ele>276.32296748792174</ele>
      </trkpt>
      <trkpt lat="54.80774" lon="-1.91218">
        <ele>292.69716919935513</ele>
      </trkpt>
      <trkpt lat="54.80607" lon="-1.91539">
        <ele>311.91156337715313</ele>
      </trkpt>
      <trkpt lat="54.80339" lon="-1.92044">
        <ele>352.22064983099773</ele>
      </trkpt>
      <trkpt lat="54.80333" lon="-1.92061">
        <ele>353.2786889727466</ele>
      </trkpt>
      <trkpt lat="54.80318" lon="-1.92072">
        <ele>354.7278219482422</ele>
      </trkpt>
      <trkpt lat="54.80303" lon="-1.92108">
        <ele>355.8794067122278</ele>
      </trkpt>
      <trkpt lat="54.80294" lon="-1.92121">
        <ele>356.28344717379764</ele>
      </trkpt>
      <trkpt lat="54.80279" lon="-1.92149">
        <ele>356.84492493574635</ele>
      </trkpt>
      <trkpt lat="54.80271" lon="-1.92154">
        <ele>357.16962710102143</ele>
      </trkpt>
      <trkpt lat="54.80246" lon="-1.91916">
        <ele>355.7313181674114</ele>
      </trkpt>
      <trkpt lat="54.80226" lon="-1.9178">
        <ele>357.79736413220024</ele>
      </trkpt>
      <trkpt lat="54.80209" lon="-1.91736">
        <ele>359.6120195354812</ele>
      </trkpt>
      <trkpt lat="54.80206" lon="-1.9171">
        <ele>359.36922073043047</ele>
      </trkpt>
      <trkpt lat="54.80208" lon="-1.91624">
        <ele>356.56449833470487</ele>
      </trkpt>
      <trkpt lat="54.80196" lon="-1.91541">
        <ele>353.5221829757296</ele>
      </trkpt>
      <trkpt lat="54.80196" lon="-1.91517">
        <ele>352.49480129815714</ele>
      </trkpt>
      <trkpt lat="54.80112" lon="-1.90798">
        <ele>351.65541738073904</ele>
      </trkpt>
      <trkpt lat="54.80087" lon="-1.90696">
        <ele>352.41627279091733</ele>
      </trkpt>
      <trkpt lat="54.8006" lon="-1.906">
        <ele>352.2515995005109</ele>
      </trkpt>
      <trkpt lat="54.80022" lon="-1.90503">
        <ele>352.80005702271626</ele>
      </trkpt>
      <trkpt lat="54.79984" lon="-1.90424">
        <ele>353.0088635760127</ele>
      </trkpt>
      <trkpt lat="54.79948" lon="-1.90361">
        <ele>351.70336186396963</ele>
      </trkpt>
      <trkpt lat="54.7991" lon="-1.90317">
        <ele>350.7679339734847</ele>
      </trkpt>
      <trkpt lat="54.79853" lon="-1.90284">
        <ele>351.4248611654017</ele>
      </trkpt>
      <trkpt lat="54.79719" lon="-1.90267">
        <ele>350.78638616218285</ele>
      </trkpt>
      <trkpt lat="54.79659" lon="-1.90265">
        <ele>349.9437546666486</ele>
      </trkpt>
      <trkpt lat="54.79515" lon="-1.9022">
        <ele>348.93630222212596</ele>
      </trkpt>
      <trkpt lat="54.79652" lon="-1.90163">
        <ele>346.0785962666395</ele>
      </trkpt>
      <trkpt lat="54.7968" lon="-1.9014">
        <ele>345.7666219756285</ele>
      </trkpt>
      <trkpt lat="54.79703" lon="-1.90125">
        <ele>346.4725834683527</ele>
      </trkpt>
      <trkpt lat="54.79738" lon="-1.90106">
        <ele>347.7352345454154</ele>
      </trkpt>
      <trkpt lat="54.79775" lon="-1.9009">
        <ele>347.9710355956777</ele>
      </trkpt>
      <trkpt lat="54.79825" lon="-1.90074">
        <ele>347.8678207999803</ele>
      </trkpt>
      <trkpt lat="54.79853" lon="-1.90069">
        <ele>347.6484315967894</ele>
      </trkpt>
      <trkpt lat="54.79898" lon="-1.90052">
        <ele>345.7088397286233</ele>
      </trkpt>
      <trkpt lat="54.79913" lon="-1.90052">
        <ele>345.1179549975795</ele>
      </trkpt>
      <trkpt lat="54.79981" lon="-1.90067">
        <ele>341.45894300912175</ele>
      </trkpt>
      <trkpt lat="54.79996" lon="-1.90087">
        <ele>341.01334053356254</ele>
      </trkpt>
      <trkpt lat="54.8007" lon="-1.90124">
        <ele>340.7051491555533</ele>
      </trkpt>
      <trkpt lat="54.80111" lon="-1.90148">
        <ele>340.90000000000146</ele>
      </trkpt>
      <trkpt lat="54.80118" lon="-1.90156">
        <ele>340.9000000000015</ele>
      </trkpt>
      <trkpt lat="54.80124" lon="-1.90169">
        <ele>340.74850249004174</ele>
      </trkpt>
      <trkpt lat="54.80129" lon="-1.90175">
        <ele>340.5775343082383</ele>
      </trkpt>
      <trkpt lat="54.80171" lon="-1.90197">
        <ele>340.044339199993</ele>
      </trkpt>
      <trkpt lat="54.80233" lon="-1.90215">
        <ele>339.0653759999901</ele>
      </trkpt>
      <trkpt lat="54.80274" lon="-1.90222">
        <ele>338.5737128113038</ele>
      </trkpt>
      <trkpt lat="54.80321" lon="-1.90227">
        <ele>337.4894181265576</ele>
      </trkpt>
      <trkpt lat="54.80333" lon="-1.90222">
        <ele>337.6125990797774</ele>
      </trkpt>
      <trkpt lat="54.80333" lon="-1.90188">
        <ele>338.8543800262975</ele>
      </trkpt>
      <trkpt lat="54.80335" lon="-1.90176">
        <ele>339.1814138164704</ele>
      </trkpt>
      <trkpt lat="54.80343" lon="-1.90154">
        <ele>339.565141979593</ele>
      </trkpt>
      <trkpt lat="54.80377" lon="-1.90031">
        <ele>343.1711490187337</ele>
      </trkpt>
      <trkpt lat="54.80456" lon="-1.89802">
        <ele>343.14642275555576</ele>
      </trkpt>
      <trkpt lat="54.80469" lon="-1.8978">
        <ele>343.5054826666601</ele>
      </trkpt>
      <trkpt lat="54.80473" lon="-1.89766">
        <ele>343.6785742652609</ele>
      </trkpt>
      <trkpt lat="54.80472" lon="-1.89759">
        <ele>343.83470572808375</ele>
      </trkpt>
      <trkpt lat="54.80386" lon="-1.89521">
        <ele>339.01793597126385</ele>
      </trkpt>
      <trkpt lat="54.80367" lon="-1.8946">
        <ele>338.63797688889366</ele>
      </trkpt>
      <trkpt lat="54.80273" lon="-1.89129">
        <ele>329.83379483986766</ele>
      </trkpt>
      <trkpt lat="54.80266" lon="-1.89062">
        <ele>329.0485076555985</ele>
      </trkpt>
      <trkpt lat="54.8026" lon="-1.89064">
        <ele>328.8525513648526</ele>
      </trkpt>
      <trkpt lat="54.80118" lon="-1.89113">
        <ele>320.9546451882703</ele>
      </trkpt>
      <trkpt lat="54.80101" lon="-1.89113">
        <ele>319.9666341146459</ele>
      </trkpt>
      <trkpt lat="54.80085" lon="-1.89109">
        <ele>319.4133143916504</ele>
      </trkpt>
      <trkpt lat="54.8002" lon="-1.89073">
        <ele>321.1685110165205</ele>
      </trkpt>
      <trkpt lat="54.79828" lon="-1.88958">
        <ele>314.3597515651966</ele>
      </trkpt>
      <trkpt lat="54.7981" lon="-1.88951">
        <ele>313.1833460938655</ele>
      </trkpt>
      <trkpt lat="54.79795" lon="-1.88949">
        <ele>312.2053329485456</ele>
      </trkpt>
      <trkpt lat="54.79759" lon="-1.88959">
        <ele>310.2620333916049</ele>
      </trkpt>
      <trkpt lat="54.79736" lon="-1.8897">
        <ele>310.4200561128102</ele>
      </trkpt>
      <trkpt lat="54.79697" lon="-1.88973">
        <ele>313.333073809744</ele>
      </trkpt>
      <trkpt lat="54.79674" lon="-1.88988">
        <ele>314.5764262577292</ele>
      </trkpt>
      <trkpt lat="54.79646" lon="-1.88991">
        <ele>315.10474239999934</ele>
      </trkpt>
      <trkpt lat="54.79625" lon="-1.88984">
        <ele>315.813415635867</ele>
      </trkpt>
      <trkpt lat="54.79251" lon="-1.88705">
        <ele>337</ele>
      </trkpt>
      <trkpt lat="54.78723" lon="-1.88693">
        <ele>341.1441265863378</ele>
      </trkpt>
      <trkpt lat="54.78688" lon="-1.88683">
        <ele>341.72453884861955</ele>
      </trkpt>
      <trkpt lat="54.7864" lon="-1.88653">
        <ele>342.80584956407637</ele>
      </trkpt>
      <trkpt lat="54.78403" lon="-1.88476">
        <ele>344.5530997470031</ele>
      </trkpt>
      <trkpt lat="54.78206" lon="-1.88344">
        <ele>343.7454767324065</ele>
      </trkpt>
      <trkpt lat="54.78133" lon="-1.8831">
        <ele>345.39319487617007</ele>
      </trkpt>
      <trkpt lat="54.78068" lon="-1.88292">
        <ele>347.75119823382636</ele>
      </trkpt>
      <trkpt lat="54.77947" lon="-1.88242">
        <ele>349.70372674255714</ele>
      </trkpt>
      <trkpt lat="54.77936" lon="-1.88239">
        <ele>350.01225361465583</ele>
      </trkpt>
      <trkpt lat="54.77916" lon="-1.88244">
        <ele>350.60312319998667</ele>
      </trkpt>
      <trkpt lat="54.77852" lon="-1.88131">
        <ele>347.5088384711186</ele>
      </trkpt>
      <trkpt lat="54.77845" lon="-1.88108">
        <ele>346.62164274458814</ele>
      </trkpt>
      <trkpt lat="54.77837" lon="-1.88102">
        <ele>346.207368497622</ele>
      </trkpt>
      <trkpt lat="54.7783" lon="-1.88109">
        <ele>346.2016957555458</ele>
      </trkpt>
      <trkpt lat="54.77826" lon="-1.8811">
        <ele>346.09440569749614</ele>
      </trkpt>
      <trkpt lat="54.77728" lon="-1.88084">
        <ele>344.7903380719143</ele>
      </trkpt>
      <trkpt lat="54.77658" lon="-1.88051">
        <ele>343.4130000695594</ele>
      </trkpt>
      <trkpt lat="54.77644" lon="-1.88043">
        <ele>342.7512482635452</ele>
      </trkpt>
      <trkpt lat="54.77635" lon="-1.88035">
        <ele>342.4854632737356</ele>
      </trkpt>
      <trkpt lat="54.77575" lon="-1.88015">
        <ele>340.94795523975085</ele>
      </trkpt>
      <trkpt lat="54.77532" lon="-1.87986">
        <ele>340.40859870349584</ele>
      </trkpt>
      <trkpt lat="54.7751" lon="-1.87967">
        <ele>340.2839143057825</ele>
      </trkpt>
      <trkpt lat="54.77494" lon="-1.87948">
        <ele>340.4109603587441</ele>
      </trkpt>
      <trkpt lat="54.77412" lon="-1.87963">
        <ele>336.02932194657654</ele>
      </trkpt>
      <trkpt lat="54.77387" lon="-1.87972">
        <ele>333.94013835655096</ele>
      </trkpt>
      <trkpt lat="54.77373" lon="-1.87972">
        <ele>333.5734229036848</ele>
      </trkpt>
      <trkpt lat="54.77357" lon="-1.87982">
        <ele>332.761372665492</ele>
      </trkpt>
      <trkpt lat="54.77338" lon="-1.87989">
        <ele>332.1284252290268</ele>
      </trkpt>
      <trkpt lat="54.77294" lon="-1.87989">
        <ele>331.42743563943156</ele>
      </trkpt>
      <trkpt lat="54.77288" lon="-1.87991">
        <ele>331.5191090809192</ele>
      </trkpt>
      <trkpt lat="54.77283" lon="-1.88003">
        <ele>331.0132546391108</ele>
      </trkpt>
      <trkpt lat="54.77279" lon="-1.88035">
        <ele>328.96309227942464</ele>
      </trkpt>
      <trkpt lat="54.77273" lon="-1.88055">
        <ele>327.13647403812547</ele>
      </trkpt>
      <trkpt lat="54.77123" lon="-1.88477">
        <ele>296.12915860394713</ele>
      </trkpt>
      <trkpt lat="54.77116" lon="-1.88507">
        <ele>293.90904095239534</ele>
      </trkpt>
      <trkpt lat="54.77117" lon="-1.8853">
        <ele>291.68071023306834</ele>
      </trkpt>
      <trkpt lat="54.77133" lon="-1.88581">
        <ele>287.2738170973498</ele>
      </trkpt>
      <trkpt lat="54.77157" lon="-1.88638">
        <ele>283.3181535879512</ele>
      </trkpt>
      <trkpt lat="54.77166" lon="-1.88654">
        <ele>281.56631123882397</ele>
      </trkpt>
      <trkpt lat="54.77177" lon="-1.88664">
        <ele>280.362309821786</ele>
      </trkpt>
      <trkpt lat="54.77186" lon="-1.88675">
        <ele>278.99229791457844</ele>
      </trkpt>
      <trkpt lat="54.77224" lon="-1.88787">
        <ele>265.96572228877324</ele>
      </trkpt>
      <trkpt lat="54.77251" lon="-1.889">
        <ele>257.0470721607101</ele>
      </trkpt>
      <trkpt lat="54.77261" lon="-1.88968">
        <ele>251.68311299136857</ele>
      </trkpt>
      <trkpt lat="54.77259" lon="-1.88996">
        <ele>250.7139027007397</ele>
      </trkpt>
      <trkpt lat="54.77249" lon="-1.89026">
        <ele>251.17533919279091</ele>
      </trkpt>
      <trkpt lat="54.77243" lon="-1.8906">
        <ele>251.2594307988895</ele>
      </trkpt>
      <trkpt lat="54.77239" lon="-1.89097">
        <ele>251.27980400502557</ele>
      </trkpt>
      <trkpt lat="54.77244" lon="-1.89203">
        <ele>241.99273055937022</ele>
      </trkpt>
      <trkpt lat="54.77241" lon="-1.89248">
        <ele>237.51879330629095</ele>
      </trkpt>
      <trkpt lat="54.77238" lon="-1.89265">
        <ele>236.47673163747743</ele>
      </trkpt>
      <trkpt lat="54.7723" lon="-1.89296">
        <ele>234.84647824662684</ele>
      </trkpt>
      <trkpt lat="54.77212" lon="-1.8934">
        <ele>230.89254047731623</ele>
      </trkpt>
      <trkpt lat="54.77199" lon="-1.89365">
        <ele>228.14584561111477</ele>
      </trkpt>
      <trkpt lat="54.77184" lon="-1.89385">
        <ele>225.48059665151067</ele>
      </trkpt>
      <trkpt lat="54.77161" lon="-1.89428">
        <ele>222.01112193828544</ele>
      </trkpt>
      <trkpt lat="54.77153" lon="-1.89452">
        <ele>221.50856127426184</ele>
      </trkpt>
      <trkpt lat="54.77129" lon="-1.89566">
        <ele>224.92019640853084</ele>
      </trkpt>
      <trkpt lat="54.77129" lon="-1.89584">
        <ele>225.86913362010722</ele>
      </trkpt>
      <trkpt lat="54.77133" lon="-1.89616">
        <ele>227.2564598706225</ele>
      </trkpt>
      <trkpt lat="54.77141" lon="-1.89641">
        <ele>228.472492746028</ele>
      </trkpt>
      <trkpt lat="54.77149" lon="-1.89674">
        <ele>230.87527082367637</ele>
      </trkpt>
      <trkpt lat="54.77141" lon="-1.89682">
        <ele>230.88309654858972</ele>
      </trkpt>
      <trkpt lat="54.77037" lon="-1.8978">
        <ele>232.18812657040618</ele>
      </trkpt>
      <trkpt lat="54.77002" lon="-1.89807">
        <ele>231.48205393897592</ele>
      </trkpt>
      <trkpt lat="54.76982" lon="-1.89819">
        <ele>231.13234126980052</ele>
      </trkpt>
      <trkpt lat="54.76957" lon="-1.89829">
        <ele>229.9714480543986</ele>
      </trkpt>
      <trkpt lat="54.76923" lon="-1.89829">
        <ele>227.56074849755618</ele>
      </trkpt>
      <trkpt lat="54.76883" lon="-1.89848">
        <ele>225.56387915831598</ele>
      </trkpt>
      <trkpt lat="54.76848" lon="-1.89857">
        <ele>225.3352663577081</ele>
      </trkpt>
      <trkpt lat="54.76827" lon="-1.89878">
        <ele>225.75271176551558</ele>
      </trkpt>
      <trkpt lat="54.76812" lon="-1.89903">
        <ele>225.33937493334648</ele>
      </trkpt>
      <trkpt lat="54.76803" lon="-1.8994">
        <ele>224.73860622223089</ele>
      </trkpt>
      <trkpt lat="54.768" lon="-1.89967">
        <ele>223.9721002666991</ele>
      </trkpt>
      <trkpt lat="54.76793" lon="-1.89963">
        <ele>224.1119104000051</ele>
      </trkpt>
      <trkpt lat="54.76788" lon="-1.90009">
        <ele>223.21409674894608</ele>
      </trkpt>
      <trkpt lat="54.76783" lon="-1.90144">
        <ele>225.6537412328417</ele>
      </trkpt>
      <trkpt lat="54.76786" lon="-1.90155">
        <ele>226.15939465784538</ele>
      </trkpt>
      <trkpt lat="54.76791" lon="-1.90159">
        <ele>226.50116425459302</ele>
      </trkpt>
      <trkpt lat="54.76787" lon="-1.90188">
        <ele>227.15161373054195</ele>
      </trkpt>
      <trkpt lat="54.76782" lon="-1.90201">
        <ele>227.10395398894363</ele>
      </trkpt>
      <trkpt lat="54.76774" lon="-1.90214">
        <ele>227.36959182927458</ele>
      </trkpt>
      <trkpt lat="54.76766" lon="-1.90222">
        <ele>227.7882124338773</ele>
      </trkpt>
      <trkpt lat="54.76739" lon="-1.90237">
        <ele>229.82476641209874</ele>
      </trkpt>
      <trkpt lat="54.76729" lon="-1.90238">
        <ele>230.32257522876563</ele>
      </trkpt>
      <trkpt lat="54.76719" lon="-1.90236">
        <ele>230.67594527662783</ele>
      </trkpt>
      <trkpt lat="54.76685" lon="-1.90196">
        <ele>229.1022554498973</ele>
      </trkpt>
      <trkpt lat="54.76685" lon="-1.90184">
        <ele>228.90589845979946</ele>
      </trkpt>
      <trkpt lat="54.76659" lon="-1.90164">
        <ele>228.1686697944055</ele>
      </trkpt>
      <trkpt lat="54.7662" lon="-1.90187">
        <ele>225.5603143378334</ele>
      </trkpt>
      <trkpt lat="54.76509" lon="-1.90285">
        <ele>227.06842270666198</ele>
      </trkpt>
      <trkpt lat="54.7644" lon="-1.9032">
        <ele>225.3871770581681</ele>
      </trkpt>
      <trkpt lat="54.7624" lon="-1.9032">
        <ele>223.7966612291533</ele>
      </trkpt>
      <trkpt lat="54.7624" lon="-1.90332">
        <ele>223.94960039195132</ele>
      </trkpt>
      <trkpt lat="54.76177" lon="-1.90332">
        <ele>227.24014141482849</ele>
      </trkpt>
      <trkpt lat="54.76174" lon="-1.89777">
        <ele>225.08434374812265</ele>
      </trkpt>
      <trkpt lat="54.76249" lon="-1.89807">
        <ele>234.73188987094989</ele>
      </trkpt>
      <trkpt lat="54.76295" lon="-1.89805">
        <ele>242.43463856519688</ele>
      </trkpt>
      <trkpt lat="54.76308" lon="-1.89771">
        <ele>249.24200031703816</ele>
      </trkpt>
      <trkpt lat="54.76307" lon="-1.89766">
        <ele>249.95659169731755</ele>
      </trkpt>
      <trkpt lat="54.76284" lon="-1.89753">
        <ele>249.47438137901568</ele>
      </trkpt>
      <trkpt lat="54.76261" lon="-1.89735">
        <ele>249.53275043955122</ele>
      </trkpt>
      <trkpt lat="54.76254" lon="-1.89726">
        <ele>250.43071570447722</ele>
      </trkpt>
      <trkpt lat="54.76211" lon="-1.89646">
        <ele>257.9507220721858</ele>
      </trkpt>
      <trkpt lat="54.76195" lon="-1.89601">
        <ele>261.4969561229241</ele>
      </trkpt>
      <trkpt lat="54.76194" lon="-1.89582">
        <ele>262.2566952267109</ele>
      </trkpt>
      <trkpt lat="54.76197" lon="-1.89559">
        <ele>264.7505161280281</ele>
      </trkpt>
      <trkpt lat="54.76206" lon="-1.89535">
        <ele>268.2929092143672</ele>
      </trkpt>
      <trkpt lat="54.76218" lon="-1.89512">
        <ele>272.13613437088225</ele>
      </trkpt>
      <trkpt lat="54.76264" lon="-1.89433">
        <ele>282.0544469671337</ele>
      </trkpt>
      <trkpt lat="54.76263" lon="-1.89424">
        <ele>282.0241156164332</ele>
      </trkpt>
      <trkpt lat="54.76248" lon="-1.89403">
        <ele>281.15305477267566</ele>
      </trkpt>
      <trkpt lat="54.76243" lon="-1.894">
        <ele>280.87408568093457</ele>
      </trkpt>
      <trkpt lat="54.76235" lon="-1.894">
        <ele>280.2623402992509</ele>
      </trkpt>
      <trkpt lat="54.76223" lon="-1.89405">
        <ele>278.8842952188574</ele>
      </trkpt>
      <trkpt lat="54.76193" lon="-1.89411">
        <ele>275.84233381013877</ele>
      </trkpt>
      <trkpt lat="54.76137" lon="-1.89415">
        <ele>270.0927674116925</ele>
      </trkpt>
      <trkpt lat="54.76099" lon="-1.89414">
        <ele>268.4703552001399</ele>
      </trkpt>
      <trkpt lat="54.76083" lon="-1.8941">
        <ele>268.7436009217293</ele>
      </trkpt>
      <trkpt lat="54.7605" lon="-1.8939">
        <ele>269.8189903547798</ele>
      </trkpt>
      <trkpt lat="54.76034" lon="-1.89375">
        <ele>271.0187214084952</ele>
      </trkpt>
      <trkpt lat="54.76023" lon="-1.8936">
        <ele>272.52922032151866</ele>
      </trkpt>
      <trkpt lat="54.76005" lon="-1.89328">
        <ele>276.28923022225536</ele>
      </trkpt>
      <trkpt lat="54.75999" lon="-1.89323">
        <ele>276.7902407111373</ele>
      </trkpt>
      <trkpt lat="54.7599" lon="-1.89321">
        <ele>276.95335253332814</ele>
      </trkpt>
      <trkpt lat="54.75942" lon="-1.89326">
        <ele>278.7996884613502</ele>
      </trkpt>
      <trkpt lat="54.7589" lon="-1.89325">
        <ele>274.14706239644505</ele>
      </trkpt>
      <trkpt lat="54.75841" lon="-1.89312">
        <ele>270.72264390959276</ele>
      </trkpt>
      <trkpt lat="54.75813" lon="-1.89308">
        <ele>269.04067079960214</ele>
      </trkpt>
      <trkpt lat="54.75795" lon="-1.8931">
        <ele>267.41769258161025</ele>
      </trkpt>
      <trkpt lat="54.75751" lon="-1.89338">
        <ele>256.9594465963321</ele>
      </trkpt>
      <trkpt lat="54.75735" lon="-1.89343">
        <ele>253.4941572380962</ele>
      </trkpt>
      <trkpt lat="54.7572" lon="-1.89344">
        <ele>251.3655418521504</ele>
      </trkpt>
      <trkpt lat="54.75682" lon="-1.89338">
        <ele>248.8934065624065</ele>
      </trkpt>
      <trkpt lat="54.75667" lon="-1.89329">
        <ele>248.59444967486075</ele>
      </trkpt>
      <trkpt lat="54.75649" lon="-1.89314">
        <ele>248.3984775274534</ele>
      </trkpt>
      <trkpt lat="54.75624" lon="-1.89289">
        <ele>247.92822650885765</ele>
      </trkpt>
      <trkpt lat="54.756" lon="-1.89262">
        <ele>246.19697030019455</ele>
      </trkpt>
      <trkpt lat="54.75526" lon="-1.8915">
        <ele>238.42026681769676</ele>
      </trkpt>
      <trkpt lat="54.75508" lon="-1.89108">
        <ele>240.75319679996562</ele>
      </trkpt>
      <trkpt lat="54.75503" lon="-1.89033">
        <ele>252.03704428682218</ele>
      </trkpt>
      <trkpt lat="54.75477" lon="-1.89008">
        <ele>257.7658722106602</ele>
      </trkpt>
      <trkpt lat="54.7541" lon="-1.89008">
        <ele>261.04107523281164</ele>
      </trkpt>
      <trkpt lat="54.75234" lon="-1.89127">
        <ele>254.3177952297706</ele>
      </trkpt>
      <trkpt lat="54.7507" lon="-1.89112">
        <ele>260.0057126579856</ele>
      </trkpt>
      <trkpt lat="54.7492" lon="-1.89025">
        <ele>256.11252323947883</ele>
      </trkpt>
      <trkpt lat="54.74522" lon="-1.88745">
        <ele>255.12734402248122</ele>
      </trkpt>
      <trkpt lat="54.74408" lon="-1.88561">
        <ele>245.70943400263783</ele>
      </trkpt>
      <trkpt lat="54.742" lon="-1.88545">
        <ele>231.09560071851627</ele>
      </trkpt>
      <trkpt lat="54.74185" lon="-1.88537">
        <ele>230.51820097847246</ele>
      </trkpt>
      <trkpt lat="54.74134" lon="-1.88434">
        <ele>223.73542800607805</ele>
      </trkpt>
      <trkpt lat="54.74129" lon="-1.88418">
        <ele>223.34888103883773</ele>
      </trkpt>
      <trkpt lat="54.74126" lon="-1.88382">
        <ele>222.57210072670196</ele>
      </trkpt>
      <trkpt lat="54.7412" lon="-1.88363">
        <ele>222.03692595599838</ele>
      </trkpt>
      <trkpt lat="54.74109" lon="-1.88354">
        <ele>221.6886856718653</ele>
      </trkpt>
      <trkpt lat="54.74056" lon="-1.88334">
        <ele>214.31173121063125</ele>
      </trkpt>
      <trkpt lat="54.74027" lon="-1.88326">
        <ele>207.92335287860797</ele>
      </trkpt>
      <trkpt lat="54.73967" lon="-1.88317">
        <ele>195.68530687929666</ele>
      </trkpt>
      <trkpt lat="54.73921" lon="-1.88307">
        <ele>188.66861392788178</ele>
      </trkpt>
      <trkpt lat="54.73884" lon="-1.88307">
        <ele>185.62749623118495</ele>
      </trkpt>
      <trkpt lat="54.73732" lon="-1.8829">
        <ele>168.48793617133185</ele>
      </trkpt>
      <trkpt lat="54.73664" lon="-1.88277">
        <ele>162.35137385718247</ele>
      </trkpt>
      <trkpt lat="54.73614" lon="-1.88264">
        <ele>157.38441489585736</ele>
      </trkpt>
      <trkpt lat="54.73592" lon="-1.88266">
        <ele>155.78375147949077</ele>
      </trkpt>
      <trkpt lat="54.73589" lon="-1.88259">
        <ele>155.788919023239</ele>
      </trkpt>
      <trkpt lat="54.73625" lon="-1.88355">
        <ele>156.1752880548722</ele>
      </trkpt>
      <trkpt lat="54.73619" lon="-1.8836">
        <ele>155.57267821286885</ele>
      </trkpt>
      <trkpt lat="54.73594" lon="-1.88356">
        <ele>153.80122338421694</ele>
      </trkpt>
      <trkpt lat="54.73576" lon="-1.88356">
        <ele>152.51150479286497</ele>
      </trkpt>
      <trkpt lat="54.73521" lon="-1.88364">
        <ele>149.63383099190898</ele>
      </trkpt>
      <trkpt lat="54.73506" lon="-1.88364">
        <ele>149.83584204381464</ele>
      </trkpt>
      <trkpt lat="54.73449" lon="-1.88327">
        <ele>149.21414694963102</ele>
      </trkpt>
      <trkpt lat="54.73436" lon="-1.88321">
        <ele>148.45544954701396</ele>
      </trkpt>
      <trkpt lat="54.73427" lon="-1.8831">
        <ele>147.88081452539203</ele>
      </trkpt>
      <trkpt lat="54.73418" lon="-1.88303">
        <ele>147.29925945652738</ele>
      </trkpt>
      <trkpt lat="54.73402" lon="-1.8828">
        <ele>147.18946702783077</ele>
      </trkpt>
      <trkpt lat="54.73326" lon="-1.88209">
        <ele>144.4389626168893</ele>
      </trkpt>
      <trkpt lat="54.7332" lon="-1.88201">
        <ele>144.1435976395922</ele>
      </trkpt>
      <trkpt lat="54.73306" lon="-1.88166">
        <ele>143.77152547114625</ele>
      </trkpt>
      <trkpt lat="54.73311" lon="-1.88162">
        <ele>144.0506710615673</ele>
      </trkpt>
      <trkpt lat="54.73269" lon="-1.88205">
        <ele>142.85282133333513</ele>
      </trkpt>
      <trkpt lat="54.73247" lon="-1.88219">
        <ele>142.6857959701755</ele>
      </trkpt>
      <trkpt lat="54.73173" lon="-1.88246">
        <ele>143.20341350172998</ele>
      </trkpt>
      <trkpt lat="54.73151" lon="-1.88266">
        <ele>143.1157603555363</ele>
      </trkpt>
      <trkpt lat="54.73096" lon="-1.88331">
        <ele>142.08868176550652</ele>
      </trkpt>
      <trkpt lat="54.73087" lon="-1.88336">
        <ele>141.66855572721153</ele>
      </trkpt>
      <trkpt lat="54.73033" lon="-1.88321">
        <ele>140.78133285977052</ele>
      </trkpt>
      <trkpt lat="54.72988" lon="-1.88647">
        <ele>142.90314808888502</ele>
      </trkpt>
      <trkpt lat="54.72989" lon="-1.88606">
        <ele>143.43905622151232</ele>
      </trkpt>
      <trkpt lat="54.72981" lon="-1.8865">
        <ele>142.85890279200746</ele>
      </trkpt>
      <trkpt lat="54.72975" lon="-1.88661">
        <ele>142.64003626667014</ele>
      </trkpt>
      <trkpt lat="54.72966" lon="-1.88665">
        <ele>142.52312103319056</ele>
      </trkpt>
      <trkpt lat="54.72921" lon="-1.88673">
        <ele>141.06030863247963</ele>
      </trkpt>
      <trkpt lat="54.7288" lon="-1.88686">
        <ele>138.96339709428187</ele>
      </trkpt>
      <trkpt lat="54.7287" lon="-1.88684">
        <ele>138.6064717085108</ele>
      </trkpt>
      <trkpt lat="54.72858" lon="-1.88679">
        <ele>138.533640493049</ele>
      </trkpt>
      <trkpt lat="54.72798" lon="-1.88637">
        <ele>139</ele>
      </trkpt>
      <trkpt lat="54.72715" lon="-1.88605">
        <ele>138.88889079408068</ele>
      </trkpt>
      <trkpt lat="54.72648" lon="-1.88572">
        <ele>142.75388708782947</ele>
      </trkpt>
      <trkpt lat="54.72645" lon="-1.88576">
        <ele>143.33682562352715</ele>
      </trkpt>
      <trkpt lat="54.72631" lon="-1.88625">
        <ele>146.8536251910032</ele>
      </trkpt>
      <trkpt lat="54.72616" lon="-1.88654">
        <ele>151.77407767740215</ele>
      </trkpt>
      <trkpt lat="54.72603" lon="-1.88695">
        <ele>156.40573648313176</ele>
      </trkpt>
      <trkpt lat="54.72597" lon="-1.88708">
        <ele>158.02167552728298</ele>
      </trkpt>
      <trkpt lat="54.72597" lon="-1.88687">
        <ele>157.8613675101202</ele>
      </trkpt>
      <trkpt lat="54.72597" lon="-1.88708">
        <ele>158.02167552728298</ele>
      </trkpt>
      <trkpt lat="54.7258" lon="-1.88695">
        <ele>161.89781495723943</ele>
      </trkpt>
      <trkpt lat="54.72565" lon="-1.88689">
        <ele>164.25683835339788</ele>
      </trkpt>
      <trkpt lat="54.72522" lon="-1.8869">
        <ele>169.16162932911493</ele>
      </trkpt>
      <trkpt lat="54.72515" lon="-1.88692">
        <ele>169.77887590678762</ele>
      </trkpt>
      <trkpt lat="54.72502" lon="-1.88709">
        <ele>170.67365591451602</ele>
      </trkpt>
      <trkpt lat="54.72497" lon="-1.88711">
        <ele>171.50850389066503</ele>
      </trkpt>
      <trkpt lat="54.72477" lon="-1.88866">
        <ele>174.67999259829594</ele>
      </trkpt>
      <trkpt lat="54.7247" lon="-1.88994">
        <ele>174.03398818802214</ele>
      </trkpt>
      <trkpt lat="54.72466" lon="-1.89028">
        <ele>174.3000000000011</ele>
      </trkpt>
      <trkpt lat="54.72475" lon="-1.89126">
        <ele>175.38532263636677</ele>
      </trkpt>
      <trkpt lat="54.72474" lon="-1.89179">
        <ele>175.94585494419607</ele>
      </trkpt>
      <trkpt lat="54.72483" lon="-1.89317">
        <ele>174.56038074805468</ele>
      </trkpt>
      <trkpt lat="54.72483" lon="-1.8939">
        <ele>174.56038074805465</ele>
      </trkpt>
      <trkpt lat="54.72483" lon="-1.89395">
        <ele>174.56038074805465</ele>
      </trkpt>
      <trkpt lat="54.72473" lon="-1.89413">
        <ele>175.59237371459676</ele>
      </trkpt>
      <trkpt lat="54.72453" lon="-1.89428">
        <ele>176.4851086799472</ele>
      </trkpt>
      <trkpt lat="54.7242" lon="-1.89435">
        <ele>177.75478968710425</ele>
      </trkpt>
      <trkpt lat="54.72396" lon="-1.89495">
        <ele>179.22756652543347</ele>
      </trkpt>
      <trkpt lat="54.72379" lon="-1.8952">
        <ele>180.53136018712598</ele>
      </trkpt>
      <trkpt lat="54.72363" lon="-1.89534">
        <ele>181.33059621055267</ele>
      </trkpt>
      <trkpt lat="54.72325" lon="-1.89589">
        <ele>183.39271069071282</ele>
      </trkpt>
      <trkpt lat="54.72318" lon="-1.89596">
        <ele>183.91635803100795</ele>
      </trkpt>
      <trkpt lat="54.7219" lon="-1.89619">
        <ele>191.61822758838596</ele>
      </trkpt>
      <trkpt lat="54.72153" lon="-1.8962">
        <ele>194.2042383647525</ele>
      </trkpt>
      <trkpt lat="54.72091" lon="-1.89616">
        <ele>198.7946789881456</ele>
      </trkpt>
      <trkpt lat="54.7206" lon="-1.89618">
        <ele>200.6214475975675</ele>
      </trkpt>
      <trkpt lat="54.72043" lon="-1.89623">
        <ele>202.06511244569086</ele>
      </trkpt>
      <trkpt lat="54.7203" lon="-1.89636">
        <ele>203.3763096390303</ele>
      </trkpt>
      <trkpt lat="54.72025" lon="-1.89651">
        <ele>203.8806151323497</ele>
      </trkpt>
      <trkpt lat="54.7202" lon="-1.89679">
        <ele>204.8885130670733</ele>
      </trkpt>
      <trkpt lat="54.72003" lon="-1.89844">
        <ele>206.57973114762092</ele>
      </trkpt>
      <trkpt lat="54.71993" lon="-1.89846">
        <ele>207.28489333568245</ele>
      </trkpt>
      <trkpt lat="54.71985" lon="-1.89851">
        <ele>207.89202934810993</ele>
      </trkpt>
      <trkpt lat="54.71981" lon="-1.89856">
        <ele>208.21108599049109</ele>
      </trkpt>
      <trkpt lat="54.71965" lon="-1.89963">
        <ele>210.49387562654528</ele>
      </trkpt>
      <trkpt lat="54.71952" lon="-1.9">
        <ele>213.12473783101953</ele>
      </trkpt>
      <trkpt lat="54.71923" lon="-1.90173">
        <ele>219.04910845223446</ele>
      </trkpt>
      <trkpt lat="54.71922" lon="-1.90181">
        <ele>219.39351361137267</ele>
      </trkpt>
      <trkpt lat="54.71922" lon="-1.90195">
        <ele>219.91710440712143</ele>
      </trkpt>
      <trkpt lat="54.71929" lon="-1.90239">
        <ele>221.12131069613596</ele>
      </trkpt>
      <trkpt lat="54.7193" lon="-1.90281">
        <ele>221.7992522614784</ele>
      </trkpt>
      <trkpt lat="54.71929" lon="-1.90379">
        <ele>223.54131790629918</ele>
      </trkpt>
      <trkpt lat="54.71913" lon="-1.90671">
        <ele>229.05119540295004</ele>
      </trkpt>
      <trkpt lat="54.71749" lon="-1.90909">
        <ele>245.8641274397036</ele>
      </trkpt>
      <trkpt lat="54.71743" lon="-1.90903">
        <ele>246.68345483983921</ele>
      </trkpt>
      <trkpt lat="54.71634" lon="-1.90792">
        <ele>258.69083334549066</ele>
      </trkpt>
      <trkpt lat="54.71637" lon="-1.9078">
        <ele>258.1090307947021</ele>
      </trkpt>
      <trkpt lat="54.71528" lon="-1.90704">
        <ele>265.352298906423</ele>
      </trkpt>
      <trkpt lat="54.7137" lon="-1.90686">
        <ele>267.361550434447</ele>
      </trkpt>
      <trkpt lat="54.71262" lon="-1.90575">
        <ele>269.924275663869</ele>
      </trkpt>
      <trkpt lat="54.71148" lon="-1.90504">
        <ele>286.21729497183173</ele>
      </trkpt>
      <trkpt lat="54.71135" lon="-1.90398">
        <ele>293.0544531544212</ele>
      </trkpt>
      <trkpt lat="54.71168" lon="-1.90244">
        <ele>296.01090221016204</ele>
      </trkpt>
      <trkpt lat="54.70926" lon="-1.90357">
        <ele>313.4845446664842</ele>
      </trkpt>
      <trkpt lat="54.7092" lon="-1.9036">
        <ele>313.6581231743104</ele>
      </trkpt>
      <trkpt lat="54.70903" lon="-1.90359">
        <ele>313.8861951999838</ele>
      </trkpt>
      <trkpt lat="54.70899" lon="-1.90487">
        <ele>313.62687455276074</ele>
      </trkpt>
      <trkpt lat="54.70924" lon="-1.90648">
        <ele>316.8430911371961</ele>
      </trkpt>
      <trkpt lat="54.70932" lon="-1.90737">
        <ele>318.641350400006</ele>
      </trkpt>
      <trkpt lat="54.70943" lon="-1.9079">
        <ele>319.43384807067486</ele>
      </trkpt>
      <trkpt lat="54.7095" lon="-1.9084">
        <ele>319.0024348017768</ele>
      </trkpt>
      <trkpt lat="54.70948" lon="-1.90889">
        <ele>319.03154524271474</ele>
      </trkpt>
      <trkpt lat="54.70954" lon="-1.90937">
        <ele>319.44041801146324</ele>
      </trkpt>
      <trkpt lat="54.70958" lon="-1.91028">
        <ele>320.03798892423566</ele>
      </trkpt>
      <trkpt lat="54.70941" lon="-1.91125">
        <ele>322.5216738980471</ele>
      </trkpt>
      <trkpt lat="54.7091" lon="-1.91243">
        <ele>324.88488817778483</ele>
      </trkpt>
      <trkpt lat="54.70901" lon="-1.91335">
        <ele>326.2968000102794</ele>
      </trkpt>
      <trkpt lat="54.709" lon="-1.91371">
        <ele>326.90692040075174</ele>
      </trkpt>
      <trkpt lat="54.70873" lon="-1.91655">
        <ele>332</ele>
      </trkpt>
      <trkpt lat="54.70863" lon="-1.91706">
        <ele>332.7000000000007</ele>
      </trkpt>
      <trkpt lat="54.70847" lon="-1.9177">
        <ele>331.8930922315468</ele>
      </trkpt>
      <trkpt lat="54.70837" lon="-1.91817">
        <ele>331.7543891367977</ele>
      </trkpt>
      <trkpt lat="54.70805" lon="-1.91913">
        <ele>333.90000000000146</ele>
      </trkpt>
      <trkpt lat="54.70784" lon="-1.91993">
        <ele>336.0787989793981</ele>
      </trkpt>
      <trkpt lat="54.70768" lon="-1.92039">
        <ele>338.70686645522557</ele>
      </trkpt>
      <trkpt lat="54.70745" lon="-1.92087">
        <ele>340.06494582910113</ele>
      </trkpt>
      <trkpt lat="54.70721" lon="-1.92181">
        <ele>342.7921693041977</ele>
      </trkpt>
      <trkpt lat="54.70713" lon="-1.92225">
        <ele>342.1434839234224</ele>
      </trkpt>
      <trkpt lat="54.70702" lon="-1.92272">
        <ele>340.47454680809795</ele>
      </trkpt>
      <trkpt lat="54.70687" lon="-1.92307">
        <ele>340.09231669496404</ele>
      </trkpt>
      <trkpt lat="54.70685" lon="-1.9232">
        <ele>340.0216683423623</ele>
      </trkpt>
      <trkpt lat="54.70684" lon="-1.92345">
        <ele>339.875479514152</ele>
      </trkpt>
      <trkpt lat="54.70685" lon="-1.92365">
        <ele>339.75448627751337</ele>
      </trkpt>
      <trkpt lat="54.70692" lon="-1.9239">
        <ele>339.1194581192457</ele>
      </trkpt>
      <trkpt lat="54.70693" lon="-1.9242">
        <ele>339.97191342555556</ele>
      </trkpt>
      <trkpt lat="54.70689" lon="-1.92476">
        <ele>341.9882915920597</ele>
      </trkpt>
      <trkpt lat="54.70679" lon="-1.92526">
        <ele>344.5887251276528</ele>
      </trkpt>
      <trkpt lat="54.70669" lon="-1.92599">
        <ele>347.57370925898687</ele>
      </trkpt>
      <trkpt lat="54.70669" lon="-1.92623">
        <ele>348.2507342499224</ele>
      </trkpt>
      <trkpt lat="54.70666" lon="-1.92676">
        <ele>349.32732591270576</ele>
      </trkpt>
      <trkpt lat="54.70667" lon="-1.92754">
        <ele>351.25679011927076</ele>
      </trkpt>
      <trkpt lat="54.70665" lon="-1.92774">
        <ele>352.02255769400034</ele>
      </trkpt>
      <trkpt lat="54.70634" lon="-1.92885">
        <ele>355.8472532498007</ele>
      </trkpt>
      <trkpt lat="54.70572" lon="-1.93037">
        <ele>353.38506461902807</ele>
      </trkpt>
      <trkpt lat="54.70552" lon="-1.93092">
        <ele>353.56737100125895</ele>
      </trkpt>
      <trkpt lat="54.70545" lon="-1.93142">
        <ele>352.9258514493707</ele>
      </trkpt>
      <trkpt lat="54.70538" lon="-1.93205">
        <ele>355.24568169492534</ele>
      </trkpt>
      <trkpt lat="54.70527" lon="-1.93274">
        <ele>358.87445688378824</ele>
      </trkpt>
      <trkpt lat="54.70525" lon="-1.93297">
        <ele>359.7759049694721</ele>
      </trkpt>
      <trkpt lat="54.70526" lon="-1.93318">
        <ele>359.9065567513019</ele>
      </trkpt>
      <trkpt lat="54.70524" lon="-1.93337">
        <ele>360.39594144611704</ele>
      </trkpt>
      <trkpt lat="54.70513" lon="-1.93379">
        <ele>361.5789237342312</ele>
      </trkpt>
      <trkpt lat="54.70503" lon="-1.93428">
        <ele>364.0106174639892</ele>
      </trkpt>
      <trkpt lat="54.70495" lon="-1.93522">
        <ele>367.46321475682817</ele>
      </trkpt>
      <trkpt lat="54.70474" lon="-1.93615">
        <ele>370.82980932099736</ele>
      </trkpt>
      <trkpt lat="54.70472" lon="-1.93622">
        <ele>371.05716806803895</ele>
      </trkpt>
      <trkpt lat="54.70559" lon="-1.93682">
        <ele>357.36150242760823</ele>
      </trkpt>
      <trkpt lat="54.70571" lon="-1.93673">
        <ele>355.83931594225646</ele>
      </trkpt>
      <trkpt lat="54.70593" lon="-1.93675">
        <ele>351.6602265289056</ele>
      </trkpt>
      <trkpt lat="54.70629" lon="-1.9369">
        <ele>344.20899233592274</ele>
      </trkpt>
      <trkpt lat="54.70694" lon="-1.9379">
        <ele>332.59226253701013</ele>
      </trkpt>
      <trkpt lat="54.7073" lon="-1.93816">
        <ele>328.4997061468672</ele>
      </trkpt>
      <trkpt lat="54.70839" lon="-1.93922">
        <ele>320.11018214235344</ele>
      </trkpt>
      <trkpt lat="54.70897" lon="-1.93989">
        <ele>318.19712931183244</ele>
      </trkpt>
      <trkpt lat="54.7096" lon="-1.94041">
        <ele>316.21175973572315</ele>
      </trkpt>
      <trkpt lat="54.70985" lon="-1.94058">
        <ele>315.30591369108413</ele>
      </trkpt>
      <trkpt lat="54.71015" lon="-1.94092">
        <ele>312.9268444801453</ele>
      </trkpt>
      <trkpt lat="54.7104" lon="-1.94139">
        <ele>309.8473902607839</ele>
      </trkpt>
      <trkpt lat="54.71104" lon="-1.94275">
        <ele>303.11532585993507</ele>
      </trkpt>
      <trkpt lat="54.71113" lon="-1.94306">
        <ele>301.17814053306785</ele>
      </trkpt>
      <trkpt lat="54.71141" lon="-1.94351">
        <ele>297.345625616133</ele>
      </trkpt>
      <trkpt lat="54.71204" lon="-1.94406">
        <ele>288.32780823938407</ele>
      </trkpt>
      <trkpt lat="54.71217" lon="-1.94441">
        <ele>285.87713449902503</ele>
      </trkpt>
      <trkpt lat="54.71224" lon="-1.94476">
        <ele>284.00959922183944</ele>
      </trkpt>
      <trkpt lat="54.71228" lon="-1.94484">
        <ele>283.7942856692296</ele>
      </trkpt>
      <trkpt lat="54.71391" lon="-1.94586">
        <ele>276.3792462855802</ele>
      </trkpt>
      <trkpt lat="54.71443" lon="-1.94606">
        <ele>268.35788697898187</ele>
      </trkpt>
      <trkpt lat="54.71447" lon="-1.94608">
        <ele>267.66798048968064</ele>
      </trkpt>
      <trkpt lat="54.71477" lon="-1.94597">
        <ele>263.49408082860765</ele>
      </trkpt>
      <trkpt lat="54.71508" lon="-1.94479">
        <ele>255.42262108661305</ele>
      </trkpt>
      <trkpt lat="54.71523" lon="-1.9445">
        <ele>253.4917742472224</ele>
      </trkpt>
      <trkpt lat="54.71542" lon="-1.94406">
        <ele>249.86985404782502</ele>
      </trkpt>
      <trkpt lat="54.71574" lon="-1.94343">
        <ele>245.15997116384142</ele>
      </trkpt>
      <trkpt lat="54.71593" lon="-1.94286">
        <ele>244.29015682688964</ele>
      </trkpt>
      <trkpt lat="54.71603" lon="-1.94247">
        <ele>243.91512209677703</ele>
      </trkpt>
      <trkpt lat="54.71642" lon="-1.94244">
        <ele>243.232320321935</ele>
      </trkpt>
      <trkpt lat="54.71685" lon="-1.94208">
        <ele>241.68474146369957</ele>
      </trkpt>
      <trkpt lat="54.71705" lon="-1.94182">
        <ele>239.41886080730777</ele>
      </trkpt>
      <trkpt lat="54.71718" lon="-1.9417">
        <ele>237.73271244070563</ele>
      </trkpt>
      <trkpt lat="54.71726" lon="-1.94158">
        <ele>236.59144843150506</ele>
      </trkpt>
      <trkpt lat="54.71737" lon="-1.94147">
        <ele>235.05508290368707</ele>
      </trkpt>
      <trkpt lat="54.71757" lon="-1.94141">
        <ele>232.09508453223563</ele>
      </trkpt>
      <trkpt lat="54.71765" lon="-1.94135">
        <ele>230.81288072783806</ele>
      </trkpt>
      <trkpt lat="54.71789" lon="-1.94087">
        <ele>227.143290240794</ele>
      </trkpt>
      <trkpt lat="54.71804" lon="-1.94068">
        <ele>225.4523169281197</ele>
      </trkpt>
      <trkpt lat="54.71815" lon="-1.94035">
        <ele>224.30870734434592</ele>
      </trkpt>
      <trkpt lat="54.71863" lon="-1.94057">
        <ele>218.4876871796563</ele>
      </trkpt>
      <trkpt lat="54.71878" lon="-1.9407">
        <ele>216.21092347025484</ele>
      </trkpt>
      <trkpt lat="54.71918" lon="-1.94094">
        <ele>211.7466383851514</ele>
      </trkpt>
      <trkpt lat="54.71938" lon="-1.94111">
        <ele>209.9265173700175</ele>
      </trkpt>
      <trkpt lat="54.71949" lon="-1.94111">
        <ele>208.60144082028495</ele>
      </trkpt>
      <trkpt lat="54.71962" lon="-1.94104">
        <ele>206.20599707836</ele>
      </trkpt>
      <trkpt lat="54.71986" lon="-1.94079">
        <ele>200.08062318524713</ele>
      </trkpt>
      <trkpt lat="54.71998" lon="-1.94075">
        <ele>197.9630312214844</ele>
      </trkpt>
      <trkpt lat="54.72089" lon="-1.94091">
        <ele>194.90000000000146</ele>
      </trkpt>
      <trkpt lat="54.72118" lon="-1.94104">
        <ele>194.82448995555868</ele>
      </trkpt>
      <trkpt lat="54.72191" lon="-1.9416">
        <ele>187.00910697961336</ele>
      </trkpt>
      <trkpt lat="54.722" lon="-1.94162">
        <ele>185.6284712458271</ele>
      </trkpt>
      <trkpt lat="54.72208" lon="-1.9416">
        <ele>184.42503055664827</ele>
      </trkpt>
      <trkpt lat="54.722" lon="-1.94162">
        <ele>185.6284712458271</ele>
      </trkpt>
      <trkpt lat="54.72199" lon="-1.94168">
        <ele>185.23094449234335</ele>
      </trkpt>
      <trkpt lat="54.72196" lon="-1.94175">
        <ele>184.83448816481456</ele>
      </trkpt>
      <trkpt lat="54.72114" lon="-1.94229">
        <ele>187.77188903270653</ele>
      </trkpt>
      <trkpt lat="54.72104" lon="-1.94239">
        <ele>188.44140666679107</ele>
      </trkpt>
      <trkpt lat="54.72097" lon="-1.94252">
        <ele>188.61067949282108</ele>
      </trkpt>
      <trkpt lat="54.72058" lon="-1.94347">
        <ele>191.83151304390262</ele>
      </trkpt>
      <trkpt lat="54.72013" lon="-1.94506">
        <ele>189.89868089002601</ele>
      </trkpt>
      <trkpt lat="54.72016" lon="-1.94512">
        <ele>188.26688646197778</ele>
      </trkpt>
      <trkpt lat="54.72016" lon="-1.9452">
        <ele>187.3109064537569</ele>
      </trkpt>
      <trkpt lat="54.71943" lon="-1.94721">
        <ele>198.92524728116183</ele>
      </trkpt>
      <trkpt lat="54.71934" lon="-1.94761">
        <ele>201.17659928973447</ele>
      </trkpt>
      <trkpt lat="54.71954" lon="-1.94817">
        <ele>195.7901822898077</ele>
      </trkpt>
      <trkpt lat="54.71937" lon="-1.94886">
        <ele>198.57425764447333</ele>
      </trkpt>
      <trkpt lat="54.71926" lon="-1.9495">
        <ele>196.76353235975947</ele>
      </trkpt>
      <trkpt lat="54.71914" lon="-1.94996">
        <ele>196.5575417444527</ele>
      </trkpt>
      <trkpt lat="54.71905" lon="-1.95018">
        <ele>196.84736683887982</ele>
      </trkpt>
      <trkpt lat="54.71905" lon="-1.95027">
        <ele>196.5512873953293</ele>
      </trkpt>
      <trkpt lat="54.71908" lon="-1.95048">
        <ele>195.73337170125532</ele>
      </trkpt>
      <trkpt lat="54.71912" lon="-1.95157">
        <ele>192.89005491146867</ele>
      </trkpt>
      <trkpt lat="54.71901" lon="-1.95268">
        <ele>193.7565678413493</ele>
      </trkpt>
      <trkpt lat="54.71894" lon="-1.95429">
        <ele>193.7474368688425</ele>
      </trkpt>
      <trkpt lat="54.71887" lon="-1.95462">
        <ele>194.79671357750294</ele>
      </trkpt>
      <trkpt lat="54.71888" lon="-1.95471">
        <ele>194.92133952336394</ele>
      </trkpt>
      <trkpt lat="54.71891" lon="-1.95479">
        <ele>194.84918173218668</ele>
      </trkpt>
      <trkpt lat="54.71896" lon="-1.95487">
        <ele>194.64351700029857</ele>
      </trkpt>
      <trkpt lat="54.71898" lon="-1.95495">
        <ele>194.71957577802328</ele>
      </trkpt>
      <trkpt lat="54.71882" lon="-1.95677">
        <ele>197.00279116313905</ele>
      </trkpt>
      <trkpt lat="54.7187" lon="-1.95704">
        <ele>198.16618439145032</ele>
      </trkpt>
      <trkpt lat="54.71865" lon="-1.95735">
        <ele>199.07413716188296</ele>
      </trkpt>
      <trkpt lat="54.71859" lon="-1.95799">
        <ele>200.72733794606145</ele>
      </trkpt>
      <trkpt lat="54.71861" lon="-1.95864">
        <ele>202.51058874083714</ele>
      </trkpt>
      <trkpt lat="54.71856" lon="-1.95946">
        <ele>202.62577498867176</ele>
      </trkpt>
      <trkpt lat="54.71858" lon="-1.95946">
        <ele>202.41853817424885</ele>
      </trkpt>
      <trkpt lat="54.71867" lon="-1.95949">
        <ele>201.44503028981958</ele>
      </trkpt>
      <trkpt lat="54.71873" lon="-1.95957">
        <ele>200.64668045367662</ele>
      </trkpt>
      <trkpt lat="54.71885" lon="-1.95985">
        <ele>199.0101679617783</ele>
      </trkpt>
      <trkpt lat="54.71887" lon="-1.95999">
        <ele>198.85322126669473</ele>
      </trkpt>
      <trkpt lat="54.71886" lon="-1.96018">
        <ele>199.33545734776018</ele>
      </trkpt>
      <trkpt lat="54.71879" lon="-1.96018">
        <ele>199.98128758897138</ele>
      </trkpt>
      <trkpt lat="54.71874" lon="-1.96022">
        <ele>200.60252736176898</ele>
      </trkpt>
      <trkpt lat="54.71823" lon="-1.96104">
        <ele>205.17683795718557</ele>
      </trkpt>
      <trkpt lat="54.7179" lon="-1.96186">
        <ele>203.05134113912527</ele>
      </trkpt>
      <trkpt lat="54.71735" lon="-1.9633">
        <ele>201.7522873607472</ele>
      </trkpt>
      <trkpt lat="54.71711" lon="-1.96382">
        <ele>204.79670375986103</ele>
      </trkpt>
      <trkpt lat="54.71703" lon="-1.96389">
        <ele>205.72008504006143</ele>
      </trkpt>
      <trkpt lat="54.71616" lon="-1.96412">
        <ele>213.57262059641963</ele>
      </trkpt>
      <trkpt lat="54.71599" lon="-1.9644">
        <ele>214.90958362228608</ele>
      </trkpt>
      <trkpt lat="54.71593" lon="-1.96456">
        <ele>214.74641794121487</ele>
      </trkpt>
      <trkpt lat="54.71536" lon="-1.96608">
        <ele>216.83714682573526</ele>
      </trkpt>
      <trkpt lat="54.71513" lon="-1.96635">
        <ele>218.32206783528423</ele>
      </trkpt>
      <trkpt lat="54.71489" lon="-1.96646">
        <ele>220.41307448553766</ele>
      </trkpt>
      <trkpt lat="54.71465" lon="-1.96639">
        <ele>222.7730856392438</ele>
      </trkpt>
      <trkpt lat="54.71442" lon="-1.96649">
        <ele>223.13756802009104</ele>
      </trkpt>
      <trkpt lat="54.71402" lon="-1.96721">
        <ele>220.29911521291467</ele>
      </trkpt>
      <trkpt lat="54.71374" lon="-1.96785">
        <ele>221.07028300372662</ele>
      </trkpt>
      <trkpt lat="54.71366" lon="-1.96828">
        <ele>221.6981806507762</ele>
      </trkpt>
      <trkpt lat="54.71353" lon="-1.96923">
        <ele>221.60053626475585</ele>
      </trkpt>
      <trkpt lat="54.71319" lon="-1.97115">
        <ele>223.06912544651485</ele>
      </trkpt>
      <trkpt lat="54.71338" lon="-1.97171">
        <ele>224.47545476544917</ele>
      </trkpt>
      <trkpt lat="54.71333" lon="-1.97214">
        <ele>225.0609087995758</ele>
      </trkpt>
      <trkpt lat="54.71321" lon="-1.97283">
        <ele>226.24388965822385</ele>
      </trkpt>
      <trkpt lat="54.71292" lon="-1.9738">
        <ele>223.69638567555123</ele>
      </trkpt>
      <trkpt lat="54.71291" lon="-1.97407">
        <ele>224.335926517707</ele>
      </trkpt>
      <trkpt lat="54.71292" lon="-1.97453">
        <ele>226.3707252812293</ele>
      </trkpt>
      <trkpt lat="54.71289" lon="-1.97494">
        <ele>227.790714241013</ele>
      </trkpt>
      <trkpt lat="54.71285" lon="-1.97512">
        <ele>228.08095562863392</ele>
      </trkpt>
      <trkpt lat="54.7128" lon="-1.97526">
        <ele>228.07587896273532</ele>
      </trkpt>
      <trkpt lat="54.71272" lon="-1.9754">
        <ele>227.49712734296935</ele>
      </trkpt>
      <trkpt lat="54.71223" lon="-1.97603">
        <ele>225.6565484050201</ele>
      </trkpt>
      <trkpt lat="54.71212" lon="-1.97628">
        <ele>225.7096913514228</ele>
      </trkpt>
      <trkpt lat="54.7121" lon="-1.97646">
        <ele>225.69036083882742</ele>
      </trkpt>
      <trkpt lat="54.71215" lon="-1.97711">
        <ele>227.5224665821308</ele>
      </trkpt>
      <trkpt lat="54.7119" lon="-1.97804">
        <ele>227.90224801291865</ele>
      </trkpt>
      <trkpt lat="54.71189" lon="-1.97812">
        <ele>227.8684564248515</ele>
      </trkpt>
      <trkpt lat="54.7119" lon="-1.97818">
        <ele>227.9868219818381</ele>
      </trkpt>
      <trkpt lat="54.71195" lon="-1.9782">
        <ele>228.52600013115557</ele>
      </trkpt>
      <trkpt lat="54.71201" lon="-1.97815">
        <ele>229.3847989972457</ele>
      </trkpt>
      <trkpt lat="54.71253" lon="-1.97758">
        <ele>237.7365714187738</ele>
      </trkpt>
      <trkpt lat="54.71263" lon="-1.97739">
        <ele>237.95670053506026</ele>
      </trkpt>
      <trkpt lat="54.71269" lon="-1.97737">
        <ele>239.1612476877554</ele>
      </trkpt>
      <trkpt lat="54.71278" lon="-1.97758">
        <ele>242.96626302013283</ele>
      </trkpt>
      <trkpt lat="54.71317" lon="-1.97775">
        <ele>248.54368246069754</ele>
      </trkpt>
      <trkpt lat="54.71412" lon="-1.97828">
        <ele>255.17577224075887</ele>
      </trkpt>
      <trkpt lat="54.71469" lon="-1.97886">
        <ele>266.0304039811024</ele>
      </trkpt>
      <trkpt lat="54.71567" lon="-1.97955">
        <ele>287.1332553124528</ele>
      </trkpt>
      <trkpt lat="54.71598" lon="-1.9798">
        <ele>294.58387750051986</ele>
      </trkpt>
      <trkpt lat="54.71605" lon="-1.97997">
        <ele>297.325361344591</ele>
      </trkpt>
      <trkpt lat="54.71611" lon="-1.98022">
        <ele>300.16494298053897</ele>
      </trkpt>
      <trkpt lat="54.71616" lon="-1.98072">
        <ele>303.4926986881213</ele>
      </trkpt>
      <trkpt lat="54.71623" lon="-1.98075">
        <ele>305.2954549199015</ele>
      </trkpt>
      <trkpt lat="54.71663" lon="-1.97993">
        <ele>309.6143681214903</ele>
      </trkpt>
      <trkpt lat="54.71714" lon="-1.97899">
        <ele>310.07654222753945</ele>
      </trkpt>
      <trkpt lat="54.71826" lon="-1.97874">
        <ele>304.91553019695084</ele>
      </trkpt>
      <trkpt lat="54.7187" lon="-1.97952">
        <ele>307.7057187829174</ele>
      </trkpt>
      <trkpt lat="54.71871" lon="-1.97968">
        <ele>309.0356553636504</ele>
      </trkpt>
      <trkpt lat="54.71877" lon="-1.98009">
        <ele>311.6935680789884</ele>
      </trkpt>
      <trkpt lat="54.71887" lon="-1.9814">
        <ele>323.0762252621033</ele>
      </trkpt>
      <trkpt lat="54.71917" lon="-1.98284">
        <ele>331.2726233650727</ele>
      </trkpt>
      <trkpt lat="54.71931" lon="-1.98366">
        <ele>333.0116559556695</ele>
      </trkpt>
      <trkpt lat="54.71937" lon="-1.98463">
        <ele>337.04427502212013</ele>
      </trkpt>
      <trkpt lat="54.71969" lon="-1.98527">
        <ele>334.97845565588966</ele>
      </trkpt>
      <trkpt lat="54.72028" lon="-1.98711">
        <ele>331.2647146012331</ele>
      </trkpt>
      <trkpt lat="54.72087" lon="-1.98955">
        <ele>331.56838539843744</ele>
      </trkpt>
      <trkpt lat="54.72156" lon="-1.99275">
        <ele>325.8587844470614</ele>
      </trkpt>
      <trkpt lat="54.72161" lon="-1.99285">
        <ele>325.7609189615589</ele>
      </trkpt>
      <trkpt lat="54.72172" lon="-1.99296">
        <ele>325.5687489775767</ele>
      </trkpt>
      <trkpt lat="54.72184" lon="-1.99296">
        <ele>325.0507471278317</ele>
      </trkpt>
      <trkpt lat="54.72192" lon="-1.99286">
        <ele>324.06058244861873</ele>
      </trkpt>
      <trkpt lat="54.72193" lon="-1.99272">
        <ele>323.52395425275995</ele>
      </trkpt>
      <trkpt lat="54.72195" lon="-1.99268">
        <ele>323.1420675397393</ele>
      </trkpt>
      <trkpt lat="54.72249" lon="-1.99139">
        <ele>307.93297990500594</ele>
      </trkpt>
      <trkpt lat="54.72359" lon="-1.98828">
        <ele>272.3741367957333</ele>
      </trkpt>
      <trkpt lat="54.72398" lon="-1.98789">
        <ele>256.96752278323424</ele>
      </trkpt>
      <trkpt lat="54.72415" lon="-1.98803">
        <ele>249.24005877763494</ele>
      </trkpt>
      <trkpt lat="54.72427" lon="-1.98787">
        <ele>248.23720455861198</ele>
      </trkpt>
      <trkpt lat="54.72446" lon="-1.98772">
        <ele>246.79324038414742</ele>
      </trkpt>
      <trkpt lat="54.72501" lon="-1.9876">
        <ele>239.30045523918295</ele>
      </trkpt>
      <trkpt lat="54.72576" lon="-1.98735">
        <ele>227.3455280016649</ele>
      </trkpt>
      <trkpt lat="54.72593" lon="-1.98739">
        <ele>228.00237941388107</ele>
      </trkpt>
      <trkpt lat="54.72684" lon="-1.98705">
        <ele>226.86729681454702</ele>
      </trkpt>
      <trkpt lat="54.72693" lon="-1.98732">
        <ele>228.15629518421338</ele>
      </trkpt>
      <trkpt lat="54.72672" lon="-1.98775">
        <ele>231.7466854516659</ele>
      </trkpt>
      <trkpt lat="54.72729" lon="-1.98995">
        <ele>241.9195804444612</ele>
      </trkpt>
      <trkpt lat="54.72756" lon="-1.98983">
        <ele>239.93955090928878</ele>
      </trkpt>
      <trkpt lat="54.72876" lon="-1.99142">
        <ele>232.49935589805364</ele>
      </trkpt>
      <trkpt lat="54.7298" lon="-1.99307">
        <ele>224.02003629112258</ele>
      </trkpt>
      <trkpt lat="54.73189" lon="-1.99475">
        <ele>217.45652573652478</ele>
      </trkpt>
      <trkpt lat="54.73293" lon="-1.99554">
        <ele>231.02292365338712</ele>
      </trkpt>
      <trkpt lat="54.73502" lon="-1.99765">
        <ele>225.53136221634557</ele>
      </trkpt>
      <trkpt lat="54.73524" lon="-1.99823">
        <ele>227.00024871857937</ele>
      </trkpt>
      <trkpt lat="54.73563" lon="-1.9991">
        <ele>228.5346699955146</ele>
      </trkpt>
      <trkpt lat="54.73574" lon="-1.99929">
        <ele>228.8935198789469</ele>
      </trkpt>
      <trkpt lat="54.7358" lon="-1.99934">
        <ele>228.88441611322085</ele>
      </trkpt>
      <trkpt lat="54.73608" lon="-1.99945">
        <ele>227.2425946068725</ele>
      </trkpt>
      <trkpt lat="54.7384" lon="-1.99954">
        <ele>203.30863697603405</ele>
      </trkpt>
      <trkpt lat="54.73838" lon="-1.99948">
        <ele>203.17134821062922</ele>
      </trkpt>
      <trkpt lat="54.73851" lon="-1.99977">
        <ele>203.26962526207933</ele>
      </trkpt>
      <trkpt lat="54.73871" lon="-1.99996">
        <ele>202.17609572326842</ele>
      </trkpt>
      <trkpt lat="54.73892" lon="-2.00007">
        <ele>201.21641469547944</ele>
      </trkpt>
      <trkpt lat="54.73908" lon="-2.00031">
        <ele>201.81952851904194</ele>
      </trkpt>
      <trkpt lat="54.73941" lon="-2.00103">
        <ele>205.86381388839862</ele>
      </trkpt>
      <trkpt lat="54.7399" lon="-2.00234">
        <ele>208.49430759102174</ele>
      </trkpt>
      <trkpt lat="54.7403" lon="-2.00377">
        <ele>207.12713590387796</ele>
      </trkpt>
      <trkpt lat="54.74087" lon="-2.00515">
        <ele>210.2694917807597</ele>
      </trkpt>
      <trkpt lat="54.74111" lon="-2.00564">
        <ele>210.03631083885557</ele>
      </trkpt>
      <trkpt lat="54.74116" lon="-2.00583">
        <ele>210.8883982033912</ele>
      </trkpt>
      <trkpt lat="54.74123" lon="-2.006">
        <ele>210.87041837556797</ele>
      </trkpt>
      <trkpt lat="54.74162" lon="-2.00669">
        <ele>212.4446538442337</ele>
      </trkpt>
      <trkpt lat="54.74229" lon="-2.00707">
        <ele>212.3175119085168</ele>
      </trkpt>
      <trkpt lat="54.74238" lon="-2.00727">
        <ele>213.1763953062213</ele>
      </trkpt>
      <trkpt lat="54.74254" lon="-2.00796">
        <ele>215.77137080570816</ele>
      </trkpt>
      <trkpt lat="54.74278" lon="-2.00841">
        <ele>213.52872782386868</ele>
      </trkpt>
      <trkpt lat="54.74295" lon="-2.00856">
        <ele>209.7730492604253</ele>
      </trkpt>
      <trkpt lat="54.74363" lon="-2.00958">
        <ele>202.07046037751795</ele>
      </trkpt>
      <trkpt lat="54.74373" lon="-2.00959">
        <ele>200.69254166220847</ele>
      </trkpt>
      <trkpt lat="54.74381" lon="-2.00953">
        <ele>199.3759418060775</ele>
      </trkpt>
      <trkpt lat="54.7441" lon="-2.00876">
        <ele>196.90000000000146</ele>
      </trkpt>
      <trkpt lat="54.74417" lon="-2.00882">
        <ele>196.8275111756065</ele>
      </trkpt>
      <trkpt lat="54.74462" lon="-2.00917">
        <ele>196.94728675554586</ele>
      </trkpt>
      <trkpt lat="54.74521" lon="-2.00942">
        <ele>196.83436862904117</ele>
      </trkpt>
      <trkpt lat="54.74532" lon="-2.00941">
        <ele>196.9778261275039</ele>
      </trkpt>
      <trkpt lat="54.74601" lon="-2.00946">
        <ele>200.62800441626504</ele>
      </trkpt>
      <trkpt lat="54.74653" lon="-2.00989">
        <ele>201.90000000000148</ele>
      </trkpt>
      <trkpt lat="54.74688" lon="-2.01043">
        <ele>201.740238440643</ele>
      </trkpt>
      <trkpt lat="54.74696" lon="-2.01044">
        <ele>201.981603138475</ele>
      </trkpt>
      <trkpt lat="54.74715" lon="-2.01105">
        <ele>201.91501975662493</ele>
      </trkpt>
      <trkpt lat="54.74738" lon="-2.01196">
        <ele>201.24217194055353</ele>
      </trkpt>
      <trkpt lat="54.74745" lon="-2.01267">
        <ele>201.17963845152792</ele>
      </trkpt>
      <trkpt lat="54.74744" lon="-2.01331">
        <ele>201.7505133464476</ele>
      </trkpt>
      <trkpt lat="54.74739" lon="-2.01377">
        <ele>201.9504153360387</ele>
      </trkpt>
      <trkpt lat="54.74736" lon="-2.01548">
        <ele>203.3846314253998</ele>
      </trkpt>
      <trkpt lat="54.74732" lon="-2.01556">
        <ele>203.21068187339773</ele>
      </trkpt>
      <trkpt lat="54.74724" lon="-2.01562">
        <ele>203.01520609101158</ele>
      </trkpt>
      <trkpt lat="54.74728" lon="-2.01568">
        <ele>203.0275420011022</ele>
      </trkpt>
      <trkpt lat="54.74735" lon="-2.0156">
        <ele>203.22463558546812</ele>
      </trkpt>
      <trkpt lat="54.74738" lon="-2.0156">
        <ele>203.27219655838488</ele>
      </trkpt>
      <trkpt lat="54.74735" lon="-2.0156">
        <ele>203.22463558546812</ele>
      </trkpt>
      <trkpt lat="54.74728" lon="-2.01568">
        <ele>203.0275420011022</ele>
      </trkpt>
      <trkpt lat="54.74732" lon="-2.01588">
        <ele>203</ele>
      </trkpt>
      <trkpt lat="54.74734" lon="-2.01609">
        <ele>203.31509759998994</ele>
      </trkpt>
      <trkpt lat="54.74727" lon="-2.01743">
        <ele>204.33055250793817</ele>
      </trkpt>
      <trkpt lat="54.74692" lon="-2.02043">
        <ele>204</ele>
      </trkpt>
      <trkpt lat="54.74682" lon="-2.02111">
        <ele>204.70298052688665</ele>
      </trkpt>
      <trkpt lat="54.74653" lon="-2.02283">
        <ele>208.31433683068167</ele>
      </trkpt>
      <trkpt lat="54.7465" lon="-2.02323">
        <ele>207.90423815960062</ele>
      </trkpt>
      <trkpt lat="54.74649" lon="-2.02409">
        <ele>207.81598008445212</ele>
      </trkpt>
      <trkpt lat="54.74651" lon="-2.02445">
        <ele>208.30260482400845</ele>
      </trkpt>
      <trkpt lat="54.7466" lon="-2.02452">
        <ele>207.78854362970287</ele>
      </trkpt>
      <trkpt lat="54.7468" lon="-2.02458">
        <ele>206.47602983917403</ele>
      </trkpt>
      <trkpt lat="54.74684" lon="-2.02457">
        <ele>206.1718952351489</ele>
      </trkpt>
      <trkpt lat="54.74655" lon="-2.02691">
        <ele>205.38219425210906</ele>
      </trkpt>
      <trkpt lat="54.74656" lon="-2.02767">
        <ele>205.76192440879618</ele>
      </trkpt>
      <trkpt lat="54.74653" lon="-2.02792">
        <ele>206.22335481387645</ele>
      </trkpt>
      <trkpt lat="54.74645" lon="-2.02839">
        <ele>206.7672198448228</ele>
      </trkpt>
      <trkpt lat="54.74633" lon="-2.02884">
        <ele>207.92962463686737</ele>
      </trkpt>
      <trkpt lat="54.74625" lon="-2.02884">
        <ele>207.6882930457133</ele>
      </trkpt>
      <trkpt lat="54.74619" lon="-2.02883">
        <ele>207.5015353526896</ele>
      </trkpt>
      <trkpt lat="54.74606" lon="-2.02894">
        <ele>207.54255126764673</ele>
      </trkpt>
      <trkpt lat="54.74575" lon="-2.02959">
        <ele>207.81259740794883</ele>
      </trkpt>
      <trkpt lat="54.74551" lon="-2.03031">
        <ele>207.24524337174458</ele>
      </trkpt>
      <trkpt lat="54.74531" lon="-2.03111">
        <ele>207.05106188510564</ele>
      </trkpt>
      <trkpt lat="54.7448" lon="-2.03327">
        <ele>208.99175343338902</ele>
      </trkpt>
      <trkpt lat="54.74463" lon="-2.03423">
        <ele>210.7074266497748</ele>
      </trkpt>
      <trkpt lat="54.74458" lon="-2.03474">
        <ele>210.15827084352813</ele>
      </trkpt>
      <trkpt lat="54.74456" lon="-2.03543">
        <ele>208.67338204917095</ele>
      </trkpt>
      <trkpt lat="54.74443" lon="-2.036">
        <ele>210.3963690260844</ele>
      </trkpt>
      <trkpt lat="54.74439" lon="-2.03749">
        <ele>213.54898373270498</ele>
      </trkpt>
      <trkpt lat="54.74443" lon="-2.03775">
        <ele>213.48947690839526</ele>
      </trkpt>
      <trkpt lat="54.74449" lon="-2.038">
        <ele>213.31265559159323</ele>
      </trkpt>
      <trkpt lat="54.74453" lon="-2.03831">
        <ele>212.9956866195369</ele>
      </trkpt>
      <trkpt lat="54.74455" lon="-2.0391">
        <ele>213.59775974704021</ele>
      </trkpt>
      <trkpt lat="54.74458" lon="-2.03945">
        <ele>213.08056482656437</ele>
      </trkpt>
      <trkpt lat="54.74468" lon="-2.03982">
        <ele>212.07857558445568</ele>
      </trkpt>
      <trkpt lat="54.74437" lon="-2.04178">
        <ele>213.24643643095712</ele>
      </trkpt>
      <trkpt lat="54.74415" lon="-2.04256">
        <ele>213.37534852892887</ele>
      </trkpt>
      <trkpt lat="54.74334" lon="-2.04497">
        <ele>213.36273635556122</ele>
      </trkpt>
      <trkpt lat="54.74269" lon="-2.04705">
        <ele>214.1743102876476</ele>
      </trkpt>
      <trkpt lat="54.74224" lon="-2.04897">
        <ele>215.45008549462153</ele>
      </trkpt>
      <trkpt lat="54.74187" lon="-2.05062">
        <ele>218.47475745003004</ele>
      </trkpt>
      <trkpt lat="54.7417" lon="-2.05161">
        <ele>217.3852036796632</ele>
      </trkpt>
      <trkpt lat="54.74123" lon="-2.05538">
        <ele>218.4267049671661</ele>
      </trkpt>
      <trkpt lat="54.74131" lon="-2.05692">
        <ele>218.24482872453606</ele>
      </trkpt>
      <trkpt lat="54.7413" lon="-2.05775">
        <ele>219.28519410751863</ele>
      </trkpt>
      <trkpt lat="54.7413" lon="-2.05992">
        <ele>218.8385023999968</ele>
      </trkpt>
      <trkpt lat="54.74123" lon="-2.06064">
        <ele>218.51960960000295</ele>
      </trkpt>
      <trkpt lat="54.74125" lon="-2.06098">
        <ele>219.01573831110733</ele>
      </trkpt>
      <trkpt lat="54.74125" lon="-2.06156">
        <ele>219.60817033352188</ele>
      </trkpt>
      <trkpt lat="54.74122" lon="-2.06222">
        <ele>220.22088604443786</ele>
      </trkpt>
      <trkpt lat="54.74128" lon="-2.06301">
        <ele>221.88085973332775</ele>
      </trkpt>
      <trkpt lat="54.74126" lon="-2.06333">
        <ele>222</ele>
      </trkpt>
      <trkpt lat="54.74114" lon="-2.06384">
        <ele>222.14363946667925</ele>
      </trkpt>
      <trkpt lat="54.74113" lon="-2.06456">
        <ele>223</ele>
      </trkpt>
      <trkpt lat="54.74111" lon="-2.06479">
        <ele>222.95955135728397</ele>
      </trkpt>
      <trkpt lat="54.74107" lon="-2.06506">
        <ele>222.54431232207003</ele>
      </trkpt>
      <trkpt lat="54.74109" lon="-2.06522">
        <ele>222.22217486442614</ele>
      </trkpt>
      <trkpt lat="54.74113" lon="-2.06532">
        <ele>222.156391105848</ele>
      </trkpt>
      <trkpt lat="54.7413" lon="-2.06547">
        <ele>222.7574029462421</ele>
      </trkpt>
      <trkpt lat="54.74134" lon="-2.06554">
        <ele>222.8381337421493</ele>
      </trkpt>
      <trkpt lat="54.74136" lon="-2.06566">
        <ele>222.9468326810987</ele>
      </trkpt>
      <trkpt lat="54.74129" lon="-2.06652">
        <ele>223.30691774821062</ele>
      </trkpt>
      <trkpt lat="54.74126" lon="-2.06791">
        <ele>223.9233277699921</ele>
      </trkpt>
      <trkpt lat="54.74124" lon="-2.06819">
        <ele>224.017492636404</ele>
      </trkpt>
      <trkpt lat="54.74119" lon="-2.06836">
        <ele>224.8562460444878</ele>
      </trkpt>
      <trkpt lat="54.74137" lon="-2.06873">
        <ele>227.17925291368806</ele>
      </trkpt>
      <trkpt lat="54.7415" lon="-2.06962">
        <ele>228.57898981198696</ele>
      </trkpt>
      <trkpt lat="54.74166" lon="-2.06998">
        <ele>228.66371101076902</ele>
      </trkpt>
      <trkpt lat="54.74174" lon="-2.07005">
        <ele>228.53389155557392</ele>
      </trkpt>
      <trkpt lat="54.74184" lon="-2.07006">
        <ele>228.51058986666615</ele>
      </trkpt>
      <trkpt lat="54.74247" lon="-2.07038">
        <ele>228.91881166601206</ele>
      </trkpt>
      <trkpt lat="54.74304" lon="-2.07059">
        <ele>230.03853253144842</ele>
      </trkpt>
      <trkpt lat="54.74353" lon="-2.07071">
        <ele>234.06739026730293</ele>
      </trkpt>
      <trkpt lat="54.74346" lon="-2.07144">
        <ele>233.05094004520234</ele>
      </trkpt>
      <trkpt lat="54.74345" lon="-2.07188">
        <ele>232.46376064157906</ele>
      </trkpt>
      <trkpt lat="54.74355" lon="-2.07338">
        <ele>233.7972682100266</ele>
      </trkpt>
      <trkpt lat="54.74367" lon="-2.07464">
        <ele>234.13841635556943</ele>
      </trkpt>
      <trkpt lat="54.74368" lon="-2.07499">
        <ele>234.15428551109562</ele>
      </trkpt>
      <trkpt lat="54.74444" lon="-2.07477">
        <ele>236.83240833676228</ele>
      </trkpt>
      <trkpt lat="54.74481" lon="-2.07458">
        <ele>240.984674729291</ele>
      </trkpt>
      <trkpt lat="54.74503" lon="-2.0744">
        <ele>243.10650622588645</ele>
      </trkpt>
      <trkpt lat="54.74518" lon="-2.07433">
        <ele>244.2929232993837</ele>
      </trkpt>
      <trkpt lat="54.74587" lon="-2.07433">
        <ele>250.6893670822033</ele>
      </trkpt>
      <trkpt lat="54.74608" lon="-2.07422">
        <ele>252.86715461770098</ele>
      </trkpt>
      <trkpt lat="54.7469" lon="-2.07419">
        <ele>254.64550412242906</ele>
      </trkpt>
      <trkpt lat="54.74704" lon="-2.07423">
        <ele>255.3514625549808</ele>
      </trkpt>
      <trkpt lat="54.74733" lon="-2.07439">
        <ele>256.6473463427054</ele>
      </trkpt>
      <trkpt lat="54.74806" lon="-2.07496">
        <ele>257.3889436270357</ele>
      </trkpt>
      <trkpt lat="54.74854" lon="-2.07547">
        <ele>259.57393717446877</ele>
      </trkpt>
      <trkpt lat="54.74865" lon="-2.07566">
        <ele>259.70995800120414</ele>
      </trkpt>
      <trkpt lat="54.74879" lon="-2.07585">
        <ele>259.97442675061137</ele>
      </trkpt>
      <trkpt lat="54.74944" lon="-2.07646">
        <ele>263.2556212621046</ele>
      </trkpt>
      <trkpt lat="54.74975" lon="-2.07663">
        <ele>265.6732928352201</ele>
      </trkpt>
      <trkpt lat="54.74999" lon="-2.07671">
        <ele>266.75203262604845</ele>
      </trkpt>
      <trkpt lat="54.75019" lon="-2.07698">
        <ele>265.80648745621204</ele>
      </trkpt>
      <trkpt lat="54.75038" lon="-2.07714">
        <ele>264.70847360009844</ele>
      </trkpt>
      <trkpt lat="54.75055" lon="-2.07724">
        <ele>263.63109225540785</ele>
      </trkpt>
      <trkpt lat="54.75097" lon="-2.07741">
        <ele>266.0937540142342</ele>
      </trkpt>
      <trkpt lat="54.7518" lon="-2.0781">
        <ele>268.25424851234555</ele>
      </trkpt>
      <trkpt lat="54.75221" lon="-2.07853">
        <ele>269.65397735577193</ele>
      </trkpt>
      <trkpt lat="54.75338" lon="-2.07927">
        <ele>287.3734748556052</ele>
      </trkpt>
      <trkpt lat="54.75382" lon="-2.0797">
        <ele>288.79028543634445</ele>
      </trkpt>
      <trkpt lat="54.75402" lon="-2.07986">
        <ele>290.1927299642473</ele>
      </trkpt>
      <trkpt lat="54.75502" lon="-2.08049">
        <ele>291.83848637086425</ele>
      </trkpt>
      <trkpt lat="54.75527" lon="-2.08054">
        <ele>294.9167562594646</ele>
      </trkpt>
      <trkpt lat="54.75567" lon="-2.08085">
        <ele>295.3893736110987</ele>
      </trkpt>
      <trkpt lat="54.7564" lon="-2.08133">
        <ele>289.8707583884325</ele>
      </trkpt>
      <trkpt lat="54.7567" lon="-2.08184">
        <ele>289.49434596831065</ele>
      </trkpt>
      <trkpt lat="54.75679" lon="-2.08229">
        <ele>285.117752492685</ele>
      </trkpt>
      <trkpt lat="54.75708" lon="-2.08312">
        <ele>280.17370667439013</ele>
      </trkpt>
      <trkpt lat="54.75721" lon="-2.08341">
        <ele>278.980353187119</ele>
      </trkpt>
      <trkpt lat="54.75749" lon="-2.0835">
        <ele>281.1450465272887</ele>
      </trkpt>
      <trkpt lat="54.75801" lon="-2.0835">
        <ele>281.53423078845304</ele>
      </trkpt>
      <trkpt lat="54.75823" lon="-2.08348">
        <ele>282.3662943674258</ele>
      </trkpt>
      <trkpt lat="54.75843" lon="-2.08341">
        <ele>284.2134076755498</ele>
      </trkpt>
      <trkpt lat="54.75859" lon="-2.08331">
        <ele>286.3614283018286</ele>
      </trkpt>
      <trkpt lat="54.75871" lon="-2.08326">
        <ele>287.75582296445583</ele>
      </trkpt>
      <trkpt lat="54.75903" lon="-2.08327">
        <ele>288.1051178667939</ele>
      </trkpt>
      <trkpt lat="54.75915" lon="-2.0832">
        <ele>290.100344501962</ele>
      </trkpt>
      <trkpt lat="54.75952" lon="-2.08328">
        <ele>290.1386312114524</ele>
      </trkpt>
      <trkpt lat="54.75964" lon="-2.08322">
        <ele>292.09013158571963</ele>
      </trkpt>
      <trkpt lat="54.76001" lon="-2.08315">
        <ele>295.8411306667151</ele>
      </trkpt>
      <trkpt lat="54.76063" lon="-2.08328">
        <ele>294.1115211637697</ele>
      </trkpt>
      <trkpt lat="54.76098" lon="-2.08348">
        <ele>294.38417864607277</ele>
      </trkpt>
      <trkpt lat="54.76114" lon="-2.08361">
        <ele>293.9348644927368</ele>
      </trkpt>
      <trkpt lat="54.76134" lon="-2.08395">
        <ele>290.6113599999808</ele>
      </trkpt>
      <trkpt lat="54.76144" lon="-2.08409">
        <ele>289.9774805333472</ele>
      </trkpt>
      <trkpt lat="54.76152" lon="-2.08415">
        <ele>289.7677653333182</ele>
      </trkpt>
      <trkpt lat="54.76196" lon="-2.08415">
        <ele>289.9237782103951</ele>
      </trkpt>
      <trkpt lat="54.76207" lon="-2.08423">
        <ele>289.5128899100357</ele>
      </trkpt>
      <trkpt lat="54.7622" lon="-2.08423">
        <ele>288.9997798145758</ele>
      </trkpt>
      <trkpt lat="54.76283" lon="-2.08403">
        <ele>290.50570645594155</ele>
      </trkpt>
      <trkpt lat="54.76289" lon="-2.08403">
        <ele>290.81578187197863</ele>
      </trkpt>
      <trkpt lat="54.76294" lon="-2.08405">
        <ele>290.9176454952458</ele>
      </trkpt>
      <trkpt lat="54.76313" lon="-2.08426">
        <ele>290.66800983852454</ele>
      </trkpt>
      <trkpt lat="54.76325" lon="-2.08431">
        <ele>291.2043891881604</ele>
      </trkpt>
      <trkpt lat="54.7633" lon="-2.08438">
        <ele>291.21448395487914</ele>
      </trkpt>
      <trkpt lat="54.76337" lon="-2.08455">
        <ele>290.64454072770013</ele>
      </trkpt>
      <trkpt lat="54.76347" lon="-2.08466">
        <ele>290.60959865674425</ele>
      </trkpt>
      <trkpt lat="54.76363" lon="-2.08477">
        <ele>290.94398712855343</ele>
      </trkpt>
      <trkpt lat="54.76376" lon="-2.08481">
        <ele>291.9027405116865</ele>
      </trkpt>
      <trkpt lat="54.76435" lon="-2.08486">
        <ele>296.6202789311584</ele>
      </trkpt>
      <trkpt lat="54.76482" lon="-2.085">
        <ele>298.2781160621889</ele>
      </trkpt>
      <trkpt lat="54.76503" lon="-2.08512">
        <ele>298.8525501789533</ele>
      </trkpt>
      <trkpt lat="54.76514" lon="-2.0851">
        <ele>299.12692519067855</ele>
      </trkpt>
      <trkpt lat="54.76533" lon="-2.08523">
        <ele>300.03807217776847</ele>
      </trkpt>
      <trkpt lat="54.76546" lon="-2.08535">
        <ele>300.1344924959061</ele>
      </trkpt>
      <trkpt lat="54.76583" lon="-2.08537">
        <ele>300.74127713944796</ele>
      </trkpt>
      <trkpt lat="54.76643" lon="-2.08524">
        <ele>304.7196750936803</ele>
      </trkpt>
      <trkpt lat="54.76661" lon="-2.08523">
        <ele>304.8919547032571</ele>
      </trkpt>
      <trkpt lat="54.76706" lon="-2.08531">
        <ele>303.4200574245865</ele>
      </trkpt>
      <trkpt lat="54.76719" lon="-2.08537">
        <ele>303.25118855778226</ele>
      </trkpt>
      <trkpt lat="54.76737" lon="-2.08563">
        <ele>302.15203904360664</ele>
      </trkpt>
      <trkpt lat="54.76771" lon="-2.08584">
        <ele>303.7641105471477</ele>
      </trkpt>
      <trkpt lat="54.76778" lon="-2.0859">
        <ele>304.0333527906803</ele>
      </trkpt>
      <trkpt lat="54.76784" lon="-2.086">
        <ele>303.962991180764</ele>
      </trkpt>
      <trkpt lat="54.76796" lon="-2.08629">
        <ele>303.3695777108865</ele>
      </trkpt>
      <trkpt lat="54.76805" lon="-2.0867">
        <ele>301.8811307784596</ele>
      </trkpt>
      <trkpt lat="54.76814" lon="-2.08681">
        <ele>302.39887863467527</ele>
      </trkpt>
      <trkpt lat="54.7682" lon="-2.08695">
        <ele>302.58840715875937</ele>
      </trkpt>
      <trkpt lat="54.76826" lon="-2.08734">
        <ele>302.6793711973224</ele>
      </trkpt>
      <trkpt lat="54.76836" lon="-2.08752">
        <ele>302.89001226083053</ele>
      </trkpt>
      <trkpt lat="54.76847" lon="-2.08763">
        <ele>303</ele>
      </trkpt>
      <trkpt lat="54.7687" lon="-2.08781">
        <ele>304.0706618142789</ele>
      </trkpt>
      <trkpt lat="54.76906" lon="-2.08816">
        <ele>304.06220005834444</ele>
      </trkpt>
      <trkpt lat="54.76923" lon="-2.08828">
        <ele>304.5699649666229</ele>
      </trkpt>
      <trkpt lat="54.76951" lon="-2.0884">
        <ele>307.1933226268495</ele>
      </trkpt>
      <trkpt lat="54.76959" lon="-2.08851">
        <ele>307.79691420878964</ele>
      </trkpt>
      <trkpt lat="54.76959" lon="-2.08878">
        <ele>307.6183789124</ele>
      </trkpt>
      <trkpt lat="54.76961" lon="-2.089">
        <ele>308.8417955696262</ele>
      </trkpt>
      <trkpt lat="54.76903" lon="-2.08887">
        <ele>309.3503716213402</ele>
      </trkpt>
      <trkpt lat="54.7683" lon="-2.08879">
        <ele>313.03851103386955</ele>
      </trkpt>
      <trkpt lat="54.76815" lon="-2.08874">
        <ele>311.2727749263881</ele>
      </trkpt>
      <trkpt lat="54.76814" lon="-2.08882">
        <ele>312.24875810118476</ele>
      </trkpt>
      <trkpt lat="54.76824" lon="-2.08895">
        <ele>314.97912904821607</ele>
      </trkpt>
      <trkpt lat="54.76833" lon="-2.08913">
        <ele>317.8388707783603</ele>
      </trkpt>
      <trkpt lat="54.76827" lon="-2.08931">
        <ele>319.8731272813403</ele>
      </trkpt>
      <trkpt lat="54.76816" lon="-2.08955">
        <ele>321.96636725207793</ele>
      </trkpt>
      <trkpt lat="54.76798" lon="-2.09028">
        <ele>328.4915486280349</ele>
      </trkpt>
      <trkpt lat="54.7679" lon="-2.09079">
        <ele>332.5673460957138</ele>
      </trkpt>
      <trkpt lat="54.76731" lon="-2.0934">
        <ele>347.25890891104984</ele>
      </trkpt>
      <trkpt lat="54.76746" lon="-2.09446">
        <ele>348.6966996548235</ele>
      </trkpt>
      <trkpt lat="54.75794" lon="-2.10159">
        <ele>394.1460199419415</ele>
      </trkpt>
      <trkpt lat="54.75773" lon="-2.10204">
        <ele>392.3837593952436</ele>
      </trkpt>
      <trkpt lat="54.75759" lon="-2.10242">
        <ele>392.5185254534251</ele>
      </trkpt>
      <trkpt lat="54.75735" lon="-2.10335">
        <ele>393.3122147400868</ele>
      </trkpt>
      <trkpt lat="54.75663" lon="-2.10651">
        <ele>392.52531417434</ele>
      </trkpt>
      <trkpt lat="54.75653" lon="-2.10679">
        <ele>390.9113509163275</ele>
      </trkpt>
      <trkpt lat="54.75634" lon="-2.10717">
        <ele>387.62463095316207</ele>
      </trkpt>
      <trkpt lat="54.75603" lon="-2.10755">
        <ele>384.58169636971513</ele>
      </trkpt>
      <trkpt lat="54.75455" lon="-2.11367">
        <ele>415.7619840460374</ele>
      </trkpt>
      <trkpt lat="54.7531" lon="-2.12018">
        <ele>446.7348168079284</ele>
      </trkpt>
      <trkpt lat="54.7524" lon="-2.12294">
        <ele>436.82841501314033</ele>
      </trkpt>
      <trkpt lat="54.74918" lon="-2.12883">
        <ele>408.03831648432424</ele>
      </trkpt>
      <trkpt lat="54.74845" lon="-2.12844">
        <ele>403.2815530909969</ele>
      </trkpt>
      <trkpt lat="54.74862" lon="-2.12964">
        <ele>405.9928533717558</ele>
      </trkpt>
      <trkpt lat="54.74781" lon="-2.13091">
        <ele>408.6697449021979</ele>
      </trkpt>
      <trkpt lat="54.74724" lon="-2.13234">
        <ele>409.81529216414856</ele>
      </trkpt>
      <trkpt lat="54.74676" lon="-2.13494">
        <ele>410.0515290623444</ele>
      </trkpt>
      <trkpt lat="54.74937" lon="-2.13562">
        <ele>420.55463742981783</ele>
      </trkpt>
      <trkpt lat="54.75033" lon="-2.13752">
        <ele>424.1637068005751</ele>
      </trkpt>
      <trkpt lat="54.74837" lon="-2.14042">
        <ele>403.7946668927563</ele>
      </trkpt>
      <trkpt lat="54.74874" lon="-2.14122">
        <ele>403.5587152276894</ele>
      </trkpt>
      <trkpt lat="54.74886" lon="-2.14157">
        <ele>401.8886103085256</ele>
      </trkpt>
      <trkpt lat="54.74893" lon="-2.14261">
        <ele>392.68798147264295</ele>
      </trkpt>
      <trkpt lat="54.74897" lon="-2.1428">
        <ele>391.0822266532782</ele>
      </trkpt>
      <trkpt lat="54.75037" lon="-2.14449">
        <ele>392.35411722615856</ele>
      </trkpt>
      <trkpt lat="54.75049" lon="-2.14459">
        <ele>392.96840574613793</ele>
      </trkpt>
      <trkpt lat="54.75231" lon="-2.14569">
        <ele>388.35468747000186</ele>
      </trkpt>
      <trkpt lat="54.75257" lon="-2.14581">
        <ele>386.44135965519166</ele>
      </trkpt>
      <trkpt lat="54.75276" lon="-2.14584">
        <ele>385.4414913717666</ele>
      </trkpt>
      <trkpt lat="54.75316" lon="-2.14576">
        <ele>385.086447605025</ele>
      </trkpt>
      <trkpt lat="54.7534" lon="-2.1456">
        <ele>386.3891337293911</ele>
      </trkpt>
      <trkpt lat="54.75408" lon="-2.1454">
        <ele>387.5226631110543</ele>
      </trkpt>
      <trkpt lat="54.75422" lon="-2.14546">
        <ele>387.2747652274377</ele>
      </trkpt>
      <trkpt lat="54.75606" lon="-2.1466">
        <ele>385.64079511538233</ele>
      </trkpt>
      <trkpt lat="54.75559" lon="-2.14848">
        <ele>366.3682269854243</ele>
      </trkpt>
      <trkpt lat="54.75553" lon="-2.14857">
        <ele>364.66034737991606</ele>
      </trkpt>
      <trkpt lat="54.7553" lon="-2.14871">
        <ele>360.1939255250627</ele>
      </trkpt>
      <trkpt lat="54.75504" lon="-2.14838">
        <ele>359.1028919544781</ele>
      </trkpt>
      <trkpt lat="54.75485" lon="-2.14824">
        <ele>358.7899816028312</ele>
      </trkpt>
      <trkpt lat="54.75464" lon="-2.14819">
        <ele>358.7919366479137</ele>
      </trkpt>
      <trkpt lat="54.75435" lon="-2.1482">
        <ele>358.3560397995476</ele>
      </trkpt>
      <trkpt lat="54.75424" lon="-2.14816">
        <ele>358.37794868969456</ele>
      </trkpt>
      <trkpt lat="54.75411" lon="-2.14822">
        <ele>357.1337661491168</ele>
      </trkpt>
      <trkpt lat="54.75392" lon="-2.14823">
        <ele>355.64220871012736</ele>
      </trkpt>
      <trkpt lat="54.7532" lon="-2.1484">
        <ele>352.2434908374454</ele>
      </trkpt>
      <trkpt lat="54.753" lon="-2.14841">
        <ele>352.1209287111186</ele>
      </trkpt>
      <trkpt lat="54.7526" lon="-2.14851">
        <ele>352.1132608000193</ele>
      </trkpt>
      <trkpt lat="54.75243" lon="-2.14851">
        <ele>351.86090624649165</ele>
      </trkpt>
      <trkpt lat="54.75229" lon="-2.14856">
        <ele>351.3602027225587</ele>
      </trkpt>
      <trkpt lat="54.75164" lon="-2.14865">
        <ele>350.94747586908574</ele>
      </trkpt>
      <trkpt lat="54.75158" lon="-2.14863">
        <ele>350.80611682618553</ele>
      </trkpt>
      <trkpt lat="54.75143" lon="-2.14848">
        <ele>351.0300543666356</ele>
      </trkpt>
      <trkpt lat="54.75131" lon="-2.14839">
        <ele>351.25862399208233</ele>
      </trkpt>
      <trkpt lat="54.75111" lon="-2.14835">
        <ele>350.59861178485005</ele>
      </trkpt>
      <trkpt lat="54.751" lon="-2.14836">
        <ele>350.42517740233495</ele>
      </trkpt>
      <trkpt lat="54.75071" lon="-2.14833">
        <ele>351.50198254967177</ele>
      </trkpt>
      <trkpt lat="54.7504" lon="-2.14821">
        <ele>353.8413671433743</ele>
      </trkpt>
      <trkpt lat="54.75027" lon="-2.14824">
        <ele>353.2848960000556</ele>
      </trkpt>
      <trkpt lat="54.74991" lon="-2.14865">
        <ele>347.05450299733843</ele>
      </trkpt>
      <trkpt lat="54.74974" lon="-2.14871">
        <ele>344.60473181795777</ele>
      </trkpt>
      <trkpt lat="54.74954" lon="-2.14866">
        <ele>342.8230229824492</ele>
      </trkpt>
      <trkpt lat="54.74938" lon="-2.14858">
        <ele>341.70180530857846</ele>
      </trkpt>
      <trkpt lat="54.74924" lon="-2.14846">
        <ele>341.0454395873467</ele>
      </trkpt>
      <trkpt lat="54.74903" lon="-2.14822">
        <ele>341.54837111958824</ele>
      </trkpt>
      <trkpt lat="54.74858" lon="-2.14787">
        <ele>342.8780659790825</ele>
      </trkpt>
      <trkpt lat="54.74811" lon="-2.14757">
        <ele>343.4065070114113</ele>
      </trkpt>
      <trkpt lat="54.74803" lon="-2.14749">
        <ele>343.22276324383006</ele>
      </trkpt>
      <trkpt lat="54.7478" lon="-2.14746">
        <ele>340.4243421613732</ele>
      </trkpt>
      <trkpt lat="54.74769" lon="-2.14751">
        <ele>338.5311592527746</ele>
      </trkpt>
      <trkpt lat="54.74758" lon="-2.14758">
        <ele>336.90132492916666</ele>
      </trkpt>
      <trkpt lat="54.74749" lon="-2.14784">
        <ele>335.4992459273439</ele>
      </trkpt>
      <trkpt lat="54.74736" lon="-2.14787">
        <ele>334.6168596095178</ele>
      </trkpt>
      <trkpt lat="54.74731" lon="-2.14797">
        <ele>334.65960483011213</ele>
      </trkpt>
      <trkpt lat="54.74723" lon="-2.14804">
        <ele>334.48442563321976</ele>
      </trkpt>
      <trkpt lat="54.74717" lon="-2.14804">
        <ele>334.4893207534629</ele>
      </trkpt>
      <trkpt lat="54.74711" lon="-2.148">
        <ele>334.42137683122274</ele>
      </trkpt>
      <trkpt lat="54.74706" lon="-2.14793">
        <ele>334.03880635608044</ele>
      </trkpt>
      <trkpt lat="54.74692" lon="-2.14743">
        <ele>335.15339873950074</ele>
      </trkpt>
      <trkpt lat="54.74679" lon="-2.14729">
        <ele>336.55496560951144</ele>
      </trkpt>
      <trkpt lat="54.74664" lon="-2.1473">
        <ele>336.0115868251712</ele>
      </trkpt>
      <trkpt lat="54.74641" lon="-2.14742">
        <ele>335.8029546676214</ele>
      </trkpt>
      <trkpt lat="54.74594" lon="-2.14731">
        <ele>334.8681212305799</ele>
      </trkpt>
      <trkpt lat="54.74564" lon="-2.1473">
        <ele>332.6686371214691</ele>
      </trkpt>
      <trkpt lat="54.74532" lon="-2.14718">
        <ele>331.6415679347605</ele>
      </trkpt>
      <trkpt lat="54.74459" lon="-2.14747">
        <ele>325.2488735693514</ele>
      </trkpt>
      <trkpt lat="54.74443" lon="-2.1475">
        <ele>323.148972190219</ele>
      </trkpt>
      <trkpt lat="54.7442" lon="-2.14737">
        <ele>322.5190341907565</ele>
      </trkpt>
      <trkpt lat="54.74377" lon="-2.14729">
        <ele>320.10788840402444</ele>
      </trkpt>
      <trkpt lat="54.74363" lon="-2.14735">
        <ele>319.7083730476916</ele>
      </trkpt>
      <trkpt lat="54.7434" lon="-2.14738">
        <ele>318.7094625347383</ele>
      </trkpt>
      <trkpt lat="54.74324" lon="-2.14748">
        <ele>317.0566654803869</ele>
      </trkpt>
      <trkpt lat="54.7431" lon="-2.14761">
        <ele>314.89156264192496</ele>
      </trkpt>
      <trkpt lat="54.74302" lon="-2.14766">
        <ele>313.5101614862689</ele>
      </trkpt>
      <trkpt lat="54.74295" lon="-2.14766">
        <ele>312.49226941948336</ele>
      </trkpt>
      <trkpt lat="54.74266" lon="-2.14782">
        <ele>310.3144199329443</ele>
      </trkpt>
      <trkpt lat="54.74258" lon="-2.14778">
        <ele>309.89574897785286</ele>
      </trkpt>
      <trkpt lat="54.7424" lon="-2.14763">
        <ele>309.4933272969849</ele>
      </trkpt>
      <trkpt lat="54.74218" lon="-2.14735">
        <ele>308.37020590093107</ele>
      </trkpt>
      <trkpt lat="54.74152" lon="-2.14686">
        <ele>303.16073575208486</ele>
      </trkpt>
      <trkpt lat="54.74102" lon="-2.14681">
        <ele>301.082573703329</ele>
      </trkpt>
      <trkpt lat="54.74073" lon="-2.14664">
        <ele>298.43956076022437</ele>
      </trkpt>
      <trkpt lat="54.74063" lon="-2.14662">
        <ele>298.2874729457298</ele>
      </trkpt>
      <trkpt lat="54.74053" lon="-2.14667">
        <ele>298.0139987478042</ele>
      </trkpt>
      <trkpt lat="54.74048" lon="-2.14666">
        <ele>297.765572440997</ele>
      </trkpt>
      <trkpt lat="54.74011" lon="-2.14647">
        <ele>293.82351709653256</ele>
      </trkpt>
      <trkpt lat="54.73978" lon="-2.14636">
        <ele>290.1175341896721</ele>
      </trkpt>
      <trkpt lat="54.73972" lon="-2.1463">
        <ele>289.27440109308907</ele>
      </trkpt>
      <trkpt lat="54.7396" lon="-2.14605">
        <ele>288.2320890523497</ele>
      </trkpt>
      <trkpt lat="54.73931" lon="-2.14594">
        <ele>286.54037391067516</ele>
      </trkpt>
      <trkpt lat="54.73929" lon="-2.14574">
        <ele>286.3701103026631</ele>
      </trkpt>
      <trkpt lat="54.73911" lon="-2.14582">
        <ele>285.6990161109723</ele>
      </trkpt>
      <trkpt lat="54.73862" lon="-2.14602">
        <ele>282.9026301060593</ele>
      </trkpt>
      <trkpt lat="54.73846" lon="-2.14603">
        <ele>281.4224306640459</ele>
      </trkpt>
      <trkpt lat="54.73833" lon="-2.14599">
        <ele>280.3157121894437</ele>
      </trkpt>
      <trkpt lat="54.73825" lon="-2.14593">
        <ele>279.8160817480424</ele>
      </trkpt>
      <trkpt lat="54.7378" lon="-2.1452">
        <ele>277.2813008718668</ele>
      </trkpt>
      <trkpt lat="54.73764" lon="-2.14499">
        <ele>276.4692653559245</ele>
      </trkpt>
      <trkpt lat="54.73746" lon="-2.14485">
        <ele>275.9076176974936</ele>
      </trkpt>
      <trkpt lat="54.73766" lon="-2.14363">
        <ele>274.62246842337817</ele>
      </trkpt>
      <trkpt lat="54.73759" lon="-2.14352">
        <ele>274.251776560653</ele>
      </trkpt>
      <trkpt lat="54.73741" lon="-2.14297">
        <ele>273.7780634325752</ele>
      </trkpt>
      <trkpt lat="54.73737" lon="-2.14291">
        <ele>273.6133205333268</ele>
      </trkpt>
      <trkpt lat="54.73707" lon="-2.14263">
        <ele>275.00088461816836</ele>
      </trkpt>
      <trkpt lat="54.73701" lon="-2.14255">
        <ele>275.75526166297584</ele>
      </trkpt>
      <trkpt lat="54.73696" lon="-2.14252">
        <ele>276.42521313394076</ele>
      </trkpt>
      <trkpt lat="54.73695" lon="-2.14266">
        <ele>276.7892438354443</ele>
      </trkpt>
      <trkpt lat="54.73682" lon="-2.14333">
        <ele>281.30103572253165</ele>
      </trkpt>
      <trkpt lat="54.73677" lon="-2.14385">
        <ele>282.3764914414856</ele>
      </trkpt>
      <trkpt lat="54.73644" lon="-2.14555">
        <ele>286.5111374286944</ele>
      </trkpt>
      <trkpt lat="54.73634" lon="-2.14588">
        <ele>288.95236582970307</ele>
      </trkpt>
      <trkpt lat="54.73614" lon="-2.14777">
        <ele>286.0447500439629</ele>
      </trkpt>
      <trkpt lat="54.73595" lon="-2.14838">
        <ele>286.86264800385527</ele>
      </trkpt>
      <trkpt lat="54.73594" lon="-2.14911">
        <ele>282.52907263624087</ele>
      </trkpt>
      <trkpt lat="54.73591" lon="-2.14951">
        <ele>280.78703762984907</ele>
      </trkpt>
      <trkpt lat="54.73593" lon="-2.14989">
        <ele>279.22975933109495</ele>
      </trkpt>
      <trkpt lat="54.73591" lon="-2.15022">
        <ele>278.4756207826256</ele>
      </trkpt>
      <trkpt lat="54.73588" lon="-2.15051">
        <ele>278.5426481508422</ele>
      </trkpt>
      <trkpt lat="54.73581" lon="-2.15082">
        <ele>279.1107125845737</ele>
      </trkpt>
      <trkpt lat="54.73575" lon="-2.15084">
        <ele>279.7058842670407</ele>
      </trkpt>
      <trkpt lat="54.73581" lon="-2.15082">
        <ele>279.1107125845737</ele>
      </trkpt>
      <trkpt lat="54.73584" lon="-2.15105">
        <ele>278.6683110428049</ele>
      </trkpt>
      <trkpt lat="54.73588" lon="-2.1512">
        <ele>278.3272385305553</ele>
      </trkpt>
      <trkpt lat="54.73583" lon="-2.15163">
        <ele>277.9817825989568</ele>
      </trkpt>
      <trkpt lat="54.73593" lon="-2.15241">
        <ele>278.4387835540819</ele>
      </trkpt>
      <trkpt lat="54.73639" lon="-2.15464">
        <ele>279.0516968073558</ele>
      </trkpt>
      <trkpt lat="54.73654" lon="-2.15503">
        <ele>279.2919303111044</ele>
      </trkpt>
      <trkpt lat="54.73659" lon="-2.15544">
        <ele>279.9480909532642</ele>
      </trkpt>
      <trkpt lat="54.7366" lon="-2.15609">
        <ele>280.3086700749357</ele>
      </trkpt>
      <trkpt lat="54.73639" lon="-2.15692">
        <ele>281.9550904220676</ele>
      </trkpt>
      <trkpt lat="54.73639" lon="-2.15699">
        <ele>281.9550904220676</ele>
      </trkpt>
      <trkpt lat="54.73642" lon="-2.15705">
        <ele>281.7823121125821</ele>
      </trkpt>
      <trkpt lat="54.73655" lon="-2.15717">
        <ele>281.34283558924295</ele>
      </trkpt>
      <trkpt lat="54.73658" lon="-2.15724">
        <ele>281.3138539421894</ele>
      </trkpt>
      <trkpt lat="54.73656" lon="-2.15742">
        <ele>281.52589587525006</ele>
      </trkpt>
      <trkpt lat="54.7366" lon="-2.15755">
        <ele>281.283731824719</ele>
      </trkpt>
      <trkpt lat="54.73654" lon="-2.15828">
        <ele>282.45086513268836</ele>
      </trkpt>
      <trkpt lat="54.73664" lon="-2.15972">
        <ele>284.41280226537145</ele>
      </trkpt>
      <trkpt lat="54.73665" lon="-2.16043">
        <ele>285.72433831394943</ele>
      </trkpt>
      <trkpt lat="54.73676" lon="-2.16118">
        <ele>284.4894965742251</ele>
      </trkpt>
      <trkpt lat="54.73679" lon="-2.16159">
        <ele>284.457299800055</ele>
      </trkpt>
      <trkpt lat="54.73689" lon="-2.16223">
        <ele>284.5658951835013</ele>
      </trkpt>
      <trkpt lat="54.73717" lon="-2.16306">
        <ele>284.0776227087716</ele>
      </trkpt>
      <trkpt lat="54.7373" lon="-2.16359">
        <ele>284.86505315555394</ele>
      </trkpt>
      <trkpt lat="54.7371" lon="-2.16382">
        <ele>284.7669774222198</ele>
      </trkpt>
      <trkpt lat="54.73729" lon="-2.16382">
        <ele>284.7669774222197</ele>
      </trkpt>
      <trkpt lat="54.73739" lon="-2.16402">
        <ele>284.30188159998556</ele>
      </trkpt>
      <trkpt lat="54.73754" lon="-2.1648">
        <ele>284</ele>
      </trkpt>
      <trkpt lat="54.73756" lon="-2.1666">
        <ele>285.7557491415398</ele>
      </trkpt>
      <trkpt lat="54.73743" lon="-2.16748">
        <ele>286.69007921462634</ele>
      </trkpt>
      <trkpt lat="54.73743" lon="-2.16767">
        <ele>286.7941507844265</ele>
      </trkpt>
      <trkpt lat="54.73747" lon="-2.16782">
        <ele>286.92779847588497</ele>
      </trkpt>
      <trkpt lat="54.73759" lon="-2.16807">
        <ele>287.33993641017133</ele>
      </trkpt>
      <trkpt lat="54.73764" lon="-2.16955">
        <ele>289.42912752940424</ele>
      </trkpt>
      <trkpt lat="54.73703" lon="-2.17167">
        <ele>290.0314549462189</ele>
      </trkpt>
      <trkpt lat="54.73703" lon="-2.1727">
        <ele>289.98735170230407</ele>
      </trkpt>
      <trkpt lat="54.73723" lon="-2.17334">
        <ele>291.0762541676191</ele>
      </trkpt>
      <trkpt lat="54.73757" lon="-2.17417">
        <ele>291.17493973330204</ele>
      </trkpt>
      <trkpt lat="54.73788" lon="-2.17482">
        <ele>292.51659903745195</ele>
      </trkpt>
      <trkpt lat="54.73792" lon="-2.17491">
        <ele>292.49853215046596</ele>
      </trkpt>
      <trkpt lat="54.7381" lon="-2.17454">
        <ele>291.52291020003884</ele>
      </trkpt>
      <trkpt lat="54.73813" lon="-2.17456">
        <ele>291.5460295111176</ele>
      </trkpt>
      <trkpt lat="54.73913" lon="-2.17387">
        <ele>292.29574944460836</ele>
      </trkpt>
      <trkpt lat="54.73908" lon="-2.17372">
        <ele>291.7539375239061</ele>
      </trkpt>
      <trkpt lat="54.73941" lon="-2.17469">
        <ele>295.85921360168976</ele>
      </trkpt>
      <trkpt lat="54.73947" lon="-2.17475">
        <ele>296.77648856826175</ele>
      </trkpt>
      <trkpt lat="54.73971" lon="-2.17487">
        <ele>301.0357653658839</ele>
      </trkpt>
      <trkpt lat="54.73969" lon="-2.1753">
        <ele>300.75704196426835</ele>
      </trkpt>
      <trkpt lat="54.73972" lon="-2.17597">
        <ele>301.3174024594487</ele>
      </trkpt>
      <trkpt lat="54.73964" lon="-2.17712">
        <ele>300.02137083951425</ele>
      </trkpt>
      <trkpt lat="54.73965" lon="-2.17779">
        <ele>299.1454579633197</ele>
      </trkpt>
      <trkpt lat="54.73972" lon="-2.17823">
        <ele>299.54192896741495</ele>
      </trkpt>
      <trkpt lat="54.73986" lon="-2.1794">
        <ele>300.09560782018065</ele>
      </trkpt>
      <trkpt lat="54.73988" lon="-2.17987">
        <ele>298.98381221592496</ele>
      </trkpt>
      <trkpt lat="54.73997" lon="-2.18014">
        <ele>299.54359286674384</ele>
      </trkpt>
      <trkpt lat="54.74006" lon="-2.18051">
        <ele>300.31480836970826</ele>
      </trkpt>
      <trkpt lat="54.74001" lon="-2.18102">
        <ele>298.63596032372095</ele>
      </trkpt>
      <trkpt lat="54.74004" lon="-2.18164">
        <ele>298.24498289771844</ele>
      </trkpt>
      <trkpt lat="54.74012" lon="-2.18227">
        <ele>299.2782120680674</ele>
      </trkpt>
      <trkpt lat="54.7402" lon="-2.18257">
        <ele>300.18300518086266</ele>
      </trkpt>
      <trkpt lat="54.74028" lon="-2.18327">
        <ele>300.3999845575652</ele>
      </trkpt>
      <trkpt lat="54.74032" lon="-2.1842">
        <ele>300.4339512421252</ele>
      </trkpt>
      <trkpt lat="54.74035" lon="-2.18603">
        <ele>302.62020992040675</ele>
      </trkpt>
      <trkpt lat="54.74037" lon="-2.18632">
        <ele>302.7413032443737</ele>
      </trkpt>
      <trkpt lat="54.74054" lon="-2.18782">
        <ele>307.2322136746729</ele>
      </trkpt>
      <trkpt lat="54.74047" lon="-2.18782">
        <ele>306.83599083338765</ele>
      </trkpt>
      <trkpt lat="54.74054" lon="-2.18782">
        <ele>307.2322136746729</ele>
      </trkpt>
      <trkpt lat="54.74053" lon="-2.18801">
        <ele>307.7231166145074</ele>
      </trkpt>
      <trkpt lat="54.74045" lon="-2.18826">
        <ele>307.2135243539348</ele>
      </trkpt>
      <trkpt lat="54.74046" lon="-2.18847">
        <ele>306.6912361893109</ele>
      </trkpt>
      <trkpt lat="54.74052" lon="-2.18862">
        <ele>306.48042211763317</ele>
      </trkpt>
      <trkpt lat="54.74118" lon="-2.18971">
        <ele>307.8975062247038</ele>
      </trkpt>
      <trkpt lat="54.74143" lon="-2.19061">
        <ele>309.59392180452153</ele>
      </trkpt>
      <trkpt lat="54.74176" lon="-2.19163">
        <ele>310.51500596448966</ele>
      </trkpt>
      <trkpt lat="54.74195" lon="-2.19207">
        <ele>311.26928825839525</ele>
      </trkpt>
      <trkpt lat="54.74218" lon="-2.19251">
        <ele>312.0141322385691</ele>
      </trkpt>
      <trkpt lat="54.74229" lon="-2.19296">
        <ele>311.71579086452317</ele>
      </trkpt>
      <trkpt lat="54.74225" lon="-2.19347">
        <ele>309.7162327086325</ele>
      </trkpt>
      <trkpt lat="54.74201" lon="-2.19406">
        <ele>308.70961357452984</ele>
      </trkpt>
      <trkpt lat="54.74195" lon="-2.19466">
        <ele>308.06648489716486</ele>
      </trkpt>
      <trkpt lat="54.74195" lon="-2.19528">
        <ele>308.0214127030212</ele>
      </trkpt>
      <trkpt lat="54.74205" lon="-2.19669">
        <ele>310.37468889041384</ele>
      </trkpt>
      <trkpt lat="54.74225" lon="-2.19778">
        <ele>312.7008886661372</ele>
      </trkpt>
      <trkpt lat="54.74229" lon="-2.19842">
        <ele>312.4894307784974</ele>
      </trkpt>
      <trkpt lat="54.74245" lon="-2.19944">
        <ele>313.74310120272065</ele>
      </trkpt>
      <trkpt lat="54.74248" lon="-2.19954">
        <ele>314.1101997261182</ele>
      </trkpt>
      <trkpt lat="54.7422" lon="-2.19975">
        <ele>316.64950224428054</ele>
      </trkpt>
      <trkpt lat="54.74193" lon="-2.20004">
        <ele>319.0741276674613</ele>
      </trkpt>
      <trkpt lat="54.74187" lon="-2.19994">
        <ele>318.73298735307606</ele>
      </trkpt>
      <trkpt lat="54.74193" lon="-2.20004">
        <ele>319.0741276674613</ele>
      </trkpt>
      <trkpt lat="54.74222" lon="-2.20067">
        <ele>319.77153715416887</ele>
      </trkpt>
      <trkpt lat="54.74227" lon="-2.20089">
        <ele>319.6848527776317</ele>
      </trkpt>
      <trkpt lat="54.74227" lon="-2.20231">
        <ele>319.3239512441691</ele>
      </trkpt>
      <trkpt lat="54.7424" lon="-2.20366">
        <ele>321.9499868444408</ele>
      </trkpt>
      <trkpt lat="54.7424" lon="-2.20401">
        <ele>322.5732991999957</ele>
      </trkpt>
      <trkpt lat="54.7423" lon="-2.20529">
        <ele>326.6976809651598</ele>
      </trkpt>
      <trkpt lat="54.7423" lon="-2.20553">
        <ele>327.2677770159445</ele>
      </trkpt>
      <trkpt lat="54.74254" lon="-2.20797">
        <ele>330.53112203125033</ele>
      </trkpt>
      <trkpt lat="54.74259" lon="-2.20831">
        <ele>330.7522251554071</ele>
      </trkpt>
      <trkpt lat="54.74265" lon="-2.20851">
        <ele>331.23771646109026</ele>
      </trkpt>
      <trkpt lat="54.74265" lon="-2.20869">
        <ele>331.8404653788555</ele>
      </trkpt>
      <trkpt lat="54.7428" lon="-2.20967">
        <ele>333.3110201337147</ele>
      </trkpt>
      <trkpt lat="54.74279" lon="-2.20984">
        <ele>333.8446628984071</ele>
      </trkpt>
      <trkpt lat="54.74276" lon="-2.20992">
        <ele>333.94263234923204</ele>
      </trkpt>
      <trkpt lat="54.74269" lon="-2.21002">
        <ele>333.7088863426997</ele>
      </trkpt>
      <trkpt lat="54.74262" lon="-2.21017">
        <ele>333.3424931115945</ele>
      </trkpt>
      <trkpt lat="54.74257" lon="-2.2104">
        <ele>333.0878905410416</ele>
      </trkpt>
      <trkpt lat="54.74249" lon="-2.21118">
        <ele>334.79344381997447</ele>
      </trkpt>
      <trkpt lat="54.74225" lon="-2.2119">
        <ele>340.4779186704202</ele>
      </trkpt>
      <trkpt lat="54.74188" lon="-2.21276">
        <ele>347.57464844421224</ele>
      </trkpt>
      <trkpt lat="54.74171" lon="-2.21333">
        <ele>351.185487711786</ele>
      </trkpt>
      <trkpt lat="54.74166" lon="-2.21359">
        <ele>352.68082837276506</ele>
      </trkpt>
      <trkpt lat="54.74161" lon="-2.21417">
        <ele>354.6165054251456</ele>
      </trkpt>
      <trkpt lat="54.74163" lon="-2.21457">
        <ele>356.03928825105584</ele>
      </trkpt>
      <trkpt lat="54.74171" lon="-2.21506">
        <ele>356.6601443438067</ele>
      </trkpt>
      <trkpt lat="54.74187" lon="-2.21568">
        <ele>356.92269352534845</ele>
      </trkpt>
      <trkpt lat="54.74207" lon="-2.21631">
        <ele>358.59053503894336</ele>
      </trkpt>
      <trkpt lat="54.74221" lon="-2.21693">
        <ele>361.8570919238975</ele>
      </trkpt>
      <trkpt lat="54.74232" lon="-2.21762">
        <ele>366.02551025636603</ele>
      </trkpt>
      <trkpt lat="54.74242" lon="-2.21984">
        <ele>374.992636307959</ele>
      </trkpt>
      <trkpt lat="54.74298" lon="-2.22349">
        <ele>389.5571641715715</ele>
      </trkpt>
      <trkpt lat="54.74308" lon="-2.22468">
        <ele>395.10031039295774</ele>
      </trkpt>
      <trkpt lat="54.74324" lon="-2.22789">
        <ele>404.2329042500359</ele>
      </trkpt>
      <trkpt lat="54.74321" lon="-2.22823">
        <ele>404.9855399277001</ele>
      </trkpt>
      <trkpt lat="54.74258" lon="-2.23054">
        <ele>411.44169025167486</ele>
      </trkpt>
      <trkpt lat="54.7418" lon="-2.23353">
        <ele>420.32009034901944</ele>
      </trkpt>
      <trkpt lat="54.74165" lon="-2.23394">
        <ele>422.405236356389</ele>
      </trkpt>
      <trkpt lat="54.74069" lon="-2.23578">
        <ele>429.63992565469914</ele>
      </trkpt>
      <trkpt lat="54.73884" lon="-2.2394">
        <ele>444.0214323508867</ele>
      </trkpt>
      <trkpt lat="54.73862" lon="-2.2398">
        <ele>445.7616537959785</ele>
      </trkpt>
      <trkpt lat="54.7363" lon="-2.24426">
        <ele>455.3808598778218</ele>
      </trkpt>
      <trkpt lat="54.73595" lon="-2.24499">
        <ele>456.22895523759087</ele>
      </trkpt>
      <trkpt lat="54.73554" lon="-2.24597">
        <ele>458.834997295402</ele>
      </trkpt>
      <trkpt lat="54.73508" lon="-2.2466">
        <ele>464.8874546306795</ele>
      </trkpt>
      <trkpt lat="54.73266" lon="-2.25183">
        <ele>508.66500913510197</ele>
      </trkpt>
      <trkpt lat="54.73245" lon="-2.25224">
        <ele>511.4590927955702</ele>
      </trkpt>
      <trkpt lat="54.73231" lon="-2.2524">
        <ele>512.9116907321858</ele>
      </trkpt>
      <trkpt lat="54.73099" lon="-2.2534">
        <ele>527.8419739024484</ele>
      </trkpt>
      <trkpt lat="54.73" lon="-2.25393">
        <ele>544.6209863401024</ele>
      </trkpt>
      <trkpt lat="54.72991" lon="-2.25403">
        <ele>545.8743778818483</ele>
      </trkpt>
      <trkpt lat="54.7297" lon="-2.25437">
        <ele>549.9035752058736</ele>
      </trkpt>
      <trkpt lat="54.72946" lon="-2.25468">
        <ele>554.5256500119583</ele>
      </trkpt>
      <trkpt lat="54.72925" lon="-2.25487">
        <ele>558.3058665600395</ele>
      </trkpt>
      <trkpt lat="54.72892" lon="-2.25524">
        <ele>565.5537520683085</ele>
      </trkpt>
      <trkpt lat="54.72867" lon="-2.25543">
        <ele>569.1494834970688</ele>
      </trkpt>
      <trkpt lat="54.72831" lon="-2.25582">
        <ele>576.0409110091632</ele>
      </trkpt>
      <trkpt lat="54.72807" lon="-2.256">
        <ele>578.7000910377973</ele>
      </trkpt>
      <trkpt lat="54.72776" lon="-2.25608">
        <ele>580.8147426393821</ele>
      </trkpt>
      <trkpt lat="54.72749" lon="-2.25609">
        <ele>583.2173835368827</ele>
      </trkpt>
      <trkpt lat="54.72736" lon="-2.25614">
        <ele>584.3853694590509</ele>
      </trkpt>
      <trkpt lat="54.72722" lon="-2.25623">
        <ele>585.5585612446546</ele>
      </trkpt>
      <trkpt lat="54.72674" lon="-2.25669">
        <ele>590.2531143289062</ele>
      </trkpt>
      <trkpt lat="54.72631" lon="-2.2572">
        <ele>594.2961351488723</ele>
      </trkpt>
      <trkpt lat="54.72611" lon="-2.25737">
        <ele>595.6687271617359</ele>
      </trkpt>
      <trkpt lat="54.725" lon="-2.25882">
        <ele>605.8996158625006</ele>
      </trkpt>
      <trkpt lat="54.72461" lon="-2.25917">
        <ele>608.2887839667509</ele>
      </trkpt>
      <trkpt lat="54.72428" lon="-2.25952">
        <ele>611.5306582862991</ele>
      </trkpt>
      <trkpt lat="54.72392" lon="-2.26009">
        <ele>615.1286264891786</ele>
      </trkpt>
      <trkpt lat="54.7238" lon="-2.26022">
        <ele>616.0294645351792</ele>
      </trkpt>
      <trkpt lat="54.72362" lon="-2.26034">
        <ele>617.4499523634338</ele>
      </trkpt>
      <trkpt lat="54.72345" lon="-2.26057">
        <ele>620.2901610031033</ele>
      </trkpt>
      <trkpt lat="54.72332" lon="-2.26062">
        <ele>622.1577327832482</ele>
      </trkpt>
      <trkpt lat="54.72318" lon="-2.26064">
        <ele>623.6697948082452</ele>
      </trkpt>
      <trkpt lat="54.72297" lon="-2.26079">
        <ele>627.4585524733183</ele>
      </trkpt>
      <trkpt lat="54.72268" lon="-2.26115">
        <ele>634.7583866740632</ele>
      </trkpt>
      <trkpt lat="54.72237" lon="-2.26159">
        <ele>637.7618384648587</ele>
      </trkpt>
      <trkpt lat="54.72175" lon="-2.26229">
        <ele>640.8924977061365</ele>
      </trkpt>
      <trkpt lat="54.72143" lon="-2.26289">
        <ele>645.952655073396</ele>
      </trkpt>
      <trkpt lat="54.72134" lon="-2.26313">
        <ele>647.8231197429695</ele>
      </trkpt>
      <trkpt lat="54.72128" lon="-2.26347">
        <ele>650.39034255032</ele>
      </trkpt>
      <trkpt lat="54.72119" lon="-2.26367">
        <ele>652.3129640565598</ele>
      </trkpt>
      <trkpt lat="54.72095" lon="-2.26395">
        <ele>655.903121946637</ele>
      </trkpt>
      <trkpt lat="54.72074" lon="-2.26425">
        <ele>658.440583352769</ele>
      </trkpt>
      <trkpt lat="54.72059" lon="-2.26441">
        <ele>659.2619284627499</ele>
      </trkpt>
      <trkpt lat="54.71957" lon="-2.26521">
        <ele>664.8656063999983</ele>
      </trkpt>
      <trkpt lat="54.71922" lon="-2.26541">
        <ele>666.3637077333419</ele>
      </trkpt>
      <trkpt lat="54.71889" lon="-2.26553">
        <ele>667.3025685333187</ele>
      </trkpt>
      <trkpt lat="54.7186" lon="-2.26584">
        <ele>670.2214087161412</ele>
      </trkpt>
      <trkpt lat="54.71831" lon="-2.26599">
        <ele>671.6385384016446</ele>
      </trkpt>
      <trkpt lat="54.71807" lon="-2.26633">
        <ele>673.7451411370677</ele>
      </trkpt>
      <trkpt lat="54.71769" lon="-2.26725">
        <ele>676.3330749598804</ele>
      </trkpt>
      <trkpt lat="54.71583" lon="-2.27177">
        <ele>674.3971735401785</ele>
      </trkpt>
      <trkpt lat="54.71522" lon="-2.27349">
        <ele>672.123622198279</ele>
      </trkpt>
      <trkpt lat="54.71406" lon="-2.27827">
        <ele>652.0819315494259</ele>
      </trkpt>
      <trkpt lat="54.71401" lon="-2.27881">
        <ele>651.8610168159978</ele>
      </trkpt>
      <trkpt lat="54.71395" lon="-2.28182">
        <ele>643.2956554191423</ele>
      </trkpt>
      <trkpt lat="54.71389" lon="-2.28254">
        <ele>639.7032699230148</ele>
      </trkpt>
      <trkpt lat="54.71383" lon="-2.283">
        <ele>636.3549249369189</ele>
      </trkpt>
      <trkpt lat="54.71373" lon="-2.28352">
        <ele>632.1668042214131</ele>
      </trkpt>
      <trkpt lat="54.71344" lon="-2.28469">
        <ele>623.0684484655143</ele>
      </trkpt>
      <trkpt lat="54.71258" lon="-2.28687">
        <ele>598.182970059128</ele>
      </trkpt>
      <trkpt lat="54.71165" lon="-2.28743">
        <ele>586.2222858824952</ele>
      </trkpt>
      <trkpt lat="54.71135" lon="-2.28765">
        <ele>583.0706022004135</ele>
      </trkpt>
      <trkpt lat="54.71117" lon="-2.28786">
        <ele>581.4539868676748</ele>
      </trkpt>
      <trkpt lat="54.71105" lon="-2.28807">
        <ele>580.1722515990369</ele>
      </trkpt>
      <trkpt lat="54.7109" lon="-2.28844">
        <ele>576.650738526829</ele>
      </trkpt>
      <trkpt lat="54.71073" lon="-2.2888">
        <ele>572.6104421324576</ele>
      </trkpt>
      <trkpt lat="54.71034" lon="-2.2895">
        <ele>566.9462842000416</ele>
      </trkpt>
      <trkpt lat="54.71028" lon="-2.28969">
        <ele>565.9072234935676</ele>
      </trkpt>
      <trkpt lat="54.71026" lon="-2.28986">
        <ele>565.2003002638826</ele>
      </trkpt>
      <trkpt lat="54.71029" lon="-2.29008">
        <ele>564.0753190505793</ele>
      </trkpt>
      <trkpt lat="54.71053" lon="-2.29131">
        <ele>558.2579716288027</ele>
      </trkpt>
      <trkpt lat="54.71054" lon="-2.29147">
        <ele>557.5722642986764</ele>
      </trkpt>
      <trkpt lat="54.70939" lon="-2.2901">
        <ele>555.7988044410022</ele>
      </trkpt>
      <trkpt lat="54.70921" lon="-2.28991">
        <ele>554.2925904760141</ele>
      </trkpt>
      <trkpt lat="54.709" lon="-2.28975">
        <ele>554.4176241115674</ele>
      </trkpt>
      <trkpt lat="54.70822" lon="-2.28952">
        <ele>553.2764226343952</ele>
      </trkpt>
      <trkpt lat="54.70794" lon="-2.2894">
        <ele>552.0763292251236</ele>
      </trkpt>
      <trkpt lat="54.70764" lon="-2.28919">
        <ele>550.6047595241586</ele>
      </trkpt>
      <trkpt lat="54.70746" lon="-2.28899">
        <ele>550.3555548139769</ele>
      </trkpt>
      <trkpt lat="54.70698" lon="-2.28835">
        <ele>547.2122359319598</ele>
      </trkpt>
      <trkpt lat="54.70668" lon="-2.28799">
        <ele>546.2790543346803</ele>
      </trkpt>
      <trkpt lat="54.70592" lon="-2.28748">
        <ele>542.4933321073654</ele>
      </trkpt>
      <trkpt lat="54.70581" lon="-2.28737">
        <ele>542.1039675309795</ele>
      </trkpt>
      <trkpt lat="54.70556" lon="-2.28698">
        <ele>540.7631642263619</ele>
      </trkpt>
      <trkpt lat="54.70547" lon="-2.28678">
        <ele>540.0976760075904</ele>
      </trkpt>
      <trkpt lat="54.70556" lon="-2.28698">
        <ele>540.7631642263619</ele>
      </trkpt>
      <trkpt lat="54.70531" lon="-2.28689">
        <ele>536.9493949444508</ele>
      </trkpt>
      <trkpt lat="54.70397" lon="-2.28614">
        <ele>520.5316447594628</ele>
      </trkpt>
      <trkpt lat="54.7026" lon="-2.28532">
        <ele>505.23839654233416</ele>
      </trkpt>
      <trkpt lat="54.70022" lon="-2.284">
        <ele>485.4248630307545</ele>
      </trkpt>
      <trkpt lat="54.6992" lon="-2.28333">
        <ele>479.95267310077395</ele>
      </trkpt>
      <trkpt lat="54.69886" lon="-2.28315">
        <ele>476.8146376854058</ele>
      </trkpt>
      <trkpt lat="54.69817" lon="-2.28283">
        <ele>469.0891174417932</ele>
      </trkpt>
      <trkpt lat="54.69799" lon="-2.28272">
        <ele>467.32589634424204</ele>
      </trkpt>
      <trkpt lat="54.69749" lon="-2.28233">
        <ele>463.35527179027105</ele>
      </trkpt>
      <trkpt lat="54.69528" lon="-2.28047">
        <ele>442.21251552039536</ele>
      </trkpt>
      <trkpt lat="54.69516" lon="-2.28042">
        <ele>440.4462348901732</ele>
      </trkpt>
      <trkpt lat="54.69478" lon="-2.27949">
        <ele>435.6237604946784</ele>
      </trkpt>
      <trkpt lat="54.69471" lon="-2.27909">
        <ele>433.9942717226694</ele>
      </trkpt>
      <trkpt lat="54.69468" lon="-2.27846">
        <ele>432.71881347536157</ele>
      </trkpt>
      <trkpt lat="54.69469" lon="-2.27779">
        <ele>432.8598469660624</ele>
      </trkpt>
      <trkpt lat="54.69477" lon="-2.27694">
        <ele>433.64614914842787</ele>
      </trkpt>
      <trkpt lat="54.69475" lon="-2.27609">
        <ele>435.60129331908075</ele>
      </trkpt>
      <trkpt lat="54.69465" lon="-2.2753">
        <ele>436.65009066667494</ele>
      </trkpt>
      <trkpt lat="54.69464" lon="-2.27441">
        <ele>442.34619941243557</ele>
      </trkpt>
      <trkpt lat="54.69454" lon="-2.27381">
        <ele>448.5094836246588</ele>
      </trkpt>
      <trkpt lat="54.69449" lon="-2.27379">
        <ele>448.73379149369464</ele>
      </trkpt>
      <trkpt lat="54.69444" lon="-2.27373">
        <ele>449.1187222690181</ele>
      </trkpt>
      <trkpt lat="54.6939" lon="-2.27229">
        <ele>454.15506456582887</ele>
      </trkpt>
      <trkpt lat="54.69307" lon="-2.2711">
        <ele>451.0796270160948</ele>
      </trkpt>
      <trkpt lat="54.69259" lon="-2.2703">
        <ele>447.86197708013407</ele>
      </trkpt>
      <trkpt lat="54.69244" lon="-2.26987">
        <ele>446.86712007133855</ele>
      </trkpt>
      <trkpt lat="54.69207" lon="-2.26933">
        <ele>444.7084718257663</ele>
      </trkpt>
      <trkpt lat="54.69178" lon="-2.26897">
        <ele>444.15466678193843</ele>
      </trkpt>
      <trkpt lat="54.69192" lon="-2.26915">
        <ele>444.06244564498843</ele>
      </trkpt>
      <trkpt lat="54.69152" lon="-2.27009">
        <ele>437.37347549300256</ele>
      </trkpt>
      <trkpt lat="54.69133" lon="-2.2704">
        <ele>434.3228426933163</ele>
      </trkpt>
      <trkpt lat="54.69066" lon="-2.27087">
        <ele>427.498412628426</ele>
      </trkpt>
      <trkpt lat="54.68861" lon="-2.27178">
        <ele>415.8703112000334</ele>
      </trkpt>
      <trkpt lat="54.68825" lon="-2.27218">
        <ele>414.53497722935936</ele>
      </trkpt>
      <trkpt lat="54.68797" lon="-2.27238">
        <ele>413.894790558586</ele>
      </trkpt>
      <trkpt lat="54.68736" lon="-2.27268">
        <ele>413.18695037245675</ele>
      </trkpt>
      <trkpt lat="54.68734" lon="-2.27265">
        <ele>413.1513051657763</ele>
      </trkpt>
      <trkpt lat="54.68728" lon="-2.27267">
        <ele>413.204928711104</ele>
      </trkpt>
      <trkpt lat="54.68725" lon="-2.27275">
        <ele>413.3913422222255</ele>
      </trkpt>
      <trkpt lat="54.68718" lon="-2.27278">
        <ele>413.5596677609259</ele>
      </trkpt>
      <trkpt lat="54.68683" lon="-2.27281">
        <ele>413.67788088894486</ele>
      </trkpt>
      <trkpt lat="54.68665" lon="-2.27288">
        <ele>414.2523296311275</ele>
      </trkpt>
      <trkpt lat="54.68649" lon="-2.27306">
        <ele>415.9118072140071</ele>
      </trkpt>
      <trkpt lat="54.68636" lon="-2.2733">
        <ele>417.79043997013054</ele>
      </trkpt>
      <trkpt lat="54.68629" lon="-2.27334">
        <ele>418.18374106355554</ele>
      </trkpt>
      <trkpt lat="54.68625" lon="-2.27362">
        <ele>419.09147455063703</ele>
      </trkpt>
      <trkpt lat="54.68608" lon="-2.27381">
        <ele>420.1010789627971</ele>
      </trkpt>
      <trkpt lat="54.68579" lon="-2.27322">
        <ele>420.1799535189085</ele>
      </trkpt>
      <trkpt lat="54.68548" lon="-2.2732">
        <ele>424.96859293577813</ele>
      </trkpt>
      <trkpt lat="54.68465" lon="-2.27224">
        <ele>431.04454507487685</ele>
      </trkpt>
      <trkpt lat="54.68452" lon="-2.27257">
        <ele>433.761081541108</ele>
      </trkpt>
      <trkpt lat="54.68414" lon="-2.27286">
        <ele>437.49143953962374</ele>
      </trkpt>
      <trkpt lat="54.68302" lon="-2.27312">
        <ele>450.8039121896829</ele>
      </trkpt>
      <trkpt lat="54.68272" lon="-2.27264">
        <ele>450.544845302869</ele>
      </trkpt>
      <trkpt lat="54.67957" lon="-2.27401">
        <ele>486.40556590458186</ele>
      </trkpt>
      <trkpt lat="54.67845" lon="-2.27647">
        <ele>512.513167968119</ele>
      </trkpt>
      <trkpt lat="54.67321" lon="-2.28288">
        <ele>508.48312536981007</ele>
      </trkpt>
      <trkpt lat="54.67298" lon="-2.28383">
        <ele>508.9804028979977</ele>
      </trkpt>
      <trkpt lat="54.67261" lon="-2.28515">
        <ele>509.67198663298143</ele>
      </trkpt>
      <trkpt lat="54.67247" lon="-2.28542">
        <ele>508.39637341154776</ele>
      </trkpt>
      <trkpt lat="54.67238" lon="-2.28552">
        <ele>508.0299568896872</ele>
      </trkpt>
      <trkpt lat="54.67209" lon="-2.2857">
        <ele>508.81673129140455</ele>
      </trkpt>
      <trkpt lat="54.672" lon="-2.28581">
        <ele>509.8316956648283</ele>
      </trkpt>
      <trkpt lat="54.67149" lon="-2.2869">
        <ele>509.2164532031875</ele>
      </trkpt>
      <trkpt lat="54.67137" lon="-2.28725">
        <ele>508.4027224772137</ele>
      </trkpt>
      <trkpt lat="54.67131" lon="-2.28737">
        <ele>508.061550424807</ele>
      </trkpt>
      <trkpt lat="54.67123" lon="-2.28744">
        <ele>507.28131103007235</ele>
      </trkpt>
      <trkpt lat="54.67098" lon="-2.28752">
        <ele>505.4858375536826</ele>
      </trkpt>
      <trkpt lat="54.67088" lon="-2.28766">
        <ele>505.342706571567</ele>
      </trkpt>
      <trkpt lat="54.67084" lon="-2.28789">
        <ele>505.79114651796516</ele>
      </trkpt>
      <trkpt lat="54.67065" lon="-2.28798">
        <ele>504.7909278136333</ele>
      </trkpt>
      <trkpt lat="54.67047" lon="-2.2881">
        <ele>504.0282225171105</ele>
      </trkpt>
      <trkpt lat="54.67033" lon="-2.28812">
        <ele>503.9244727173382</ele>
      </trkpt>
      <trkpt lat="54.67015" lon="-2.28809">
        <ele>503.49859248306086</ele>
      </trkpt>
      <trkpt lat="54.66996" lon="-2.28798">
        <ele>503.18927082718466</ele>
      </trkpt>
      <trkpt lat="54.66975" lon="-2.28796">
        <ele>503.5666055111216</ele>
      </trkpt>
      <trkpt lat="54.66937" lon="-2.28785">
        <ele>501.99119316469125</ele>
      </trkpt>
      <trkpt lat="54.66931" lon="-2.28787">
        <ele>501.4826262652209</ele>
      </trkpt>
      <trkpt lat="54.66923" lon="-2.28795">
        <ele>500.78835219362975</ele>
      </trkpt>
      <trkpt lat="54.6691" lon="-2.28813">
        <ele>499.6482131895292</ele>
      </trkpt>
      <trkpt lat="54.66902" lon="-2.28814">
        <ele>499.09862539601085</ele>
      </trkpt>
      <trkpt lat="54.6688" lon="-2.28812">
        <ele>497.72732717422855</ele>
      </trkpt>
      <trkpt lat="54.66857" lon="-2.28807">
        <ele>497.00029205847534</ele>
      </trkpt>
      <trkpt lat="54.66812" lon="-2.28784">
        <ele>498.05900288717885</ele>
      </trkpt>
      <trkpt lat="54.66784" lon="-2.28775">
        <ele>498.91224888889127</ele>
      </trkpt>
      <trkpt lat="54.6676" lon="-2.28775">
        <ele>499.5200451456015</ele>
      </trkpt>
      <trkpt lat="54.66707" lon="-2.28763">
        <ele>501.17148942220985</ele>
      </trkpt>
      <trkpt lat="54.66693" lon="-2.28756">
        <ele>501.69716232932814</ele>
      </trkpt>
      <trkpt lat="54.66675" lon="-2.28743">
        <ele>502.65269894579865</ele>
      </trkpt>
      <trkpt lat="54.66657" lon="-2.28725">
        <ele>503.5212088888985</ele>
      </trkpt>
      <trkpt lat="54.66636" lon="-2.28699">
        <ele>503.93051160398375</ele>
      </trkpt>
      <trkpt lat="54.66607" lon="-2.28651">
        <ele>505.4044865274114</ele>
      </trkpt>
      <trkpt lat="54.6659" lon="-2.28631">
        <ele>506.68988317043215</ele>
      </trkpt>
      <trkpt lat="54.66576" lon="-2.28623">
        <ele>507.24697173335676</ele>
      </trkpt>
      <trkpt lat="54.66557" lon="-2.28618">
        <ele>507.4217344000251</ele>
      </trkpt>
      <trkpt lat="54.66545" lon="-2.28611">
        <ele>507.39603363934555</ele>
      </trkpt>
      <trkpt lat="54.66515" lon="-2.28584">
        <ele>506.94152595724586</ele>
      </trkpt>
      <trkpt lat="54.66496" lon="-2.28571">
        <ele>506.20249047645007</ele>
      </trkpt>
      <trkpt lat="54.66362" lon="-2.28493">
        <ele>508.85440142219903</ele>
      </trkpt>
      <trkpt lat="54.6634" lon="-2.28478">
        <ele>510.16825378239207</ele>
      </trkpt>
      <trkpt lat="54.6633" lon="-2.28475">
        <ele>510.5095033383002</ele>
      </trkpt>
      <trkpt lat="54.66301" lon="-2.28477">
        <ele>510.0994365678889</ele>
      </trkpt>
      <trkpt lat="54.66244" lon="-2.28499">
        <ele>506.0677730107692</ele>
      </trkpt>
      <trkpt lat="54.66218" lon="-2.285">
        <ele>503.8849960263598</ele>
      </trkpt>
      <trkpt lat="54.66177" lon="-2.28528">
        <ele>498.4844966508222</ele>
      </trkpt>
      <trkpt lat="54.6616" lon="-2.2853">
        <ele>497.2132681053084</ele>
      </trkpt>
      <trkpt lat="54.66058" lon="-2.28579">
        <ele>490.02029933294466</ele>
      </trkpt>
      <trkpt lat="54.66034" lon="-2.28594">
        <ele>490.91240831990297</ele>
      </trkpt>
      <trkpt lat="54.66014" lon="-2.28613">
        <ele>491.4409114728455</ele>
      </trkpt>
      <trkpt lat="54.65967" lon="-2.28692">
        <ele>490.9760969952274</ele>
      </trkpt>
      <trkpt lat="54.65937" lon="-2.28717">
        <ele>491.01129576263776</ele>
      </trkpt>
      <trkpt lat="54.65903" lon="-2.28756">
        <ele>490.35001034461993</ele>
      </trkpt>
      <trkpt lat="54.65895" lon="-2.2877">
        <ele>490.43622457595393</ele>
      </trkpt>
      <trkpt lat="54.6589" lon="-2.28772">
        <ele>490.67629876795775</ele>
      </trkpt>
      <trkpt lat="54.65862" lon="-2.2877">
        <ele>491.7039520459134</ele>
      </trkpt>
      <trkpt lat="54.6584" lon="-2.28763">
        <ele>492.62438270629</ele>
      </trkpt>
      <trkpt lat="54.65738" lon="-2.28694">
        <ele>493.5494744829008</ele>
      </trkpt>
      <trkpt lat="54.65719" lon="-2.28682">
        <ele>493.15259323161655</ele>
      </trkpt>
      <trkpt lat="54.65693" lon="-2.28669">
        <ele>493.17836652529695</ele>
      </trkpt>
      <trkpt lat="54.65667" lon="-2.28645">
        <ele>492.66630995746306</ele>
      </trkpt>
      <trkpt lat="54.65661" lon="-2.28643">
        <ele>492.4650963178383</ele>
      </trkpt>
      <trkpt lat="54.65635" lon="-2.28641">
        <ele>491.5269688751561</ele>
      </trkpt>
      <trkpt lat="54.65623" lon="-2.28647">
        <ele>490.64659515208064</ele>
      </trkpt>
      <trkpt lat="54.6561" lon="-2.28658">
        <ele>489.35132402482054</ele>
      </trkpt>
      <trkpt lat="54.65597" lon="-2.2868">
        <ele>487.22779431925335</ele>
      </trkpt>
      <trkpt lat="54.65591" lon="-2.28738">
        <ele>482.95858764462304</ele>
      </trkpt>
      <trkpt lat="54.6558" lon="-2.28767">
        <ele>481.7019144350671</ele>
      </trkpt>
      <trkpt lat="54.65561" lon="-2.28792">
        <ele>481.2952405430607</ele>
      </trkpt>
      <trkpt lat="54.65516" lon="-2.28839">
        <ele>477.23957778432566</ele>
      </trkpt>
      <trkpt lat="54.65499" lon="-2.28854">
        <ele>475.01056029549875</ele>
      </trkpt>
      <trkpt lat="54.65473" lon="-2.28868">
        <ele>472.5995382402514</ele>
      </trkpt>
      <trkpt lat="54.6546" lon="-2.2887">
        <ele>471.76252137044435</ele>
      </trkpt>
      <trkpt lat="54.65425" lon="-2.28868">
        <ele>470.2782898976013</ele>
      </trkpt>
      <trkpt lat="54.654" lon="-2.28875">
        <ele>468.39232687917314</ele>
      </trkpt>
      <trkpt lat="54.6538" lon="-2.28889">
        <ele>466.4986042817365</ele>
      </trkpt>
      <trkpt lat="54.65372" lon="-2.289">
        <ele>465.73023999994666</ele>
      </trkpt>
      <trkpt lat="54.65367" lon="-2.28913">
        <ele>464.95122844448815</ele>
      </trkpt>
      <trkpt lat="54.65363" lon="-2.28936">
        <ele>464.1047097934081</ele>
      </trkpt>
      <trkpt lat="54.6536" lon="-2.28935">
        <ele>464.02083689211963</ele>
      </trkpt>
      <trkpt lat="54.65365" lon="-2.28915">
        <ele>464.8347199999498</ele>
      </trkpt>
      <trkpt lat="54.6536" lon="-2.28935">
        <ele>464.02083689211963</ele>
      </trkpt>
      <trkpt lat="54.65349" lon="-2.28928">
        <ele>463.66585035547683</ele>
      </trkpt>
      <trkpt lat="54.65317" lon="-2.28901">
        <ele>460.75479557542246</ele>
      </trkpt>
      <trkpt lat="54.65303" lon="-2.28896">
        <ele>458.4251815194733</ele>
      </trkpt>
      <trkpt lat="54.65282" lon="-2.28894">
        <ele>455.00524733476436</ele>
      </trkpt>
      <trkpt lat="54.65267" lon="-2.28889">
        <ele>453.2405787274223</ele>
      </trkpt>
      <trkpt lat="54.65257" lon="-2.28882">
        <ele>452.63762879500314</ele>
      </trkpt>
      <trkpt lat="54.65239" lon="-2.28884">
        <ele>449.29675973885975</ele>
      </trkpt>
      <trkpt lat="54.65224" lon="-2.28881">
        <ele>446.2897746598944</ele>
      </trkpt>
      <trkpt lat="54.65209" lon="-2.2889">
        <ele>442.16682336815654</ele>
      </trkpt>
      <trkpt lat="54.65188" lon="-2.28898">
        <ele>438.28614505417727</ele>
      </trkpt>
      <trkpt lat="54.65163" lon="-2.28904">
        <ele>434.6974313602208</ele>
      </trkpt>
      <trkpt lat="54.65141" lon="-2.28896">
        <ele>433.7336016275495</ele>
      </trkpt>
      <trkpt lat="54.65132" lon="-2.28886">
        <ele>433.8407454295465</ele>
      </trkpt>
      <trkpt lat="54.65107" lon="-2.28842">
        <ele>433.5500102770526</ele>
      </trkpt>
      <trkpt lat="54.65102" lon="-2.28826">
        <ele>433.57752648686346</ele>
      </trkpt>
      <trkpt lat="54.651" lon="-2.28807">
        <ele>434.2421209291926</ele>
      </trkpt>
      <trkpt lat="54.65091" lon="-2.28763">
        <ele>434.4919764815688</ele>
      </trkpt>
      <trkpt lat="54.65074" lon="-2.28717">
        <ele>430.73599096760273</ele>
      </trkpt>
      <trkpt lat="54.65069" lon="-2.2868">
        <ele>430.4333175783514</ele>
      </trkpt>
      <trkpt lat="54.65062" lon="-2.28586">
        <ele>432.660991332814</ele>
      </trkpt>
      <trkpt lat="54.65008" lon="-2.28401">
        <ele>436.2913803210686</ele>
      </trkpt>
      <trkpt lat="54.64945" lon="-2.28309">
        <ele>431.6992011935225</ele>
      </trkpt>
      <trkpt lat="54.64891" lon="-2.28287">
        <ele>426.2134679126458</ele>
      </trkpt>
      <trkpt lat="54.64821" lon="-2.28171">
        <ele>430.0721287872792</ele>
      </trkpt>
      <trkpt lat="54.64812" lon="-2.28146">
        <ele>430.75337979570037</ele>
      </trkpt>
      <trkpt lat="54.64805" lon="-2.28093">
        <ele>435.00335516887554</ele>
      </trkpt>
      <trkpt lat="54.64786" lon="-2.28012">
        <ele>431.15974110672363</ele>
      </trkpt>
      <trkpt lat="54.64775" lon="-2.27925">
        <ele>430.6366485292563</ele>
      </trkpt>
      <trkpt lat="54.64761" lon="-2.27763">
        <ele>428.2663528729471</ele>
      </trkpt>
      <trkpt lat="54.64761" lon="-2.27742">
        <ele>428.75099266012984</ele>
      </trkpt>
      <trkpt lat="54.64764" lon="-2.27702">
        <ele>430.265725158808</ele>
      </trkpt>
      <trkpt lat="54.64763" lon="-2.27691">
        <ele>429.5504826873086</ele>
      </trkpt>
      <trkpt lat="54.64764" lon="-2.27669">
        <ele>428.83366568749864</ele>
      </trkpt>
      <trkpt lat="54.6477" lon="-2.27635">
        <ele>429.6263073449459</ele>
      </trkpt>
      <trkpt lat="54.64783" lon="-2.27595">
        <ele>432.60972243459037</ele>
      </trkpt>
      <trkpt lat="54.64774" lon="-2.27462">
        <ele>426.1223539446485</ele>
      </trkpt>
      <trkpt lat="54.64787" lon="-2.27382">
        <ele>424.6224151976884</ele>
      </trkpt>
      <trkpt lat="54.64794" lon="-2.27362">
        <ele>426.89247875730604</ele>
      </trkpt>
      <trkpt lat="54.64797" lon="-2.27319">
        <ele>427.02851706452327</ele>
      </trkpt>
      <trkpt lat="54.64839" lon="-2.27054">
        <ele>424.4560837738184</ele>
      </trkpt>
      <trkpt lat="54.64846" lon="-2.26965">
        <ele>415.57127466667527</ele>
      </trkpt>
      <trkpt lat="54.64901" lon="-2.26753">
        <ele>407.5449503750082</ele>
      </trkpt>
      <trkpt lat="54.65042" lon="-2.26518">
        <ele>411.59586373763227</ele>
      </trkpt>
      <trkpt lat="54.65098" lon="-2.26386">
        <ele>411.0698355626729</ele>
      </trkpt>
      <trkpt lat="54.65291" lon="-2.26059">
        <ele>401.5050305705987</ele>
      </trkpt>
      <trkpt lat="54.65475" lon="-2.25929">
        <ele>396.00453266804294</ele>
      </trkpt>
      <trkpt lat="54.65514" lon="-2.25927">
        <ele>395.8286384720364</ele>
      </trkpt>
      <trkpt lat="54.65584" lon="-2.25917">
        <ele>396.1714730666956</ele>
      </trkpt>
      <trkpt lat="54.65718" lon="-2.25864">
        <ele>394.0623788806612</ele>
      </trkpt>
      <trkpt lat="54.65742" lon="-2.25853">
        <ele>392.39451838794685</ele>
      </trkpt>
      <trkpt lat="54.65773" lon="-2.25824">
        <ele>391.844957640861</ele>
      </trkpt>
      <trkpt lat="54.65799" lon="-2.2581">
        <ele>391.4462435873066</ele>
      </trkpt>
      <trkpt lat="54.65816" lon="-2.25792">
        <ele>390.7024064000005</ele>
      </trkpt>
      <trkpt lat="54.66038" lon="-2.25616">
        <ele>387.7153031332317</ele>
      </trkpt>
      <trkpt lat="54.66095" lon="-2.25548">
        <ele>386.7615250392348</ele>
      </trkpt>
      <trkpt lat="54.66122" lon="-2.25495">
        <ele>386.10109931533265</ele>
      </trkpt>
      <trkpt lat="54.66162" lon="-2.25441">
        <ele>386.03414396206875</ele>
      </trkpt>
      <trkpt lat="54.6617" lon="-2.25409">
        <ele>384.91558613330267</ele>
      </trkpt>
      <trkpt lat="54.66204" lon="-2.25325">
        <ele>383.87563067399935</ele>
      </trkpt>
      <trkpt lat="54.6623" lon="-2.25254">
        <ele>383.33809835096014</ele>
      </trkpt>
      <trkpt lat="54.66234" lon="-2.25238">
        <ele>383.2628666348532</ele>
      </trkpt>
      <trkpt lat="54.66234" lon="-2.25229">
        <ele>383.15800903486144</ele>
      </trkpt>
      <trkpt lat="54.66239" lon="-2.25209">
        <ele>383.03802562002863</ele>
      </trkpt>
      <trkpt lat="54.66245" lon="-2.25174">
        <ele>382.5153579534685</ele>
      </trkpt>
      <trkpt lat="54.66273" lon="-2.25076">
        <ele>381.03556364397537</ele>
      </trkpt>
      <trkpt lat="54.66281" lon="-2.25038">
        <ele>380.90000000000146</ele>
      </trkpt>
      <trkpt lat="54.66284" lon="-2.25003">
        <ele>380.5070489936281</ele>
      </trkpt>
      <trkpt lat="54.66309" lon="-2.24849">
        <ele>378.94146019946857</ele>
      </trkpt>
      <trkpt lat="54.66325" lon="-2.24785">
        <ele>379.6199974644233</ele>
      </trkpt>
      <trkpt lat="54.6633" lon="-2.2477">
        <ele>379.95127665177</ele>
      </trkpt>
      <trkpt lat="54.66339" lon="-2.24755">
        <ele>380.4951630256843</ele>
      </trkpt>
      <trkpt lat="54.66346" lon="-2.2472">
        <ele>381.0181865940337</ele>
      </trkpt>
      <trkpt lat="54.66349" lon="-2.24692">
        <ele>381.08324569704547</ele>
      </trkpt>
      <trkpt lat="54.66363" lon="-2.24636">
        <ele>381.4425543011639</ele>
      </trkpt>
      <trkpt lat="54.66368" lon="-2.24593">
        <ele>381.59692531097807</ele>
      </trkpt>
      <trkpt lat="54.66377" lon="-2.24547">
        <ele>382.2221139266158</ele>
      </trkpt>
      <trkpt lat="54.66388" lon="-2.24461">
        <ele>382.67673300132253</ele>
      </trkpt>
      <trkpt lat="54.66389" lon="-2.24408">
        <ele>381.8744347580251</ele>
      </trkpt>
      <trkpt lat="54.66393" lon="-2.24357">
        <ele>381.2326425364839</ele>
      </trkpt>
      <trkpt lat="54.66392" lon="-2.24332">
        <ele>380.645237012022</ele>
      </trkpt>
      <trkpt lat="54.66395" lon="-2.24305">
        <ele>380.57937198346525</ele>
      </trkpt>
      <trkpt lat="54.66408" lon="-2.24253">
        <ele>380.9000000000015</ele>
      </trkpt>
      <trkpt lat="54.66419" lon="-2.24201">
        <ele>380.7468256447473</ele>
      </trkpt>
      <trkpt lat="54.66434" lon="-2.24149">
        <ele>380.2424937647776</ele>
      </trkpt>
      <trkpt lat="54.66458" lon="-2.24086">
        <ele>377.74894264850394</ele>
      </trkpt>
      <trkpt lat="54.66474" lon="-2.24028">
        <ele>376.20237848362046</ele>
      </trkpt>
      <trkpt lat="54.66479" lon="-2.24003">
        <ele>376.10000000000036</ele>
      </trkpt>
      <trkpt lat="54.6651" lon="-2.23932">
        <ele>376</ele>
      </trkpt>
      <trkpt lat="54.66516" lon="-2.23911">
        <ele>376</ele>
      </trkpt>
      <trkpt lat="54.66541" lon="-2.23789">
        <ele>375.16095384932163</ele>
      </trkpt>
      <trkpt lat="54.66551" lon="-2.23694">
        <ele>373.0085635635645</ele>
      </trkpt>
      <trkpt lat="54.66558" lon="-2.2364">
        <ele>373</ele>
      </trkpt>
      <trkpt lat="54.66566" lon="-2.23598">
        <ele>373</ele>
      </trkpt>
      <trkpt lat="54.66567" lon="-2.23535">
        <ele>372.98803729174625</ele>
      </trkpt>
      <trkpt lat="54.66585" lon="-2.23313">
        <ele>374.1231759385916</ele>
      </trkpt>
      <trkpt lat="54.66595" lon="-2.23286">
        <ele>373.2532179112668</ele>
      </trkpt>
      <trkpt lat="54.66614" lon="-2.23205">
        <ele>370.3096628644514</ele>
      </trkpt>
      <trkpt lat="54.66613" lon="-2.23175">
        <ele>370.37684943771563</ele>
      </trkpt>
      <trkpt lat="54.66614" lon="-2.23152">
        <ele>370.8193027281072</ele>
      </trkpt>
      <trkpt lat="54.66617" lon="-2.23147">
        <ele>371.3066581875086</ele>
      </trkpt>
      <trkpt lat="54.66619" lon="-2.231">
        <ele>373.21760395143724</ele>
      </trkpt>
      <trkpt lat="54.66617" lon="-2.23074">
        <ele>373.9898746866613</ele>
      </trkpt>
      <trkpt lat="54.6662" lon="-2.23018">
        <ele>376.11910571644034</ele>
      </trkpt>
      <trkpt lat="54.66646" lon="-2.22995">
        <ele>377.3995237951352</ele>
      </trkpt>
      <trkpt lat="54.66674" lon="-2.22964">
        <ele>376.21596239644634</ele>
      </trkpt>
      <trkpt lat="54.6671" lon="-2.22917">
        <ele>372.5639268130428</ele>
      </trkpt>
      <trkpt lat="54.66706" lon="-2.2287">
        <ele>371.05465919503575</ele>
      </trkpt>
      <trkpt lat="54.66698" lon="-2.22833">
        <ele>369.3706975976934</ele>
      </trkpt>
      <trkpt lat="54.66686" lon="-2.22741">
        <ele>365.67284270185087</ele>
      </trkpt>
      <trkpt lat="54.66678" lon="-2.22708">
        <ele>364.5266736396449</ele>
      </trkpt>
      <trkpt lat="54.66676" lon="-2.22661">
        <ele>364.7303526493262</ele>
      </trkpt>
      <trkpt lat="54.66677" lon="-2.22645">
        <ele>365.4366869433087</ele>
      </trkpt>
      <trkpt lat="54.66682" lon="-2.22638">
        <ele>366.12521758405575</ele>
      </trkpt>
      <trkpt lat="54.66677" lon="-2.22645">
        <ele>365.4366869433087</ele>
      </trkpt>
      <trkpt lat="54.66676" lon="-2.22661">
        <ele>364.7303526493262</ele>
      </trkpt>
      <trkpt lat="54.6667" lon="-2.22663">
        <ele>364.50902439146324</ele>
      </trkpt>
      <trkpt lat="54.66668" lon="-2.22667">
        <ele>364.37552643860755</ele>
      </trkpt>
      <trkpt lat="54.66651" lon="-2.22673">
        <ele>364.0715150222185</ele>
      </trkpt>
      <trkpt lat="54.66614" lon="-2.22697">
        <ele>364</ele>
      </trkpt>
      <trkpt lat="54.666" lon="-2.22694">
        <ele>364</ele>
      </trkpt>
      <trkpt lat="54.66588" lon="-2.22687">
        <ele>364</ele>
      </trkpt>
      <trkpt lat="54.66568" lon="-2.22668">
        <ele>363.5563033782883</ele>
      </trkpt>
      <trkpt lat="54.66539" lon="-2.22626">
        <ele>362.65010346295276</ele>
      </trkpt>
      <trkpt lat="54.66507" lon="-2.22601">
        <ele>362.2544262674476</ele>
      </trkpt>
      <trkpt lat="54.66493" lon="-2.22585">
        <ele>361.7672833072963</ele>
      </trkpt>
      <trkpt lat="54.66482" lon="-2.22568">
        <ele>361.39138324735745</ele>
      </trkpt>
      <trkpt lat="54.66478" lon="-2.22552">
        <ele>361.26511297845377</ele>
      </trkpt>
      <trkpt lat="54.66463" lon="-2.2252">
        <ele>361.142237384787</ele>
      </trkpt>
      <trkpt lat="54.66441" lon="-2.22485">
        <ele>361.91222890138056</ele>
      </trkpt>
      <trkpt lat="54.6643" lon="-2.22477">
        <ele>361.90000000000146</ele>
      </trkpt>
      <trkpt lat="54.66362" lon="-2.22438">
        <ele>361.1472700966062</ele>
      </trkpt>
      <trkpt lat="54.66337" lon="-2.22417">
        <ele>359.4608929184121</ele>
      </trkpt>
      <trkpt lat="54.66323" lon="-2.22401">
        <ele>359</ele>
      </trkpt>
      <trkpt lat="54.66314" lon="-2.22387">
        <ele>358.9614568392286</ele>
      </trkpt>
      <trkpt lat="54.66293" lon="-2.22334">
        <ele>358.42833329395484</ele>
      </trkpt>
      <trkpt lat="54.66273" lon="-2.22268">
        <ele>357.24897492514435</ele>
      </trkpt>
      <trkpt lat="54.6626" lon="-2.22197">
        <ele>357.45194853821715</ele>
      </trkpt>
      <trkpt lat="54.66256" lon="-2.22166">
        <ele>358.0217246038613</ele>
      </trkpt>
      <trkpt lat="54.66256" lon="-2.22141">
        <ele>358.4491319724363</ele>
      </trkpt>
      <trkpt lat="54.66254" lon="-2.22135">
        <ele>358.3981757658073</ele>
      </trkpt>
      <trkpt lat="54.66248" lon="-2.22126">
        <ele>358.22950376938155</ele>
      </trkpt>
      <trkpt lat="54.66234" lon="-2.22065">
        <ele>359.36554796167263</ele>
      </trkpt>
      <trkpt lat="54.66192" lon="-2.21966">
        <ele>360.8838779484206</ele>
      </trkpt>
      <trkpt lat="54.66184" lon="-2.21942">
        <ele>360.95769170066376</ele>
      </trkpt>
      <trkpt lat="54.66151" lon="-2.21862">
        <ele>359.5187587575387</ele>
      </trkpt>
      <trkpt lat="54.66104" lon="-2.21727">
        <ele>358.64618270826577</ele>
      </trkpt>
      <trkpt lat="54.66078" lon="-2.21672">
        <ele>356.4062662531163</ele>
      </trkpt>
      <trkpt lat="54.66072" lon="-2.21654">
        <ele>356.07769154962205</ele>
      </trkpt>
      <trkpt lat="54.6606" lon="-2.21634">
        <ele>355.4105548251894</ele>
      </trkpt>
      <trkpt lat="54.66053" lon="-2.21627">
        <ele>355.09123084051635</ele>
      </trkpt>
      <trkpt lat="54.66001" lon="-2.21588">
        <ele>353.86217211090525</ele>
      </trkpt>
      <trkpt lat="54.65971" lon="-2.2156">
        <ele>353.00482407417235</ele>
      </trkpt>
      <trkpt lat="54.65947" lon="-2.21533">
        <ele>352.0845266428782</ele>
      </trkpt>
      <trkpt lat="54.65926" lon="-2.21502">
        <ele>351.1313670043605</ele>
      </trkpt>
      <trkpt lat="54.659" lon="-2.2155">
        <ele>351.1891733333475</ele>
      </trkpt>
      <trkpt lat="54.65894" lon="-2.21555">
        <ele>351.30284088889715</ele>
      </trkpt>
      <trkpt lat="54.65889" lon="-2.21557">
        <ele>351.32614257778164</ele>
      </trkpt>
      <trkpt lat="54.65883" lon="-2.21548">
        <ele>351.12128497778946</ele>
      </trkpt>
      <trkpt lat="54.65858" lon="-2.21539">
        <ele>350.87638215564795</ele>
      </trkpt>
      <trkpt lat="54.65775" lon="-2.21476">
        <ele>349.90000000000146</ele>
      </trkpt>
      <trkpt lat="54.65741" lon="-2.21456">
        <ele>349.32870955846676</ele>
      </trkpt>
      <trkpt lat="54.65702" lon="-2.21452">
        <ele>348.5084117333172</ele>
      </trkpt>
      <trkpt lat="54.65691" lon="-2.21457">
        <ele>348.7703665220189</ele>
      </trkpt>
      <trkpt lat="54.6568" lon="-2.21474">
        <ele>349.5269850436606</ele>
      </trkpt>
      <trkpt lat="54.65663" lon="-2.21512">
        <ele>351.5160598671771</ele>
      </trkpt>
      <trkpt lat="54.65658" lon="-2.21518">
        <ele>352.5588333071372</ele>
      </trkpt>
      <trkpt lat="54.65652" lon="-2.21519">
        <ele>353.5212628500986</ele>
      </trkpt>
      <trkpt lat="54.65628" lon="-2.21496">
        <ele>355.30484768982257</ele>
      </trkpt>
      <trkpt lat="54.65612" lon="-2.21496">
        <ele>357.0469804906056</ele>
      </trkpt>
      <trkpt lat="54.65604" lon="-2.21493">
        <ele>357.7507743759903</ele>
      </trkpt>
      <trkpt lat="54.65591" lon="-2.2148">
        <ele>358.7646271227954</ele>
      </trkpt>
      <trkpt lat="54.6553" lon="-2.21518">
        <ele>362.78394220960433</ele>
      </trkpt>
      <trkpt lat="54.65515" lon="-2.21473">
        <ele>360.80822949201695</ele>
      </trkpt>
      <trkpt lat="54.65473" lon="-2.215">
        <ele>360.9675842688892</ele>
      </trkpt>
      <trkpt lat="54.65471" lon="-2.21494">
        <ele>360.71606766993295</ele>
      </trkpt>
      <trkpt lat="54.65458" lon="-2.21495">
        <ele>365.0573568650184</ele>
      </trkpt>
      <trkpt lat="54.65432" lon="-2.21486">
        <ele>373.3474184919392</ele>
      </trkpt>
      <trkpt lat="54.65427" lon="-2.21478">
        <ele>374.02958128453673</ele>
      </trkpt>
      <trkpt lat="54.65418" lon="-2.21481">
        <ele>377.15351182773145</ele>
      </trkpt>
      <trkpt lat="54.65403" lon="-2.21482">
        <ele>380.9938579660844</ele>
      </trkpt>
      <trkpt lat="54.65366" lon="-2.21472">
        <ele>385.2147499690002</ele>
      </trkpt>
      <trkpt lat="54.6533" lon="-2.21481">
        <ele>384.9253189968186</ele>
      </trkpt>
      <trkpt lat="54.65322" lon="-2.21497">
        <ele>385.0353925974345</ele>
      </trkpt>
      <trkpt lat="54.65264" lon="-2.21534">
        <ele>389.23504031449653</ele>
      </trkpt>
      <trkpt lat="54.65235" lon="-2.21572">
        <ele>391.7024519320782</ele>
      </trkpt>
      <trkpt lat="54.65203" lon="-2.21606">
        <ele>392.8911018666593</ele>
      </trkpt>
      <trkpt lat="54.65175" lon="-2.21631">
        <ele>392.31829211991356</ele>
      </trkpt>
      <trkpt lat="54.6511" lon="-2.21655">
        <ele>389.8275139468267</ele>
      </trkpt>
      <trkpt lat="54.65079" lon="-2.21649">
        <ele>385.6424705998049</ele>
      </trkpt>
      <trkpt lat="54.65047" lon="-2.21637">
        <ele>383.60606780557544</ele>
      </trkpt>
      <trkpt lat="54.6503" lon="-2.21638">
        <ele>384.21745541338015</ele>
      </trkpt>
      <trkpt lat="54.65016" lon="-2.21622">
        <ele>383.94389155632854</ele>
      </trkpt>
      <trkpt lat="54.65003" lon="-2.21616">
        <ele>384.48198577824587</ele>
      </trkpt>
      <trkpt lat="54.64988" lon="-2.21614">
        <ele>386.1109300434598</ele>
      </trkpt>
      <trkpt lat="54.64967" lon="-2.21603">
        <ele>388.24705899311283</ele>
      </trkpt>
      <trkpt lat="54.64957" lon="-2.21594">
        <ele>389.0571000256198</ele>
      </trkpt>
      <trkpt lat="54.6493" lon="-2.21572">
        <ele>389.80271573334574</ele>
      </trkpt>
      <trkpt lat="54.64913" lon="-2.21517">
        <ele>388.5355216769044</ele>
      </trkpt>
      <trkpt lat="54.64889" lon="-2.21403">
        <ele>384.18345787903706</ele>
      </trkpt>
      <trkpt lat="54.64879" lon="-2.21321">
        <ele>380.78348240689417</ele>
      </trkpt>
      <trkpt lat="54.64871" lon="-2.21271">
        <ele>376.4681808445815</ele>
      </trkpt>
      <trkpt lat="54.64868" lon="-2.21232">
        <ele>374.3584725333384</ele>
      </trkpt>
      <trkpt lat="54.64844" lon="-2.211">
        <ele>368.8085333333129</ele>
      </trkpt>
      <trkpt lat="54.64806" lon="-2.21023">
        <ele>359.4686624569354</ele>
      </trkpt>
      <trkpt lat="54.648" lon="-2.20999">
        <ele>357.06603229381176</ele>
      </trkpt>
      <trkpt lat="54.648" lon="-2.2097">
        <ele>354.92983481584923</ele>
      </trkpt>
      <trkpt lat="54.64784" lon="-2.20927">
        <ele>349.65166939530445</ele>
      </trkpt>
      <trkpt lat="54.64781" lon="-2.20907">
        <ele>347.8513989677199</ele>
      </trkpt>
      <trkpt lat="54.64782" lon="-2.20889">
        <ele>345.90423465257106</ele>
      </trkpt>
      <trkpt lat="54.6478" lon="-2.20881">
        <ele>345.20076384882475</ele>
      </trkpt>
      <trkpt lat="54.64774" lon="-2.2087">
        <ele>344.47969842841917</ele>
      </trkpt>
      <trkpt lat="54.64773" lon="-2.20849">
        <ele>343.4065919596192</ele>
      </trkpt>
      <trkpt lat="54.6477" lon="-2.20825">
        <ele>341.9931733333273</ele>
      </trkpt>
      <trkpt lat="54.64771" lon="-2.20805">
        <ele>341.19412266665677</ele>
      </trkpt>
      <trkpt lat="54.64769" lon="-2.20757">
        <ele>339.5682586813424</ele>
      </trkpt>
      <trkpt lat="54.64765" lon="-2.20725">
        <ele>338.89256897408495</ele>
      </trkpt>
      <trkpt lat="54.64757" lon="-2.20682">
        <ele>338.08443241408133</ele>
      </trkpt>
      <trkpt lat="54.64757" lon="-2.20627">
        <ele>337.0803285918435</ele>
      </trkpt>
      <trkpt lat="54.64755" lon="-2.20615">
        <ele>336.9943858717831</ele>
      </trkpt>
      <trkpt lat="54.64755" lon="-2.20586">
        <ele>336.23118785355496</ele>
      </trkpt>
      <trkpt lat="54.64747" lon="-2.20571">
        <ele>335.8152298667007</ele>
      </trkpt>
      <trkpt lat="54.64744" lon="-2.20527">
        <ele>335.1165192093705</ele>
      </trkpt>
      <trkpt lat="54.64735" lon="-2.20481">
        <ele>335</ele>
      </trkpt>
      <trkpt lat="54.64733" lon="-2.20262">
        <ele>332.53610990163907</ele>
      </trkpt>
      <trkpt lat="54.64728" lon="-2.20104">
        <ele>331</ele>
      </trkpt>
      <trkpt lat="54.64733" lon="-2.19977">
        <ele>331.90000000000146</ele>
      </trkpt>
      <trkpt lat="54.64729" lon="-2.19931">
        <ele>331.8612697156153</ele>
      </trkpt>
      <trkpt lat="54.64712" lon="-2.19788">
        <ele>327.8157987555501</ele>
      </trkpt>
      <trkpt lat="54.6471" lon="-2.19676">
        <ele>327.6142346622892</ele>
      </trkpt>
      <trkpt lat="54.64704" lon="-2.19663">
        <ele>327.3984380151744</ele>
      </trkpt>
      <trkpt lat="54.64705" lon="-2.19646">
        <ele>327.711883273735</ele>
      </trkpt>
      <trkpt lat="54.64708" lon="-2.19626">
        <ele>328.03120825585813</ele>
      </trkpt>
      <trkpt lat="54.64707" lon="-2.19588">
        <ele>328.72142357809</ele>
      </trkpt>
      <trkpt lat="54.64706" lon="-2.19582">
        <ele>328.8508700264324</ele>
      </trkpt>
      <trkpt lat="54.64707" lon="-2.19545">
        <ele>329.0207524175611</ele>
      </trkpt>
      <trkpt lat="54.64709" lon="-2.19512">
        <ele>329.3038170592866</ele>
      </trkpt>
      <trkpt lat="54.64714" lon="-2.19479">
        <ele>329.04536386327914</ele>
      </trkpt>
      <trkpt lat="54.64718" lon="-2.19473">
        <ele>328.37296437262626</ele>
      </trkpt>
      <trkpt lat="54.64719" lon="-2.19452">
        <ele>328.0477529177451</ele>
      </trkpt>
      <trkpt lat="54.64726" lon="-2.19446">
        <ele>327.4387882993262</ele>
      </trkpt>
      <trkpt lat="54.64735" lon="-2.19432">
        <ele>326.65966206761095</ele>
      </trkpt>
      <trkpt lat="54.64736" lon="-2.19419">
        <ele>326.72476938795353</ele>
      </trkpt>
      <trkpt lat="54.64739" lon="-2.19413">
        <ele>326.6833553008978</ele>
      </trkpt>
      <trkpt lat="54.64749" lon="-2.19379">
        <ele>326.9999732316989</ele>
      </trkpt>
      <trkpt lat="54.6475" lon="-2.19365">
        <ele>327.42942476899617</ele>
      </trkpt>
      <trkpt lat="54.64755" lon="-2.19352">
        <ele>327.3992385483957</ele>
      </trkpt>
      <trkpt lat="54.64762" lon="-2.19341">
        <ele>326.851574647914</ele>
      </trkpt>
      <trkpt lat="54.64775" lon="-2.19304">
        <ele>326.0419456020701</ele>
      </trkpt>
      <trkpt lat="54.6478" lon="-2.19301">
        <ele>325.60792088126817</ele>
      </trkpt>
      <trkpt lat="54.64786" lon="-2.19291">
        <ele>325.55821152336915</ele>
      </trkpt>
      <trkpt lat="54.64787" lon="-2.19286">
        <ele>325.6912227559438</ele>
      </trkpt>
      <trkpt lat="54.64791" lon="-2.19278">
        <ele>325.5526516504546</ele>
      </trkpt>
      <trkpt lat="54.6481" lon="-2.19261">
        <ele>324.2987563325941</ele>
      </trkpt>
      <trkpt lat="54.64848" lon="-2.19201">
        <ele>323.54096978282007</ele>
      </trkpt>
      <trkpt lat="54.64854" lon="-2.19178">
        <ele>324.0823658444916</ele>
      </trkpt>
      <trkpt lat="54.64883" lon="-2.19121">
        <ele>322.81070101535784</ele>
      </trkpt>
      <trkpt lat="54.64894" lon="-2.19104">
        <ele>322.85590199909217</ele>
      </trkpt>
      <trkpt lat="54.64928" lon="-2.19014">
        <ele>324.9247123951564</ele>
      </trkpt>
      <trkpt lat="54.6493" lon="-2.19002">
        <ele>325.10787316822336</ele>
      </trkpt>
      <trkpt lat="54.64938" lon="-2.18972">
        <ele>324.5183716020748</ele>
      </trkpt>
      <trkpt lat="54.64949" lon="-2.1895">
        <ele>322.7229010534634</ele>
      </trkpt>
      <trkpt lat="54.64959" lon="-2.18915">
        <ele>321.1604679022387</ele>
      </trkpt>
      <trkpt lat="54.64971" lon="-2.18882">
        <ele>320.07610178296505</ele>
      </trkpt>
      <trkpt lat="54.64977" lon="-2.18874">
        <ele>319.6538102291032</ele>
      </trkpt>
      <trkpt lat="54.6498" lon="-2.18863">
        <ele>319.6525260207015</ele>
      </trkpt>
      <trkpt lat="54.65002" lon="-2.18811">
        <ele>318.8889762790411</ele>
      </trkpt>
      <trkpt lat="54.65009" lon="-2.18807">
        <ele>318.5470749660016</ele>
      </trkpt>
      <trkpt lat="54.65011" lon="-2.18802">
        <ele>318.4635117563887</ele>
      </trkpt>
      <trkpt lat="54.65018" lon="-2.18773">
        <ele>317.9757810754743</ele>
      </trkpt>
      <trkpt lat="54.65019" lon="-2.18764">
        <ele>317.8503335953459</ele>
      </trkpt>
      <trkpt lat="54.65016" lon="-2.18744">
        <ele>318.0629316414754</ele>
      </trkpt>
      <trkpt lat="54.65016" lon="-2.18734">
        <ele>318.1695358827021</ele>
      </trkpt>
      <trkpt lat="54.65012" lon="-2.18712">
        <ele>318.8313294733882</ele>
      </trkpt>
      <trkpt lat="54.65018" lon="-2.18693">
        <ele>318.10264160335186</ele>
      </trkpt>
      <trkpt lat="54.65019" lon="-2.18656">
        <ele>318.1588673081488</ele>
      </trkpt>
      <trkpt lat="54.65026" lon="-2.18636">
        <ele>316.8766409112609</ele>
      </trkpt>
      <trkpt lat="54.65027" lon="-2.18625">
        <ele>316.6892622253861</ele>
      </trkpt>
      <trkpt lat="54.65029" lon="-2.18621">
        <ele>316.29284140106796</ele>
      </trkpt>
      <trkpt lat="54.65033" lon="-2.18616">
        <ele>315.4650465652582</ele>
      </trkpt>
      <trkpt lat="54.65041" lon="-2.18615">
        <ele>313.76627877202145</ele>
      </trkpt>
      <trkpt lat="54.65046" lon="-2.18611">
        <ele>312.7891110624429</ele>
      </trkpt>
      <trkpt lat="54.65046" lon="-2.186">
        <ele>313.06871438173175</ele>
      </trkpt>
      <trkpt lat="54.6505" lon="-2.18586">
        <ele>313.01734150045127</ele>
      </trkpt>
      <trkpt lat="54.65047" lon="-2.18572">
        <ele>314.4642245774628</ele>
      </trkpt>
      <trkpt lat="54.65048" lon="-2.18567">
        <ele>314.6427671169405</ele>
      </trkpt>
      <trkpt lat="54.6505" lon="-2.18564">
        <ele>314.5005509950133</ele>
      </trkpt>
      <trkpt lat="54.65057" lon="-2.18563">
        <ele>313.6463262021318</ele>
      </trkpt>
      <trkpt lat="54.65064" lon="-2.18534">
        <ele>314.1755271898587</ele>
      </trkpt>
      <trkpt lat="54.65064" lon="-2.18517">
        <ele>314.5861237066799</ele>
      </trkpt>
      <trkpt lat="54.65068" lon="-2.18503">
        <ele>314.50402945045005</ele>
      </trkpt>
      <trkpt lat="54.65072" lon="-2.1847">
        <ele>314.84024172867726</ele>
      </trkpt>
      <trkpt lat="54.65075" lon="-2.18461">
        <ele>314.93399814730606</ele>
      </trkpt>
      <trkpt lat="54.65078" lon="-2.18458">
        <ele>314.84164778683436</ele>
      </trkpt>
      <trkpt lat="54.65081" lon="-2.1844">
        <ele>315.7083336476717</ele>
      </trkpt>
      <trkpt lat="54.6509" lon="-2.18417">
        <ele>315.2210587226796</ele>
      </trkpt>
      <trkpt lat="54.65095" lon="-2.18382">
        <ele>315.7019047879923</ele>
      </trkpt>
      <trkpt lat="54.65091" lon="-2.18352">
        <ele>315.6118715922819</ele>
      </trkpt>
      <trkpt lat="54.65084" lon="-2.1833">
        <ele>315.3522955008328</ele>
      </trkpt>
      <trkpt lat="54.65082" lon="-2.1831">
        <ele>315.0978374389729</ele>
      </trkpt>
      <trkpt lat="54.65065" lon="-2.18249">
        <ele>315.6519721414524</ele>
      </trkpt>
      <trkpt lat="54.65066" lon="-2.18207">
        <ele>315.3266398216135</ele>
      </trkpt>
      <trkpt lat="54.65062" lon="-2.18146">
        <ele>317.0474308000412</ele>
      </trkpt>
      <trkpt lat="54.65062" lon="-2.1812">
        <ele>316.92156086538597</ele>
      </trkpt>
      <trkpt lat="54.65064" lon="-2.18104">
        <ele>316.251310302325</ele>
      </trkpt>
      <trkpt lat="54.65068" lon="-2.18089">
        <ele>315.00123059388585</ele>
      </trkpt>
      <trkpt lat="54.65068" lon="-2.18043">
        <ele>314.30525477910464</ele>
      </trkpt>
      <trkpt lat="54.65072" lon="-2.18016">
        <ele>313.3541811224576</ele>
      </trkpt>
      <trkpt lat="54.6507" lon="-2.17963">
        <ele>312.4111456824613</ele>
      </trkpt>
      <trkpt lat="54.65075" lon="-2.17934">
        <ele>310.50522653094833</ele>
      </trkpt>
      <trkpt lat="54.65072" lon="-2.17917">
        <ele>310.0122760827193</ele>
      </trkpt>
      <trkpt lat="54.65053" lon="-2.17863">
        <ele>310.10377711331546</ele>
      </trkpt>
      <trkpt lat="54.65044" lon="-2.17847">
        <ele>311.1595059782735</ele>
      </trkpt>
      <trkpt lat="54.65037" lon="-2.17819">
        <ele>311.1308150805439</ele>
      </trkpt>
      <trkpt lat="54.65028" lon="-2.17794">
        <ele>311.6651682635494</ele>
      </trkpt>
      <trkpt lat="54.65022" lon="-2.17768">
        <ele>311.07009488411774</ele>
      </trkpt>
      <trkpt lat="54.65019" lon="-2.17745">
        <ele>309.94670569363393</ele>
      </trkpt>
      <trkpt lat="54.6499" lon="-2.17622">
        <ele>305.9128964193634</ele>
      </trkpt>
      <trkpt lat="54.64962" lon="-2.17547">
        <ele>304.30613131200346</ele>
      </trkpt>
      <trkpt lat="54.64957" lon="-2.17539">
        <ele>304.1925903943391</ele>
      </trkpt>
      <trkpt lat="54.64948" lon="-2.17517">
        <ele>303.36418778656616</ele>
      </trkpt>
      <trkpt lat="54.64949" lon="-2.17501">
        <ele>301.4354964423469</ele>
      </trkpt>
      <trkpt lat="54.64946" lon="-2.17488">
        <ele>300.59531612182036</ele>
      </trkpt>
      <trkpt lat="54.64946" lon="-2.17482">
        <ele>299.9425537529104</ele>
      </trkpt>
      <trkpt lat="54.64949" lon="-2.17462">
        <ele>296.9619846199639</ele>
      </trkpt>
      <trkpt lat="54.64949" lon="-2.17449">
        <ele>295.382901242353</ele>
      </trkpt>
      <trkpt lat="54.64951" lon="-2.17438">
        <ele>293.9004220561129</ele>
      </trkpt>
      <trkpt lat="54.64953" lon="-2.17389">
        <ele>289.958502262808</ele>
      </trkpt>
      <trkpt lat="54.64962" lon="-2.17354">
        <ele>288.13408149329416</ele>
      </trkpt>
      <trkpt lat="54.64961" lon="-2.17333">
        <ele>287.62606879083285</ele>
      </trkpt>
      <trkpt lat="54.64963" lon="-2.17288">
        <ele>287.1428754974456</ele>
      </trkpt>
      <trkpt lat="54.64967" lon="-2.17254">
        <ele>287</ele>
      </trkpt>
      <trkpt lat="54.64975" lon="-2.17215">
        <ele>287.0933016704865</ele>
      </trkpt>
      <trkpt lat="54.64997" lon="-2.17131">
        <ele>286.81743937152214</ele>
      </trkpt>
      <trkpt lat="54.64999" lon="-2.17112">
        <ele>286.5147349467737</ele>
      </trkpt>
      <trkpt lat="54.64996" lon="-2.17074">
        <ele>285.906997853379</ele>
      </trkpt>
      <trkpt lat="54.64975" lon="-2.17">
        <ele>285.00669832951394</ele>
      </trkpt>
      <trkpt lat="54.64951" lon="-2.16902">
        <ele>284.78377808579427</ele>
      </trkpt>
      <trkpt lat="54.64946" lon="-2.1689">
        <ele>284.3687880421476</ele>
      </trkpt>
      <trkpt lat="54.64929" lon="-2.16831">
        <ele>284.06425173333866</ele>
      </trkpt>
      <trkpt lat="54.64923" lon="-2.16801">
        <ele>284</ele>
      </trkpt>
      <trkpt lat="54.64914" lon="-2.16744">
        <ele>283.9350583804548</ele>
      </trkpt>
      <trkpt lat="54.64917" lon="-2.16703">
        <ele>283.82909838617803</ele>
      </trkpt>
      <trkpt lat="54.64932" lon="-2.1666">
        <ele>283.34518679510927</ele>
      </trkpt>
      <trkpt lat="54.64942" lon="-2.16592">
        <ele>282.5103230023295</ele>
      </trkpt>
      <trkpt lat="54.6495" lon="-2.16548">
        <ele>281.13412551111594</ele>
      </trkpt>
      <trkpt lat="54.6495" lon="-2.16512">
        <ele>280.64289706663743</ele>
      </trkpt>
      <trkpt lat="54.64937" lon="-2.16438">
        <ele>280.1438167904509</ele>
      </trkpt>
      <trkpt lat="54.64926" lon="-2.16393">
        <ele>280.158625784534</ele>
      </trkpt>
      <trkpt lat="54.64914" lon="-2.16328">
        <ele>280</ele>
      </trkpt>
      <trkpt lat="54.64908" lon="-2.1628">
        <ele>279.344636444446</ele>
      </trkpt>
      <trkpt lat="54.64906" lon="-2.16208">
        <ele>278.0115512888879</ele>
      </trkpt>
      <trkpt lat="54.6491" lon="-2.16087">
        <ele>276.49570308829175</ele>
      </trkpt>
      <trkpt lat="54.64902" lon="-2.15971">
        <ele>279.595269625425</ele>
      </trkpt>
      <trkpt lat="54.64889" lon="-2.15909">
        <ele>278.5768982444306</ele>
      </trkpt>
      <trkpt lat="54.64886" lon="-2.15878">
        <ele>278.64301150519384</ele>
      </trkpt>
      <trkpt lat="54.64863" lon="-2.15771">
        <ele>276.3666794631175</ele>
      </trkpt>
      <trkpt lat="54.64846" lon="-2.15741">
        <ele>275.7648312888816</ele>
      </trkpt>
      <trkpt lat="54.64842" lon="-2.15727">
        <ele>275.4051584000015</ele>
      </trkpt>
      <trkpt lat="54.64839" lon="-2.15658">
        <ele>275</ele>
      </trkpt>
      <trkpt lat="54.64833" lon="-2.15641">
        <ele>275</ele>
      </trkpt>
      <trkpt lat="54.64828" lon="-2.15607">
        <ele>274.1428402983876</ele>
      </trkpt>
      <trkpt lat="54.64828" lon="-2.15582">
        <ele>273.23704106663416</ele>
      </trkpt>
      <trkpt lat="54.64826" lon="-2.15572">
        <ele>272.8804294327055</ele>
      </trkpt>
      <trkpt lat="54.64821" lon="-2.15565">
        <ele>272.5428479999771</ele>
      </trkpt>
      <trkpt lat="54.64818" lon="-2.15552">
        <ele>272.12564337779816</ele>
      </trkpt>
      <trkpt lat="54.6482" lon="-2.15532">
        <ele>271.7317046110061</ele>
      </trkpt>
      <trkpt lat="54.64817" lon="-2.15521">
        <ele>271.3281157106499</ele>
      </trkpt>
      <trkpt lat="54.64808" lon="-2.15458">
        <ele>269.7657427914916</ele>
      </trkpt>
      <trkpt lat="54.64792" lon="-2.1539">
        <ele>268.90623947415713</ele>
      </trkpt>
      <trkpt lat="54.64761" lon="-2.15303">
        <ele>266.90000000000146</ele>
      </trkpt>
      <trkpt lat="54.64734" lon="-2.15249">
        <ele>266.41923984787474</ele>
      </trkpt>
      <trkpt lat="54.64726" lon="-2.15239">
        <ele>266.55292257817945</ele>
      </trkpt>
      <trkpt lat="54.64712" lon="-2.15236">
        <ele>266.7246193777781</ele>
      </trkpt>
      <trkpt lat="54.64691" lon="-2.15195">
        <ele>265.87541999369125</ele>
      </trkpt>
      <trkpt lat="54.64684" lon="-2.15175">
        <ele>265.17853182158535</ele>
      </trkpt>
      <trkpt lat="54.64678" lon="-2.15164">
        <ele>264.6678369308129</ele>
      </trkpt>
      <trkpt lat="54.64664" lon="-2.15153">
        <ele>264.34064282679964</ele>
      </trkpt>
      <trkpt lat="54.64636" lon="-2.15153">
        <ele>265.34583410220284</ele>
      </trkpt>
      <trkpt lat="54.64621" lon="-2.15145">
        <ele>266.6957135232166</ele>
      </trkpt>
      <trkpt lat="54.64613" lon="-2.15136">
        <ele>267.4117071223979</ele>
      </trkpt>
      <trkpt lat="54.64608" lon="-2.15122">
        <ele>267.3960696616681</ele>
      </trkpt>
      <trkpt lat="54.64602" lon="-2.15099">
        <ele>267.0225674433637</ele>
      </trkpt>
      <trkpt lat="54.646" lon="-2.15062">
        <ele>266.08121704435973</ele>
      </trkpt>
      <trkpt lat="54.64594" lon="-2.15066">
        <ele>266.6155814436652</ele>
      </trkpt>
      <trkpt lat="54.64589" lon="-2.15065">
        <ele>266.9155875426952</ele>
      </trkpt>
      <trkpt lat="54.64594" lon="-2.15066">
        <ele>266.6155814436652</ele>
      </trkpt>
      <trkpt lat="54.646" lon="-2.15062">
        <ele>266.08121704435973</ele>
      </trkpt>
      <trkpt lat="54.64579" lon="-2.15004">
        <ele>266.27567634105316</ele>
      </trkpt>
      <trkpt lat="54.64557" lon="-2.14952">
        <ele>265.1739158217981</ele>
      </trkpt>
      <trkpt lat="54.64544" lon="-2.14926">
        <ele>264.52420361573263</ele>
      </trkpt>
      <trkpt lat="54.64526" lon="-2.149">
        <ele>263.5933500888399</ele>
      </trkpt>
      <trkpt lat="54.6445" lon="-2.14837">
        <ele>261</ele>
      </trkpt>
      <trkpt lat="54.64425" lon="-2.14798">
        <ele>261.88215905773336</ele>
      </trkpt>
      <trkpt lat="54.64411" lon="-2.14765">
        <ele>262.06323361180347</ele>
      </trkpt>
      <trkpt lat="54.64401" lon="-2.14729">
        <ele>263.1806639473379</ele>
      </trkpt>
      <trkpt lat="54.64396" lon="-2.147">
        <ele>262.9685265970887</ele>
      </trkpt>
      <trkpt lat="54.64385" lon="-2.14666">
        <ele>261.81521150204543</ele>
      </trkpt>
      <trkpt lat="54.6436" lon="-2.14609">
        <ele>261.1807932369758</ele>
      </trkpt>
      <trkpt lat="54.64342" lon="-2.14578">
        <ele>261.1729234662976</ele>
      </trkpt>
      <trkpt lat="54.64325" lon="-2.1454">
        <ele>260.86127254985865</ele>
      </trkpt>
      <trkpt lat="54.64313" lon="-2.14517">
        <ele>261.3025391016813</ele>
      </trkpt>
      <trkpt lat="54.64293" lon="-2.14503">
        <ele>260.3128227767814</ele>
      </trkpt>
      <trkpt lat="54.64279" lon="-2.14487">
        <ele>259.4904855300714</ele>
      </trkpt>
      <trkpt lat="54.64244" lon="-2.14428">
        <ele>258.86678797864215</ele>
      </trkpt>
      <trkpt lat="54.64225" lon="-2.1437">
        <ele>258.5582749279341</ele>
      </trkpt>
      <trkpt lat="54.64152" lon="-2.14254">
        <ele>255.59801398422627</ele>
      </trkpt>
      <trkpt lat="54.64144" lon="-2.14236">
        <ele>255.33862484353696</ele>
      </trkpt>
      <trkpt lat="54.64118" lon="-2.14144">
        <ele>255.97476332928113</ele>
      </trkpt>
      <trkpt lat="54.64103" lon="-2.14055">
        <ele>256.62234002554396</ele>
      </trkpt>
      <trkpt lat="54.641" lon="-2.14024">
        <ele>255.72574322806062</ele>
      </trkpt>
      <trkpt lat="54.64101" lon="-2.13995">
        <ele>254.37421073246693</ele>
      </trkpt>
      <trkpt lat="54.64089" lon="-2.13892">
        <ele>253.58059209211729</ele>
      </trkpt>
      <trkpt lat="54.64086" lon="-2.13846">
        <ele>253.37967474896124</ele>
      </trkpt>
      <trkpt lat="54.64076" lon="-2.1376">
        <ele>251.89130321464688</ele>
      </trkpt>
      <trkpt lat="54.64073" lon="-2.13716">
        <ele>251.13486475341216</ele>
      </trkpt>
      <trkpt lat="54.64059" lon="-2.13646">
        <ele>249.80660852536204</ele>
      </trkpt>
      <trkpt lat="54.64027" lon="-2.13517">
        <ele>248</ele>
      </trkpt>
      <trkpt lat="54.6399" lon="-2.13408">
        <ele>248.44397282649368</ele>
      </trkpt>
      <trkpt lat="54.63984" lon="-2.13383">
        <ele>248.09214008888264</ele>
      </trkpt>
      <trkpt lat="54.63929" lon="-2.13255">
        <ele>247.90000000000146</ele>
      </trkpt>
      <trkpt lat="54.63869" lon="-2.13163">
        <ele>244.73768918074248</ele>
      </trkpt>
      <trkpt lat="54.63818" lon="-2.131">
        <ele>245</ele>
      </trkpt>
      <trkpt lat="54.63794" lon="-2.13076">
        <ele>245</ele>
      </trkpt>
      <trkpt lat="54.63759" lon="-2.13053">
        <ele>244.17768956669616</ele>
      </trkpt>
      <trkpt lat="54.63719" lon="-2.13034">
        <ele>244.54312514367112</ele>
      </trkpt>
      <trkpt lat="54.63669" lon="-2.13016">
        <ele>244.99834126345814</ele>
      </trkpt>
      <trkpt lat="54.63631" lon="-2.13006">
        <ele>243.53350793831186</ele>
      </trkpt>
      <trkpt lat="54.63618" lon="-2.13007">
        <ele>242.6433606395503</ele>
      </trkpt>
      <trkpt lat="54.6359" lon="-2.13003">
        <ele>242</ele>
      </trkpt>
      <trkpt lat="54.63504" lon="-2.12978">
        <ele>242.71987266808364</ele>
      </trkpt>
      <trkpt lat="54.63457" lon="-2.1296">
        <ele>243.5803819390147</ele>
      </trkpt>
      <trkpt lat="54.63429" lon="-2.12962">
        <ele>244.1814303908506</ele>
      </trkpt>
      <trkpt lat="54.63415" lon="-2.12959">
        <ele>244.5311068873685</ele>
      </trkpt>
      <trkpt lat="54.63409" lon="-2.12967">
        <ele>245.24949481243846</ele>
      </trkpt>
      <trkpt lat="54.63401" lon="-2.12971">
        <ele>246.0492341988157</ele>
      </trkpt>
      <trkpt lat="54.63381" lon="-2.12975">
        <ele>248.30428711038587</ele>
      </trkpt>
      <trkpt lat="54.6337" lon="-2.12964">
        <ele>248.51708608530575</ele>
      </trkpt>
      <trkpt lat="54.63351" lon="-2.12955">
        <ele>249.97107867736045</ele>
      </trkpt>
      <trkpt lat="54.63323" lon="-2.12919">
        <ele>251.46813661953803</ele>
      </trkpt>
      <trkpt lat="54.6331" lon="-2.12908">
        <ele>252.84584400588744</ele>
      </trkpt>
      <trkpt lat="54.63267" lon="-2.12887">
        <ele>258.145528132343</ele>
      </trkpt>
      <trkpt lat="54.63253" lon="-2.12869">
        <ele>259.3714567237047</ele>
      </trkpt>
      <trkpt lat="54.63241" lon="-2.1284">
        <ele>260.6516261280054</ele>
      </trkpt>
      <trkpt lat="54.63223" lon="-2.12781">
        <ele>259.8841085998116</ele>
      </trkpt>
      <trkpt lat="54.63219" lon="-2.12776">
        <ele>260.1204415367922</ele>
      </trkpt>
      <trkpt lat="54.63202" lon="-2.12726">
        <ele>258.63823922206734</ele>
      </trkpt>
      <trkpt lat="54.63185" lon="-2.12688">
        <ele>258.15530389126184</ele>
      </trkpt>
      <trkpt lat="54.63176" lon="-2.12658">
        <ele>256.7510363873825</ele>
      </trkpt>
      <trkpt lat="54.63164" lon="-2.12636">
        <ele>257.08215117482473</ele>
      </trkpt>
      <trkpt lat="54.63144" lon="-2.1258">
        <ele>255.33852784722353</ele>
      </trkpt>
      <trkpt lat="54.63136" lon="-2.12539">
        <ele>253.73922711613173</ele>
      </trkpt>
      <trkpt lat="54.63129" lon="-2.12469">
        <ele>251.7018647349915</ele>
      </trkpt>
      <trkpt lat="54.63123" lon="-2.12449">
        <ele>252.52890509781588</ele>
      </trkpt>
      <trkpt lat="54.63117" lon="-2.12437">
        <ele>253.62938909766726</ele>
      </trkpt>
      <trkpt lat="54.63103" lon="-2.12419">
        <ele>255.61810264969375</ele>
      </trkpt>
      <trkpt lat="54.63098" lon="-2.12409">
        <ele>255.76902593926096</ele>
      </trkpt>
      <trkpt lat="54.63096" lon="-2.12382">
        <ele>253.87118598572096</ele>
      </trkpt>
      <trkpt lat="54.63087" lon="-2.12339">
        <ele>253.42411373700054</ele>
      </trkpt>
      <trkpt lat="54.63074" lon="-2.12293">
        <ele>252.59214733257042</ele>
      </trkpt>
      <trkpt lat="54.6307" lon="-2.12247">
        <ele>251.36898829867806</ele>
      </trkpt>
      <trkpt lat="54.6307" lon="-2.12193">
        <ele>249.38041025386457</ele>
      </trkpt>
      <trkpt lat="54.63074" lon="-2.12148">
        <ele>246.8495180654811</ele>
      </trkpt>
      <trkpt lat="54.63077" lon="-2.12137">
        <ele>245.96620141085225</ele>
      </trkpt>
      <trkpt lat="54.63079" lon="-2.12117">
        <ele>245.3205422099071</ele>
      </trkpt>
      <trkpt lat="54.63077" lon="-2.12051">
        <ele>243.4875160108014</ele>
      </trkpt>
      <trkpt lat="54.63062" lon="-2.11925">
        <ele>243</ele>
      </trkpt>
      <trkpt lat="54.63053" lon="-2.11881">
        <ele>242.90000000000146</ele>
      </trkpt>
      <trkpt lat="54.6305" lon="-2.11841">
        <ele>242.29144178843214</ele>
      </trkpt>
      <trkpt lat="54.63049" lon="-2.11801">
        <ele>241.45748477689966</ele>
      </trkpt>
      <trkpt lat="54.63047" lon="-2.11784">
        <ele>240.9588283212165</ele>
      </trkpt>
      <trkpt lat="54.63047" lon="-2.11745">
        <ele>240.27030566839557</ele>
      </trkpt>
      <trkpt lat="54.6305" lon="-2.1171">
        <ele>239.7620178573752</ele>
      </trkpt>
      <trkpt lat="54.63043" lon="-2.11636">
        <ele>237.9752662656138</ele>
      </trkpt>
      <trkpt lat="54.63037" lon="-2.11601">
        <ele>236.53759267253443</ele>
      </trkpt>
      <trkpt lat="54.63033" lon="-2.11589">
        <ele>236.511050944864</ele>
      </trkpt>
      <trkpt lat="54.6301" lon="-2.1157">
        <ele>237.54379749098632</ele>
      </trkpt>
      <trkpt lat="54.62994" lon="-2.11545">
        <ele>238.5445518332772</ele>
      </trkpt>
      <trkpt lat="54.62979" lon="-2.11518">
        <ele>238.58385262638757</ele>
      </trkpt>
      <trkpt lat="54.6295" lon="-2.11477">
        <ele>239.49439002657374</ele>
      </trkpt>
      <trkpt lat="54.62926" lon="-2.11448">
        <ele>239.910366271996</ele>
      </trkpt>
      <trkpt lat="54.62915" lon="-2.1143">
        <ele>240.17451396321496</ele>
      </trkpt>
      <trkpt lat="54.62898" lon="-2.11409">
        <ele>241.59828646034012</ele>
      </trkpt>
      <trkpt lat="54.62889" lon="-2.11352">
        <ele>241.36855159906395</ele>
      </trkpt>
      <trkpt lat="54.62887" lon="-2.11316">
        <ele>240.73158148373483</ele>
      </trkpt>
      <trkpt lat="54.62882" lon="-2.11292">
        <ele>240.7324995052541</ele>
      </trkpt>
      <trkpt lat="54.62875" lon="-2.11272">
        <ele>240.45708033544085</ele>
      </trkpt>
      <trkpt lat="54.62865" lon="-2.11257">
        <ele>240.17161846329986</ele>
      </trkpt>
      <trkpt lat="54.62847" lon="-2.11199">
        <ele>237.8096931516975</ele>
      </trkpt>
      <trkpt lat="54.62834" lon="-2.11142">
        <ele>236.1659834880158</ele>
      </trkpt>
      <trkpt lat="54.62806" lon="-2.11052">
        <ele>233.95665021052156</ele>
      </trkpt>
      <trkpt lat="54.62749" lon="-2.10927">
        <ele>233.95258888903408</ele>
      </trkpt>
      <trkpt lat="54.62747" lon="-2.10919">
        <ele>233.95852934444326</ele>
      </trkpt>
      <trkpt lat="54.62739" lon="-2.10904">
        <ele>234.3037930473227</ele>
      </trkpt>
      <trkpt lat="54.62731" lon="-2.10884">
        <ele>234.39968601278989</ele>
      </trkpt>
      <trkpt lat="54.62725" lon="-2.10862">
        <ele>234.81432622037937</ele>
      </trkpt>
      <trkpt lat="54.62721" lon="-2.10826">
        <ele>235.8316161038366</ele>
      </trkpt>
      <trkpt lat="54.62713" lon="-2.10784">
        <ele>236.34472823443406</ele>
      </trkpt>
      <trkpt lat="54.627" lon="-2.10755">
        <ele>236.8367288063937</ele>
      </trkpt>
      <trkpt lat="54.62671" lon="-2.10706">
        <ele>237.10000000000036</ele>
      </trkpt>
      <trkpt lat="54.62667" lon="-2.10695">
        <ele>237.27322295264264</ele>
      </trkpt>
      <trkpt lat="54.6266" lon="-2.1069">
        <ele>237.51104875192982</ele>
      </trkpt>
      <trkpt lat="54.62651" lon="-2.10675">
        <ele>237.98110320584104</ele>
      </trkpt>
      <trkpt lat="54.62639" lon="-2.10628">
        <ele>238.51580921613987</ele>
      </trkpt>
      <trkpt lat="54.62607" lon="-2.10525">
        <ele>239.02229401273664</ele>
      </trkpt>
      <trkpt lat="54.62594" lon="-2.10489">
        <ele>238.67459626665868</ele>
      </trkpt>
      <trkpt lat="54.62579" lon="-2.10438">
        <ele>236.9824270068205</ele>
      </trkpt>
      <trkpt lat="54.62572" lon="-2.10424">
        <ele>236.6197734919624</ele>
      </trkpt>
      <trkpt lat="54.62545" lon="-2.10385">
        <ele>235.71013112634256</ele>
      </trkpt>
      <trkpt lat="54.62516" lon="-2.10325">
        <ele>233.62217545051365</ele>
      </trkpt>
      <trkpt lat="54.62502" lon="-2.1032">
        <ele>234.57256143386516</ele>
      </trkpt>
      <trkpt lat="54.62493" lon="-2.10303">
        <ele>235.0159346891107</ele>
      </trkpt>
      <trkpt lat="54.62494" lon="-2.103">
        <ele>234.88753466420215</ele>
      </trkpt>
      <trkpt lat="54.62487" lon="-2.10292">
        <ele>235.02359497211933</ele>
      </trkpt>
      <trkpt lat="54.62485" lon="-2.10281">
        <ele>234.75230983816465</ele>
      </trkpt>
      <trkpt lat="54.62474" lon="-2.10266">
        <ele>234.69242592486643</ele>
      </trkpt>
      <trkpt lat="54.62472" lon="-2.10258">
        <ele>234.51771012582563</ele>
      </trkpt>
      <trkpt lat="54.62465" lon="-2.10247">
        <ele>234.49124053301463</ele>
      </trkpt>
      <trkpt lat="54.6243" lon="-2.10151">
        <ele>232.85137218877793</ele>
      </trkpt>
      <trkpt lat="54.62396" lon="-2.10041">
        <ele>232.22031090876135</ele>
      </trkpt>
      <trkpt lat="54.62395" lon="-2.10021">
        <ele>231.67537492078327</ele>
      </trkpt>
      <trkpt lat="54.62386" lon="-2.09987">
        <ele>231.82240426815008</ele>
      </trkpt>
      <trkpt lat="54.62381" lon="-2.09977">
        <ele>232.37781241559514</ele>
      </trkpt>
      <trkpt lat="54.62375" lon="-2.09924">
        <ele>231.70902515272618</ele>
      </trkpt>
      <trkpt lat="54.62375" lon="-2.09903">
        <ele>230.82222337499388</ele>
      </trkpt>
      <trkpt lat="54.62372" lon="-2.0989">
        <ele>230.41118779024245</ele>
      </trkpt>
      <trkpt lat="54.62373" lon="-2.09881">
        <ele>229.93225367869445</ele>
      </trkpt>
      <trkpt lat="54.62354" lon="-2.09748">
        <ele>227.26863380643744</ele>
      </trkpt>
      <trkpt lat="54.62339" lon="-2.09698">
        <ele>228.64231237941476</ele>
      </trkpt>
      <trkpt lat="54.62327" lon="-2.09664">
        <ele>228.6873543507659</ele>
      </trkpt>
      <trkpt lat="54.62311" lon="-2.09637">
        <ele>228.23073902549305</ele>
      </trkpt>
      <trkpt lat="54.62303" lon="-2.09618">
        <ele>228.10000000000036</ele>
      </trkpt>
      <trkpt lat="54.62291" lon="-2.09575">
        <ele>227.90000000000148</ele>
      </trkpt>
      <trkpt lat="54.62264" lon="-2.09414">
        <ele>226.43026909234533</ele>
      </trkpt>
      <trkpt lat="54.62262" lon="-2.09369">
        <ele>225.467052841723</ele>
      </trkpt>
      <trkpt lat="54.62262" lon="-2.09311">
        <ele>224.49150084173377</ele>
      </trkpt>
      <trkpt lat="54.62264" lon="-2.09294">
        <ele>224.4996560059287</ele>
      </trkpt>
      <trkpt lat="54.62269" lon="-2.09279">
        <ele>224.36242949783434</ele>
      </trkpt>
      <trkpt lat="54.62265" lon="-2.09191">
        <ele>226.24831029598107</ele>
      </trkpt>
      <trkpt lat="54.62264" lon="-2.0913">
        <ele>226.80374962564142</ele>
      </trkpt>
      <trkpt lat="54.62262" lon="-2.09111">
        <ele>226.15919786666112</ele>
      </trkpt>
      <trkpt lat="54.62243" lon="-2.09004">
        <ele>224.7553402984989</ele>
      </trkpt>
      <trkpt lat="54.62232" lon="-2.08954">
        <ele>224.12761728655764</ele>
      </trkpt>
      <trkpt lat="54.62189" lon="-2.08791">
        <ele>220.78204741118765</ele>
      </trkpt>
      <trkpt lat="54.62163" lon="-2.08595">
        <ele>219.76223045539206</ele>
      </trkpt>
      <trkpt lat="54.62156" lon="-2.0856">
        <ele>219.53850350543038</ele>
      </trkpt>
      <trkpt lat="54.62141" lon="-2.085">
        <ele>219.742225477403</ele>
      </trkpt>
      <trkpt lat="54.62142" lon="-2.08505">
        <ele>219.64584020739477</ele>
      </trkpt>
      <trkpt lat="54.61959" lon="-2.08509">
        <ele>229.16491703297788</ele>
      </trkpt>
      <trkpt lat="54.61892" lon="-2.08514">
        <ele>238.8615768191412</ele>
      </trkpt>
      <trkpt lat="54.61879" lon="-2.08513">
        <ele>240.638712451444</ele>
      </trkpt>
      <trkpt lat="54.61864" lon="-2.08501">
        <ele>241.9309978184999</ele>
      </trkpt>
      <trkpt lat="54.61878" lon="-2.08558">
        <ele>241.34081747299118</ele>
      </trkpt>
      <trkpt lat="54.61865" lon="-2.08544">
        <ele>242.5759437807163</ele>
      </trkpt>
      <trkpt lat="54.61854" lon="-2.08541">
        <ele>243.65940526567908</ele>
      </trkpt>
      <trkpt lat="54.61848" lon="-2.08543">
        <ele>244.2658032918349</ele>
      </trkpt>
      <trkpt lat="54.6184" lon="-2.0855">
        <ele>245.40938696186168</ele>
      </trkpt>
      <trkpt lat="54.61835" lon="-2.08563">
        <ele>246.65395086878107</ele>
      </trkpt>
      <trkpt lat="54.61824" lon="-2.08585">
        <ele>249.5668860351211</ele>
      </trkpt>
      <trkpt lat="54.61792" lon="-2.0861">
        <ele>256.53124871044514</ele>
      </trkpt>
      <trkpt lat="54.61767" lon="-2.08633">
        <ele>260.91890228129967</ele>
      </trkpt>
      <trkpt lat="54.61757" lon="-2.08663">
        <ele>262.0130272345388</ele>
      </trkpt>
      <trkpt lat="54.61745" lon="-2.0869">
        <ele>263.5441770209011</ele>
      </trkpt>
      <trkpt lat="54.61738" lon="-2.087">
        <ele>264.40953222915516</ele>
      </trkpt>
      <trkpt lat="54.61721" lon="-2.08713">
        <ele>266.8116457300058</ele>
      </trkpt>
      <trkpt lat="54.61647" lon="-2.08746">
        <ele>275.5055416186814</ele>
      </trkpt>
      <trkpt lat="54.61609" lon="-2.08783">
        <ele>280.76281292038095</ele>
      </trkpt>
      <trkpt lat="54.61583" lon="-2.08799">
        <ele>283.2713238117121</ele>
      </trkpt>
      <trkpt lat="54.61564" lon="-2.08815">
        <ele>287.0426875287121</ele>
      </trkpt>
      <trkpt lat="54.61561" lon="-2.08822">
        <ele>287.8149891646581</ele>
      </trkpt>
      <trkpt lat="54.61557" lon="-2.08839">
        <ele>288.6165997924052</ele>
      </trkpt>
      <trkpt lat="54.61543" lon="-2.08871">
        <ele>291.27527764044316</ele>
      </trkpt>
      <trkpt lat="54.61523" lon="-2.08902">
        <ele>295.59898777827686</ele>
      </trkpt>
      <trkpt lat="54.61509" lon="-2.08936">
        <ele>299.88498124741085</ele>
      </trkpt>
      <trkpt lat="54.6147" lon="-2.0899">
        <ele>309.7145864238036</ele>
      </trkpt>
      <trkpt lat="54.6145" lon="-2.09026">
        <ele>312.0978617887722</ele>
      </trkpt>
      <trkpt lat="54.61425" lon="-2.09108">
        <ele>316.22312007441195</ele>
      </trkpt>
      <trkpt lat="54.61385" lon="-2.09217">
        <ele>320.7041991491356</ele>
      </trkpt>
      <trkpt lat="54.61373" lon="-2.09234">
        <ele>321.2661993634853</ele>
      </trkpt>
      <trkpt lat="54.6137" lon="-2.09314">
        <ele>323.50492132033145</ele>
      </trkpt>
      <trkpt lat="54.61375" lon="-2.09443">
        <ele>328.5812461865609</ele>
      </trkpt>
      <trkpt lat="54.61376" lon="-2.0952">
        <ele>330.85478399999107</ele>
      </trkpt>
      <trkpt lat="54.61369" lon="-2.09582">
        <ele>332.53336695347537</ele>
      </trkpt>
      <trkpt lat="54.61369" lon="-2.09648">
        <ele>333.57851258646747</ele>
      </trkpt>
      <trkpt lat="54.61362" lon="-2.09713">
        <ele>333.98744857115753</ele>
      </trkpt>
      <trkpt lat="54.61347" lon="-2.09754">
        <ele>336.4535536088546</ele>
      </trkpt>
      <trkpt lat="54.61342" lon="-2.09778">
        <ele>337.5115999886313</ele>
      </trkpt>
      <trkpt lat="54.61336" lon="-2.09796">
        <ele>338.360699036904</ele>
      </trkpt>
      <trkpt lat="54.61331" lon="-2.09837">
        <ele>339.4178559669999</ele>
      </trkpt>
      <trkpt lat="54.61318" lon="-2.09885">
        <ele>341.78061877992036</ele>
      </trkpt>
      <trkpt lat="54.61268" lon="-2.10005">
        <ele>353.36928920920576</ele>
      </trkpt>
      <trkpt lat="54.61262" lon="-2.10079">
        <ele>360.39743987137075</ele>
      </trkpt>
      <trkpt lat="54.61236" lon="-2.10172">
        <ele>365.7296162480961</ele>
      </trkpt>
      <trkpt lat="54.61199" lon="-2.10259">
        <ele>376.55103205363275</ele>
      </trkpt>
      <trkpt lat="54.61188" lon="-2.10269">
        <ele>378.5496808839969</ele>
      </trkpt>
      <trkpt lat="54.61184" lon="-2.10279">
        <ele>379.501694035531</ele>
      </trkpt>
      <trkpt lat="54.61178" lon="-2.10285">
        <ele>380.74630320011704</ele>
      </trkpt>
      <trkpt lat="54.61152" lon="-2.10296">
        <ele>385.08613875797084</ele>
      </trkpt>
      <trkpt lat="54.61145" lon="-2.10304">
        <ele>386.3744956759988</ele>
      </trkpt>
      <trkpt lat="54.61077" lon="-2.10453">
        <ele>403.3143776401886</ele>
      </trkpt>
      <trkpt lat="54.61052" lon="-2.10517">
        <ele>410.5068173539602</ele>
      </trkpt>
      <trkpt lat="54.61001" lon="-2.10635">
        <ele>422.9250935101885</ele>
      </trkpt>
      <trkpt lat="54.60994" lon="-2.10646">
        <ele>424.2611185970486</ele>
      </trkpt>
      <trkpt lat="54.6096" lon="-2.10664">
        <ele>427.5079523555948</ele>
      </trkpt>
      <trkpt lat="54.60908" lon="-2.10697">
        <ele>431.81533840750467</ele>
      </trkpt>
      <trkpt lat="54.6088" lon="-2.10721">
        <ele>433.0563093978918</ele>
      </trkpt>
      <trkpt lat="54.6086" lon="-2.10807">
        <ele>433.9799941691551</ele>
      </trkpt>
      <trkpt lat="54.60845" lon="-2.10857">
        <ele>434.15480604888927</ele>
      </trkpt>
      <trkpt lat="54.60832" lon="-2.10878">
        <ele>433.8848267654434</ele>
      </trkpt>
      <trkpt lat="54.60788" lon="-2.10935">
        <ele>435.2248190684601</ele>
      </trkpt>
      <trkpt lat="54.60745" lon="-2.10951">
        <ele>434.9191587518745</ele>
      </trkpt>
      <trkpt lat="54.60715" lon="-2.10968">
        <ele>434.87353813799643</ele>
      </trkpt>
      <trkpt lat="54.60706" lon="-2.10978">
        <ele>434.88059264669147</ele>
      </trkpt>
      <trkpt lat="54.607" lon="-2.10989">
        <ele>435.1040587885775</ele>
      </trkpt>
      <trkpt lat="54.60696" lon="-2.10992">
        <ele>435.0479880843317</ele>
      </trkpt>
      <trkpt lat="54.60679" lon="-2.1098">
        <ele>434.0150484109299</ele>
      </trkpt>
      <trkpt lat="54.60663" lon="-2.10976">
        <ele>433.0290419958042</ele>
      </trkpt>
      <trkpt lat="54.60652" lon="-2.10981">
        <ele>432.3798068809103</ele>
      </trkpt>
      <trkpt lat="54.60626" lon="-2.11006">
        <ele>430.65864472204123</ele>
      </trkpt>
      <trkpt lat="54.60592" lon="-2.11026">
        <ele>426.23317387481313</ele>
      </trkpt>
      <trkpt lat="54.60584" lon="-2.11042">
        <ele>425.9722396056641</ele>
      </trkpt>
      <trkpt lat="54.6058" lon="-2.1106">
        <ele>426.4791456272831</ele>
      </trkpt>
      <trkpt lat="54.6058" lon="-2.11112">
        <ele>428.9007999494378</ele>
      </trkpt>
      <trkpt lat="54.60578" lon="-2.11132">
        <ele>429.2749542172776</ele>
      </trkpt>
      <trkpt lat="54.60562" lon="-2.11201">
        <ele>427.62240174398795</ele>
      </trkpt>
      <trkpt lat="54.60553" lon="-2.11225">
        <ele>426.235940324689</ele>
      </trkpt>
      <trkpt lat="54.60546" lon="-2.11238">
        <ele>424.90769167121067</ele>
      </trkpt>
      <trkpt lat="54.60539" lon="-2.11244">
        <ele>423.3735353433068</ele>
      </trkpt>
      <trkpt lat="54.60534" lon="-2.11253">
        <ele>422.3939995325644</ele>
      </trkpt>
      <trkpt lat="54.60529" lon="-2.1129">
        <ele>422.7430651316656</ele>
      </trkpt>
      <trkpt lat="54.60518" lon="-2.11332">
        <ele>422.1164766376381</ele>
      </trkpt>
      <trkpt lat="54.60516" lon="-2.11365">
        <ele>422.9480679390029</ele>
      </trkpt>
      <trkpt lat="54.60515" lon="-2.11438">
        <ele>422.6001586944927</ele>
      </trkpt>
      <trkpt lat="54.60512" lon="-2.11481">
        <ele>421.4191259297545</ele>
      </trkpt>
      <trkpt lat="54.60505" lon="-2.11506">
        <ele>420.2837421927952</ele>
      </trkpt>
      <trkpt lat="54.60496" lon="-2.11529">
        <ele>418.9022483364219</ele>
      </trkpt>
      <trkpt lat="54.60494" lon="-2.11544">
        <ele>418.73823441395</ele>
      </trkpt>
      <trkpt lat="54.60493" lon="-2.11596">
        <ele>419.12851365329766</ele>
      </trkpt>
      <trkpt lat="54.60507" lon="-2.11738">
        <ele>419.4613741308223</ele>
      </trkpt>
      <trkpt lat="54.60508" lon="-2.11774">
        <ele>419.18274940792554</ele>
      </trkpt>
      <trkpt lat="54.60501" lon="-2.118">
        <ele>417.7941884397768</ele>
      </trkpt>
      <trkpt lat="54.60495" lon="-2.11808">
        <ele>416.8561495936018</ele>
      </trkpt>
      <trkpt lat="54.60486" lon="-2.11809">
        <ele>415.7299723933688</ele>
      </trkpt>
      <trkpt lat="54.60479" lon="-2.11816">
        <ele>414.932378710575</ele>
      </trkpt>
      <trkpt lat="54.60475" lon="-2.11825">
        <ele>414.4560957483028</ele>
      </trkpt>
      <trkpt lat="54.60468" lon="-2.11855">
        <ele>413.7260576309182</ele>
      </trkpt>
      <trkpt lat="54.60461" lon="-2.11854">
        <ele>412.966444018484</ele>
      </trkpt>
      <trkpt lat="54.60458" lon="-2.1186">
        <ele>412.6203137888115</ele>
      </trkpt>
      <trkpt lat="54.60414" lon="-2.11895">
        <ele>405.5821681536937</ele>
      </trkpt>
      <trkpt lat="54.60404" lon="-2.11909">
        <ele>403.9517489746681</ele>
      </trkpt>
      <trkpt lat="54.60387" lon="-2.11919">
        <ele>401.9796035466025</ele>
      </trkpt>
      <trkpt lat="54.60373" lon="-2.11942">
        <ele>400.5838432223994</ele>
      </trkpt>
      <trkpt lat="54.60344" lon="-2.1195">
        <ele>397.22645203431705</ele>
      </trkpt>
      <trkpt lat="54.60332" lon="-2.11956">
        <ele>395.746569456929</ele>
      </trkpt>
      <trkpt lat="54.60324" lon="-2.11956">
        <ele>394.5201737053701</ele>
      </trkpt>
      <trkpt lat="54.6031" lon="-2.11972">
        <ele>392.85695001836973</ele>
      </trkpt>
      <trkpt lat="54.60304" lon="-2.11983">
        <ele>391.9779070413209</ele>
      </trkpt>
      <trkpt lat="54.60291" lon="-2.12014">
        <ele>389.7245621189013</ele>
      </trkpt>
      <trkpt lat="54.60274" lon="-2.12042">
        <ele>386.647122404353</ele>
      </trkpt>
      <trkpt lat="54.60257" lon="-2.12061">
        <ele>383.2902480734524</ele>
      </trkpt>
      <trkpt lat="54.60255" lon="-2.12068">
        <ele>382.76569244986445</ele>
      </trkpt>
      <trkpt lat="54.60247" lon="-2.12072">
        <ele>381.26883183586597</ele>
      </trkpt>
      <trkpt lat="54.60215" lon="-2.12109">
        <ele>378.6794263235301</ele>
      </trkpt>
      <trkpt lat="54.60207" lon="-2.12114">
        <ele>377.9913894946697</ele>
      </trkpt>
      <trkpt lat="54.60197" lon="-2.12115">
        <ele>376.91547543520795</ele>
      </trkpt>
      <trkpt lat="54.60169" lon="-2.12105">
        <ele>373.5631495676132</ele>
      </trkpt>
      <trkpt lat="54.60164" lon="-2.12111">
        <ele>373.37110282750854</ele>
      </trkpt>
      <trkpt lat="54.60151" lon="-2.12138">
        <ele>373.57858821323657</ele>
      </trkpt>
      <trkpt lat="54.60143" lon="-2.12147">
        <ele>373.7149148701699</ele>
      </trkpt>
      <trkpt lat="54.6013" lon="-2.12151">
        <ele>373.7015562184861</ele>
      </trkpt>
      <trkpt lat="54.60113" lon="-2.1218">
        <ele>374.5523484444252</ele>
      </trkpt>
      <trkpt lat="54.60102" lon="-2.12206">
        <ele>375.0212946986034</ele>
      </trkpt>
      <trkpt lat="54.60057" lon="-2.12211">
        <ele>373.1672640009555</ele>
      </trkpt>
      <trkpt lat="54.60033" lon="-2.12202">
        <ele>372.10068238345013</ele>
      </trkpt>
      <trkpt lat="54.60024" lon="-2.12194">
        <ele>371.8607685220311</ele>
      </trkpt>
      <trkpt lat="54.60003" lon="-2.12165">
        <ele>371.8358233042559</ele>
      </trkpt>
      <trkpt lat="54.59992" lon="-2.12156">
        <ele>372.1778438379529</ele>
      </trkpt>
      <trkpt lat="54.59985" lon="-2.12153">
        <ele>372.42970964806256</ele>
      </trkpt>
      <trkpt lat="54.59958" lon="-2.1215">
        <ele>372.5078682973772</ele>
      </trkpt>
      <trkpt lat="54.59881" lon="-2.12305">
        <ele>366.3873836597499</ele>
      </trkpt>
      <trkpt lat="54.59875" lon="-2.12311">
        <ele>365.9163681403776</ele>
      </trkpt>
      <trkpt lat="54.59871" lon="-2.1231">
        <ele>365.3393244384078</ele>
      </trkpt>
      <trkpt lat="54.59805" lon="-2.1208">
        <ele>351.1110897777839</ele>
      </trkpt>
      <trkpt lat="54.59732" lon="-2.11907">
        <ele>345.14512685138686</ele>
      </trkpt>
      <trkpt lat="54.5973" lon="-2.11903">
        <ele>344.84931370391143</ele>
      </trkpt>
      <trkpt lat="54.59724" lon="-2.119">
        <ele>344.3329650453065</ele>
      </trkpt>
      <trkpt lat="54.59717" lon="-2.11891">
        <ele>343.2542614489194</ele>
      </trkpt>
      <trkpt lat="54.59702" lon="-2.11887">
        <ele>341.48066173757064</ele>
      </trkpt>
      <trkpt lat="54.59674" lon="-2.11888">
        <ele>339.7057318016825</ele>
      </trkpt>
      <trkpt lat="54.59663" lon="-2.1188">
        <ele>338.66847463185064</ele>
      </trkpt>
      <trkpt lat="54.59639" lon="-2.11874">
        <ele>336.6894062387762</ele>
      </trkpt>
      <trkpt lat="54.59608" lon="-2.11857">
        <ele>334.94155417978544</ele>
      </trkpt>
      <trkpt lat="54.59585" lon="-2.11832">
        <ele>334.1176814135634</ele>
      </trkpt>
      <trkpt lat="54.59552" lon="-2.11761">
        <ele>334.562773102658</ele>
      </trkpt>
      <trkpt lat="54.59547" lon="-2.11753">
        <ele>334.4808262406859</ele>
      </trkpt>
      <trkpt lat="54.59499" lon="-2.11728">
        <ele>332.8423449197562</ele>
      </trkpt>
      <trkpt lat="54.59476" lon="-2.11714">
        <ele>330.6532627391139</ele>
      </trkpt>
      <trkpt lat="54.59457" lon="-2.11698">
        <ele>328.678787609749</ele>
      </trkpt>
      <trkpt lat="54.59398" lon="-2.11689">
        <ele>321.98108296722694</ele>
      </trkpt>
      <trkpt lat="54.59379" lon="-2.11681">
        <ele>319.51649610948937</ele>
      </trkpt>
      <trkpt lat="54.59365" lon="-2.11678">
        <ele>317.56526074088197</ele>
      </trkpt>
      <trkpt lat="54.59354" lon="-2.11672">
        <ele>316.27564314161526</ele>
      </trkpt>
      <trkpt lat="54.59346" lon="-2.11676">
        <ele>316.0512484472247</ele>
      </trkpt>
      <trkpt lat="54.59327" lon="-2.1167">
        <ele>315.5996498761707</ele>
      </trkpt>
      <trkpt lat="54.59296" lon="-2.11645">
        <ele>315.64401082973995</ele>
      </trkpt>
      <trkpt lat="54.59283" lon="-2.11631">
        <ele>315.4088650009801</ele>
      </trkpt>
      <trkpt lat="54.59242" lon="-2.11606">
        <ele>310.542305316934</ele>
      </trkpt>
      <trkpt lat="54.59173" lon="-2.1155">
        <ele>302.93892190293496</ele>
      </trkpt>
      <trkpt lat="54.59155" lon="-2.11544">
        <ele>300.97162180850313</ele>
      </trkpt>
      <trkpt lat="54.59135" lon="-2.11543">
        <ele>298.7714802840774</ele>
      </trkpt>
      <trkpt lat="54.59098" lon="-2.11535">
        <ele>293.91116196450366</ele>
      </trkpt>
      <trkpt lat="54.59083" lon="-2.11542">
        <ele>292.25204809894853</ele>
      </trkpt>
      <trkpt lat="54.59059" lon="-2.11541">
        <ele>291.1633033117069</ele>
      </trkpt>
      <trkpt lat="54.59053" lon="-2.11544">
        <ele>291.0755458442769</ele>
      </trkpt>
      <trkpt lat="54.59047" lon="-2.11554">
        <ele>291.2654912000066</ele>
      </trkpt>
      <trkpt lat="54.59042" lon="-2.1157">
        <ele>292.0413803959906</ele>
      </trkpt>
      <trkpt lat="54.59036" lon="-2.11584">
        <ele>292.8253388080985</ele>
      </trkpt>
      <trkpt lat="54.59031" lon="-2.11592">
        <ele>293.30603724415477</ele>
      </trkpt>
      <trkpt lat="54.59026" lon="-2.11596">
        <ele>293.69294845019556</ele>
      </trkpt>
      <trkpt lat="54.59018" lon="-2.11598">
        <ele>294.56716392363967</ele>
      </trkpt>
      <trkpt lat="54.5897" lon="-2.11591">
        <ele>297.88273797007344</ele>
      </trkpt>
      <trkpt lat="54.58951" lon="-2.11592">
        <ele>298.3509553777993</ele>
      </trkpt>
      <trkpt lat="54.58946" lon="-2.11304">
        <ele>285.3849976494431</ele>
      </trkpt>
      <trkpt lat="54.58948" lon="-2.11246">
        <ele>283.53165793244284</ele>
      </trkpt>
      <trkpt lat="54.58946" lon="-2.1119">
        <ele>281.20943832564535</ele>
      </trkpt>
      <trkpt lat="54.58939" lon="-2.11148">
        <ele>278.538555926274</ele>
      </trkpt>
      <trkpt lat="54.58898" lon="-2.11003">
        <ele>274.1434586471037</ele>
      </trkpt>
      <trkpt lat="54.589" lon="-2.10994">
        <ele>274.5148583801671</ele>
      </trkpt>
      <trkpt lat="54.58914" lon="-2.10982">
        <ele>274.2772636174363</ele>
      </trkpt>
      <trkpt lat="54.58916" lon="-2.10977">
        <ele>274.24291294413956</ele>
      </trkpt>
      <trkpt lat="54.58917" lon="-2.10968">
        <ele>274.3277492891564</ele>
      </trkpt>
      <trkpt lat="54.58916" lon="-2.10957">
        <ele>274.67537014035463</ele>
      </trkpt>
      <trkpt lat="54.58872" lon="-2.10876">
        <ele>289.3327451529687</ele>
      </trkpt>
      <trkpt lat="54.58882" lon="-2.10891">
        <ele>287.211774222204</ele>
      </trkpt>
      <trkpt lat="54.58839" lon="-2.10972">
        <ele>285.9821427046979</ele>
      </trkpt>
      <trkpt lat="54.5883" lon="-2.10976">
        <ele>288.1055082594625</ele>
      </trkpt>
      <trkpt lat="54.58791" lon="-2.10975">
        <ele>294.9865554110848</ele>
      </trkpt>
      <trkpt lat="54.58701" lon="-2.10979">
        <ele>306.3169252768627</ele>
      </trkpt>
      <trkpt lat="54.58616" lon="-2.1094">
        <ele>308.60000000000036</ele>
      </trkpt>
      <trkpt lat="54.58595" lon="-2.11011">
        <ele>306.1915063806648</ele>
      </trkpt>
      <trkpt lat="54.58588" lon="-2.11017">
        <ele>305.6870832052594</ele>
      </trkpt>
      <trkpt lat="54.58547" lon="-2.11031">
        <ele>304.12623199885877</ele>
      </trkpt>
      <trkpt lat="54.58498" lon="-2.11057">
        <ele>304.4255787817537</ele>
      </trkpt>
      <trkpt lat="54.58489" lon="-2.11067">
        <ele>304.3859140619052</ele>
      </trkpt>
      <trkpt lat="54.58471" lon="-2.1108">
        <ele>304.82196944551634</ele>
      </trkpt>
      <trkpt lat="54.58365" lon="-2.11132">
        <ele>308.54665359361223</ele>
      </trkpt>
      <trkpt lat="54.58329" lon="-2.11165">
        <ele>307.43806789438315</ele>
      </trkpt>
      <trkpt lat="54.58301" lon="-2.1117">
        <ele>306.2389401153715</ele>
      </trkpt>
      <trkpt lat="54.58141" lon="-2.11167">
        <ele>307.49598044487766</ele>
      </trkpt>
      <trkpt lat="54.58129" lon="-2.11162">
        <ele>307.85315626666545</ele>
      </trkpt>
      <trkpt lat="54.58103" lon="-2.11158">
        <ele>307.7357343643206</ele>
      </trkpt>
      <trkpt lat="54.58059" lon="-2.11135">
        <ele>307.6551730866084</ele>
      </trkpt>
      <trkpt lat="54.57782" lon="-2.10966">
        <ele>329.72090813942134</ele>
      </trkpt>
      <trkpt lat="54.57495" lon="-2.10975">
        <ele>352.15565712032435</ele>
      </trkpt>
      <trkpt lat="54.57429" lon="-2.10962">
        <ele>353.2291086222054</ele>
      </trkpt>
      <trkpt lat="54.57413" lon="-2.10953">
        <ele>353.4621822409106</ele>
      </trkpt>
      <trkpt lat="54.57368" lon="-2.10921">
        <ele>353.8641714439204</ele>
      </trkpt>
      <trkpt lat="54.57324" lon="-2.10893">
        <ele>352.3446122666368</ele>
      </trkpt>
      <trkpt lat="54.57294" lon="-2.1087">
        <ele>351.8188038351245</ele>
      </trkpt>
      <trkpt lat="54.57291" lon="-2.10862">
        <ele>351.57532078328427</ele>
      </trkpt>
      <trkpt lat="54.57279" lon="-2.10852">
        <ele>351.58622446257834</ele>
      </trkpt>
      <trkpt lat="54.57271" lon="-2.10851">
        <ele>351.75766289413343</ele>
      </trkpt>
      <trkpt lat="54.57254" lon="-2.1084">
        <ele>351.7007504241772</ele>
      </trkpt>
      <trkpt lat="54.57241" lon="-2.10836">
        <ele>351.60463573327297</ele>
      </trkpt>
      <trkpt lat="54.57233" lon="-2.10837">
        <ele>351.67454079999595</ele>
      </trkpt>
      <trkpt lat="54.57211" lon="-2.10825">
        <ele>350.24640000001637</ele>
      </trkpt>
      <trkpt lat="54.57202" lon="-2.10824">
        <ele>349.6369772652403</ele>
      </trkpt>
      <trkpt lat="54.57198" lon="-2.10829">
        <ele>349.72294650361965</ele>
      </trkpt>
      <trkpt lat="54.57195" lon="-2.10829">
        <ele>349.55771126972127</ele>
      </trkpt>
      <trkpt lat="54.57186" lon="-2.10814">
        <ele>348.6275441204203</ele>
      </trkpt>
      <trkpt lat="54.57152" lon="-2.10792">
        <ele>350.15888020930686</ele>
      </trkpt>
      <trkpt lat="54.57133" lon="-2.10783">
        <ele>351.8524684532313</ele>
      </trkpt>
      <trkpt lat="54.57123" lon="-2.10766">
        <ele>352.5296024170191</ele>
      </trkpt>
      <trkpt lat="54.56907" lon="-2.10664">
        <ele>371.0017068090088</ele>
      </trkpt>
      <trkpt lat="54.56811" lon="-2.106">
        <ele>364.91602473692086</ele>
      </trkpt>
      <trkpt lat="54.56743" lon="-2.10563">
        <ele>355.23620165574823</ele>
      </trkpt>
      <trkpt lat="54.56727" lon="-2.10558">
        <ele>353.8431266410805</ele>
      </trkpt>
      <trkpt lat="54.56709" lon="-2.10539">
        <ele>352.63063184237154</ele>
      </trkpt>
      <trkpt lat="54.56701" lon="-2.10539">
        <ele>352.35195206690196</ele>
      </trkpt>
      <trkpt lat="54.56693" lon="-2.10534">
        <ele>351.97327292230926</ele>
      </trkpt>
      <trkpt lat="54.56676" lon="-2.10529">
        <ele>351.31234742014186</ele>
      </trkpt>
      <trkpt lat="54.56649" lon="-2.10526">
        <ele>349.82411186442806</ele>
      </trkpt>
      <trkpt lat="54.56607" lon="-2.10511">
        <ele>347.18203473934005</ele>
      </trkpt>
      <trkpt lat="54.56613" lon="-2.10449">
        <ele>344.1217629788214</ele>
      </trkpt>
      <trkpt lat="54.56581" lon="-2.10431">
        <ele>342.8247718730255</ele>
      </trkpt>
      <trkpt lat="54.56548" lon="-2.10408">
        <ele>342.7235114666636</ele>
      </trkpt>
      <trkpt lat="54.56526" lon="-2.10396">
        <ele>341.9464064000176</ele>
      </trkpt>
      <trkpt lat="54.56493" lon="-2.10346">
        <ele>336.88578460868763</ele>
      </trkpt>
      <trkpt lat="54.56476" lon="-2.10328">
        <ele>334.32842625427196</ele>
      </trkpt>
      <trkpt lat="54.56423" lon="-2.10261">
        <ele>322.42366298358036</ele>
      </trkpt>
      <trkpt lat="54.5641" lon="-2.10249">
        <ele>319.5886806434493</ele>
      </trkpt>
      <trkpt lat="54.56382" lon="-2.10233">
        <ele>315.3236781654653</ele>
      </trkpt>
      <trkpt lat="54.56344" lon="-2.10198">
        <ele>312.4150770182725</ele>
      </trkpt>
      <trkpt lat="54.56319" lon="-2.10168">
        <ele>310.88669089901293</ele>
      </trkpt>
      <trkpt lat="54.56267" lon="-2.10118">
        <ele>308.6042772850957</ele>
      </trkpt>
      <trkpt lat="54.56259" lon="-2.10116">
        <ele>308.2594691661429</ele>
      </trkpt>
      <trkpt lat="54.56206" lon="-2.10127">
        <ele>305.11566543262495</ele>
      </trkpt>
      <trkpt lat="54.56187" lon="-2.10134">
        <ele>303.1812661644975</ele>
      </trkpt>
      <trkpt lat="54.56146" lon="-2.1014">
        <ele>297.7883489355688</ele>
      </trkpt>
      <trkpt lat="54.56123" lon="-2.10147">
        <ele>295.50027255348516</ele>
      </trkpt>
      <trkpt lat="54.56112" lon="-2.10146">
        <ele>294.7696741313449</ele>
      </trkpt>
      <trkpt lat="54.5605" lon="-2.1011">
        <ele>293.7589262222182</ele>
      </trkpt>
      <trkpt lat="54.56049" lon="-2.10118">
        <ele>293.8521329777793</ele>
      </trkpt>
      <trkpt lat="54.56037" lon="-2.10154">
        <ele>293.76012439137537</ele>
      </trkpt>
      <trkpt lat="54.56029" lon="-2.10167">
        <ele>293.28481022787696</ele>
      </trkpt>
      <trkpt lat="54.56024" lon="-2.10184">
        <ele>292.2336968709046</ele>
      </trkpt>
      <trkpt lat="54.56019" lon="-2.10315">
        <ele>291.2143457119819</ele>
      </trkpt>
      <trkpt lat="54.56015" lon="-2.10355">
        <ele>290.4374816867528</ele>
      </trkpt>
      <trkpt lat="54.56008" lon="-2.10389">
        <ele>289.2359833752352</ele>
      </trkpt>
      <trkpt lat="54.56007" lon="-2.10404">
        <ele>288.7469621095648</ele>
      </trkpt>
      <trkpt lat="54.56007" lon="-2.10449">
        <ele>288.93100760873574</ele>
      </trkpt>
      <trkpt lat="54.56005" lon="-2.10467">
        <ele>288.8492560151506</ele>
      </trkpt>
      <trkpt lat="54.55997" lon="-2.10494">
        <ele>288.3371800762607</ele>
      </trkpt>
      <trkpt lat="54.55946" lon="-2.10604">
        <ele>287.1332745868721</ele>
      </trkpt>
      <trkpt lat="54.55942" lon="-2.10607">
        <ele>286.8838608702466</ele>
      </trkpt>
      <trkpt lat="54.55869" lon="-2.10593">
        <ele>286.20907838685446</ele>
      </trkpt>
      <trkpt lat="54.55827" lon="-2.10519">
        <ele>286.59434891378095</ele>
      </trkpt>
      <trkpt lat="54.55819" lon="-2.10492">
        <ele>286.1095487999967</ele>
      </trkpt>
      <trkpt lat="54.55815" lon="-2.10447">
        <ele>286.9909617734282</ele>
      </trkpt>
      <trkpt lat="54.55821" lon="-2.10409">
        <ele>287.7716382570576</ele>
      </trkpt>
      <trkpt lat="54.55821" lon="-2.10396">
        <ele>288.3774821681907</ele>
      </trkpt>
      <trkpt lat="54.55817" lon="-2.10389">
        <ele>289.03947991851686</ele>
      </trkpt>
      <trkpt lat="54.55803" lon="-2.10385">
        <ele>290.7080143734581</ele>
      </trkpt>
      <trkpt lat="54.55749" lon="-2.10355">
        <ele>296.2968550310252</ele>
      </trkpt>
      <trkpt lat="54.55714" lon="-2.10325">
        <ele>301.5115076996389</ele>
      </trkpt>
      <trkpt lat="54.55681" lon="-2.10289">
        <ele>305.1597832451114</ele>
      </trkpt>
      <trkpt lat="54.55646" lon="-2.10237">
        <ele>309.0017700688206</ele>
      </trkpt>
      <trkpt lat="54.55608" lon="-2.10192">
        <ele>316.32057872358774</ele>
      </trkpt>
      <trkpt lat="54.55524" lon="-2.10149">
        <ele>324.61330915554464</ele>
      </trkpt>
      <trkpt lat="54.55512" lon="-2.10149">
        <ele>324.7511263261462</ele>
      </trkpt>
      <trkpt lat="54.55505" lon="-2.10145">
        <ele>324.7614639581664</ele>
      </trkpt>
      <trkpt lat="54.55493" lon="-2.10132">
        <ele>324.74058552018914</ele>
      </trkpt>
      <trkpt lat="54.5546" lon="-2.10162">
        <ele>325.2883198554638</ele>
      </trkpt>
      <trkpt lat="54.55439" lon="-2.10168">
        <ele>326.12396708711515</ele>
      </trkpt>
      <trkpt lat="54.55419" lon="-2.10168">
        <ele>327.1587026662199</ele>
      </trkpt>
      <trkpt lat="54.55411" lon="-2.10163">
        <ele>327.4946215506182</ele>
      </trkpt>
      <trkpt lat="54.55408" lon="-2.10162">
        <ele>327.6637802274671</ele>
      </trkpt>
      <trkpt lat="54.55394" lon="-2.10141">
        <ele>328.5340787244237</ele>
      </trkpt>
      <trkpt lat="54.55383" lon="-2.10111">
        <ele>329.86459679950565</ele>
      </trkpt>
      <trkpt lat="54.55378" lon="-2.10062">
        <ele>330.242280907981</ele>
      </trkpt>
      <trkpt lat="54.5537" lon="-2.10056">
        <ele>330.9118681542818</ele>
      </trkpt>
      <trkpt lat="54.5534" lon="-2.10012">
        <ele>334.1775036781334</ele>
      </trkpt>
      <trkpt lat="54.55324" lon="-2.09992">
        <ele>337.2007415118863</ele>
      </trkpt>
      <trkpt lat="54.55309" lon="-2.09981">
        <ele>339.9750658400366</ele>
      </trkpt>
      <trkpt lat="54.55296" lon="-2.09957">
        <ele>342.22776840768455</ele>
      </trkpt>
      <trkpt lat="54.55283" lon="-2.09945">
        <ele>344.06214005076356</ele>
      </trkpt>
      <trkpt lat="54.5525" lon="-2.09898">
        <ele>348.0721717987676</ele>
      </trkpt>
      <trkpt lat="54.55227" lon="-2.09882">
        <ele>351.24269457591345</ele>
      </trkpt>
      <trkpt lat="54.55175" lon="-2.09839">
        <ele>356.4969052444212</ele>
      </trkpt>
      <trkpt lat="54.55158" lon="-2.09828">
        <ele>357.54794912596793</ele>
      </trkpt>
      <trkpt lat="54.55141" lon="-2.09807">
        <ele>359.5545807004177</ele>
      </trkpt>
      <trkpt lat="54.55127" lon="-2.09797">
        <ele>361.90976658243756</ele>
      </trkpt>
      <trkpt lat="54.55075" lon="-2.09743">
        <ele>367.620747257143</ele>
      </trkpt>
      <trkpt lat="54.5506" lon="-2.09736">
        <ele>368.7941432487486</ele>
      </trkpt>
      <trkpt lat="54.55039" lon="-2.09723">
        <ele>370.28751768181166</ele>
      </trkpt>
      <trkpt lat="54.55005" lon="-2.09689">
        <ele>371.51161872362786</ele>
      </trkpt>
      <trkpt lat="54.54986" lon="-2.09683">
        <ele>372.20673559176856</ele>
      </trkpt>
      <trkpt lat="54.5497" lon="-2.09673">
        <ele>372.9313560068152</ele>
      </trkpt>
      <trkpt lat="54.54956" lon="-2.09664">
        <ele>373.64437127047614</ele>
      </trkpt>
      <trkpt lat="54.54909" lon="-2.09648">
        <ele>376.54361977935855</ele>
      </trkpt>
      <trkpt lat="54.54898" lon="-2.09636">
        <ele>377.76939180023174</ele>
      </trkpt>
      <trkpt lat="54.54869" lon="-2.09614">
        <ele>379.95351103757537</ele>
      </trkpt>
      <trkpt lat="54.54835" lon="-2.09581">
        <ele>381</ele>
      </trkpt>
      <trkpt lat="54.54815" lon="-2.09566">
        <ele>381</ele>
      </trkpt>
      <trkpt lat="54.54742" lon="-2.09471">
        <ele>382.9859633777758</ele>
      </trkpt>
      <trkpt lat="54.54684" lon="-2.09426">
        <ele>383.2768287661961</ele>
      </trkpt>
      <trkpt lat="54.5467" lon="-2.09421">
        <ele>383.8426181638153</ele>
      </trkpt>
      <trkpt lat="54.54661" lon="-2.09414">
        <ele>384.60012302221764</ele>
      </trkpt>
      <trkpt lat="54.54653" lon="-2.09404">
        <ele>385.8968996680458</ele>
      </trkpt>
      <trkpt lat="54.54646" lon="-2.09392">
        <ele>387.2871320827867</ele>
      </trkpt>
      <trkpt lat="54.5463" lon="-2.09385">
        <ele>388.8603293697586</ele>
      </trkpt>
      <trkpt lat="54.54607" lon="-2.0937">
        <ele>390.5584909325706</ele>
      </trkpt>
      <trkpt lat="54.54576" lon="-2.09359">
        <ele>393.01095923932843</ele>
      </trkpt>
      <trkpt lat="54.54557" lon="-2.09348">
        <ele>394.21603129675555</ele>
      </trkpt>
      <trkpt lat="54.54544" lon="-2.09335">
        <ele>395.23381198437977</ele>
      </trkpt>
      <trkpt lat="54.5452" lon="-2.0932">
        <ele>397.0580246275997</ele>
      </trkpt>
      <trkpt lat="54.54491" lon="-2.09307">
        <ele>397.8050595765603</ele>
      </trkpt>
      <trkpt lat="54.5446" lon="-2.09298">
        <ele>397.04514840148624</ele>
      </trkpt>
      <trkpt lat="54.54434" lon="-2.09285">
        <ele>395.1444017742998</ele>
      </trkpt>
      <trkpt lat="54.54419" lon="-2.09282">
        <ele>394.5369909810136</ele>
      </trkpt>
      <trkpt lat="54.54409" lon="-2.09284">
        <ele>394.4059861333118</ele>
      </trkpt>
      <trkpt lat="54.54405" lon="-2.09274">
        <ele>394.12200169097054</ele>
      </trkpt>
      <trkpt lat="54.54396" lon="-2.09268">
        <ele>394.0593307398499</ele>
      </trkpt>
      <trkpt lat="54.54394" lon="-2.09256">
        <ele>393.82139854187506</ele>
      </trkpt>
      <trkpt lat="54.54386" lon="-2.09241">
        <ele>394.0246993135203</ele>
      </trkpt>
      <trkpt lat="54.54374" lon="-2.0923">
        <ele>394.7131277445206</ele>
      </trkpt>
      <trkpt lat="54.54325" lon="-2.092">
        <ele>397.5996661133397</ele>
      </trkpt>
      <trkpt lat="54.54275" lon="-2.09179">
        <ele>401.96796597006767</ele>
      </trkpt>
      <trkpt lat="54.54229" lon="-2.09168">
        <ele>405.54740805125346</ele>
      </trkpt>
      <trkpt lat="54.54214" lon="-2.09174">
        <ele>406.2800259059071</ele>
      </trkpt>
      <trkpt lat="54.54207" lon="-2.09172">
        <ele>406.64197336684526</ele>
      </trkpt>
      <trkpt lat="54.54187" lon="-2.09184">
        <ele>407.6961062764292</ele>
      </trkpt>
      <trkpt lat="54.54173" lon="-2.09186">
        <ele>409.06389530216654</ele>
      </trkpt>
      <trkpt lat="54.54136" lon="-2.09175">
        <ele>411.63558841890654</ele>
      </trkpt>
      <trkpt lat="54.54099" lon="-2.09153">
        <ele>414.04164444646</ele>
      </trkpt>
      <trkpt lat="54.53959" lon="-2.09052">
        <ele>418.1388463236541</ele>
      </trkpt>
      <trkpt lat="54.5394" lon="-2.09041">
        <ele>417.56971303921404</ele>
      </trkpt>
      <trkpt lat="54.53923" lon="-2.09036">
        <ele>416.81548972046085</ele>
      </trkpt>
      <trkpt lat="54.53802" lon="-2.08939">
        <ele>408.95828653334297</ele>
      </trkpt>
      <trkpt lat="54.53728" lon="-2.08891">
        <ele>403.65878762039415</ele>
      </trkpt>
      <trkpt lat="54.53712" lon="-2.08871">
        <ele>402.65014170212726</ele>
      </trkpt>
      <trkpt lat="54.53653" lon="-2.08824">
        <ele>398.8355587724838</ele>
      </trkpt>
      <trkpt lat="54.53614" lon="-2.088">
        <ele>393.7903722021734</ele>
      </trkpt>
      <trkpt lat="54.5359" lon="-2.08779">
        <ele>390.90982738759</ele>
      </trkpt>
      <trkpt lat="54.53581" lon="-2.08765">
        <ele>390.03033008577825</ele>
      </trkpt>
      <trkpt lat="54.53575" lon="-2.08763">
        <ele>389.7660572282747</ele>
      </trkpt>
      <trkpt lat="54.53571" lon="-2.08755">
        <ele>389.56171915582985</ele>
      </trkpt>
      <trkpt lat="54.5355" lon="-2.08737">
        <ele>389</ele>
      </trkpt>
      <trkpt lat="54.53498" lon="-2.08706">
        <ele>389.7958067071169</ele>
      </trkpt>
      <trkpt lat="54.53489" lon="-2.08705">
        <ele>389.90000000000146</ele>
      </trkpt>
      <trkpt lat="54.53479" lon="-2.08694">
        <ele>389.9000000000015</ele>
      </trkpt>
      <trkpt lat="54.53477" lon="-2.08689">
        <ele>389.8480475456208</ele>
      </trkpt>
      <trkpt lat="54.53462" lon="-2.08681">
        <ele>388.84308171933714</ele>
      </trkpt>
      <trkpt lat="54.53455" lon="-2.08679">
        <ele>388.18476998318295</ele>
      </trkpt>
      <trkpt lat="54.53444" lon="-2.0868">
        <ele>387.01875514618325</ele>
      </trkpt>
      <trkpt lat="54.53436" lon="-2.08677">
        <ele>386.1185228146624</ele>
      </trkpt>
      <trkpt lat="54.53431" lon="-2.08674">
        <ele>385.4811636871665</ele>
      </trkpt>
      <trkpt lat="54.53417" lon="-2.08659">
        <ele>383.2821401991656</ele>
      </trkpt>
      <trkpt lat="54.53402" lon="-2.08648">
        <ele>380.7115657254363</ele>
      </trkpt>
      <trkpt lat="54.53388" lon="-2.08641">
        <ele>378.5036910394916</ele>
      </trkpt>
      <trkpt lat="54.53366" lon="-2.08638">
        <ele>375.8994377240889</ele>
      </trkpt>
      <trkpt lat="54.53314" lon="-2.08607">
        <ele>369.97608024508304</ele>
      </trkpt>
      <trkpt lat="54.53235" lon="-2.08544">
        <ele>361.27377198087146</ele>
      </trkpt>
      <trkpt lat="54.5313" lon="-2.08483">
        <ele>352.4625572481206</ele>
      </trkpt>
      <trkpt lat="54.53113" lon="-2.08464">
        <ele>351.10228953224225</ele>
      </trkpt>
      <trkpt lat="54.53099" lon="-2.08454">
        <ele>350.18028459723644</ele>
      </trkpt>
      <trkpt lat="54.5308" lon="-2.08459">
        <ele>349.73434058446526</ele>
      </trkpt>
      <trkpt lat="54.53052" lon="-2.0844">
        <ele>349.05728499770646</ele>
      </trkpt>
      <trkpt lat="54.52997" lon="-2.08367">
        <ele>346.8673612078036</ele>
      </trkpt>
      <trkpt lat="54.5298" lon="-2.08352">
        <ele>346.15975345796966</ele>
      </trkpt>
      <trkpt lat="54.52974" lon="-2.08354">
        <ele>345.8653702473806</ele>
      </trkpt>
      <trkpt lat="54.52954" lon="-2.0834">
        <ele>343.7163395978515</ele>
      </trkpt>
      <trkpt lat="54.52946" lon="-2.08327">
        <ele>342.4879018476014</ele>
      </trkpt>
      <trkpt lat="54.52881" lon="-2.08281">
        <ele>338.1299399106768</ele>
      </trkpt>
      <trkpt lat="54.52848" lon="-2.08239">
        <ele>335.8790425153457</ele>
      </trkpt>
      <trkpt lat="54.52841" lon="-2.08219">
        <ele>334.9003725321652</ele>
      </trkpt>
      <trkpt lat="54.52826" lon="-2.08224">
        <ele>334.3742505604415</ele>
      </trkpt>
      <trkpt lat="54.52817" lon="-2.08211">
        <ele>334.5493813185971</ele>
      </trkpt>
      <trkpt lat="54.52812" lon="-2.08209">
        <ele>334.677356461872</ele>
      </trkpt>
      <trkpt lat="54.52805" lon="-2.08201">
        <ele>334.92087548417175</ele>
      </trkpt>
      <trkpt lat="54.52802" lon="-2.08192">
        <ele>335.1287316328153</ele>
      </trkpt>
      <trkpt lat="54.52798" lon="-2.08118">
        <ele>336.25293256214445</ele>
      </trkpt>
      <trkpt lat="54.52799" lon="-2.081">
        <ele>336.25197238386664</ele>
      </trkpt>
      <trkpt lat="54.52784" lon="-2.08092">
        <ele>337.33341306804823</ele>
      </trkpt>
      <trkpt lat="54.52774" lon="-2.08079">
        <ele>338.0063567715942</ele>
      </trkpt>
      <trkpt lat="54.52694" lon="-2.07953">
        <ele>342.4400390845729</ele>
      </trkpt>
      <trkpt lat="54.52675" lon="-2.07913">
        <ele>343.8147809050792</ele>
      </trkpt>
      <trkpt lat="54.52667" lon="-2.07892">
        <ele>344.072907197555</ele>
      </trkpt>
      <trkpt lat="54.52667" lon="-2.07883">
        <ele>343.93663421352403</ele>
      </trkpt>
      <trkpt lat="54.52658" lon="-2.07858">
        <ele>345.5449388579707</ele>
      </trkpt>
      <trkpt lat="54.52657" lon="-2.07846">
        <ele>346.3053052581724</ele>
      </trkpt>
      <trkpt lat="54.52644" lon="-2.07831">
        <ele>348.1483651621322</ele>
      </trkpt>
      <trkpt lat="54.52638" lon="-2.07811">
        <ele>348.86954025543616</ele>
      </trkpt>
      <trkpt lat="54.52606" lon="-2.07822">
        <ele>350.41168440040343</ele>
      </trkpt>
      <trkpt lat="54.52592" lon="-2.07823">
        <ele>351.47979331093416</ele>
      </trkpt>
      <trkpt lat="54.52578" lon="-2.07819">
        <ele>353.0048880134709</ele>
      </trkpt>
      <trkpt lat="54.52552" lon="-2.07805">
        <ele>356.35035201902826</ele>
      </trkpt>
      <trkpt lat="54.52533" lon="-2.07799">
        <ele>357.6600308854737</ele>
      </trkpt>
      <trkpt lat="54.52488" lon="-2.07765">
        <ele>361.1882503791281</ele>
      </trkpt>
      <trkpt lat="54.52464" lon="-2.07755">
        <ele>363.41384964152496</ele>
      </trkpt>
      <trkpt lat="54.5245" lon="-2.07761">
        <ele>364.41252545800614</ele>
      </trkpt>
      <trkpt lat="54.52412" lon="-2.07786">
        <ele>367.0187447207049</ele>
      </trkpt>
      <trkpt lat="54.52398" lon="-2.07801">
        <ele>367.60571709449925</ele>
      </trkpt>
      <trkpt lat="54.52374" lon="-2.07805">
        <ele>368.8859403742015</ele>
      </trkpt>
      <trkpt lat="54.52368" lon="-2.07804">
        <ele>369.3518287807331</ele>
      </trkpt>
      <trkpt lat="54.52358" lon="-2.07792">
        <ele>370.51757690939155</ele>
      </trkpt>
      <trkpt lat="54.52315" lon="-2.07758">
        <ele>374.5123953049302</ele>
      </trkpt>
      <trkpt lat="54.52282" lon="-2.07739">
        <ele>376.77086560977705</ele>
      </trkpt>
      <trkpt lat="54.52252" lon="-2.0774">
        <ele>378.9100770117487</ele>
      </trkpt>
      <trkpt lat="54.52223" lon="-2.07719">
        <ele>382.17621774748045</ele>
      </trkpt>
      <trkpt lat="54.52196" lon="-2.07687">
        <ele>384.61513401162887</ele>
      </trkpt>
      <trkpt lat="54.52167" lon="-2.07637">
        <ele>386.95361208887834</ele>
      </trkpt>
      <trkpt lat="54.52119" lon="-2.07562">
        <ele>386.90000000000146</ele>
      </trkpt>
      <trkpt lat="54.52101" lon="-2.07538">
        <ele>386.6564823006751</ele>
      </trkpt>
      <trkpt lat="54.52037" lon="-2.0742">
        <ele>383.3305243444436</ele>
      </trkpt>
      <trkpt lat="54.52007" lon="-2.07373">
        <ele>383.5393750320235</ele>
      </trkpt>
      <trkpt lat="54.51977" lon="-2.07339">
        <ele>384.52556373332635</ele>
      </trkpt>
      <trkpt lat="54.51957" lon="-2.07309">
        <ele>384.5069394577301</ele>
      </trkpt>
      <trkpt lat="54.51927" lon="-2.07256">
        <ele>382.59863205992247</ele>
      </trkpt>
      <trkpt lat="54.51864" lon="-2.07135">
        <ele>378.89448923280145</ele>
      </trkpt>
      <trkpt lat="54.51809" lon="-2.07091">
        <ele>376.5645131824348</ele>
      </trkpt>
      <trkpt lat="54.51756" lon="-2.07027">
        <ele>370.23763597747416</ele>
      </trkpt>
      <trkpt lat="54.5171" lon="-2.07018">
        <ele>363.96500321177473</ele>
      </trkpt>
      <trkpt lat="54.51669" lon="-2.06973">
        <ele>360.1204543999866</ele>
      </trkpt>
      <trkpt lat="54.51644" lon="-2.06973">
        <ele>360.64186294344927</ele>
      </trkpt>
      <trkpt lat="54.51637" lon="-2.06968">
        <ele>360.8182862603112</ele>
      </trkpt>
      <trkpt lat="54.51631" lon="-2.06968">
        <ele>361.05914272312117</ele>
      </trkpt>
      <trkpt lat="54.5161" lon="-2.06974">
        <ele>361.8983894223697</ele>
      </trkpt>
      <trkpt lat="54.51578" lon="-2.06953">
        <ele>363.87331795118575</ele>
      </trkpt>
      <trkpt lat="54.51528" lon="-2.06929">
        <ele>363.2414295464874</ele>
      </trkpt>
      <trkpt lat="54.51506" lon="-2.06913">
        <ele>363.48564691727086</ele>
      </trkpt>
      <trkpt lat="54.51492" lon="-2.06909">
        <ele>363.73204271297516</ele>
      </trkpt>
      <trkpt lat="54.51479" lon="-2.06909">
        <ele>363.8746300947829</ele>
      </trkpt>
      <trkpt lat="54.51436" lon="-2.06934">
        <ele>365.3386834740186</ele>
      </trkpt>
      <trkpt lat="54.51388" lon="-2.06996">
        <ele>367.05479309344685</ele>
      </trkpt>
      <trkpt lat="54.51348" lon="-2.07041">
        <ele>368.0024846222252</ele>
      </trkpt>
      <trkpt lat="54.51328" lon="-2.07051">
        <ele>367.7199980610057</ele>
      </trkpt>
      <trkpt lat="54.51319" lon="-2.0706">
        <ele>367.45268404400014</ele>
      </trkpt>
      <trkpt lat="54.51286" lon="-2.07071">
        <ele>366.1521815227816</ele>
      </trkpt>
      <trkpt lat="54.51264" lon="-2.07071">
        <ele>365.75602986668326</ele>
      </trkpt>
      <trkpt lat="54.51232" lon="-2.07056">
        <ele>364.0974583138951</ele>
      </trkpt>
      <trkpt lat="54.51175" lon="-2.07025">
        <ele>358.0383128119639</ele>
      </trkpt>
      <trkpt lat="54.51135" lon="-2.06993">
        <ele>353.8813084986761</ele>
      </trkpt>
      <trkpt lat="54.51125" lon="-2.0707">
        <ele>354.74248135948346</ele>
      </trkpt>
      <trkpt lat="54.51121" lon="-2.0718">
        <ele>357.9742154835152</ele>
      </trkpt>
      <trkpt lat="54.51126" lon="-2.07207">
        <ele>358.8032627456093</ele>
      </trkpt>
      <trkpt lat="54.51125" lon="-2.0725">
        <ele>359.57213074334516</ele>
      </trkpt>
      <trkpt lat="54.51119" lon="-2.07263">
        <ele>359.1156272906802</ele>
      </trkpt>
      <trkpt lat="54.51112" lon="-2.07264">
        <ele>358.33738242190293</ele>
      </trkpt>
      <trkpt lat="54.51068" lon="-2.07255">
        <ele>352.684529946705</ele>
      </trkpt>
      <trkpt lat="54.51076" lon="-2.07232">
        <ele>352.9733675492231</ele>
      </trkpt>
      <trkpt lat="54.51087" lon="-2.07086">
        <ele>351.1104904961542</ele>
      </trkpt>
      <trkpt lat="54.5109" lon="-2.07006">
        <ele>348.641025288218</ele>
      </trkpt>
      <trkpt lat="54.51088" lon="-2.06992">
        <ele>348.1022466813921</ele>
      </trkpt>
      <trkpt lat="54.51082" lon="-2.06993">
        <ele>347.27101319732697</ele>
      </trkpt>
      <trkpt lat="54.51042" lon="-2.06972">
        <ele>340.1067500652982</ele>
      </trkpt>
      <trkpt lat="54.51009" lon="-2.06962">
        <ele>334.240015186463</ele>
      </trkpt>
      <trkpt lat="54.51003" lon="-2.06957">
        <ele>333.04372054990466</ele>
      </trkpt>
      <trkpt lat="54.50997" lon="-2.06934">
        <ele>330.7633769400777</ele>
      </trkpt>
      <trkpt lat="54.5099" lon="-2.06921">
        <ele>328.93657312379344</ele>
      </trkpt>
      <trkpt lat="54.50918" lon="-2.06888">
        <ele>316.98893725082837</ele>
      </trkpt>
      <trkpt lat="54.50917" lon="-2.06849">
        <ele>315.14550264466163</ele>
      </trkpt>
      <trkpt lat="54.50914" lon="-2.06828">
        <ele>314.14349661838685</ele>
      </trkpt>
      <trkpt lat="54.50905" lon="-2.06817">
        <ele>312.9075567207908</ele>
      </trkpt>
      <trkpt lat="54.50892" lon="-2.06805">
        <ele>311.3508161948469</ele>
      </trkpt>
      <trkpt lat="54.50882" lon="-2.06808">
        <ele>310.22017104271896</ele>
      </trkpt>
      <trkpt lat="54.50867" lon="-2.06817">
        <ele>308.1366924411704</ele>
      </trkpt>
      <trkpt lat="54.50854" lon="-2.06806">
        <ele>306.77766517973555</ele>
      </trkpt>
      <trkpt lat="54.50845" lon="-2.0679">
        <ele>306.58112277898806</ele>
      </trkpt>
      <trkpt lat="54.50742" lon="-2.06791">
        <ele>311.47081880517703</ele>
      </trkpt>
      <trkpt lat="54.50585" lon="-2.06766">
        <ele>313.83910045749633</ele>
      </trkpt>
      <trkpt lat="54.50481" lon="-2.06738">
        <ele>320.9652157687821</ele>
      </trkpt>
      <trkpt lat="54.50299" lon="-2.06694">
        <ele>342.23315166411993</ele>
      </trkpt>
      <trkpt lat="54.50293" lon="-2.06686">
        <ele>342.67151631252676</ele>
      </trkpt>
      <trkpt lat="54.50299" lon="-2.06694">
        <ele>342.23315166411993</ele>
      </trkpt>
      <trkpt lat="54.50316" lon="-2.06526">
        <ele>339.3389701969468</ele>
      </trkpt>
      <trkpt lat="54.50313" lon="-2.06458">
        <ele>338.2648023832133</ele>
      </trkpt>
      <trkpt lat="54.50311" lon="-2.06437">
        <ele>337.8657687397214</ele>
      </trkpt>
      <trkpt lat="54.50316" lon="-2.06352">
        <ele>336.94379426052365</ele>
      </trkpt>
      <trkpt lat="54.50319" lon="-2.06343">
        <ele>336.59815779996603</ele>
      </trkpt>
      <trkpt lat="54.50317" lon="-2.06333">
        <ele>336.6176783872915</ele>
      </trkpt>
      <trkpt lat="54.50317" lon="-2.06313">
        <ele>336.48272279007455</ele>
      </trkpt>
      <trkpt lat="54.50314" lon="-2.06308">
        <ele>336.83657575312645</ele>
      </trkpt>
      <trkpt lat="54.50306" lon="-2.06292">
        <ele>337.6468896123353</ele>
      </trkpt>
      <trkpt lat="54.50283" lon="-2.06271">
        <ele>339.41729725897403</ele>
      </trkpt>
      <trkpt lat="54.50266" lon="-2.06261">
        <ele>340.97731153623647</ele>
      </trkpt>
      <trkpt lat="54.5025" lon="-2.06255">
        <ele>342.7076637944341</ele>
      </trkpt>
      <trkpt lat="54.50223" lon="-2.06252">
        <ele>344.73279846012616</ele>
      </trkpt>
      <trkpt lat="54.50217" lon="-2.06255">
        <ele>345.1607585186843</ele>
      </trkpt>
      <trkpt lat="54.50195" lon="-2.06247">
        <ele>346.6367202517583</ele>
      </trkpt>
      <trkpt lat="54.5018" lon="-2.06246">
        <ele>347.3319953700307</ele>
      </trkpt>
      <trkpt lat="54.50143" lon="-2.06272">
        <ele>349.5150175603584</ele>
      </trkpt>
      <trkpt lat="54.50124" lon="-2.06265">
        <ele>350.4195552174945</ele>
      </trkpt>
      <trkpt lat="54.50111" lon="-2.06267">
        <ele>350.86077243462336</ele>
      </trkpt>
      <trkpt lat="54.50065" lon="-2.06248">
        <ele>352.57869378777633</ele>
      </trkpt>
      <trkpt lat="54.50035" lon="-2.06232">
        <ele>354.43752690846316</ele>
      </trkpt>
      <trkpt lat="54.49969" lon="-2.06173">
        <ele>360.92264564292833</ele>
      </trkpt>
      <trkpt lat="54.49957" lon="-2.06158">
        <ele>362.0361773227929</ele>
      </trkpt>
      <trkpt lat="54.49934" lon="-2.06148">
        <ele>362.4701014186959</ele>
      </trkpt>
      <trkpt lat="54.49905" lon="-2.0612">
        <ele>362</ele>
      </trkpt>
      <trkpt lat="54.49862" lon="-2.06083">
        <ele>361.90000000000146</ele>
      </trkpt>
      <trkpt lat="54.49816" lon="-2.06049">
        <ele>362.34386742578477</ele>
      </trkpt>
      <trkpt lat="54.49715" lon="-2.06152">
        <ele>364.2587451469392</ele>
      </trkpt>
      <trkpt lat="54.49693" lon="-2.06196">
        <ele>364.05752952839316</ele>
      </trkpt>
      <trkpt lat="54.49651" lon="-2.06231">
        <ele>364.25799044936355</ele>
      </trkpt>
      <trkpt lat="54.49584" lon="-2.06281">
        <ele>364.73368190280206</ele>
      </trkpt>
      <trkpt lat="54.49561" lon="-2.06265">
        <ele>362.6528640000384</ele>
      </trkpt>
      <trkpt lat="54.49468" lon="-2.06376">
        <ele>362.35021102109107</ele>
      </trkpt>
      <trkpt lat="54.49359" lon="-2.06518">
        <ele>361.54319855608173</ele>
      </trkpt>
      <trkpt lat="54.49317" lon="-2.06605">
        <ele>361.2207412661059</ele>
      </trkpt>
      <trkpt lat="54.49263" lon="-2.06685">
        <ele>363.16223804405934</ele>
      </trkpt>
      <trkpt lat="54.49221" lon="-2.06708">
        <ele>363.1510078971278</ele>
      </trkpt>
      <trkpt lat="54.49187" lon="-2.06733">
        <ele>361.8172722979818</ele>
      </trkpt>
      <trkpt lat="54.49145" lon="-2.06727">
        <ele>357.3951332002446</ele>
      </trkpt>
      <trkpt lat="54.49138" lon="-2.06746">
        <ele>357.29493417476203</ele>
      </trkpt>
      <trkpt lat="54.49127" lon="-2.06768">
        <ele>356.5192611316226</ele>
      </trkpt>
      <trkpt lat="54.49123" lon="-2.06797">
        <ele>356.75187399245425</ele>
      </trkpt>
      <trkpt lat="54.49119" lon="-2.06805">
        <ele>356.2834278474802</ele>
      </trkpt>
      <trkpt lat="54.49084" lon="-2.06854">
        <ele>353.43711594882893</ele>
      </trkpt>
      <trkpt lat="54.49081" lon="-2.0686">
        <ele>353.3128192474146</ele>
      </trkpt>
      <trkpt lat="54.48938" lon="-2.06915">
        <ele>353.99999999999994</ele>
      </trkpt>
      <trkpt lat="54.48855" lon="-2.06899">
        <ele>355.5573945687622</ele>
      </trkpt>
      <trkpt lat="54.48824" lon="-2.06916">
        <ele>356.25938040840305</ele>
      </trkpt>
      <trkpt lat="54.48792" lon="-2.06941">
        <ele>356.56558871329827</ele>
      </trkpt>
      <trkpt lat="54.48761" lon="-2.06984">
        <ele>356.9719771288512</ele>
      </trkpt>
      <trkpt lat="54.48729" lon="-2.07013">
        <ele>357.87921041052414</ele>
      </trkpt>
      <trkpt lat="54.48704" lon="-2.07019">
        <ele>358.5723475957067</ele>
      </trkpt>
      <trkpt lat="54.4868" lon="-2.0702">
        <ele>359.4001275833937</ele>
      </trkpt>
      <trkpt lat="54.48646" lon="-2.07036">
        <ele>361.06897366795226</ele>
      </trkpt>
      <trkpt lat="54.486" lon="-2.07068">
        <ele>363.63147357567294</ele>
      </trkpt>
      <trkpt lat="54.48574" lon="-2.07128">
        <ele>363.62226084834015</ele>
      </trkpt>
      <trkpt lat="54.48539" lon="-2.07181">
        <ele>366.23032622665704</ele>
      </trkpt>
      <trkpt lat="54.48525" lon="-2.07211">
        <ele>368.20578177915996</ele>
      </trkpt>
      <trkpt lat="54.48516" lon="-2.07243">
        <ele>371.6441281715412</ele>
      </trkpt>
      <trkpt lat="54.48508" lon="-2.07255">
        <ele>373.67081049429373</ele>
      </trkpt>
      <trkpt lat="54.48499" lon="-2.07261">
        <ele>375.3875323538572</ele>
      </trkpt>
      <trkpt lat="54.48478" lon="-2.07265">
        <ele>378.4489209821798</ele>
      </trkpt>
      <trkpt lat="54.48465" lon="-2.07275">
        <ele>379.82548977944657</ele>
      </trkpt>
      <trkpt lat="54.48431" lon="-2.07318">
        <ele>380.3615947273107</ele>
      </trkpt>
      <trkpt lat="54.48405" lon="-2.0737">
        <ele>380.90000000000146</ele>
      </trkpt>
      <trkpt lat="54.4838" lon="-2.07461">
        <ele>380.9036290000206</ele>
      </trkpt>
      <trkpt lat="54.4836" lon="-2.07551">
        <ele>379.75938569812683</ele>
      </trkpt>
      <trkpt lat="54.48347" lon="-2.07587">
        <ele>379.365454437911</ele>
      </trkpt>
      <trkpt lat="54.48346" lon="-2.07604">
        <ele>379.2471992527144</ele>
      </trkpt>
      <trkpt lat="54.48349" lon="-2.07622">
        <ele>378.6358121813046</ele>
      </trkpt>
      <trkpt lat="54.48365" lon="-2.07664">
        <ele>376.2739947818222</ele>
      </trkpt>
      <trkpt lat="54.4837" lon="-2.0769">
        <ele>374.9319376725932</ele>
      </trkpt>
      <trkpt lat="54.48369" lon="-2.07714">
        <ele>374.38266064247654</ele>
      </trkpt>
      <trkpt lat="54.48365" lon="-2.07729">
        <ele>374.57195963948084</ele>
      </trkpt>
      <trkpt lat="54.4835" lon="-2.07756">
        <ele>374.91908765671445</ele>
      </trkpt>
      <trkpt lat="54.48333" lon="-2.07791">
        <ele>375.20367309912166</ele>
      </trkpt>
      <trkpt lat="54.48328" lon="-2.07819">
        <ele>375.2705924404962</ele>
      </trkpt>
      <trkpt lat="54.48326" lon="-2.07849">
        <ele>376.0791870645253</ele>
      </trkpt>
      <trkpt lat="54.48315" lon="-2.07889">
        <ele>377.9760799695274</ele>
      </trkpt>
      <trkpt lat="54.48317" lon="-2.07914">
        <ele>378.62367122063984</ele>
      </trkpt>
      <trkpt lat="54.48325" lon="-2.07946">
        <ele>378.0075163541835</ele>
      </trkpt>
      <trkpt lat="54.48329" lon="-2.07972">
        <ele>376.0633206418021</ele>
      </trkpt>
      <trkpt lat="54.48328" lon="-2.08">
        <ele>374.9403050016624</ele>
      </trkpt>
      <trkpt lat="54.48317" lon="-2.08067">
        <ele>373.3879505082149</ele>
      </trkpt>
      <trkpt lat="54.48307" lon="-2.0817">
        <ele>372.94007536703793</ele>
      </trkpt>
      <trkpt lat="54.48293" lon="-2.08251">
        <ele>374.5811599761251</ele>
      </trkpt>
      <trkpt lat="54.48283" lon="-2.08301">
        <ele>376.6003832571285</ele>
      </trkpt>
      <trkpt lat="54.48265" lon="-2.08354">
        <ele>377.7297716200591</ele>
      </trkpt>
      <trkpt lat="54.48196" lon="-2.08527">
        <ele>380.63115549194686</ele>
      </trkpt>
      <trkpt lat="54.48135" lon="-2.08633">
        <ele>384.0163296052727</ele>
      </trkpt>
      <trkpt lat="54.48066" lon="-2.08822">
        <ele>386.50156393656505</ele>
      </trkpt>
      <trkpt lat="54.48031" lon="-2.08941">
        <ele>387.62448584076526</ele>
      </trkpt>
      <trkpt lat="54.48004" lon="-2.09001">
        <ele>387.6669077588678</ele>
      </trkpt>
      <trkpt lat="54.47955" lon="-2.09084">
        <ele>388.9267299334296</ele>
      </trkpt>
      <trkpt lat="54.47925" lon="-2.09147">
        <ele>390.2133084857839</ele>
      </trkpt>
      <trkpt lat="54.47905" lon="-2.09181">
        <ele>390.892665236286</ele>
      </trkpt>
      <trkpt lat="54.47889" lon="-2.09222">
        <ele>391.7507137669725</ele>
      </trkpt>
      <trkpt lat="54.47894" lon="-2.09235">
        <ele>391.39989165309873</ele>
      </trkpt>
      <trkpt lat="54.47897" lon="-2.09252">
        <ele>391.1694415470826</ele>
      </trkpt>
      <trkpt lat="54.47898" lon="-2.093">
        <ele>390.3573010489813</ele>
      </trkpt>
      <trkpt lat="54.47897" lon="-2.09323">
        <ele>390.07059173908414</ele>
      </trkpt>
      <trkpt lat="54.47895" lon="-2.0934">
        <ele>389.8703900756288</ele>
      </trkpt>
      <trkpt lat="54.47888" lon="-2.09367">
        <ele>390.01939665656596</ele>
      </trkpt>
      <trkpt lat="54.47877" lon="-2.09421">
        <ele>391.30461970726157</ele>
      </trkpt>
      <trkpt lat="54.47855" lon="-2.09575">
        <ele>391.41115726553915</ele>
      </trkpt>
      <trkpt lat="54.47848" lon="-2.09601">
        <ele>391.5360189846961</ele>
      </trkpt>
      <trkpt lat="54.47828" lon="-2.09655">
        <ele>391.745319793201</ele>
      </trkpt>
      <trkpt lat="54.47813" lon="-2.09708">
        <ele>392.8919361773884</ele>
      </trkpt>
      <trkpt lat="54.47795" lon="-2.09761">
        <ele>395.0535994457787</ele>
      </trkpt>
      <trkpt lat="54.47781" lon="-2.09816">
        <ele>395.23730623323576</ele>
      </trkpt>
      <trkpt lat="54.47771" lon="-2.09848">
        <ele>395.18317100501207</ele>
      </trkpt>
      <trkpt lat="54.4777" lon="-2.09862">
        <ele>394.5079787539091</ele>
      </trkpt>
      <trkpt lat="54.47772" lon="-2.09879">
        <ele>393.23692322166215</ele>
      </trkpt>
      <trkpt lat="54.4777" lon="-2.09893">
        <ele>392.1872470204725</ele>
      </trkpt>
      <trkpt lat="54.47767" lon="-2.09902">
        <ele>391.35005619479426</ele>
      </trkpt>
      <trkpt lat="54.47762" lon="-2.09909">
        <ele>391.1069060084543</ele>
      </trkpt>
      <trkpt lat="54.47729" lon="-2.09944">
        <ele>393.64750819927406</ele>
      </trkpt>
      <trkpt lat="54.4772" lon="-2.09956">
        <ele>394.389504257195</ele>
      </trkpt>
      <trkpt lat="54.4767" lon="-2.10062">
        <ele>397.193463851463</ele>
      </trkpt>
      <trkpt lat="54.47662" lon="-2.10082">
        <ele>397.01876618587477</ele>
      </trkpt>
      <trkpt lat="54.47642" lon="-2.10157">
        <ele>396.696291548548</ele>
      </trkpt>
      <trkpt lat="54.4764" lon="-2.10174">
        <ele>396.379998051782</ele>
      </trkpt>
      <trkpt lat="54.4764" lon="-2.10187">
        <ele>396.1311978477524</ele>
      </trkpt>
      <trkpt lat="54.47646" lon="-2.10209">
        <ele>396</ele>
      </trkpt>
      <trkpt lat="54.4765" lon="-2.10217">
        <ele>396.05961799919874</ele>
      </trkpt>
      <trkpt lat="54.47648" lon="-2.1027">
        <ele>396.8146585500342</ele>
      </trkpt>
      <trkpt lat="54.47616" lon="-2.10484">
        <ele>400.54902613330654</ele>
      </trkpt>
      <trkpt lat="54.47588" lon="-2.10578">
        <ele>403.15111146806794</ele>
      </trkpt>
      <trkpt lat="54.47522" lon="-2.10672">
        <ele>402.61416728326685</ele>
      </trkpt>
      <trkpt lat="54.47474" lon="-2.10798">
        <ele>404.2087023303385</ele>
      </trkpt>
      <trkpt lat="54.4746" lon="-2.10945">
        <ele>406.54244205642135</ele>
      </trkpt>
      <trkpt lat="54.47395" lon="-2.11193">
        <ele>411.1883668351925</ele>
      </trkpt>
      <trkpt lat="54.47369" lon="-2.11226">
        <ele>410.105160494151</ele>
      </trkpt>
      <trkpt lat="54.47308" lon="-2.11466">
        <ele>413.18648271215386</ele>
      </trkpt>
      <trkpt lat="54.47267" lon="-2.11732">
        <ele>416.26869357698695</ele>
      </trkpt>
      <trkpt lat="54.47223" lon="-2.11858">
        <ele>416.46383063181105</ele>
      </trkpt>
      <trkpt lat="54.47188" lon="-2.12149">
        <ele>421.817637823523</ele>
      </trkpt>
      <trkpt lat="54.47154" lon="-2.1224">
        <ele>422.96209132180115</ele>
      </trkpt>
      <trkpt lat="54.47113" lon="-2.1235">
        <ele>423.7704533333435</ele>
      </trkpt>
      <trkpt lat="54.47109" lon="-2.12399">
        <ele>424.58312746665933</ele>
      </trkpt>
      <trkpt lat="54.47023" lon="-2.12585">
        <ele>428.27000993574137</ele>
      </trkpt>
      <trkpt lat="54.47023" lon="-2.12672">
        <ele>429.3823028739089</ele>
      </trkpt>
      <trkpt lat="54.46976" lon="-2.12742">
        <ele>429.871846400016</ele>
      </trkpt>
      <trkpt lat="54.46949" lon="-2.1291">
        <ele>432.90000000000146</ele>
      </trkpt>
      <trkpt lat="54.46896" lon="-2.12999">
        <ele>432.31821582222005</ele>
      </trkpt>
      <trkpt lat="54.46855" lon="-2.13058">
        <ele>432.51221915337425</ele>
      </trkpt>
      <trkpt lat="54.4684" lon="-2.13114">
        <ele>433.60793484193374</ele>
      </trkpt>
      <trkpt lat="54.46821" lon="-2.13146">
        <ele>434.011109508104</ele>
      </trkpt>
      <trkpt lat="54.46804" lon="-2.13201">
        <ele>435.42127770766655</ele>
      </trkpt>
      <trkpt lat="54.468" lon="-2.13253">
        <ele>436.72656389027617</ele>
      </trkpt>
      <trkpt lat="54.46776" lon="-2.13287">
        <ele>436.60605087543905</ele>
      </trkpt>
      <trkpt lat="54.46766" lon="-2.13344">
        <ele>437.2296152858705</ele>
      </trkpt>
      <trkpt lat="54.4677" lon="-2.13367">
        <ele>437.72003736602966</ele>
      </trkpt>
      <trkpt lat="54.4676" lon="-2.13379">
        <ele>437.65678435482573</ele>
      </trkpt>
      <trkpt lat="54.46725" lon="-2.13471">
        <ele>440.3656318329156</ele>
      </trkpt>
      <trkpt lat="54.46713" lon="-2.13489">
        <ele>440.6443125013168</ele>
      </trkpt>
      <trkpt lat="54.4669" lon="-2.13541">
        <ele>441.4886640977936</ele>
      </trkpt>
      <trkpt lat="54.46663" lon="-2.13631">
        <ele>444.8892970666292</ele>
      </trkpt>
      <trkpt lat="54.46625" lon="-2.13742">
        <ele>448.51681925565674</ele>
      </trkpt>
      <trkpt lat="54.46559" lon="-2.13954">
        <ele>453.71793793749606</ele>
      </trkpt>
      <trkpt lat="54.46483" lon="-2.14236">
        <ele>459.1510346590314</ele>
      </trkpt>
      <trkpt lat="54.46385" lon="-2.14619">
        <ele>466.5807769153272</ele>
      </trkpt>
      <trkpt lat="54.46359" lon="-2.14711">
        <ele>468.89338453335245</ele>
      </trkpt>
      <trkpt lat="54.46297" lon="-2.14814">
        <ele>472</ele>
      </trkpt>
      <trkpt lat="54.46247" lon="-2.1498">
        <ele>475.94127903170914</ele>
      </trkpt>
      <trkpt lat="54.4618" lon="-2.15095">
        <ele>476.892944618176</ele>
      </trkpt>
      <trkpt lat="54.46092" lon="-2.152">
        <ele>482.55509372260474</ele>
      </trkpt>
      <trkpt lat="54.46044" lon="-2.15262">
        <ele>485.2776343447159</ele>
      </trkpt>
      <trkpt lat="54.46033" lon="-2.15287">
        <ele>487.5170303014385</ele>
      </trkpt>
      <trkpt lat="54.45965" lon="-2.15376">
        <ele>497.64012234521147</ele>
      </trkpt>
      <trkpt lat="54.45954" lon="-2.15399">
        <ele>499.0035222383706</ele>
      </trkpt>
      <trkpt lat="54.45939" lon="-2.15416">
        <ele>501.16549811344674</ele>
      </trkpt>
      <trkpt lat="54.45911" lon="-2.15456">
        <ele>502.99468869969786</ele>
      </trkpt>
      <trkpt lat="54.45904" lon="-2.15471">
        <ele>502.5979114608691</ele>
      </trkpt>
      <trkpt lat="54.45899" lon="-2.15486">
        <ele>502.3023347536338</ele>
      </trkpt>
      <trkpt lat="54.45883" lon="-2.15506">
        <ele>502.9527232118659</ele>
      </trkpt>
      <trkpt lat="54.45847" lon="-2.15537">
        <ele>506.2307557685069</ele>
      </trkpt>
      <trkpt lat="54.45834" lon="-2.15532">
        <ele>507.64391666229494</ele>
      </trkpt>
      <trkpt lat="54.45771" lon="-2.15584">
        <ele>513.6332169312986</ele>
      </trkpt>
      <trkpt lat="54.4576" lon="-2.15601">
        <ele>514.6242501250473</ele>
      </trkpt>
      <trkpt lat="54.45746" lon="-2.15616">
        <ele>515.5911663966023</ele>
      </trkpt>
      <trkpt lat="54.45738" lon="-2.15648">
        <ele>515.303600354493</ele>
      </trkpt>
      <trkpt lat="54.45726" lon="-2.15676">
        <ele>516.4845423232543</ele>
      </trkpt>
      <trkpt lat="54.45708" lon="-2.15708">
        <ele>518.8325127354826</ele>
      </trkpt>
      <trkpt lat="54.457" lon="-2.15726">
        <ele>519.0910919230438</ele>
      </trkpt>
      <trkpt lat="54.45693" lon="-2.15747">
        <ele>518.6655141160363</ele>
      </trkpt>
      <trkpt lat="54.45668" lon="-2.15799">
        <ele>516.9102652757742</ele>
      </trkpt>
      <trkpt lat="54.4566" lon="-2.15812">
        <ele>516.748325909675</ele>
      </trkpt>
      <trkpt lat="54.45643" lon="-2.15826">
        <ele>516.9331714029897</ele>
      </trkpt>
      <trkpt lat="54.45639" lon="-2.15826">
        <ele>517.2902759596244</ele>
      </trkpt>
      <trkpt lat="54.45636" lon="-2.15823">
        <ele>517.7849253928998</ele>
      </trkpt>
      <trkpt lat="54.45623" lon="-2.15824">
        <ele>519.1848570415286</ele>
      </trkpt>
      <trkpt lat="54.45611" lon="-2.15832">
        <ele>520.2590483445686</ele>
      </trkpt>
      <trkpt lat="54.45571" lon="-2.15892">
        <ele>522.5062009297742</ele>
      </trkpt>
      <trkpt lat="54.45551" lon="-2.15925">
        <ele>523.7864954763099</ele>
      </trkpt>
      <trkpt lat="54.45549" lon="-2.15932">
        <ele>523.8237989537186</ele>
      </trkpt>
      <trkpt lat="54.45541" lon="-2.15938">
        <ele>524.4856490400393</ele>
      </trkpt>
      <trkpt lat="54.4554" lon="-2.16018">
        <ele>524.8874781766733</ele>
      </trkpt>
      <trkpt lat="54.4554" lon="-2.16028">
        <ele>525</ele>
      </trkpt>
      <trkpt lat="54.45531" lon="-2.16027">
        <ele>525</ele>
      </trkpt>
      <trkpt lat="54.45496" lon="-2.16014">
        <ele>525.9760026851302</ele>
      </trkpt>
      <trkpt lat="54.45471" lon="-2.16008">
        <ele>526.0704003512868</ele>
      </trkpt>
      <trkpt lat="54.45452" lon="-2.16007">
        <ele>526.6259079772058</ele>
      </trkpt>
      <trkpt lat="54.45398" lon="-2.15988">
        <ele>528.9185233892413</ele>
      </trkpt>
      <trkpt lat="54.45325" lon="-2.15969">
        <ele>532.9514244788097</ele>
      </trkpt>
      <trkpt lat="54.45293" lon="-2.15963">
        <ele>534.7207048444086</ele>
      </trkpt>
      <trkpt lat="54.45263" lon="-2.15962">
        <ele>536.1440001230553</ele>
      </trkpt>
      <trkpt lat="54.45226" lon="-2.15973">
        <ele>536.8643455999911</ele>
      </trkpt>
      <trkpt lat="54.45196" lon="-2.15979">
        <ele>536.5868032000271</ele>
      </trkpt>
      <trkpt lat="54.45175" lon="-2.15987">
        <ele>536.7018652304212</ele>
      </trkpt>
      <trkpt lat="54.4515" lon="-2.15992">
        <ele>536.9324202666771</ele>
      </trkpt>
      <trkpt lat="54.45073" lon="-2.16021">
        <ele>535.3647100505661</ele>
      </trkpt>
      <trkpt lat="54.4504" lon="-2.16026">
        <ele>536.5480220758129</ele>
      </trkpt>
      <trkpt lat="54.45028" lon="-2.16024">
        <ele>537.5332393717032</ele>
      </trkpt>
      <trkpt lat="54.4501" lon="-2.16015">
        <ele>538.8123940701887</ele>
      </trkpt>
      <trkpt lat="54.45004" lon="-2.16009">
        <ele>539.2336905750452</ele>
      </trkpt>
      <trkpt lat="54.44986" lon="-2.15978">
        <ele>541.043511466636</ele>
      </trkpt>
      <trkpt lat="54.44952" lon="-2.16007">
        <ele>540.7823370781736</ele>
      </trkpt>
      <trkpt lat="54.44917" lon="-2.16007">
        <ele>541.4081322666732</ele>
      </trkpt>
      <trkpt lat="54.44891" lon="-2.16011">
        <ele>541.2683221333671</ele>
      </trkpt>
      <trkpt lat="54.4488" lon="-2.16017">
        <ele>541.0586069333369</ele>
      </trkpt>
      <trkpt lat="54.44876" lon="-2.16012">
        <ele>541.2704400621221</ele>
      </trkpt>
      <trkpt lat="54.44872" lon="-2.16012">
        <ele>541.3173355495217</ele>
      </trkpt>
      <trkpt lat="54.44865" lon="-2.16027">
        <ele>540.9741292591677</ele>
      </trkpt>
      <trkpt lat="54.44855" lon="-2.16085">
        <ele>541.1053691541786</ele>
      </trkpt>
      <trkpt lat="54.44825" lon="-2.16179">
        <ele>540.9692882975808</ele>
      </trkpt>
      <trkpt lat="54.44808" lon="-2.1621">
        <ele>540.6058283319471</ele>
      </trkpt>
      <trkpt lat="54.44801" lon="-2.16215">
        <ele>540.965374887968</ele>
      </trkpt>
      <trkpt lat="54.44777" lon="-2.16207">
        <ele>543.4804565779643</ele>
      </trkpt>
      <trkpt lat="54.44722" lon="-2.16219">
        <ele>544.2977444053168</ele>
      </trkpt>
      <trkpt lat="54.44704" lon="-2.16226">
        <ele>544.0380366222006</ele>
      </trkpt>
      <trkpt lat="54.44683" lon="-2.16242">
        <ele>543.1942869333558</ele>
      </trkpt>
      <trkpt lat="54.44653" lon="-2.16271">
        <ele>542.4806634666404</ele>
      </trkpt>
      <trkpt lat="54.44626" lon="-2.16307">
        <ele>540.663163022232</ele>
      </trkpt>
      <trkpt lat="54.44564" lon="-2.16372">
        <ele>538.5676272668182</ele>
      </trkpt>
      <trkpt lat="54.44533" lon="-2.16398">
        <ele>537.3416917333625</ele>
      </trkpt>
      <trkpt lat="54.44504" lon="-2.16427">
        <ele>535.6265303592435</ele>
      </trkpt>
      <trkpt lat="54.4449" lon="-2.16431">
        <ele>535.469602643631</ele>
      </trkpt>
      <trkpt lat="54.44477" lon="-2.16447">
        <ele>535.0524753513115</ele>
      </trkpt>
      <trkpt lat="54.44467" lon="-2.16455">
        <ele>534.4987946667255</ele>
      </trkpt>
      <trkpt lat="54.4445" lon="-2.16463">
        <ele>533.5395541333605</ele>
      </trkpt>
      <trkpt lat="54.4442" lon="-2.16516">
        <ele>530.3345855999748</ele>
      </trkpt>
      <trkpt lat="54.44389" lon="-2.1658">
        <ele>525.9518264292744</ele>
      </trkpt>
      <trkpt lat="54.44371" lon="-2.16612">
        <ele>524.8690904805208</ele>
      </trkpt>
      <trkpt lat="54.44339" lon="-2.16657">
        <ele>522.5882178589383</ele>
      </trkpt>
      <trkpt lat="54.44326" lon="-2.1668">
        <ele>521.6094171882827</ele>
      </trkpt>
      <trkpt lat="54.44317" lon="-2.16702">
        <ele>520.658346084013</ele>
      </trkpt>
      <trkpt lat="54.443" lon="-2.16752">
        <ele>518.6474164679427</ele>
      </trkpt>
      <trkpt lat="54.44267" lon="-2.16792">
        <ele>517.7408468179881</ele>
      </trkpt>
      <trkpt lat="54.44239" lon="-2.16811">
        <ele>517.7970904654833</ele>
      </trkpt>
      <trkpt lat="54.44204" lon="-2.16818">
        <ele>518.3467214352646</ele>
      </trkpt>
      <trkpt lat="54.44168" lon="-2.16819">
        <ele>518.4533503999471</ele>
      </trkpt>
      <trkpt lat="54.44052" lon="-2.16811">
        <ele>513.0401037427604</ele>
      </trkpt>
      <trkpt lat="54.44034" lon="-2.16803">
        <ele>512.3555279760859</ele>
      </trkpt>
      <trkpt lat="54.44016" lon="-2.16817">
        <ele>510.5595116719479</ele>
      </trkpt>
      <trkpt lat="54.43945" lon="-2.16931">
        <ele>502.02285587024</ele>
      </trkpt>
      <trkpt lat="54.43911" lon="-2.16989">
        <ele>496.60652430018723</ele>
      </trkpt>
      <trkpt lat="54.43893" lon="-2.17037">
        <ele>490.4353255931527</ele>
      </trkpt>
      <trkpt lat="54.43876" lon="-2.17046">
        <ele>488.83618544507425</ele>
      </trkpt>
      <trkpt lat="54.43854" lon="-2.17083">
        <ele>483.90073328918385</ele>
      </trkpt>
      <trkpt lat="54.43831" lon="-2.17136">
        <ele>476.83327203367446</ele>
      </trkpt>
      <trkpt lat="54.43792" lon="-2.17189">
        <ele>471.158840784175</ele>
      </trkpt>
      <trkpt lat="54.43759" lon="-2.17217">
        <ele>466.1785127748277</ele>
      </trkpt>
      <trkpt lat="54.43746" lon="-2.17241">
        <ele>461.23380024204994</ele>
      </trkpt>
      <trkpt lat="54.43689" lon="-2.1737">
        <ele>441.4581314910215</ele>
      </trkpt>
      <trkpt lat="54.43655" lon="-2.17419">
        <ele>434.3637971768425</ele>
      </trkpt>
      <trkpt lat="54.43644" lon="-2.17441">
        <ele>431.6263718348002</ele>
      </trkpt>
      <trkpt lat="54.43639" lon="-2.17458">
        <ele>430.0565567267092</ele>
      </trkpt>
      <trkpt lat="54.43629" lon="-2.17468">
        <ele>428.43054341813576</ele>
      </trkpt>
      <trkpt lat="54.43624" lon="-2.17479">
        <ele>427.53126282841055</ele>
      </trkpt>
      <trkpt lat="54.4362" lon="-2.17482">
        <ele>427.11770516480374</ele>
      </trkpt>
      <trkpt lat="54.43608" lon="-2.17501">
        <ele>425.78465113579375</ele>
      </trkpt>
      <trkpt lat="54.43601" lon="-2.17504">
        <ele>425.40461542913823</ele>
      </trkpt>
      <trkpt lat="54.43586" lon="-2.17526">
        <ele>424.93403956860504</ele>
      </trkpt>
      <trkpt lat="54.4358" lon="-2.17546">
        <ele>424.94936176598577</ele>
      </trkpt>
      <trkpt lat="54.43552" lon="-2.17558">
        <ele>426.2758898998148</ele>
      </trkpt>
      <trkpt lat="54.4351" lon="-2.17585">
        <ele>426.0628693911989</ele>
      </trkpt>
      <trkpt lat="54.43491" lon="-2.17604">
        <ele>424.9494394752584</ele>
      </trkpt>
      <trkpt lat="54.43472" lon="-2.17614">
        <ele>424.3452801357303</ele>
      </trkpt>
      <trkpt lat="54.4344" lon="-2.17641">
        <ele>422.1738757508348</ele>
      </trkpt>
      <trkpt lat="54.43411" lon="-2.17674">
        <ele>418.98610562030353</ele>
      </trkpt>
      <trkpt lat="54.43397" lon="-2.1768">
        <ele>418.4650880000563</ele>
      </trkpt>
      <trkpt lat="54.43387" lon="-2.17678">
        <ele>418.73747254001705</ele>
      </trkpt>
      <trkpt lat="54.43335" lon="-2.1765">
        <ele>423.12133267446836</ele>
      </trkpt>
      <trkpt lat="54.43331" lon="-2.17642">
        <ele>423.56162257148003</ele>
      </trkpt>
      <trkpt lat="54.43325" lon="-2.17614">
        <ele>425.48951907944104</ele>
      </trkpt>
      <trkpt lat="54.4332" lon="-2.17609">
        <ele>425.9707865682435</ele>
      </trkpt>
      <trkpt lat="54.43308" lon="-2.17633">
        <ele>424.6769601756097</ele>
      </trkpt>
      <trkpt lat="54.43296" lon="-2.17645">
        <ele>424.11364162803915</ele>
      </trkpt>
      <trkpt lat="54.43258" lon="-2.1764">
        <ele>425.26707733012813</ele>
      </trkpt>
      <trkpt lat="54.4324" lon="-2.1763">
        <ele>426.327477365663</ele>
      </trkpt>
      <trkpt lat="54.43219" lon="-2.17639">
        <ele>427.1990142431116</ele>
      </trkpt>
      <trkpt lat="54.432" lon="-2.17635">
        <ele>429.0533935001074</ele>
      </trkpt>
      <trkpt lat="54.43173" lon="-2.17619">
        <ele>430.6744142222233</ele>
      </trkpt>
      <trkpt lat="54.43133" lon="-2.17585">
        <ele>430.83718639942845</ele>
      </trkpt>
      <trkpt lat="54.43118" lon="-2.1758">
        <ele>431.50436796632187</ele>
      </trkpt>
      <trkpt lat="54.43104" lon="-2.17563">
        <ele>432.325822650372</ele>
      </trkpt>
      <trkpt lat="54.43096" lon="-2.17559">
        <ele>432.4120691881424</ele>
      </trkpt>
      <trkpt lat="54.4308" lon="-2.17557">
        <ele>432.25774865194825</ele>
      </trkpt>
      <trkpt lat="54.42962" lon="-2.17487">
        <ele>433.6504864976284</ele>
      </trkpt>
      <trkpt lat="54.4292" lon="-2.17455">
        <ele>434.0614231886353</ele>
      </trkpt>
      <trkpt lat="54.42887" lon="-2.17425">
        <ele>432.66338161085787</ele>
      </trkpt>
      <trkpt lat="54.42873" lon="-2.17418">
        <ele>432.23797425916507</ele>
      </trkpt>
      <trkpt lat="54.42865" lon="-2.17407">
        <ele>432.46480212065046</ele>
      </trkpt>
      <trkpt lat="54.4286" lon="-2.17393">
        <ele>433.07029391990557</ele>
      </trkpt>
      <trkpt lat="54.42845" lon="-2.17364">
        <ele>434.13296815566787</ele>
      </trkpt>
      <trkpt lat="54.42813" lon="-2.17311">
        <ele>436.4078269964091</ele>
      </trkpt>
      <trkpt lat="54.42792" lon="-2.17304">
        <ele>436.15598268383195</ele>
      </trkpt>
      <trkpt lat="54.42753" lon="-2.17302">
        <ele>434.25941718660835</ele>
      </trkpt>
      <trkpt lat="54.42649" lon="-2.17269">
        <ele>431.95341140623236</ele>
      </trkpt>
      <trkpt lat="54.42614" lon="-2.17262">
        <ele>430.17617089069995</ele>
      </trkpt>
      <trkpt lat="54.42603" lon="-2.17271">
        <ele>428.5550259995775</ele>
      </trkpt>
      <trkpt lat="54.42565" lon="-2.1727">
        <ele>426.38233234929</ele>
      </trkpt>
      <trkpt lat="54.42544" lon="-2.17265">
        <ele>425.66444699093745</ele>
      </trkpt>
      <trkpt lat="54.42532" lon="-2.17258">
        <ele>425.34970592414055</ele>
      </trkpt>
      <trkpt lat="54.42517" lon="-2.17243">
        <ele>425.40498536920154</ele>
      </trkpt>
      <trkpt lat="54.42477" lon="-2.17236">
        <ele>422.91462163675095</ele>
      </trkpt>
      <trkpt lat="54.42415" lon="-2.17207">
        <ele>422.8535110653673</ele>
      </trkpt>
      <trkpt lat="54.42398" lon="-2.17197">
        <ele>423.127189354377</ele>
      </trkpt>
      <trkpt lat="54.42371" lon="-2.17187">
        <ele>421.9002753912945</ele>
      </trkpt>
      <trkpt lat="54.42284" lon="-2.17141">
        <ele>418.31006421328607</ele>
      </trkpt>
      <trkpt lat="54.42259" lon="-2.17098">
        <ele>424.6447866931329</ele>
      </trkpt>
      <trkpt lat="54.42241" lon="-2.17115">
        <ele>419.8402456405177</ele>
      </trkpt>
      <trkpt lat="54.42225" lon="-2.17113">
        <ele>419.2965121848515</ele>
      </trkpt>
      <trkpt lat="54.42184" lon="-2.17099">
        <ele>417.1760547037248</ele>
      </trkpt>
      <trkpt lat="54.42161" lon="-2.17082">
        <ele>417.5595944395296</ele>
      </trkpt>
      <trkpt lat="54.41996" lon="-2.16973">
        <ele>422.4958236445655</ele>
      </trkpt>
      <trkpt lat="54.41902" lon="-2.16957">
        <ele>420.9955761089854</ele>
      </trkpt>
      <trkpt lat="54.41763" lon="-2.16905">
        <ele>424.2035036760386</ele>
      </trkpt>
      <trkpt lat="54.41493" lon="-2.16796">
        <ele>431.24428308643513</ele>
      </trkpt>
      <trkpt lat="54.41447" lon="-2.16809">
        <ele>430.0089169666745</ele>
      </trkpt>
      <trkpt lat="54.41324" lon="-2.16773">
        <ele>428.16818563663446</ele>
      </trkpt>
      <trkpt lat="54.41137" lon="-2.16746">
        <ele>418.7794648284484</ele>
      </trkpt>
      <trkpt lat="54.41034" lon="-2.16694">
        <ele>408.2049633612737</ele>
      </trkpt>
      <trkpt lat="54.40952" lon="-2.16631">
        <ele>395.1174422863412</ele>
      </trkpt>
      <trkpt lat="54.40899" lon="-2.16562">
        <ele>384.76695860279824</ele>
      </trkpt>
      <trkpt lat="54.40876" lon="-2.16475">
        <ele>380.0468643913051</ele>
      </trkpt>
      <trkpt lat="54.40851" lon="-2.16456">
        <ele>374.77593530602894</ele>
      </trkpt>
      <trkpt lat="54.40808" lon="-2.16409">
        <ele>366.0073110605133</ele>
      </trkpt>
      <trkpt lat="54.40671" lon="-2.16319">
        <ele>342.8868737289218</ele>
      </trkpt>
      <trkpt lat="54.40653" lon="-2.16313">
        <ele>339.49939164656826</ele>
      </trkpt>
      <trkpt lat="54.40624" lon="-2.16297">
        <ele>333.7390125085075</ele>
      </trkpt>
      <trkpt lat="54.40607" lon="-2.16293">
        <ele>329.060883964475</ele>
      </trkpt>
      <trkpt lat="54.40588" lon="-2.16266">
        <ele>322.7172977306517</ele>
      </trkpt>
      <trkpt lat="54.40565" lon="-2.16218">
        <ele>315.2787640365931</ele>
      </trkpt>
      <trkpt lat="54.4053" lon="-2.16179">
        <ele>304.84974092450057</ele>
      </trkpt>
      <trkpt lat="54.4048" lon="-2.16196">
        <ele>301.37739534664723</ele>
      </trkpt>
      <trkpt lat="54.40475" lon="-2.16203">
        <ele>302.783194199766</ele>
      </trkpt>
      <trkpt lat="54.40477" lon="-2.16223">
        <ele>304.36862798160996</ele>
      </trkpt>
      <trkpt lat="54.40475" lon="-2.16242">
        <ele>306.69295874862166</ele>
      </trkpt>
      <trkpt lat="54.40475" lon="-2.16293">
        <ele>311.4468150535836</ele>
      </trkpt>
      <trkpt lat="54.40474" lon="-2.16306">
        <ele>312.67109314142857</ele>
      </trkpt>
      <trkpt lat="54.40468" lon="-2.16325">
        <ele>314.8395564500981</ele>
      </trkpt>
      <trkpt lat="54.40471" lon="-2.16342">
        <ele>315.2353665641575</ele>
      </trkpt>
      <trkpt lat="54.40476" lon="-2.16358">
        <ele>315.288251835564</ele>
      </trkpt>
      <trkpt lat="54.40493" lon="-2.16391">
        <ele>314.80231972227915</ele>
      </trkpt>
      <trkpt lat="54.40505" lon="-2.16432">
        <ele>313.8319406429783</ele>
      </trkpt>
      <trkpt lat="54.40513" lon="-2.1645">
        <ele>312.78573370117175</ele>
      </trkpt>
      <trkpt lat="54.40522" lon="-2.16467">
        <ele>312.097713450179</ele>
      </trkpt>
      <trkpt lat="54.40543" lon="-2.16494">
        <ele>311.19207311573933</ele>
      </trkpt>
      <trkpt lat="54.4055" lon="-2.16508">
        <ele>311.75739046968636</ele>
      </trkpt>
      <trkpt lat="54.40554" lon="-2.16533">
        <ele>313.37546434258246</ele>
      </trkpt>
      <trkpt lat="54.40562" lon="-2.16555">
        <ele>315.0788207538201</ele>
      </trkpt>
      <trkpt lat="54.40576" lon="-2.16581">
        <ele>316.81464198911596</ele>
      </trkpt>
      <trkpt lat="54.4058" lon="-2.16594">
        <ele>318.12101119994225</ele>
      </trkpt>
      <trkpt lat="54.40586" lon="-2.16636">
        <ele>321.2283566548964</ele>
      </trkpt>
      <trkpt lat="54.40583" lon="-2.16639">
        <ele>321.47046371636</ele>
      </trkpt>
      <trkpt lat="54.40576" lon="-2.16654">
        <ele>322.6432683126038</ele>
      </trkpt>
      <trkpt lat="54.40572" lon="-2.16656">
        <ele>322.920594855562</ele>
      </trkpt>
      <trkpt lat="54.40578" lon="-2.16669">
        <ele>323.3645024983225</ele>
      </trkpt>
      <trkpt lat="54.40572" lon="-2.16656">
        <ele>322.920594855562</ele>
      </trkpt>
      <trkpt lat="54.40547" lon="-2.16651">
        <ele>323.53261432185127</ele>
      </trkpt>
      <trkpt lat="54.40526" lon="-2.16675">
        <ele>325.9012983745203</ele>
      </trkpt>
      <trkpt lat="54.40515" lon="-2.16683">
        <ele>326.53472331163243</ele>
      </trkpt>
      <trkpt lat="54.40494" lon="-2.16718">
        <ele>329.30271576959666</ele>
      </trkpt>
      <trkpt lat="54.40487" lon="-2.16762">
        <ele>332.31760693238317</ele>
      </trkpt>
      <trkpt lat="54.40487" lon="-2.16782">
        <ele>333.3667255529085</ele>
      </trkpt>
      <trkpt lat="54.4049" lon="-2.16811">
        <ele>334.7095930010587</ele>
      </trkpt>
      <trkpt lat="54.40489" lon="-2.16818">
        <ele>335.0466952318327</ele>
      </trkpt>
      <trkpt lat="54.4046" lon="-2.16878">
        <ele>337.8592071111325</ele>
      </trkpt>
      <trkpt lat="54.40575" lon="-2.17053">
        <ele>341.9898177300123</ele>
      </trkpt>
      <trkpt lat="54.40593" lon="-2.17077">
        <ele>342.9783476875874</ele>
      </trkpt>
      <trkpt lat="54.4061" lon="-2.17093">
        <ele>343.5853113084901</ele>
      </trkpt>
      <trkpt lat="54.4065" lon="-2.17121">
        <ele>341.0501249603686</ele>
      </trkpt>
      <trkpt lat="54.40659" lon="-2.17132">
        <ele>339.8377863209705</ele>
      </trkpt>
      <trkpt lat="54.40663" lon="-2.17141">
        <ele>339.1458590357011</ele>
      </trkpt>
      <trkpt lat="54.40689" lon="-2.17239">
        <ele>336.3393264340709</ele>
      </trkpt>
      <trkpt lat="54.40712" lon="-2.17311">
        <ele>333.2946023673763</ele>
      </trkpt>
      <trkpt lat="54.40729" lon="-2.1739">
        <ele>333.3101117708966</ele>
      </trkpt>
      <trkpt lat="54.40736" lon="-2.17412">
        <ele>332.87961925093333</ele>
      </trkpt>
      <trkpt lat="54.40747" lon="-2.1743">
        <ele>331.57080316152496</ele>
      </trkpt>
      <trkpt lat="54.40792" lon="-2.17486">
        <ele>326.9445422587868</ele>
      </trkpt>
      <trkpt lat="54.40798" lon="-2.17497">
        <ele>326.3942031597953</ele>
      </trkpt>
      <trkpt lat="54.40808" lon="-2.17522">
        <ele>325.97939215451544</ele>
      </trkpt>
      <trkpt lat="54.40817" lon="-2.17554">
        <ele>325.2437087505136</ele>
      </trkpt>
      <trkpt lat="54.40824" lon="-2.17593">
        <ele>324.5242425012402</ele>
      </trkpt>
      <trkpt lat="54.40828" lon="-2.17631">
        <ele>322.9983515198817</ele>
      </trkpt>
      <trkpt lat="54.4083" lon="-2.17688">
        <ele>323.6348395610465</ele>
      </trkpt>
      <trkpt lat="54.40836" lon="-2.17725">
        <ele>323.75133394931925</ele>
      </trkpt>
      <trkpt lat="54.40845" lon="-2.17725">
        <ele>322.832537400327</ele>
      </trkpt>
      <trkpt lat="54.4086" lon="-2.17731">
        <ele>321.677066242067</ele>
      </trkpt>
      <trkpt lat="54.40918" lon="-2.17723">
        <ele>327.26554769377447</ele>
      </trkpt>
      <trkpt lat="54.40923" lon="-2.17729">
        <ele>328.5907193454955</ele>
      </trkpt>
      <trkpt lat="54.40928" lon="-2.17762">
        <ele>329.82444588097326</ele>
      </trkpt>
      <trkpt lat="54.4093" lon="-2.17765">
        <ele>330.4304616249456</ele>
      </trkpt>
      <trkpt lat="54.40934" lon="-2.17765">
        <ele>331.5946514675683</ele>
      </trkpt>
      <trkpt lat="54.40937" lon="-2.17758">
        <ele>332.45678549807167</ele>
      </trkpt>
      <trkpt lat="54.40938" lon="-2.17723">
        <ele>333.18201011803563</ele>
      </trkpt>
      <trkpt lat="54.4095" lon="-2.17671">
        <ele>335.70288641937134</ele>
      </trkpt>
      <trkpt lat="54.40954" lon="-2.17667">
        <ele>336.7176041367196</ele>
      </trkpt>
      <trkpt lat="54.40959" lon="-2.17671">
        <ele>338.3564758553409</ele>
      </trkpt>
      <trkpt lat="54.40966" lon="-2.17693">
        <ele>341.768631116885</ele>
      </trkpt>
      <trkpt lat="54.40975" lon="-2.17704">
        <ele>344.53086739324556</ele>
      </trkpt>
      <trkpt lat="54.40969" lon="-2.17843">
        <ele>342.1596871233086</ele>
      </trkpt>
      <trkpt lat="54.40986" lon="-2.1793">
        <ele>345.58503188425743</ele>
      </trkpt>
      <trkpt lat="54.40996" lon="-2.18015">
        <ele>343.17751410533765</ele>
      </trkpt>
      <trkpt lat="54.41008" lon="-2.18099">
        <ele>345.6042706402082</ele>
      </trkpt>
      <trkpt lat="54.41005" lon="-2.18174">
        <ele>344.6195626931975</ele>
      </trkpt>
      <trkpt lat="54.41007" lon="-2.18278">
        <ele>347.5816513733638</ele>
      </trkpt>
      <trkpt lat="54.41011" lon="-2.18366">
        <ele>349.1700492598818</ele>
      </trkpt>
      <trkpt lat="54.4101" lon="-2.18459">
        <ele>344.52397536489445</ele>
      </trkpt>
      <trkpt lat="54.41019" lon="-2.18526">
        <ele>345.69279603804523</ele>
      </trkpt>
      <trkpt lat="54.41019" lon="-2.18589">
        <ele>344.16870273735896</ele>
      </trkpt>
      <trkpt lat="54.41025" lon="-2.18603">
        <ele>345.57791319137993</ele>
      </trkpt>
      <trkpt lat="54.41021" lon="-2.18616">
        <ele>344.59560418613324</ele>
      </trkpt>
      <trkpt lat="54.41023" lon="-2.18634">
        <ele>345.1574087359024</ele>
      </trkpt>
      <trkpt lat="54.41019" lon="-2.18659">
        <ele>344.34165292694354</ele>
      </trkpt>
      <trkpt lat="54.4102" lon="-2.18692">
        <ele>345.3121609460572</ele>
      </trkpt>
      <trkpt lat="54.41017" lon="-2.18756">
        <ele>345.99777725065536</ele>
      </trkpt>
      <trkpt lat="54.4101" lon="-2.18803">
        <ele>345.5113951571994</ele>
      </trkpt>
      <trkpt lat="54.41012" lon="-2.18859">
        <ele>347.66329583719005</ele>
      </trkpt>
      <trkpt lat="54.41006" lon="-2.18977">
        <ele>349.1721093690494</ele>
      </trkpt>
      <trkpt lat="54.41003" lon="-2.19063">
        <ele>348.2383137410277</ele>
      </trkpt>
      <trkpt lat="54.40994" lon="-2.19103">
        <ele>345.5070079986006</ele>
      </trkpt>
      <trkpt lat="54.40989" lon="-2.19118">
        <ele>344.60614204322957</ele>
      </trkpt>
      <trkpt lat="54.40993" lon="-2.19134">
        <ele>345.3083355712215</ele>
      </trkpt>
      <trkpt lat="54.41001" lon="-2.19176">
        <ele>347.61700292973995</ele>
      </trkpt>
      <trkpt lat="54.41018" lon="-2.19303">
        <ele>357.6765351422837</ele>
      </trkpt>
      <trkpt lat="54.41033" lon="-2.19331">
        <ele>363.7432838283854</ele>
      </trkpt>
      <trkpt lat="54.41037" lon="-2.19342">
        <ele>365.37440639896</ele>
      </trkpt>
      <trkpt lat="54.41039" lon="-2.19358">
        <ele>366.3381751737023</ele>
      </trkpt>
      <trkpt lat="54.41049" lon="-2.19387">
        <ele>369.6239864569161</ele>
      </trkpt>
      <trkpt lat="54.41059" lon="-2.19444">
        <ele>372.5382631113986</ele>
      </trkpt>
      <trkpt lat="54.41058" lon="-2.19451">
        <ele>372.4811596572871</ele>
      </trkpt>
      <trkpt lat="54.4106" lon="-2.19472">
        <ele>373.63052702686025</ele>
      </trkpt>
      <trkpt lat="54.4107" lon="-2.19523">
        <ele>377.3571910050058</ele>
      </trkpt>
      <trkpt lat="54.4108" lon="-2.19558">
        <ele>379.7245270770509</ele>
      </trkpt>
      <trkpt lat="54.41081" lon="-2.19573">
        <ele>379.9201082975221</ele>
      </trkpt>
      <trkpt lat="54.4109" lon="-2.19637">
        <ele>379.85693333847496</ele>
      </trkpt>
      <trkpt lat="54.41089" lon="-2.19685">
        <ele>378.492146311817</ele>
      </trkpt>
      <trkpt lat="54.41092" lon="-2.19718">
        <ele>378.4381052263784</ele>
      </trkpt>
      <trkpt lat="54.41094" lon="-2.19729">
        <ele>378.1191005056495</ele>
      </trkpt>
      <trkpt lat="54.41094" lon="-2.19758">
        <ele>377.2230088826742</ele>
      </trkpt>
      <trkpt lat="54.41099" lon="-2.1977">
        <ele>377.50436872676954</ele>
      </trkpt>
      <trkpt lat="54.41123" lon="-2.19801">
        <ele>380.515209959774</ele>
      </trkpt>
      <trkpt lat="54.41173" lon="-2.1991">
        <ele>386.93141832673064</ele>
      </trkpt>
      <trkpt lat="54.41194" lon="-2.19938">
        <ele>388.90451223187193</ele>
      </trkpt>
      <trkpt lat="54.41226" lon="-2.20003">
        <ele>392.94228868552096</ele>
      </trkpt>
      <trkpt lat="54.41237" lon="-2.2001">
        <ele>394.6225293174164</ele>
      </trkpt>
      <trkpt lat="54.41279" lon="-2.20076">
        <ele>400.57321554066283</ele>
      </trkpt>
      <trkpt lat="54.41291" lon="-2.20113">
        <ele>400.6686616165571</ele>
      </trkpt>
      <trkpt lat="54.41301" lon="-2.20135">
        <ele>400.529670762597</ele>
      </trkpt>
      <trkpt lat="54.41311" lon="-2.20149">
        <ele>400.87762100054044</ele>
      </trkpt>
      <trkpt lat="54.41326" lon="-2.20193">
        <ele>401.0289121427578</ele>
      </trkpt>
      <trkpt lat="54.41337" lon="-2.20217">
        <ele>401.49910918906585</ele>
      </trkpt>
      <trkpt lat="54.41341" lon="-2.2022">
        <ele>401.8894625312654</ele>
      </trkpt>
      <trkpt lat="54.41351" lon="-2.20244">
        <ele>401.7928294041434</ele>
      </trkpt>
      <trkpt lat="54.41358" lon="-2.20253">
        <ele>402.1280185751164</ele>
      </trkpt>
      <trkpt lat="54.41379" lon="-2.203">
        <ele>401.7651370566343</ele>
      </trkpt>
      <trkpt lat="54.41407" lon="-2.20326">
        <ele>401.37286317558164</ele>
      </trkpt>
      <trkpt lat="54.41437" lon="-2.20338">
        <ele>401.89399371175205</ele>
      </trkpt>
      <trkpt lat="54.41469" lon="-2.2036">
        <ele>402.2924319440035</ele>
      </trkpt>
      <trkpt lat="54.41565" lon="-2.20447">
        <ele>395.78874328930397</ele>
      </trkpt>
      <trkpt lat="54.41645" lon="-2.2051">
        <ele>398.690465978371</ele>
      </trkpt>
      <trkpt lat="54.41716" lon="-2.20558">
        <ele>398.12888226700045</ele>
      </trkpt>
      <trkpt lat="54.41816" lon="-2.20603">
        <ele>399.8114908577648</ele>
      </trkpt>
      <trkpt lat="54.41833" lon="-2.20608">
        <ele>400.4508959663799</ele>
      </trkpt>
      <trkpt lat="54.41875" lon="-2.2067">
        <ele>398.6457960952311</ele>
      </trkpt>
      <trkpt lat="54.41917" lon="-2.20677">
        <ele>408.37174008656325</ele>
      </trkpt>
      <trkpt lat="54.41937" lon="-2.20717">
        <ele>406.8868454930099</ele>
      </trkpt>
      <trkpt lat="54.41946" lon="-2.20773">
        <ele>402.78479854045537</ele>
      </trkpt>
      <trkpt lat="54.42017" lon="-2.20858">
        <ele>407.74442591684186</ele>
      </trkpt>
      <trkpt lat="54.42056" lon="-2.2093">
        <ele>406.97868296010495</ele>
      </trkpt>
      <trkpt lat="54.42108" lon="-2.20966">
        <ele>409.4403755833872</ele>
      </trkpt>
      <trkpt lat="54.42126" lon="-2.20973">
        <ele>410.2859806935077</ele>
      </trkpt>
      <trkpt lat="54.42144" lon="-2.20997">
        <ele>408.2567493686225</ele>
      </trkpt>
      <trkpt lat="54.4216" lon="-2.20999">
        <ele>408.78009706269427</ele>
      </trkpt>
      <trkpt lat="54.42166" lon="-2.20993">
        <ele>409.9393046997959</ele>
      </trkpt>
      <trkpt lat="54.42192" lon="-2.20986">
        <ele>412.50381079737286</ele>
      </trkpt>
      <trkpt lat="54.42244" lon="-2.21019">
        <ele>408.99211534569116</ele>
      </trkpt>
      <trkpt lat="54.42262" lon="-2.21064">
        <ele>402.5207545225519</ele>
      </trkpt>
      <trkpt lat="54.42276" lon="-2.21084">
        <ele>399.20811351859084</ele>
      </trkpt>
      <trkpt lat="54.42292" lon="-2.2108">
        <ele>398.99507224124255</ele>
      </trkpt>
      <trkpt lat="54.42314" lon="-2.21107">
        <ele>396.53087517288594</ele>
      </trkpt>
      <trkpt lat="54.42406" lon="-2.21159">
        <ele>395.9595245690163</ele>
      </trkpt>
      <trkpt lat="54.42433" lon="-2.21166">
        <ele>396.5444381268707</ele>
      </trkpt>
      <trkpt lat="54.42452" lon="-2.21178">
        <ele>396.67309907893707</ele>
      </trkpt>
      <trkpt lat="54.42483" lon="-2.21211">
        <ele>397.2546917475767</ele>
      </trkpt>
      <trkpt lat="54.42526" lon="-2.21244">
        <ele>400.0451811775105</ele>
      </trkpt>
      <trkpt lat="54.42531" lon="-2.21251">
        <ele>400.11515900441486</ele>
      </trkpt>
      <trkpt lat="54.42533" lon="-2.21241">
        <ele>400.4544905030641</ele>
      </trkpt>
      <trkpt lat="54.42528" lon="-2.21265">
        <ele>399.9797745199579</ele>
      </trkpt>
      <trkpt lat="54.4252" lon="-2.2128">
        <ele>399.56640591763534</ele>
      </trkpt>
      <trkpt lat="54.42508" lon="-2.2129">
        <ele>399.07493464510054</ele>
      </trkpt>
      <trkpt lat="54.42504" lon="-2.21321">
        <ele>399.1708447190008</ele>
      </trkpt>
      <trkpt lat="54.42496" lon="-2.21329">
        <ele>398.7282102523101</ele>
      </trkpt>
      <trkpt lat="54.42487" lon="-2.21333">
        <ele>398.37861691354914</ele>
      </trkpt>
      <trkpt lat="54.42465" lon="-2.21334">
        <ele>397.82154837789375</ele>
      </trkpt>
      <trkpt lat="54.42439" lon="-2.21341">
        <ele>397.52868053333384</ele>
      </trkpt>
      <trkpt lat="54.42424" lon="-2.21342">
        <ele>397.4848440889283</ele>
      </trkpt>
      <trkpt lat="54.42359" lon="-2.2133">
        <ele>400.8549520475793</ele>
      </trkpt>
      <trkpt lat="54.42346" lon="-2.21333">
        <ele>401.9476043280223</ele>
      </trkpt>
      <trkpt lat="54.42337" lon="-2.21341">
        <ele>402.95580427136167</ele>
      </trkpt>
      <trkpt lat="54.42315" lon="-2.21374">
        <ele>404.9336944765634</ele>
      </trkpt>
      <trkpt lat="54.42308" lon="-2.21382">
        <ele>405.5321582076796</ele>
      </trkpt>
      <trkpt lat="54.42267" lon="-2.21408">
        <ele>407.649776508034</ele>
      </trkpt>
      <trkpt lat="54.42252" lon="-2.21427">
        <ele>409.09274788836973</ele>
      </trkpt>
      <trkpt lat="54.42245" lon="-2.21432">
        <ele>409.79113159298527</ele>
      </trkpt>
      <trkpt lat="54.42233" lon="-2.21431">
        <ele>410.38179900730074</ele>
      </trkpt>
      <trkpt lat="54.42245" lon="-2.21432">
        <ele>409.79113159298527</ele>
      </trkpt>
      <trkpt lat="54.42245" lon="-2.21449">
        <ele>411.04454607294633</ele>
      </trkpt>
      <trkpt lat="54.4223" lon="-2.21517">
        <ele>415.5471998129045</ele>
      </trkpt>
      <trkpt lat="54.4221" lon="-2.21581">
        <ele>421.0870394658177</ele>
      </trkpt>
      <trkpt lat="54.42199" lon="-2.21668">
        <ele>426.5820509915242</ele>
      </trkpt>
      <trkpt lat="54.42184" lon="-2.21728">
        <ele>430.32816036418166</ele>
      </trkpt>
      <trkpt lat="54.42182" lon="-2.21756">
        <ele>431.0633212005582</ele>
      </trkpt>
      <trkpt lat="54.42197" lon="-2.21824">
        <ele>430.00130274826705</ele>
      </trkpt>
      <trkpt lat="54.42196" lon="-2.21863">
        <ele>429.3365368993726</ele>
      </trkpt>
      <trkpt lat="54.42153" lon="-2.2205">
        <ele>426.86704568893</ele>
      </trkpt>
      <trkpt lat="54.42141" lon="-2.22146">
        <ele>422.904144231743</ele>
      </trkpt>
      <trkpt lat="54.42142" lon="-2.22181">
        <ele>422.36948979897534</ele>
      </trkpt>
      <trkpt lat="54.42145" lon="-2.22208">
        <ele>422.0582744421448</ele>
      </trkpt>
      <trkpt lat="54.42167" lon="-2.22231">
        <ele>419.7530994944281</ele>
      </trkpt>
      <trkpt lat="54.42177" lon="-2.22256">
        <ele>418.66512392079494</ele>
      </trkpt>
      <trkpt lat="54.42216" lon="-2.22313">
        <ele>414.29827051165137</ele>
      </trkpt>
      <trkpt lat="54.42222" lon="-2.22359">
        <ele>415.0521329798742</ele>
      </trkpt>
      <trkpt lat="54.42219" lon="-2.22359">
        <ele>415.11220871759633</ele>
      </trkpt>
      <trkpt lat="54.42197" lon="-2.22351">
        <ele>415.4942867607935</ele>
      </trkpt>
      <trkpt lat="54.42189" lon="-2.22361">
        <ele>416.3504631816876</ele>
      </trkpt>
      <trkpt lat="54.42191" lon="-2.2242">
        <ele>417.24419052386685</ele>
      </trkpt>
      <trkpt lat="54.42205" lon="-2.22529">
        <ele>417.57267989013667</ele>
      </trkpt>
      <trkpt lat="54.42202" lon="-2.22572">
        <ele>418.75524906669835</ele>
      </trkpt>
      <trkpt lat="54.42212" lon="-2.22598">
        <ele>419.04252602092487</ele>
      </trkpt>
      <trkpt lat="54.42212" lon="-2.22618">
        <ele>419.5524152808726</ele>
      </trkpt>
      <trkpt lat="54.42186" lon="-2.2267">
        <ele>420.8547847727387</ele>
      </trkpt>
      <trkpt lat="54.42181" lon="-2.22807">
        <ele>424.30786319166407</ele>
      </trkpt>
      <trkpt lat="54.42158" lon="-2.22844">
        <ele>423.7364090478461</ele>
      </trkpt>
      <trkpt lat="54.42149" lon="-2.22897">
        <ele>424.69082652649445</ele>
      </trkpt>
      <trkpt lat="54.42174" lon="-2.23151">
        <ele>430.28894962804094</ele>
      </trkpt>
      <trkpt lat="54.4222" lon="-2.23344">
        <ele>433.47888563913375</ele>
      </trkpt>
      <trkpt lat="54.4221" lon="-2.23518">
        <ele>438.68061799835436</ele>
      </trkpt>
      <trkpt lat="54.42197" lon="-2.23618">
        <ele>440.95298323573195</ele>
      </trkpt>
      <trkpt lat="54.42208" lon="-2.23703">
        <ele>445.7408394530655</ele>
      </trkpt>
      <trkpt lat="54.42212" lon="-2.23751">
        <ele>447.8137756463864</ele>
      </trkpt>
      <trkpt lat="54.42207" lon="-2.23766">
        <ele>447.45208640508423</ele>
      </trkpt>
      <trkpt lat="54.42207" lon="-2.2379">
        <ele>447.88633305139075</ele>
      </trkpt>
      <trkpt lat="54.42203" lon="-2.238">
        <ele>447.6849982599083</ele>
      </trkpt>
      <trkpt lat="54.42196" lon="-2.2381">
        <ele>447.20235519551284</ele>
      </trkpt>
      <trkpt lat="54.42192" lon="-2.23822">
        <ele>447.11796175497625</ele>
      </trkpt>
      <trkpt lat="54.42186" lon="-2.23866">
        <ele>448.4510279141145</ele>
      </trkpt>
      <trkpt lat="54.42188" lon="-2.23894">
        <ele>449.8780811007371</ele>
      </trkpt>
      <trkpt lat="54.42186" lon="-2.23911">
        <ele>450.6433230282281</ele>
      </trkpt>
      <trkpt lat="54.42182" lon="-2.2392">
        <ele>450.9025528875185</ele>
      </trkpt>
      <trkpt lat="54.42159" lon="-2.24141">
        <ele>460.32114206020583</ele>
      </trkpt>
      <trkpt lat="54.42141" lon="-2.24293">
        <ele>468.77572063244975</ele>
      </trkpt>
      <trkpt lat="54.42118" lon="-2.24562">
        <ele>481.8895177848401</ele>
      </trkpt>
      <trkpt lat="54.42094" lon="-2.24613">
        <ele>481.3222618010622</ele>
      </trkpt>
      <trkpt lat="54.42089" lon="-2.24618">
        <ele>480.99563428769</ele>
      </trkpt>
      <trkpt lat="54.42073" lon="-2.24656">
        <ele>480.9839506169603</ele>
      </trkpt>
      <trkpt lat="54.42071" lon="-2.24671">
        <ele>481.7229056337024</ele>
      </trkpt>
      <trkpt lat="54.42055" lon="-2.24677">
        <ele>480.50274411865564</ele>
      </trkpt>
      <trkpt lat="54.42048" lon="-2.24703">
        <ele>481.1339430446745</ele>
      </trkpt>
      <trkpt lat="54.42039" lon="-2.24759">
        <ele>482.97572021707975</ele>
      </trkpt>
      <trkpt lat="54.42038" lon="-2.2481">
        <ele>485.2195293183441</ele>
      </trkpt>
      <trkpt lat="54.42043" lon="-2.24887">
        <ele>489.94805667973236</ele>
      </trkpt>
      <trkpt lat="54.42038" lon="-2.24923">
        <ele>492.1613567789551</ele>
      </trkpt>
      <trkpt lat="54.42044" lon="-2.24959">
        <ele>495.0222120099244</ele>
      </trkpt>
      <trkpt lat="54.42041" lon="-2.25007">
        <ele>498.50666430360695</ele>
      </trkpt>
      <trkpt lat="54.42044" lon="-2.25058">
        <ele>500.99462490871196</ele>
      </trkpt>
      <trkpt lat="54.42018" lon="-2.25167">
        <ele>502.6662430626348</ele>
      </trkpt>
      <trkpt lat="54.41999" lon="-2.25238">
        <ele>502.06779001611307</ele>
      </trkpt>
      <trkpt lat="54.41987" lon="-2.25352">
        <ele>501.5057113617196</ele>
      </trkpt>
      <trkpt lat="54.41988" lon="-2.25384">
        <ele>501.6328354635583</ele>
      </trkpt>
      <trkpt lat="54.41991" lon="-2.25409">
        <ele>502.3904526533777</ele>
      </trkpt>
      <trkpt lat="54.42016" lon="-2.25521">
        <ele>502.12264833976576</ele>
      </trkpt>
      <trkpt lat="54.42015" lon="-2.25519">
        <ele>502.19015193034295</ele>
      </trkpt>
      <trkpt lat="54.42022" lon="-2.25518">
        <ele>502.2952618942717</ele>
      </trkpt>
      <trkpt lat="54.42041" lon="-2.25536">
        <ele>501.9878212288958</ele>
      </trkpt>
      <trkpt lat="54.42084" lon="-2.25556">
        <ele>503.6957279465637</ele>
      </trkpt>
      <trkpt lat="54.42127" lon="-2.2557">
        <ele>504.15705599996784</ele>
      </trkpt>
      <trkpt lat="54.42132" lon="-2.25567">
        <ele>504.26191359998285</ele>
      </trkpt>
      <trkpt lat="54.42142" lon="-2.25556">
        <ele>504.8364650581976</ele>
      </trkpt>
      <trkpt lat="54.42149" lon="-2.25555">
        <ele>505.0401150598193</ele>
      </trkpt>
      <trkpt lat="54.42154" lon="-2.25557">
        <ele>505.19376076990807</ele>
      </trkpt>
      <trkpt lat="54.42164" lon="-2.25579">
        <ele>505.10827271780033</ele>
      </trkpt>
      <trkpt lat="54.42241" lon="-2.25628">
        <ele>509.57884082919986</ele>
      </trkpt>
      <trkpt lat="54.42269" lon="-2.2564">
        <ele>509.7148518361578</ele>
      </trkpt>
      <trkpt lat="54.42315" lon="-2.25665">
        <ele>512.058534004606</ele>
      </trkpt>
      <trkpt lat="54.42324" lon="-2.25655">
        <ele>513.1535395563114</ele>
      </trkpt>
      <trkpt lat="54.42337" lon="-2.25648">
        <ele>514.5552154752895</ele>
      </trkpt>
      <trkpt lat="54.42376" lon="-2.25694">
        <ele>519.1882144041372</ele>
      </trkpt>
      <trkpt lat="54.42442" lon="-2.25711">
        <ele>525.0466298244065</ele>
      </trkpt>
      <trkpt lat="54.42488" lon="-2.25748">
        <ele>529.5049782041008</ele>
      </trkpt>
      <trkpt lat="54.4257" lon="-2.25801">
        <ele>540.1734154392974</ele>
      </trkpt>
      <trkpt lat="54.42638" lon="-2.25832">
        <ele>547.7195705438147</ele>
      </trkpt>
      <trkpt lat="54.42645" lon="-2.25832">
        <ele>548.6470686321387</ele>
      </trkpt>
      <trkpt lat="54.42661" lon="-2.25823">
        <ele>551.3658854972408</ele>
      </trkpt>
      <trkpt lat="54.42674" lon="-2.25824">
        <ele>552.4588775301823</ele>
      </trkpt>
      <trkpt lat="54.42677" lon="-2.25826">
        <ele>552.5459553765248</ele>
      </trkpt>
      <trkpt lat="54.42683" lon="-2.25836">
        <ele>552.2000611966712</ele>
      </trkpt>
      <trkpt lat="54.42688" lon="-2.25838">
        <ele>552.313549283008</ele>
      </trkpt>
      <trkpt lat="54.42696" lon="-2.25834">
        <ele>553.0068171038762</ele>
      </trkpt>
      <trkpt lat="54.42705" lon="-2.25839">
        <ele>552.6978654804075</ele>
      </trkpt>
      <trkpt lat="54.42712" lon="-2.25853">
        <ele>551.8341802004034</ele>
      </trkpt>
      <trkpt lat="54.42754" lon="-2.25881">
        <ele>553.6866563014507</ele>
      </trkpt>
      <trkpt lat="54.42772" lon="-2.25889">
        <ele>555.328676625051</ele>
      </trkpt>
      <trkpt lat="54.42784" lon="-2.25905">
        <ele>556.9036216794053</ele>
      </trkpt>
      <trkpt lat="54.42787" lon="-2.25918">
        <ele>557.4315467636115</ele>
      </trkpt>
      <trkpt lat="54.42787" lon="-2.25929">
        <ele>557.3699197368953</ele>
      </trkpt>
      <trkpt lat="54.428" lon="-2.25966">
        <ele>559.4769577349781</ele>
      </trkpt>
      <trkpt lat="54.42851" lon="-2.26054">
        <ele>564.9998502970213</ele>
      </trkpt>
      <trkpt lat="54.42857" lon="-2.26074">
        <ele>564.9642077950012</ele>
      </trkpt>
      <trkpt lat="54.4288" lon="-2.26085">
        <ele>566.5541841613298</ele>
      </trkpt>
      <trkpt lat="54.42885" lon="-2.26092">
        <ele>566.9636941628535</ele>
      </trkpt>
      <trkpt lat="54.42903" lon="-2.26128">
        <ele>568.8547518913699</ele>
      </trkpt>
      <trkpt lat="54.42915" lon="-2.2614">
        <ele>569.9339026839243</ele>
      </trkpt>
      <trkpt lat="54.42921" lon="-2.2615">
        <ele>570.5682138983118</ele>
      </trkpt>
      <trkpt lat="54.42922" lon="-2.26162">
        <ele>570.8131869221116</ele>
      </trkpt>
      <trkpt lat="54.42918" lon="-2.26187">
        <ele>570.4576177040589</ele>
      </trkpt>
      <trkpt lat="54.4292" lon="-2.262">
        <ele>570.7684665800774</ele>
      </trkpt>
      <trkpt lat="54.42929" lon="-2.26218">
        <ele>571.8073596829091</ele>
      </trkpt>
      <trkpt lat="54.42945" lon="-2.26237">
        <ele>573.4848517226762</ele>
      </trkpt>
      <trkpt lat="54.42963" lon="-2.26248">
        <ele>575.9394724941882</ele>
      </trkpt>
      <trkpt lat="54.42975" lon="-2.26258">
        <ele>577.1435582539474</ele>
      </trkpt>
      <trkpt lat="54.43022" lon="-2.26311">
        <ele>576.2002005332857</ele>
      </trkpt>
      <trkpt lat="54.43079" lon="-2.26328">
        <ele>579.9024597850497</ele>
      </trkpt>
      <trkpt lat="54.43122" lon="-2.26354">
        <ele>583.2640685628176</ele>
      </trkpt>
      <trkpt lat="54.43155" lon="-2.26388">
        <ele>587.288738514192</ele>
      </trkpt>
      <trkpt lat="54.43168" lon="-2.26397">
        <ele>588.7585089166291</ele>
      </trkpt>
      <trkpt lat="54.43193" lon="-2.26399">
        <ele>591.0746565324735</ele>
      </trkpt>
      <trkpt lat="54.43219" lon="-2.26416">
        <ele>593.8342775686646</ele>
      </trkpt>
      <trkpt lat="54.4325" lon="-2.26449">
        <ele>597.0832459042322</ele>
      </trkpt>
      <trkpt lat="54.43296" lon="-2.26474">
        <ele>601.4055331811787</ele>
      </trkpt>
      <trkpt lat="54.4335" lon="-2.26515">
        <ele>606.5536535369938</ele>
      </trkpt>
      <trkpt lat="54.43378" lon="-2.2656">
        <ele>610.7082109981922</ele>
      </trkpt>
      <trkpt lat="54.43449" lon="-2.26627">
        <ele>619.5016277670402</ele>
      </trkpt>
      <trkpt lat="54.43511" lon="-2.26664">
        <ele>623.8270051555487</ele>
      </trkpt>
      <trkpt lat="54.43541" lon="-2.26672">
        <ele>623.1043564880939</ele>
      </trkpt>
      <trkpt lat="54.43571" lon="-2.26668">
        <ele>621.4603682352699</ele>
      </trkpt>
      <trkpt lat="54.4366" lon="-2.2664">
        <ele>623.5684216920757</ele>
      </trkpt>
      <trkpt lat="54.43732" lon="-2.26657">
        <ele>628.809890482689</ele>
      </trkpt>
      <trkpt lat="54.43794" lon="-2.26641">
        <ele>632.2215308504885</ele>
      </trkpt>
      <trkpt lat="54.43842" lon="-2.26617">
        <ele>635.1799674044136</ele>
      </trkpt>
      <trkpt lat="54.43882" lon="-2.26627">
        <ele>637.5612938412236</ele>
      </trkpt>
      <trkpt lat="54.43907" lon="-2.26614">
        <ele>638.0739254409976</ele>
      </trkpt>
      <trkpt lat="54.43944" lon="-2.2663">
        <ele>641.1316064439302</ele>
      </trkpt>
      <trkpt lat="54.43957" lon="-2.26627">
        <ele>642.4315883182696</ele>
      </trkpt>
      <trkpt lat="54.43997" lon="-2.26603">
        <ele>645.8625228096737</ele>
      </trkpt>
      <trkpt lat="54.44069" lon="-2.26577">
        <ele>650.468436061744</ele>
      </trkpt>
      <trkpt lat="54.44125" lon="-2.26568">
        <ele>652.8406138380534</ele>
      </trkpt>
      <trkpt lat="54.44144" lon="-2.26555">
        <ele>653.7200268762838</ele>
      </trkpt>
      <trkpt lat="54.44182" lon="-2.26561">
        <ele>656.367942741211</ele>
      </trkpt>
      <trkpt lat="54.44208" lon="-2.26535">
        <ele>656.9678988916339</ele>
      </trkpt>
      <trkpt lat="54.44219" lon="-2.26529">
        <ele>656.9541411555612</ele>
      </trkpt>
      <trkpt lat="54.44256" lon="-2.26517">
        <ele>657.754005262606</ele>
      </trkpt>
      <trkpt lat="54.44293" lon="-2.26524">
        <ele>658</ele>
      </trkpt>
      <trkpt lat="54.44301" lon="-2.26535">
        <ele>657.9000000000015</ele>
      </trkpt>
      <trkpt lat="54.44311" lon="-2.26556">
        <ele>657.6625720888849</ele>
      </trkpt>
      <trkpt lat="54.44336" lon="-2.26597">
        <ele>657</ele>
      </trkpt>
      <trkpt lat="54.44372" lon="-2.26632">
        <ele>655.5379452113069</ele>
      </trkpt>
      <trkpt lat="54.44443" lon="-2.26694">
        <ele>652.9237498491315</ele>
      </trkpt>
      <trkpt lat="54.44527" lon="-2.26758">
        <ele>648.8592138071784</ele>
      </trkpt>
      <trkpt lat="54.44558" lon="-2.26769">
        <ele>647.950343822223</ele>
      </trkpt>
      <trkpt lat="54.44614" lon="-2.26776">
        <ele>647.8899089969689</ele>
      </trkpt>
      <trkpt lat="54.44644" lon="-2.26784">
        <ele>646.5151896461585</ele>
      </trkpt>
      <trkpt lat="54.4466" lon="-2.26783">
        <ele>645.6510497661396</ele>
      </trkpt>
      <trkpt lat="54.44664" lon="-2.26788">
        <ele>645.4586586317517</ele>
      </trkpt>
      <trkpt lat="54.44665" lon="-2.26799">
        <ele>645.6265754886446</ele>
      </trkpt>
      <trkpt lat="54.44672" lon="-2.26804">
        <ele>645.2371065834809</ele>
      </trkpt>
      <trkpt lat="54.44677" lon="-2.26813">
        <ele>645.0444769198663</ele>
      </trkpt>
      <trkpt lat="54.44684" lon="-2.26812">
        <ele>644.533564500718</ele>
      </trkpt>
      <trkpt lat="54.44692" lon="-2.26821">
        <ele>644.2621435050303</ele>
      </trkpt>
      <trkpt lat="54.44708" lon="-2.26828">
        <ele>644.2377436444406</ele>
      </trkpt>
      <trkpt lat="54.44711" lon="-2.26831">
        <ele>644.2726961777789</ele>
      </trkpt>
      <trkpt lat="54.44721" lon="-2.26834">
        <ele>644.4082541952382</ele>
      </trkpt>
      <trkpt lat="54.44724" lon="-2.2683">
        <ele>644.4808178101207</ele>
      </trkpt>
      <trkpt lat="54.44726" lon="-2.26818">
        <ele>644.4612326282551</ele>
      </trkpt>
      <trkpt lat="54.44731" lon="-2.2681">
        <ele>644.6817207749875</ele>
      </trkpt>
      <trkpt lat="54.44733" lon="-2.26799">
        <ele>644.6474690427012</ele>
      </trkpt>
      <trkpt lat="54.44736" lon="-2.26797">
        <ele>644.8412990224089</ele>
      </trkpt>
      <trkpt lat="54.44738" lon="-2.26798">
        <ele>645.0249011165934</ele>
      </trkpt>
      <trkpt lat="54.44752" lon="-2.26818">
        <ele>646.2705695226798</ele>
      </trkpt>
      <trkpt lat="54.44772" lon="-2.26832">
        <ele>647.7735833611349</ele>
      </trkpt>
      <trkpt lat="54.44788" lon="-2.26848">
        <ele>649.2450000866794</ele>
      </trkpt>
      <trkpt lat="54.44806" lon="-2.26873">
        <ele>650.9366932111333</ele>
      </trkpt>
      <trkpt lat="54.44823" lon="-2.26878">
        <ele>652.2410182216447</ele>
      </trkpt>
      <trkpt lat="54.4487" lon="-2.26922">
        <ele>654.4748057607624</ele>
      </trkpt>
      <trkpt lat="54.44935" lon="-2.26989">
        <ele>659.6122328524496</ele>
      </trkpt>
      <trkpt lat="54.45008" lon="-2.27076">
        <ele>658.0431283599471</ele>
      </trkpt>
      <trkpt lat="54.45049" lon="-2.27103">
        <ele>657.816548266682</ele>
      </trkpt>
      <trkpt lat="54.45172" lon="-2.27166">
        <ele>656.5485418666622</ele>
      </trkpt>
      <trkpt lat="54.45241" lon="-2.27206">
        <ele>653.1498486508156</ele>
      </trkpt>
      <trkpt lat="54.45272" lon="-2.27216">
        <ele>653.3642568176135</ele>
      </trkpt>
      <trkpt lat="54.45291" lon="-2.27219">
        <ele>653.7597193289163</ele>
      </trkpt>
      <trkpt lat="54.45302" lon="-2.27215">
        <ele>653.9244423996664</ele>
      </trkpt>
      <trkpt lat="54.45332" lon="-2.27196">
        <ele>652.700506522142</ele>
      </trkpt>
      <trkpt lat="54.4537" lon="-2.27181">
        <ele>648.7940224039376</ele>
      </trkpt>
      <trkpt lat="54.45395" lon="-2.27162">
        <ele>647.288614520617</ele>
      </trkpt>
      <trkpt lat="54.45411" lon="-2.27203">
        <ele>646.0855717271338</ele>
      </trkpt>
      <trkpt lat="54.45414" lon="-2.27221">
        <ele>645.1150701290474</ele>
      </trkpt>
      <trkpt lat="54.45413" lon="-2.27236">
        <ele>644.4572036279366</ele>
      </trkpt>
      <trkpt lat="54.45416" lon="-2.27249">
        <ele>643.1012832059065</ele>
      </trkpt>
      <trkpt lat="54.45417" lon="-2.27267">
        <ele>641.4765378720833</ele>
      </trkpt>
      <trkpt lat="54.4542" lon="-2.27278">
        <ele>639.9430955258208</ele>
      </trkpt>
      <trkpt lat="54.45348" lon="-2.27569">
        <ele>622.4559530393083</ele>
      </trkpt>
      <trkpt lat="54.45491" lon="-2.28562">
        <ele>547.2765310483521</ele>
      </trkpt>
      <trkpt lat="54.4555" lon="-2.28922">
        <ele>517.5572567910671</ele>
      </trkpt>
      <trkpt lat="54.45507" lon="-2.29044">
        <ele>510.9715800704443</ele>
      </trkpt>
      <trkpt lat="54.45565" lon="-2.29392">
        <ele>479.14821497013327</ele>
      </trkpt>
      <trkpt lat="54.45696" lon="-2.29615">
        <ele>459.6719318466788</ele>
      </trkpt>
      <trkpt lat="54.457" lon="-2.29628">
        <ele>458.88132694521994</ele>
      </trkpt>
      <trkpt lat="54.45702" lon="-2.29644">
        <ele>458.3622062451211</ele>
      </trkpt>
      <trkpt lat="54.45704" lon="-2.29857">
        <ele>442.502699312569</ele>
      </trkpt>
      <trkpt lat="54.45697" lon="-2.29954">
        <ele>435.54491722355715</ele>
      </trkpt>
      <trkpt lat="54.45696" lon="-2.29986">
        <ele>433.41333759995194</ele>
      </trkpt>
      <trkpt lat="54.457" lon="-2.30018">
        <ele>431.28425031108895</ele>
      </trkpt>
      <trkpt lat="54.45699" lon="-2.30059">
        <ele>429.1290008881706</ele>
      </trkpt>
      <trkpt lat="54.45713" lon="-2.30158">
        <ele>423.089666133375</ele>
      </trkpt>
      <trkpt lat="54.45719" lon="-2.3018">
        <ele>421.54775979406077</ele>
      </trkpt>
      <trkpt lat="54.45722" lon="-2.30248">
        <ele>417.7100365291763</ele>
      </trkpt>
      <trkpt lat="54.45732" lon="-2.30317">
        <ele>416.8205927435319</ele>
      </trkpt>
      <trkpt lat="54.45743" lon="-2.30351">
        <ele>418.38852976764</ele>
      </trkpt>
      <trkpt lat="54.45761" lon="-2.30395">
        <ele>420.1605953303872</ele>
      </trkpt>
      <trkpt lat="54.45764" lon="-2.30408">
        <ele>420.4442152129726</ele>
      </trkpt>
      <trkpt lat="54.45765" lon="-2.30433">
        <ele>420.1413442845934</ele>
      </trkpt>
      <trkpt lat="54.45762" lon="-2.30466">
        <ele>417.6281522993938</ele>
      </trkpt>
      <trkpt lat="54.45765" lon="-2.30509">
        <ele>413.52324636443615</ele>
      </trkpt>
      <trkpt lat="54.45774" lon="-2.30559">
        <ele>407.9816346376573</ele>
      </trkpt>
      <trkpt lat="54.4578" lon="-2.30604">
        <ele>404.15629853117326</ele>
      </trkpt>
      <trkpt lat="54.45808" lon="-2.30685">
        <ele>398.77505594717945</ele>
      </trkpt>
      <trkpt lat="54.45832" lon="-2.3077">
        <ele>393.69200561739655</ele>
      </trkpt>
      <trkpt lat="54.45836" lon="-2.30774">
        <ele>393.3944543455935</ele>
      </trkpt>
      <trkpt lat="54.45898" lon="-2.30804">
        <ele>390.9916218295399</ele>
      </trkpt>
      <trkpt lat="54.45949" lon="-2.30834">
        <ele>387.5228145777253</ele>
      </trkpt>
      <trkpt lat="54.45961" lon="-2.30838">
        <ele>387.09848864890574</ele>
      </trkpt>
      <trkpt lat="54.46" lon="-2.30834">
        <ele>385.65282285227477</ele>
      </trkpt>
      <trkpt lat="54.46029" lon="-2.3082">
        <ele>382.03090718509713</ele>
      </trkpt>
      <trkpt lat="54.46046" lon="-2.30821">
        <ele>379.37788796962764</ele>
      </trkpt>
      <trkpt lat="54.46059" lon="-2.30828">
        <ele>377.9148876382977</ele>
      </trkpt>
      <trkpt lat="54.46115" lon="-2.30885">
        <ele>373.80612899163617</ele>
      </trkpt>
      <trkpt lat="54.46138" lon="-2.30913">
        <ele>370.2146596893672</ele>
      </trkpt>
      <trkpt lat="54.46197" lon="-2.31008">
        <ele>361.6347622082574</ele>
      </trkpt>
      <trkpt lat="54.46242" lon="-2.31097">
        <ele>351.7232127999192</ele>
      </trkpt>
      <trkpt lat="54.4625" lon="-2.31118">
        <ele>349.963022711582</ele>
      </trkpt>
      <trkpt lat="54.46255" lon="-2.31126">
        <ele>349.2187683476611</ele>
      </trkpt>
      <trkpt lat="54.4627" lon="-2.31136">
        <ele>347.9388788267228</ele>
      </trkpt>
      <trkpt lat="54.46286" lon="-2.3115">
        <ele>346.025914645381</ele>
      </trkpt>
      <trkpt lat="54.46316" lon="-2.31192">
        <ele>339.95700715195164</ele>
      </trkpt>
      <trkpt lat="54.46341" lon="-2.31214">
        <ele>336.46704501612226</ele>
      </trkpt>
      <trkpt lat="54.46374" lon="-2.3123">
        <ele>334.8214666817818</ele>
      </trkpt>
      <trkpt lat="54.46412" lon="-2.31242">
        <ele>332.3661374275791</ele>
      </trkpt>
      <trkpt lat="54.46447" lon="-2.31243">
        <ele>328.4637971982685</ele>
      </trkpt>
      <trkpt lat="54.46468" lon="-2.3124">
        <ele>326.70064756194415</ele>
      </trkpt>
      <trkpt lat="54.46487" lon="-2.31233">
        <ele>325.72228472125835</ele>
      </trkpt>
      <trkpt lat="54.46565" lon="-2.31187">
        <ele>319.87563011256134</ele>
      </trkpt>
      <trkpt lat="54.46614" lon="-2.31163">
        <ele>314.8587291832554</ele>
      </trkpt>
      <trkpt lat="54.46659" lon="-2.31133">
        <ele>315.02211288671197</ele>
      </trkpt>
      <trkpt lat="54.4667" lon="-2.31134">
        <ele>314.98171376321704</ele>
      </trkpt>
      <trkpt lat="54.46683" lon="-2.31159">
        <ele>314.574319387507</ele>
      </trkpt>
      <trkpt lat="54.46685" lon="-2.31167">
        <ele>314.4280000439857</ele>
      </trkpt>
      <trkpt lat="54.46685" lon="-2.31194">
        <ele>314.0095154217445</ele>
      </trkpt>
      <trkpt lat="54.46686" lon="-2.31199">
        <ele>314.02956251287844</ele>
      </trkpt>
      <trkpt lat="54.46692" lon="-2.31206">
        <ele>314.05956391808644</ele>
      </trkpt>
      <trkpt lat="54.46732" lon="-2.31216">
        <ele>315.58363787029026</ele>
      </trkpt>
      <trkpt lat="54.46798" lon="-2.31246">
        <ele>317.64415290355004</ele>
      </trkpt>
      <trkpt lat="54.46819" lon="-2.31262">
        <ele>316.61790977297386</ele>
      </trkpt>
      <trkpt lat="54.4685" lon="-2.3128">
        <ele>314.8707875555395</ele>
      </trkpt>
      <trkpt lat="54.46862" lon="-2.3129">
        <ele>314.68649219814773</ele>
      </trkpt>
      <trkpt lat="54.46872" lon="-2.31304">
        <ele>314.8597799193116</ele>
      </trkpt>
      <trkpt lat="54.46879" lon="-2.31317">
        <ele>315.2937141150014</ele>
      </trkpt>
      <trkpt lat="54.46886" lon="-2.31335">
        <ele>316.6388917291313</ele>
      </trkpt>
      <trkpt lat="54.46894" lon="-2.31384">
        <ele>318.79453782228205</ele>
      </trkpt>
      <trkpt lat="54.46895" lon="-2.31441">
        <ele>318.61203170521304</ele>
      </trkpt>
      <trkpt lat="54.469" lon="-2.31523">
        <ele>317.4393162262868</ele>
      </trkpt>
      <trkpt lat="54.46907" lon="-2.31571">
        <ele>317.74771203587346</ele>
      </trkpt>
      <trkpt lat="54.4692" lon="-2.31618">
        <ele>317.78457825109473</ele>
      </trkpt>
      <trkpt lat="54.4694" lon="-2.31654">
        <ele>319.6222326619242</ele>
      </trkpt>
      <trkpt lat="54.46957" lon="-2.31692">
        <ele>320.4748914381627</ele>
      </trkpt>
      <trkpt lat="54.46988" lon="-2.31745">
        <ele>321.2955290132207</ele>
      </trkpt>
      <trkpt lat="54.47001" lon="-2.31761">
        <ele>320.20832860274356</ele>
      </trkpt>
      <trkpt lat="54.47044" lon="-2.31797">
        <ele>311.01794669590896</ele>
      </trkpt>
      <trkpt lat="54.47053" lon="-2.31809">
        <ele>308.7116024890459</ele>
      </trkpt>
      <trkpt lat="54.47099" lon="-2.31902">
        <ele>293.4751863575317</ele>
      </trkpt>
      <trkpt lat="54.47122" lon="-2.3194">
        <ele>290.08533113608985</ele>
      </trkpt>
      <trkpt lat="54.47132" lon="-2.31963">
        <ele>289.8464512071117</ele>
      </trkpt>
      <trkpt lat="54.47138" lon="-2.31984">
        <ele>289.2839398572713</ele>
      </trkpt>
      <trkpt lat="54.47149" lon="-2.32046">
        <ele>285.2360966076157</ele>
      </trkpt>
      <trkpt lat="54.47163" lon="-2.32105">
        <ele>282.0725890031563</ele>
      </trkpt>
      <trkpt lat="54.4717" lon="-2.3215">
        <ele>275.5774412364701</ele>
      </trkpt>
      <trkpt lat="54.47174" lon="-2.32168">
        <ele>273.09261365288324</ele>
      </trkpt>
      <trkpt lat="54.47187" lon="-2.32201">
        <ele>269.4242923802166</ele>
      </trkpt>
      <trkpt lat="54.47198" lon="-2.32225">
        <ele>266.51690540463636</ele>
      </trkpt>
      <trkpt lat="54.47207" lon="-2.32236">
        <ele>265.6421968568234</ele>
      </trkpt>
      <trkpt lat="54.47238" lon="-2.32258">
        <ele>267.3521173162532</ele>
      </trkpt>
      <trkpt lat="54.47242" lon="-2.32266">
        <ele>266.79509846661364</ele>
      </trkpt>
      <trkpt lat="54.47243" lon="-2.32277">
        <ele>265.1039562879432</ele>
      </trkpt>
      <trkpt lat="54.47241" lon="-2.32287">
        <ele>262.91637717038475</ele>
      </trkpt>
      <trkpt lat="54.47234" lon="-2.323">
        <ele>259.2863184597113</ele>
      </trkpt>
      <trkpt lat="54.47231" lon="-2.3231">
        <ele>257.05214149002023</ele>
      </trkpt>
      <trkpt lat="54.47226" lon="-2.32352">
        <ele>252.51034184068055</ele>
      </trkpt>
      <trkpt lat="54.47215" lon="-2.32406">
        <ele>252.34192259423372</ele>
      </trkpt>
      <trkpt lat="54.47212" lon="-2.32456">
        <ele>255.509842510545</ele>
      </trkpt>
      <trkpt lat="54.47201" lon="-2.32512">
        <ele>255.52341635505513</ele>
      </trkpt>
      <trkpt lat="54.47196" lon="-2.32532">
        <ele>254.82587555564047</ele>
      </trkpt>
      <trkpt lat="54.47183" lon="-2.3257">
        <ele>252.03365746520086</ele>
      </trkpt>
      <trkpt lat="54.47175" lon="-2.32622">
        <ele>247.62811710289742</ele>
      </trkpt>
      <trkpt lat="54.47165" lon="-2.32661">
        <ele>245.83167123002693</ele>
      </trkpt>
      <trkpt lat="54.47153" lon="-2.32732">
        <ele>242.50328076891657</ele>
      </trkpt>
      <trkpt lat="54.47148" lon="-2.32787">
        <ele>242.14596617570788</ele>
      </trkpt>
      <trkpt lat="54.47137" lon="-2.32854">
        <ele>241.84170016511393</ele>
      </trkpt>
      <trkpt lat="54.47138" lon="-2.32862">
        <ele>242.02214391832283</ele>
      </trkpt>
      <trkpt lat="54.47144" lon="-2.3292">
        <ele>241.96682883785235</ele>
      </trkpt>
      <trkpt lat="54.47109" lon="-2.32985">
        <ele>230.95303564728312</ele>
      </trkpt>
      <trkpt lat="54.47136" lon="-2.332">
        <ele>224.59643083210966</ele>
      </trkpt>
      <trkpt lat="54.47064" lon="-2.33351">
        <ele>210.67934265768827</ele>
      </trkpt>
      <trkpt lat="54.47069" lon="-2.33441">
        <ele>203.35309511734238</ele>
      </trkpt>
      <trkpt lat="54.47098" lon="-2.33488">
        <ele>202.81692359962045</ele>
      </trkpt>
      <trkpt lat="54.47088" lon="-2.3356">
        <ele>197.522999679138</ele>
      </trkpt>
      <trkpt lat="54.47167" lon="-2.33647">
        <ele>191.28885663258484</ele>
      </trkpt>
      <trkpt lat="54.47164" lon="-2.33682">
        <ele>191.07473400468058</ele>
      </trkpt>
      <trkpt lat="54.47254" lon="-2.33688">
        <ele>189.4363034068846</ele>
      </trkpt>
      <trkpt lat="54.47273" lon="-2.33948">
        <ele>186.14946346664843</ele>
      </trkpt>
      <trkpt lat="54.4727" lon="-2.33961">
        <ele>185.28391466662288</ele>
      </trkpt>
      <trkpt lat="54.47277" lon="-2.34007">
        <ele>182.78700445164674</ele>
      </trkpt>
      <trkpt lat="54.47291" lon="-2.34182">
        <ele>174.52748131496017</ele>
      </trkpt>
      <trkpt lat="54.47304" lon="-2.34233">
        <ele>172.7417310482119</ele>
      </trkpt>
      <trkpt lat="54.47307" lon="-2.34379">
        <ele>168.05321233123587</ele>
      </trkpt>
      <trkpt lat="54.47317" lon="-2.34428">
        <ele>167.12854967493178</ele>
      </trkpt>
      <trkpt lat="54.47324" lon="-2.34484">
        <ele>165.96339128888263</ele>
      </trkpt>
      <trkpt lat="54.47341" lon="-2.34589">
        <ele>165.38286717194205</ele>
      </trkpt>
      <trkpt lat="54.47346" lon="-2.34635">
        <ele>167.50285406019614</ele>
      </trkpt>
      <trkpt lat="54.47346" lon="-2.3464">
        <ele>167.7607143047217</ele>
      </trkpt>
      <trkpt lat="54.47356" lon="-2.34641">
        <ele>168.18759514940996</ele>
      </trkpt>
      <trkpt lat="54.47457" lon="-2.34624">
        <ele>169.53545386665573</ele>
      </trkpt>
      <trkpt lat="54.47481" lon="-2.34633">
        <ele>169.08976094321943</ele>
      </trkpt>
      <trkpt lat="54.47544" lon="-2.34676">
        <ele>167.14179840018093</ele>
      </trkpt>
      <trkpt lat="54.47577" lon="-2.34691">
        <ele>166.0163970673</ele>
      </trkpt>
      <trkpt lat="54.47587" lon="-2.34707">
        <ele>165.10779333261405</ele>
      </trkpt>
      <trkpt lat="54.47587" lon="-2.34716">
        <ele>164.95163902151484</ele>
      </trkpt>
      <trkpt lat="54.47592" lon="-2.34732">
        <ele>165.1895735865</ele>
      </trkpt>
      <trkpt lat="54.47628" lon="-2.34796">
        <ele>165.80347817969528</ele>
      </trkpt>
      <trkpt lat="54.47637" lon="-2.34796">
        <ele>165.74334435556173</ele>
      </trkpt>
      <trkpt lat="54.47637" lon="-2.34807">
        <ele>165.89983146665764</ele>
      </trkpt>
      <trkpt lat="54.47647" lon="-2.34822">
        <ele>165.97459413332436</ele>
      </trkpt>
      <trkpt lat="54.47712" lon="-2.34874">
        <ele>165.08043804443471</ele>
      </trkpt>
      <trkpt lat="54.478" lon="-2.34951">
        <ele>164.49004070810082</ele>
      </trkpt>
      <trkpt lat="54.47824" lon="-2.34957">
        <ele>164.34350441922473</ele>
      </trkpt>
      <trkpt lat="54.47853" lon="-2.34955">
        <ele>163.74461170244086</ele>
      </trkpt>
      <trkpt lat="54.47932" lon="-2.34934">
        <ele>163</ele>
      </trkpt>
      <trkpt lat="54.48018" lon="-2.34983">
        <ele>163.30443843964744</ele>
      </trkpt>
      <trkpt lat="54.48033" lon="-2.34995">
        <ele>163.40431614781332</ele>
      </trkpt>
      <trkpt lat="54.4804" lon="-2.34998">
        <ele>163.60535328202</ele>
      </trkpt>
      <trkpt lat="54.48064" lon="-2.34996">
        <ele>164.81085638678746</ele>
      </trkpt>
      <trkpt lat="54.48066" lon="-2.35002">
        <ele>164.61145153008442</ele>
      </trkpt>
      <trkpt lat="54.48204" lon="-2.34896">
        <ele>168.19851750743751</ele>
      </trkpt>
      <trkpt lat="54.4821" lon="-2.34849">
        <ele>170.00654787574916</ele>
      </trkpt>
      <trkpt lat="54.48248" lon="-2.34776">
        <ele>171.3066092100297</ele>
      </trkpt>
      <trkpt lat="54.48301" lon="-2.34643">
        <ele>168.01200992334637</ele>
      </trkpt>
      <trkpt lat="54.48317" lon="-2.3459">
        <ele>167.97159822222355</ele>
      </trkpt>
      <trkpt lat="54.48324" lon="-2.34588">
        <ele>167.9482965333395</ele>
      </trkpt>
      <trkpt lat="54.48364" lon="-2.34579">
        <ele>168.82957314178512</ele>
      </trkpt>
      <trkpt lat="54.48518" lon="-2.3436">
        <ele>172.7281250336216</ele>
      </trkpt>
      <trkpt lat="54.48619" lon="-2.34259">
        <ele>175.55941359070178</ele>
      </trkpt>
      <trkpt lat="54.48691" lon="-2.34139">
        <ele>173.09848981904895</ele>
      </trkpt>
      <trkpt lat="54.48734" lon="-2.341">
        <ele>170.1365020855102</ele>
      </trkpt>
      <trkpt lat="54.48856" lon="-2.33904">
        <ele>165.73735680002807</ele>
      </trkpt>
      <trkpt lat="54.48952" lon="-2.33919">
        <ele>169.3065818452753</ele>
      </trkpt>
      <trkpt lat="54.49006" lon="-2.33941">
        <ele>170.34396780985446</ele>
      </trkpt>
      <trkpt lat="54.49012" lon="-2.33866">
        <ele>169.92763837406054</ele>
      </trkpt>
      <trkpt lat="54.49018" lon="-2.33856">
        <ele>169.98012159999956</ele>
      </trkpt>
      <trkpt lat="54.49013" lon="-2.33841">
        <ele>170.16246414091498</ele>
      </trkpt>
      <trkpt lat="54.49013" lon="-2.33829">
        <ele>170.30945199068398</ele>
      </trkpt>
      <trkpt lat="54.49025" lon="-2.337">
        <ele>170.93453226222502</ele>
      </trkpt>
      <trkpt lat="54.49028" lon="-2.33617">
        <ele>169.9067017881679</ele>
      </trkpt>
      <trkpt lat="54.49021" lon="-2.33531">
        <ele>170.14711169905547</ele>
      </trkpt>
      <trkpt lat="54.49008" lon="-2.33452">
        <ele>170.6662531868561</ele>
      </trkpt>
      <trkpt lat="54.49" lon="-2.33421">
        <ele>170.90000000000146</ele>
      </trkpt>
      <trkpt lat="54.48996" lon="-2.33397">
        <ele>171.45571840000454</ele>
      </trkpt>
      <trkpt lat="54.48991" lon="-2.3333">
        <ele>172</ele>
      </trkpt>
      <trkpt lat="54.49" lon="-2.33251">
        <ele>171.7866474666638</ele>
      </trkpt>
      <trkpt lat="54.48989" lon="-2.33081">
        <ele>178.11606920925013</ele>
      </trkpt>
      <trkpt lat="54.49" lon="-2.3301">
        <ele>179.37849196759146</ele>
      </trkpt>
      <trkpt lat="54.49013" lon="-2.33002">
        <ele>178.75495200152477</ele>
      </trkpt>
      <trkpt lat="54.49053" lon="-2.32952">
        <ele>176.13342841099987</ele>
      </trkpt>
      <trkpt lat="54.49131" lon="-2.32776">
        <ele>172.7621209899168</ele>
      </trkpt>
      <trkpt lat="54.49242" lon="-2.32629">
        <ele>167.68351691886897</ele>
      </trkpt>
      <trkpt lat="54.49341" lon="-2.32462">
        <ele>167.07789167540903</ele>
      </trkpt>
      <trkpt lat="54.49376" lon="-2.32457">
        <ele>167.9276124189147</ele>
      </trkpt>
      <trkpt lat="54.49443" lon="-2.3206">
        <ele>169.93605945143042</ele>
      </trkpt>
      <trkpt lat="54.49478" lon="-2.32073">
        <ele>170.92015415993637</ele>
      </trkpt>
      <trkpt lat="54.49502" lon="-2.31989">
        <ele>170.90000000000146</ele>
      </trkpt>
      <trkpt lat="54.49526" lon="-2.31959">
        <ele>170.71822648889</ele>
      </trkpt>
      <trkpt lat="54.49629" lon="-2.31883">
        <ele>170.20122300805596</ele>
      </trkpt>
      <trkpt lat="54.497" lon="-2.31859">
        <ele>169.2475382973915</ele>
      </trkpt>
      <trkpt lat="54.49761" lon="-2.319">
        <ele>169.64154855914344</ele>
      </trkpt>
      <trkpt lat="54.49788" lon="-2.31897">
        <ele>169.02153394236308</ele>
      </trkpt>
      <trkpt lat="54.4981" lon="-2.31898">
        <ele>168.26136505708644</ele>
      </trkpt>
      <trkpt lat="54.49853" lon="-2.3185">
        <ele>167</ele>
      </trkpt>
      <trkpt lat="54.49874" lon="-2.31833">
        <ele>166.55344810338656</ele>
      </trkpt>
      <trkpt lat="54.49893" lon="-2.31813">
        <ele>166</ele>
      </trkpt>
      <trkpt lat="54.49904" lon="-2.31789">
        <ele>165.69607964428081</ele>
      </trkpt>
      <trkpt lat="54.49917" lon="-2.3175">
        <ele>165.15632298822362</ele>
      </trkpt>
      <trkpt lat="54.49926" lon="-2.31707">
        <ele>165.90000000000146</ele>
      </trkpt>
      <trkpt lat="54.49926" lon="-2.31686">
        <ele>166.22490808889353</ele>
      </trkpt>
      <trkpt lat="54.49933" lon="-2.31688">
        <ele>166.17830471112455</ele>
      </trkpt>
      <trkpt lat="54.49947" lon="-2.31693">
        <ele>166.2337233831443</ele>
      </trkpt>
      <trkpt lat="54.5" lon="-2.31729">
        <ele>166.33038335701096</ele>
      </trkpt>
      <trkpt lat="54.50084" lon="-2.31752">
        <ele>167.12066815565424</ele>
      </trkpt>
      <trkpt lat="54.50106" lon="-2.31773">
        <ele>167.70437489820236</ele>
      </trkpt>
      <trkpt lat="54.50286" lon="-2.31872">
        <ele>166.5230848188375</ele>
      </trkpt>
      <trkpt lat="54.50318" lon="-2.31907">
        <ele>166.45411111991967</ele>
      </trkpt>
      <trkpt lat="54.5032" lon="-2.3196">
        <ele>167.1375123786583</ele>
      </trkpt>
      <trkpt lat="54.50346" lon="-2.32047">
        <ele>163.66300912276256</ele>
      </trkpt>
      <trkpt lat="54.50348" lon="-2.32032">
        <ele>163.83995951461353</ele>
      </trkpt>
      <trkpt lat="54.50352" lon="-2.32024">
        <ele>163.29420872471252</ele>
      </trkpt>
      <trkpt lat="54.50361" lon="-2.32019">
        <ele>162.4286605376464</ele>
      </trkpt>
      <trkpt lat="54.50379" lon="-2.32027">
        <ele>161.2956902235757</ele>
      </trkpt>
      <trkpt lat="54.50429" lon="-2.31657">
        <ele>165.29940052551527</ele>
      </trkpt>
      <trkpt lat="54.50447" lon="-2.31589">
        <ele>164.53844496626635</ele>
      </trkpt>
      <trkpt lat="54.50537" lon="-2.31551">
        <ele>164.9672769349306</ele>
      </trkpt>
      <trkpt lat="54.50562" lon="-2.31501">
        <ele>164.1642794666818</ele>
      </trkpt>
      <trkpt lat="54.50639" lon="-2.31028">
        <ele>168.11403273697982</ele>
      </trkpt>
      <trkpt lat="54.50643" lon="-2.30882">
        <ele>168.3365279188154</ele>
      </trkpt>
      <trkpt lat="54.50629" lon="-2.30651">
        <ele>167.64986598901507</ele>
      </trkpt>
      <trkpt lat="54.50651" lon="-2.30567">
        <ele>170.36373962252435</ele>
      </trkpt>
      <trkpt lat="54.50648" lon="-2.30411">
        <ele>172.1213143178969</ele>
      </trkpt>
      <trkpt lat="54.50706" lon="-2.30281">
        <ele>178.57116599443913</ele>
      </trkpt>
      <trkpt lat="54.50711" lon="-2.30277">
        <ele>179.0708108066824</ele>
      </trkpt>
      <trkpt lat="54.50723" lon="-2.30289">
        <ele>179.2156859044459</ele>
      </trkpt>
      <trkpt lat="54.50865" lon="-2.30314">
        <ele>180.44223786669392</ele>
      </trkpt>
      <trkpt lat="54.50895" lon="-2.30316">
        <ele>179.59458127361827</ele>
      </trkpt>
      <trkpt lat="54.50901" lon="-2.30379">
        <ele>178.34686760041012</ele>
      </trkpt>
      <trkpt lat="54.50966" lon="-2.31216">
        <ele>193.53796353220707</ele>
      </trkpt>
      <trkpt lat="54.50987" lon="-2.31323">
        <ele>189.37998870887358</ele>
      </trkpt>
      <trkpt lat="54.50992" lon="-2.31328">
        <ele>189.004754000624</ele>
      </trkpt>
      <trkpt lat="54.51003" lon="-2.31315">
        <ele>188.96823551125357</ele>
      </trkpt>
      <trkpt lat="54.51025" lon="-2.313">
        <ele>188.02230980295982</ele>
      </trkpt>
      <trkpt lat="54.51042" lon="-2.31235">
        <ele>189.65691855694197</ele>
      </trkpt>
      <trkpt lat="54.51055" lon="-2.31218">
        <ele>188.15392919838857</ele>
      </trkpt>
      <trkpt lat="54.51077" lon="-2.31224">
        <ele>184.25767435231347</ele>
      </trkpt>
      <trkpt lat="54.51095" lon="-2.31224">
        <ele>180.77726777236444</ele>
      </trkpt>
      <trkpt lat="54.51156" lon="-2.31213">
        <ele>175.0089716876862</ele>
      </trkpt>
      <trkpt lat="54.51205" lon="-2.31244">
        <ele>180.18842580407028</ele>
      </trkpt>
      <trkpt lat="54.51258" lon="-2.31262">
        <ele>185.20992232539365</ele>
      </trkpt>
      <trkpt lat="54.51264" lon="-2.31311">
        <ele>184.30765104112294</ele>
      </trkpt>
      <trkpt lat="54.513" lon="-2.31342">
        <ele>184.7245618910111</ele>
      </trkpt>
      <trkpt lat="54.51423" lon="-2.31481">
        <ele>188.99562834170692</ele>
      </trkpt>
      <trkpt lat="54.51539" lon="-2.31534">
        <ele>199.95289573303876</ele>
      </trkpt>
      <trkpt lat="54.51623" lon="-2.31577">
        <ele>205.8731274581596</ele>
      </trkpt>
      <trkpt lat="54.51771" lon="-2.31721">
        <ele>195.02405928392056</ele>
      </trkpt>
      <trkpt lat="54.51781" lon="-2.31753">
        <ele>192.29474796261655</ele>
      </trkpt>
      <trkpt lat="54.51866" lon="-2.31724">
        <ele>187.82152516974696</ele>
      </trkpt>
      <trkpt lat="54.51873" lon="-2.317">
        <ele>187.9592425884692</ele>
      </trkpt>
      <trkpt lat="54.51885" lon="-2.31715">
        <ele>186.90270513653684</ele>
      </trkpt>
      <trkpt lat="54.51886" lon="-2.31776">
        <ele>185.38699861746397</ele>
      </trkpt>
      <trkpt lat="54.51997" lon="-2.31842">
        <ele>184.2963855657501</ele>
      </trkpt>
      <trkpt lat="54.51983" lon="-2.31935">
        <ele>183.84557511108008</ele>
      </trkpt>
      <trkpt lat="54.51971" lon="-2.31982">
        <ele>181.2948399949773</ele>
      </trkpt>
      <trkpt lat="54.5196" lon="-2.3205">
        <ele>176.53845381138493</ele>
      </trkpt>
      <trkpt lat="54.51964" lon="-2.32119">
        <ele>172.2380105562745</ele>
      </trkpt>
      <trkpt lat="54.51985" lon="-2.32167">
        <ele>171.20457495134394</ele>
      </trkpt>
      <trkpt lat="54.52028" lon="-2.32196">
        <ele>173.2402988838035</ele>
      </trkpt>
      <trkpt lat="54.52025" lon="-2.32205">
        <ele>172.02153838373584</ele>
      </trkpt>
      <trkpt lat="54.52" lon="-2.3227">
        <ele>164.3327477646111</ele>
      </trkpt>
      <trkpt lat="54.51982" lon="-2.32331">
        <ele>163.38463019134346</ele>
      </trkpt>
      <trkpt lat="54.5195" lon="-2.32399">
        <ele>166.37673377525164</ele>
      </trkpt>
      <trkpt lat="54.5195" lon="-2.32445">
        <ele>168.69607956991533</ele>
      </trkpt>
      <trkpt lat="54.51936" lon="-2.32549">
        <ele>175.79774240001694</ele>
      </trkpt>
      <trkpt lat="54.51934" lon="-2.32651">
        <ele>181.05882625714926</ele>
      </trkpt>
      <trkpt lat="54.51934" lon="-2.32982">
        <ele>188.2915031380962</ele>
      </trkpt>
      <trkpt lat="54.51916" lon="-2.33187">
        <ele>186.98547003514446</ele>
      </trkpt>
      <trkpt lat="54.51909" lon="-2.33314">
        <ele>186.00269190128898</ele>
      </trkpt>
      <trkpt lat="54.51925" lon="-2.33403">
        <ele>185.40308335961373</ele>
      </trkpt>
      <trkpt lat="54.51927" lon="-2.33495">
        <ele>181.96701345115548</ele>
      </trkpt>
      <trkpt lat="54.51914" lon="-2.33598">
        <ele>179.44454771293044</ele>
      </trkpt>
      <trkpt lat="54.51883" lon="-2.33653">
        <ele>174.73842737895941</ele>
      </trkpt>
      <trkpt lat="54.51884" lon="-2.33705">
        <ele>173.02125863591326</ele>
      </trkpt>
      <trkpt lat="54.51873" lon="-2.33802">
        <ele>168.32687135997833</ele>
      </trkpt>
      <trkpt lat="54.51879" lon="-2.33983">
        <ele>161.80399728899377</ele>
      </trkpt>
      <trkpt lat="54.51858" lon="-2.34028">
        <ele>156.70085517795616</ele>
      </trkpt>
      <trkpt lat="54.51835" lon="-2.34444">
        <ele>152.5588501333261</ele>
      </trkpt>
      <trkpt lat="54.51744" lon="-2.34522">
        <ele>149</ele>
      </trkpt>
      <trkpt lat="54.51719" lon="-2.34603">
        <ele>150.63481847420383</ele>
      </trkpt>
      <trkpt lat="54.51609" lon="-2.34785">
        <ele>148.43946736717692</ele>
      </trkpt>
      <trkpt lat="54.51605" lon="-2.34794">
        <ele>148.15217750209905</ele>
      </trkpt>
      <trkpt lat="54.51589" lon="-2.34936">
        <ele>148.462182872069</ele>
      </trkpt>
      <trkpt lat="54.51536" lon="-2.35112">
        <ele>148</ele>
      </trkpt>
      <trkpt lat="54.51565" lon="-2.35133">
        <ele>148.79111499495446</ele>
      </trkpt>
      <trkpt lat="54.51617" lon="-2.35165">
        <ele>153.42447375059228</ele>
      </trkpt>
      <trkpt lat="54.51621" lon="-2.35168">
        <ele>153.6607355139224</ele>
      </trkpt>
      <trkpt lat="54.51625" lon="-2.35201">
        <ele>154.68072049803382</ele>
      </trkpt>
      <trkpt lat="54.51608" lon="-2.35297">
        <ele>155.53901389143508</ele>
      </trkpt>
      <trkpt lat="54.51577" lon="-2.35539">
        <ele>171.24066212134483</ele>
      </trkpt>
      <trkpt lat="54.51579" lon="-2.35817">
        <ele>179.17666569143077</ele>
      </trkpt>
      <trkpt lat="54.51562" lon="-2.35908">
        <ele>178.9601197897229</ele>
      </trkpt>
      <trkpt lat="54.51592" lon="-2.35992">
        <ele>173.11350952545786</ele>
      </trkpt>
      <trkpt lat="54.51582" lon="-2.35998">
        <ele>173.35691114647722</ele>
      </trkpt>
      <trkpt lat="54.51575" lon="-2.36005">
        <ele>173.1570016676445</ele>
      </trkpt>
      <trkpt lat="54.5156" lon="-2.36027">
        <ele>171.51646220535062</ele>
      </trkpt>
      <trkpt lat="54.51555" lon="-2.3604">
        <ele>170.50505666383663</ele>
      </trkpt>
      <trkpt lat="54.51545" lon="-2.36046">
        <ele>169.8472814010769</ele>
      </trkpt>
      <trkpt lat="54.51464" lon="-2.36064">
        <ele>160.95678335037735</ele>
      </trkpt>
      <trkpt lat="54.51402" lon="-2.36054">
        <ele>152.48108288461887</ele>
      </trkpt>
      <trkpt lat="54.51393" lon="-2.3608">
        <ele>150.85906140017855</ele>
      </trkpt>
      <trkpt lat="54.51379" lon="-2.36074">
        <ele>149.344646946545</ele>
      </trkpt>
      <trkpt lat="54.51377" lon="-2.36084">
        <ele>149.19774163831053</ele>
      </trkpt>
      <trkpt lat="54.51364" lon="-2.36082">
        <ele>148.22529447577452</ele>
      </trkpt>
      <trkpt lat="54.51323" lon="-2.36268">
        <ele>145.55959816733417</ele>
      </trkpt>
      <trkpt lat="54.51325" lon="-2.3634">
        <ele>144</ele>
      </trkpt>
      <trkpt lat="54.51318" lon="-2.3634">
        <ele>144</ele>
      </trkpt>
      <trkpt lat="54.51311" lon="-2.36339">
        <ele>144</ele>
      </trkpt>
      <trkpt lat="54.51275" lon="-2.36324">
        <ele>144.99076062515513</ele>
      </trkpt>
      <trkpt lat="54.51251" lon="-2.36323">
        <ele>146.6772238801447</ele>
      </trkpt>
      <trkpt lat="54.51236" lon="-2.36441">
        <ele>146.62273612401953</ele>
      </trkpt>
      <trkpt lat="54.5127" lon="-2.36924">
        <ele>149.1107454244517</ele>
      </trkpt>
      <trkpt lat="54.51274" lon="-2.37055">
        <ele>148.98551952345392</ele>
      </trkpt>
      <trkpt lat="54.51295" lon="-2.37164">
        <ele>147.50301922373563</ele>
      </trkpt>
      <trkpt lat="54.5131" lon="-2.37289">
        <ele>147.61722737778953</ele>
      </trkpt>
      <trkpt lat="54.51308" lon="-2.37409">
        <ele>147.169342577784</ele>
      </trkpt>
      <trkpt lat="54.51299" lon="-2.37519">
        <ele>147.2471749512953</ele>
      </trkpt>
      <trkpt lat="54.51283" lon="-2.3769">
        <ele>150.0106656786993</ele>
      </trkpt>
      <trkpt lat="54.51268" lon="-2.37938">
        <ele>146.2263545827017</ele>
      </trkpt>
      <trkpt lat="54.51263" lon="-2.37983">
        <ele>146.427050195076</ele>
      </trkpt>
      <trkpt lat="54.51251" lon="-2.38046">
        <ele>146.80871866271002</ele>
      </trkpt>
      <trkpt lat="54.51248" lon="-2.38091">
        <ele>146.86456777926202</ele>
      </trkpt>
      <trkpt lat="54.5125" lon="-2.38199">
        <ele>146.90000000000146</ele>
      </trkpt>
      <trkpt lat="54.51247" lon="-2.3825">
        <ele>146.90000000000146</ele>
      </trkpt>
      <trkpt lat="54.51236" lon="-2.38307">
        <ele>146.90000000000148</ele>
      </trkpt>
      <trkpt lat="54.51227" lon="-2.38335">
        <ele>146.88201500983115</ele>
      </trkpt>
      <trkpt lat="54.51182" lon="-2.38428">
        <ele>146.98914244645292</ele>
      </trkpt>
      <trkpt lat="54.51171" lon="-2.38463">
        <ele>146.71412048006124</ele>
      </trkpt>
      <trkpt lat="54.51108" lon="-2.38786">
        <ele>146.97424617053514</ele>
      </trkpt>
      <trkpt lat="54.51112" lon="-2.38766">
        <ele>146.88794196266824</ele>
      </trkpt>
      <trkpt lat="54.51219" lon="-2.38794">
        <ele>145.84658049605912</ele>
      </trkpt>
      <trkpt lat="54.51429" lon="-2.38892">
        <ele>145.96808772399137</ele>
      </trkpt>
      <trkpt lat="54.5151" lon="-2.38873">
        <ele>147.36149655605135</ele>
      </trkpt>
      <trkpt lat="54.51598" lon="-2.38706">
        <ele>147.62841577407477</ele>
      </trkpt>
      <trkpt lat="54.51695" lon="-2.38734">
        <ele>149.13017864502098</ele>
      </trkpt>
      <trkpt lat="54.51724" lon="-2.38796">
        <ele>149.29679316194944</ele>
      </trkpt>
      <trkpt lat="54.51814" lon="-2.38857">
        <ele>144.4908443641484</ele>
      </trkpt>
      <trkpt lat="54.51858" lon="-2.38786">
        <ele>143.40826327094112</ele>
      </trkpt>
      <trkpt lat="54.51939" lon="-2.38765">
        <ele>143.81383817149433</ele>
      </trkpt>
      <trkpt lat="54.51962" lon="-2.38879">
        <ele>143.873789866688</ele>
      </trkpt>
      <trkpt lat="54.52154" lon="-2.38952">
        <ele>162.74043861381668</ele>
      </trkpt>
      <trkpt lat="54.52181" lon="-2.38969">
        <ele>164.56263023064477</ele>
      </trkpt>
      <trkpt lat="54.52221" lon="-2.39007">
        <ele>167.63351253336344</ele>
      </trkpt>
      <trkpt lat="54.52268" lon="-2.3906">
        <ele>167.32330075378604</ele>
      </trkpt>
      <trkpt lat="54.52314" lon="-2.39119">
        <ele>167.3533935664932</ele>
      </trkpt>
      <trkpt lat="54.52464" lon="-2.39323">
        <ele>154.3425757541965</ele>
      </trkpt>
      <trkpt lat="54.52489" lon="-2.39416">
        <ele>153.41896019331713</ele>
      </trkpt>
      <trkpt lat="54.52519" lon="-2.39488">
        <ele>151.45579723035988</ele>
      </trkpt>
      <trkpt lat="54.52575" lon="-2.39572">
        <ele>147.8366206566347</ele>
      </trkpt>
      <trkpt lat="54.52622" lon="-2.39624">
        <ele>147.90063474527665</ele>
      </trkpt>
      <trkpt lat="54.52681" lon="-2.39663">
        <ele>144.77621512413447</ele>
      </trkpt>
      <trkpt lat="54.52746" lon="-2.39662">
        <ele>145.0091044501408</ele>
      </trkpt>
      <trkpt lat="54.52825" lon="-2.39622">
        <ele>145.1918848000474</ele>
      </trkpt>
      <trkpt lat="54.5286" lon="-2.39594">
        <ele>142.0123764793389</ele>
      </trkpt>
      <trkpt lat="54.52874" lon="-2.39588">
        <ele>142.2704906287999</ele>
      </trkpt>
      <trkpt lat="54.52885" lon="-2.39591">
        <ele>142.67642412174422</ele>
      </trkpt>
      <trkpt lat="54.52897" lon="-2.39598">
        <ele>143.35601275478643</ele>
      </trkpt>
      <trkpt lat="54.52921" lon="-2.39625">
        <ele>144.50690775956622</ele>
      </trkpt>
      <trkpt lat="54.52947" lon="-2.39671">
        <ele>143.71681545514087</ele>
      </trkpt>
      <trkpt lat="54.52979" lon="-2.39742">
        <ele>140.5960618534827</ele>
      </trkpt>
      <trkpt lat="54.53037" lon="-2.3985">
        <ele>141.50482318485243</ele>
      </trkpt>
      <trkpt lat="54.53039" lon="-2.39894">
        <ele>141.85986439855884</ele>
      </trkpt>
      <trkpt lat="54.53049" lon="-2.39954">
        <ele>141.60096037103824</ele>
      </trkpt>
      <trkpt lat="54.53051" lon="-2.39975">
        <ele>141.1139460153887</ele>
      </trkpt>
      <trkpt lat="54.53062" lon="-2.40016">
        <ele>139.72825569675348</ele>
      </trkpt>
      <trkpt lat="54.53076" lon="-2.40048">
        <ele>139.27419849602344</ele>
      </trkpt>
      <trkpt lat="54.5309" lon="-2.40072">
        <ele>139.51804027636564</ele>
      </trkpt>
      <trkpt lat="54.53125" lon="-2.4012">
        <ele>140.13052632301162</ele>
      </trkpt>
      <trkpt lat="54.53145" lon="-2.40153">
        <ele>141.6865619237076</ele>
      </trkpt>
      <trkpt lat="54.53158" lon="-2.40184">
        <ele>142</ele>
      </trkpt>
      <trkpt lat="54.53166" lon="-2.40212">
        <ele>141.86227391185372</ele>
      </trkpt>
      <trkpt lat="54.53177" lon="-2.40289">
        <ele>142</ele>
      </trkpt>
      <trkpt lat="54.5318" lon="-2.40325">
        <ele>142.18919111110804</ele>
      </trkpt>
      <trkpt lat="54.53185" lon="-2.40346">
        <ele>143.30315306671014</ele>
      </trkpt>
      <trkpt lat="54.53189" lon="-2.40354">
        <ele>143.83532799994646</ele>
      </trkpt>
      <trkpt lat="54.53195" lon="-2.40359">
        <ele>144.30666459223823</ele>
      </trkpt>
      <trkpt lat="54.53223" lon="-2.40372">
        <ele>146.83926880976742</ele>
      </trkpt>
      <trkpt lat="54.53231" lon="-2.40437">
        <ele>151.69310983605763</ele>
      </trkpt>
      <trkpt lat="54.53244" lon="-2.405">
        <ele>156.11515689418212</ele>
      </trkpt>
      <trkpt lat="54.53253" lon="-2.40533">
        <ele>157.26848157669957</ele>
      </trkpt>
      <trkpt lat="54.53293" lon="-2.40657">
        <ele>163.2985707783141</ele>
      </trkpt>
      <trkpt lat="54.5331" lon="-2.40701">
        <ele>165.73886511926628</ele>
      </trkpt>
      <trkpt lat="54.5336" lon="-2.40804">
        <ele>169.96994560000064</ele>
      </trkpt>
      <trkpt lat="54.53375" lon="-2.40827">
        <ele>170.4722394635907</ele>
      </trkpt>
      <trkpt lat="54.5339" lon="-2.40857">
        <ele>170.98744035556467</ele>
      </trkpt>
      <trkpt lat="54.534" lon="-2.40884">
        <ele>171.57795676050938</ele>
      </trkpt>
      <trkpt lat="54.53449" lon="-2.41038">
        <ele>169.29497880030104</ele>
      </trkpt>
      <trkpt lat="54.53464" lon="-2.41109">
        <ele>169.21616378401058</ele>
      </trkpt>
      <trkpt lat="54.53464" lon="-2.41125">
        <ele>169.22787688732976</ele>
      </trkpt>
      <trkpt lat="54.53461" lon="-2.41136">
        <ele>169.27756642624837</ele>
      </trkpt>
      <trkpt lat="54.53434" lon="-2.41183">
        <ele>170.01164428074108</ele>
      </trkpt>
      <trkpt lat="54.53427" lon="-2.41201">
        <ele>169.90000000000146</ele>
      </trkpt>
      <trkpt lat="54.53402" lon="-2.41285">
        <ele>167.29252852147903</ele>
      </trkpt>
      <trkpt lat="54.53404" lon="-2.41296">
        <ele>166.976739491873</ele>
      </trkpt>
      <trkpt lat="54.53414" lon="-2.41327">
        <ele>167.14133594238686</ele>
      </trkpt>
      <trkpt lat="54.53427" lon="-2.41357">
        <ele>169.10915506965986</ele>
      </trkpt>
      <trkpt lat="54.53434" lon="-2.41396">
        <ele>169.91790091814556</ele>
      </trkpt>
      <trkpt lat="54.53513" lon="-2.41701">
        <ele>169.43781332275972</ele>
      </trkpt>
      <trkpt lat="54.53526" lon="-2.41765">
        <ele>168.01139977605652</ele>
      </trkpt>
      <trkpt lat="54.53545" lon="-2.41841">
        <ele>166.14035407663425</ele>
      </trkpt>
      <trkpt lat="54.53563" lon="-2.41899">
        <ele>165.31783473077334</ele>
      </trkpt>
      <trkpt lat="54.53564" lon="-2.41912">
        <ele>164.71649650838373</ele>
      </trkpt>
      <trkpt lat="54.53573" lon="-2.41952">
        <ele>163.26005210951038</ele>
      </trkpt>
      <trkpt lat="54.53592" lon="-2.42027">
        <ele>159.98737439303144</ele>
      </trkpt>
      <trkpt lat="54.53599" lon="-2.42031">
        <ele>160.07022570297227</ele>
      </trkpt>
      <trkpt lat="54.53642" lon="-2.42195">
        <ele>148.13822031519388</ele>
      </trkpt>
      <trkpt lat="54.53657" lon="-2.42246">
        <ele>143.93629368897578</ele>
      </trkpt>
      <trkpt lat="54.53662" lon="-2.42285">
        <ele>140.95092266663005</ele>
      </trkpt>
      <trkpt lat="54.53656" lon="-2.42333">
        <ele>137.94429584442724</ele>
      </trkpt>
      <trkpt lat="54.53686" lon="-2.42345">
        <ele>137.785433244198</ele>
      </trkpt>
      <trkpt lat="54.53684" lon="-2.42368">
        <ele>136.90168561544627</ele>
      </trkpt>
      <trkpt lat="54.53676" lon="-2.42448">
        <ele>136.7718403904058</ele>
      </trkpt>
      <trkpt lat="54.5364" lon="-2.42686">
        <ele>146.78100906666475</ele>
      </trkpt>
      <trkpt lat="54.5365" lon="-2.42963">
        <ele>170.5958309986168</ele>
      </trkpt>
      <trkpt lat="54.53671" lon="-2.43038">
        <ele>176.4706573510556</ele>
      </trkpt>
      <trkpt lat="54.53942" lon="-2.43514">
        <ele>165.74727135710503</ele>
      </trkpt>
      <trkpt lat="54.54004" lon="-2.43653">
        <ele>160.07540029361928</ele>
      </trkpt>
      <trkpt lat="54.54041" lon="-2.43745">
        <ele>153.83031957694453</ele>
      </trkpt>
      <trkpt lat="54.54045" lon="-2.43779">
        <ele>153.43878651652008</ele>
      </trkpt>
      <trkpt lat="54.54042" lon="-2.43849">
        <ele>153.252871480227</ele>
      </trkpt>
      <trkpt lat="54.5403" lon="-2.4395">
        <ele>151.60290973731378</ele>
      </trkpt>
      <trkpt lat="54.54034" lon="-2.43997">
        <ele>151.84033992746845</ele>
      </trkpt>
      <trkpt lat="54.54039" lon="-2.44033">
        <ele>152.3489102918036</ele>
      </trkpt>
      <trkpt lat="54.54055" lon="-2.44074">
        <ele>153.24121999242166</ele>
      </trkpt>
      <trkpt lat="54.54138" lon="-2.44219">
        <ele>152.88233737675534</ele>
      </trkpt>
      <trkpt lat="54.54198" lon="-2.44291">
        <ele>147.88001022506577</ele>
      </trkpt>
      <trkpt lat="54.54246" lon="-2.44414">
        <ele>142.01220193211563</ele>
      </trkpt>
      <trkpt lat="54.54272" lon="-2.44451">
        <ele>140.20399415697977</ele>
      </trkpt>
      <trkpt lat="54.54286" lon="-2.44494">
        <ele>139.36279090142327</ele>
      </trkpt>
      <trkpt lat="54.54306" lon="-2.44574">
        <ele>139.6681681373951</ele>
      </trkpt>
      <trkpt lat="54.54311" lon="-2.44635">
        <ele>139.14351921791786</ele>
      </trkpt>
      <trkpt lat="54.54318" lon="-2.44672">
        <ele>139.0848624606312</ele>
      </trkpt>
      <trkpt lat="54.54352" lon="-2.44783">
        <ele>141.51556449413613</ele>
      </trkpt>
      <trkpt lat="54.54369" lon="-2.44846">
        <ele>141.97955819152983</ele>
      </trkpt>
      <trkpt lat="54.54388" lon="-2.44887">
        <ele>140.57720494505273</ele>
      </trkpt>
      <trkpt lat="54.54393" lon="-2.44902">
        <ele>141.16255141305768</ele>
      </trkpt>
      <trkpt lat="54.54402" lon="-2.44958">
        <ele>143.03530332840666</ele>
      </trkpt>
      <trkpt lat="54.54444" lon="-2.45147">
        <ele>141.9262098765004</ele>
      </trkpt>
      <trkpt lat="54.54471" lon="-2.45205">
        <ele>141.030688633305</ele>
      </trkpt>
      <trkpt lat="54.54491" lon="-2.45311">
        <ele>139.50681455535903</ele>
      </trkpt>
      <trkpt lat="54.54501" lon="-2.45342">
        <ele>139.12690326748339</ele>
      </trkpt>
      <trkpt lat="54.54524" lon="-2.45388">
        <ele>138.61316907331388</ele>
      </trkpt>
      <trkpt lat="54.54535" lon="-2.454">
        <ele>138.18277333332293</ele>
      </trkpt>
      <trkpt lat="54.54551" lon="-2.45408">
        <ele>137.9482729791904</ele>
      </trkpt>
      <trkpt lat="54.54591" lon="-2.45408">
        <ele>137.04940468456056</ele>
      </trkpt>
      <trkpt lat="54.54624" lon="-2.45423">
        <ele>137.55079920946173</ele>
      </trkpt>
      <trkpt lat="54.54642" lon="-2.45436">
        <ele>138.1590957270941</ele>
      </trkpt>
      <trkpt lat="54.5467" lon="-2.45455">
        <ele>139.04196247872912</ele>
      </trkpt>
      <trkpt lat="54.54701" lon="-2.45544">
        <ele>140.68886918188144</ele>
      </trkpt>
      <trkpt lat="54.54732" lon="-2.45737">
        <ele>143.84929145109038</ele>
      </trkpt>
      <trkpt lat="54.54744" lon="-2.45894">
        <ele>141.48398126275367</ele>
      </trkpt>
      <trkpt lat="54.54767" lon="-2.45964">
        <ele>141.4061629309332</ele>
      </trkpt>
      <trkpt lat="54.54774" lon="-2.4608">
        <ele>141.1194026666465</ele>
      </trkpt>
      <trkpt lat="54.54787" lon="-2.46181">
        <ele>141.223718349287</ele>
      </trkpt>
      <trkpt lat="54.54802" lon="-2.46199">
        <ele>140.19355565439972</ele>
      </trkpt>
      <trkpt lat="54.54872" lon="-2.46279">
        <ele>140.57546022462293</ele>
      </trkpt>
      <trkpt lat="54.54947" lon="-2.46312">
        <ele>139.8022905883856</ele>
      </trkpt>
      <trkpt lat="54.54949" lon="-2.4635">
        <ele>139.03647571476262</ele>
      </trkpt>
      <trkpt lat="54.54948" lon="-2.46383">
        <ele>138.91771560087858</ele>
      </trkpt>
      <trkpt lat="54.54948" lon="-2.46392">
        <ele>139.0778638384375</ele>
      </trkpt>
      <trkpt lat="54.55004" lon="-2.46363">
        <ele>137.66088405023388</ele>
      </trkpt>
      <trkpt lat="54.55006" lon="-2.46393">
        <ele>137.50521870816613</ele>
      </trkpt>
      <trkpt lat="54.55017" lon="-2.4643">
        <ele>137.3655275506756</ele>
      </trkpt>
      <trkpt lat="54.55035" lon="-2.46474">
        <ele>137.5955334012408</ele>
      </trkpt>
      <trkpt lat="54.55134" lon="-2.46583">
        <ele>139.00006579970776</ele>
      </trkpt>
      <trkpt lat="54.55134" lon="-2.46594">
        <ele>139.065796813695</ele>
      </trkpt>
      <trkpt lat="54.55153" lon="-2.46634">
        <ele>141.1101414961047</ele>
      </trkpt>
      <trkpt lat="54.5517" lon="-2.46686">
        <ele>143.88636841501716</ele>
      </trkpt>
      <trkpt lat="54.55176" lon="-2.46717">
        <ele>145.245555199963</ele>
      </trkpt>
      <trkpt lat="54.55179" lon="-2.46748">
        <ele>147.3353898666807</ele>
      </trkpt>
      <trkpt lat="54.55174" lon="-2.46833">
        <ele>152.06308276339007</ele>
      </trkpt>
      <trkpt lat="54.55175" lon="-2.46861">
        <ele>151.15530221592664</ele>
      </trkpt>
      <trkpt lat="54.55181" lon="-2.46886">
        <ele>150.58873360939418</ele>
      </trkpt>
      <trkpt lat="54.55181" lon="-2.46915">
        <ele>149.77530001773846</ele>
      </trkpt>
      <trkpt lat="54.55178" lon="-2.46929">
        <ele>149.96067746882397</ele>
      </trkpt>
      <trkpt lat="54.55081" lon="-2.47015">
        <ele>151.19997866668345</ele>
      </trkpt>
      <trkpt lat="54.55068" lon="-2.47029">
        <ele>150.61419093329494</ele>
      </trkpt>
      <trkpt lat="54.55055" lon="-2.47039">
        <ele>150.26111786663628</ele>
      </trkpt>
      <trkpt lat="54.5505" lon="-2.47038">
        <ele>150.2960703999979</ele>
      </trkpt>
      <trkpt lat="54.55045" lon="-2.47048">
        <ele>149.94654506666132</ele>
      </trkpt>
      <trkpt lat="54.55051" lon="-2.47071">
        <ele>149.1426367999758</ele>
      </trkpt>
      <trkpt lat="54.55063" lon="-2.47094">
        <ele>148.5287463360939</ele>
      </trkpt>
      <trkpt lat="54.55077" lon="-2.47135">
        <ele>147.9721094319135</ele>
      </trkpt>
      <trkpt lat="54.55078" lon="-2.47148">
        <ele>147.79226685531998</ele>
      </trkpt>
      <trkpt lat="54.55086" lon="-2.4715">
        <ele>148.08428006793224</ele>
      </trkpt>
      <trkpt lat="54.55091" lon="-2.47166">
        <ele>148.00484865547625</ele>
      </trkpt>
      <trkpt lat="54.55098" lon="-2.47168">
        <ele>148.20751278442407</ele>
      </trkpt>
      <trkpt lat="54.55102" lon="-2.47175">
        <ele>148.14446041551471</ele>
      </trkpt>
      <trkpt lat="54.55104" lon="-2.47193">
        <ele>147.63831037120025</ele>
      </trkpt>
      <trkpt lat="54.55124" lon="-2.47255">
        <ele>143.62897951137376</ele>
      </trkpt>
      <trkpt lat="54.5512" lon="-2.47262">
        <ele>143.38190820238214</ele>
      </trkpt>
      <trkpt lat="54.5514" lon="-2.47308">
        <ele>143.10000000000034</ele>
      </trkpt>
      <trkpt lat="54.55134" lon="-2.47324">
        <ele>143.27126739150884</ele>
      </trkpt>
      <trkpt lat="54.55132" lon="-2.47338">
        <ele>144.4467078503923</ele>
      </trkpt>
      <trkpt lat="54.55139" lon="-2.47349">
        <ele>145.49777991119862</ele>
      </trkpt>
      <trkpt lat="54.55157" lon="-2.47363">
        <ele>147.15158285729197</ele>
      </trkpt>
      <trkpt lat="54.55173" lon="-2.4738">
        <ele>148.27740138340783</ele>
      </trkpt>
      <trkpt lat="54.55178" lon="-2.47395">
        <ele>149.18530680215997</ele>
      </trkpt>
      <trkpt lat="54.55193" lon="-2.47413">
        <ele>149.94931524212066</ele>
      </trkpt>
      <trkpt lat="54.55209" lon="-2.47444">
        <ele>151.75092383585906</ele>
      </trkpt>
      <trkpt lat="54.55222" lon="-2.47459">
        <ele>152.01016447939958</ele>
      </trkpt>
      <trkpt lat="54.55236" lon="-2.47469">
        <ele>151.22169582005648</ele>
      </trkpt>
      <trkpt lat="54.5525" lon="-2.47487">
        <ele>150.60328170271734</ele>
      </trkpt>
      <trkpt lat="54.55252" lon="-2.47502">
        <ele>151.23835233552515</ele>
      </trkpt>
      <trkpt lat="54.55257" lon="-2.47522">
        <ele>151.87455179118675</ele>
      </trkpt>
      <trkpt lat="54.5526" lon="-2.47549">
        <ele>152.99315240643668</ele>
      </trkpt>
      <trkpt lat="54.55269" lon="-2.47598">
        <ele>154.07261410521662</ele>
      </trkpt>
      <trkpt lat="54.5527" lon="-2.47617">
        <ele>154.32147241886813</ele>
      </trkpt>
      <trkpt lat="54.55276" lon="-2.47637">
        <ele>153.53315703505717</ele>
      </trkpt>
      <trkpt lat="54.55282" lon="-2.47677">
        <ele>152.32375773309587</ele>
      </trkpt>
      <trkpt lat="54.55285" lon="-2.47721">
        <ele>151.72024297953791</ele>
      </trkpt>
      <trkpt lat="54.5529" lon="-2.4774">
        <ele>150.4491618611929</ele>
      </trkpt>
      <trkpt lat="54.55292" lon="-2.47758">
        <ele>149.81730772501393</ele>
      </trkpt>
      <trkpt lat="54.55298" lon="-2.47776">
        <ele>148.7002256060259</ele>
      </trkpt>
      <trkpt lat="54.55298" lon="-2.47792">
        <ele>148.57115483342324</ele>
      </trkpt>
      <trkpt lat="54.55331" lon="-2.47856">
        <ele>146.8263729807465</ele>
      </trkpt>
      <trkpt lat="54.55358" lon="-2.47892">
        <ele>144.91811436270467</ele>
      </trkpt>
      <trkpt lat="54.55369" lon="-2.47918">
        <ele>145.10150623063765</ele>
      </trkpt>
      <trkpt lat="54.55381" lon="-2.47954">
        <ele>145.19303120585568</ele>
      </trkpt>
      <trkpt lat="54.55411" lon="-2.47999">
        <ele>143.41313566163345</ele>
      </trkpt>
      <trkpt lat="54.55417" lon="-2.48001">
        <ele>143.1198003313513</ele>
      </trkpt>
      <trkpt lat="54.55433" lon="-2.4799">
        <ele>141.4541011866587</ele>
      </trkpt>
      <trkpt lat="54.55443" lon="-2.4798">
        <ele>139.82099573241732</ele>
      </trkpt>
      <trkpt lat="54.55449" lon="-2.4799">
        <ele>139.90626669575124</ele>
      </trkpt>
      <trkpt lat="54.55458" lon="-2.47994">
        <ele>139.35863842803636</ele>
      </trkpt>
      <trkpt lat="54.55476" lon="-2.4803">
        <ele>140.51451775457312</ele>
      </trkpt>
      <trkpt lat="54.55508" lon="-2.48063">
        <ele>137.6066919508398</ele>
      </trkpt>
      <trkpt lat="54.55511" lon="-2.48072">
        <ele>138.00796848728893</ele>
      </trkpt>
      <trkpt lat="54.55519" lon="-2.48086">
        <ele>137.7952767678544</ele>
      </trkpt>
      <trkpt lat="54.55533" lon="-2.48128">
        <ele>137.67670088773616</ele>
      </trkpt>
      <trkpt lat="54.55564" lon="-2.48169">
        <ele>136.06287975471997</ele>
      </trkpt>
      <trkpt lat="54.55585" lon="-2.48215">
        <ele>136.77687179222792</ele>
      </trkpt>
      <trkpt lat="54.55599" lon="-2.48233">
        <ele>136.99103132514384</ele>
      </trkpt>
      <trkpt lat="54.55607" lon="-2.48254">
        <ele>138.45866195147426</ele>
      </trkpt>
      <trkpt lat="54.55636" lon="-2.48271">
        <ele>138.81542447663486</ele>
      </trkpt>
      <trkpt lat="54.55667" lon="-2.48298">
        <ele>137.39100171132117</ele>
      </trkpt>
      <trkpt lat="54.55682" lon="-2.48315">
        <ele>137.83525751179693</ele>
      </trkpt>
      <trkpt lat="54.5569" lon="-2.48318">
        <ele>137.23886929310743</ele>
      </trkpt>
      <trkpt lat="54.55702" lon="-2.48329">
        <ele>136.998727264876</ele>
      </trkpt>
      <trkpt lat="54.55715" lon="-2.4833">
        <ele>135.478767004237</ele>
      </trkpt>
      <trkpt lat="54.55724" lon="-2.48341">
        <ele>135.6472610147216</ele>
      </trkpt>
      <trkpt lat="54.55739" lon="-2.48352">
        <ele>135.43053200438283</ele>
      </trkpt>
      <trkpt lat="54.5575" lon="-2.48364">
        <ele>136.12034623066927</ele>
      </trkpt>
      <trkpt lat="54.55747" lon="-2.48376">
        <ele>137.76808990426457</ele>
      </trkpt>
      <trkpt lat="54.55755" lon="-2.48386">
        <ele>138.50277378223876</ele>
      </trkpt>
      <trkpt lat="54.55765" lon="-2.48382">
        <ele>137.70532398630314</ele>
      </trkpt>
      <trkpt lat="54.55782" lon="-2.48385">
        <ele>137.58301369061277</ele>
      </trkpt>
      <trkpt lat="54.55809" lon="-2.48403">
        <ele>139.4237712155342</ele>
      </trkpt>
      <trkpt lat="54.55829" lon="-2.48412">
        <ele>140.39295665256304</ele>
      </trkpt>
      <trkpt lat="54.55861" lon="-2.48417">
        <ele>139.86676525502685</ele>
      </trkpt>
      <trkpt lat="54.5587" lon="-2.48423">
        <ele>140.41687492036795</ele>
      </trkpt>
      <trkpt lat="54.55924" lon="-2.48432">
        <ele>138.78109967664412</ele>
      </trkpt>
      <trkpt lat="54.55958" lon="-2.48443">
        <ele>137.43856491797808</ele>
      </trkpt>
      <trkpt lat="54.5601" lon="-2.48465">
        <ele>135.9954528140373</ele>
      </trkpt>
      <trkpt lat="54.5602" lon="-2.48476">
        <ele>136.23472086687207</ele>
      </trkpt>
      <trkpt lat="54.56034" lon="-2.48484">
        <ele>136.0234951603922</ele>
      </trkpt>
      <trkpt lat="54.56052" lon="-2.48488">
        <ele>135.65862246901185</ele>
      </trkpt>
      <trkpt lat="54.56067" lon="-2.48489">
        <ele>135.23228408909196</ele>
      </trkpt>
      <trkpt lat="54.56089" lon="-2.48487">
        <ele>134.4925562000554</ele>
      </trkpt>
      <trkpt lat="54.56104" lon="-2.48488">
        <ele>133.98352763238455</ele>
      </trkpt>
      <trkpt lat="54.5612" lon="-2.48494">
        <ele>133.71519316183495</ele>
      </trkpt>
      <trkpt lat="54.56143" lon="-2.48486">
        <ele>133.04963062992388</ele>
      </trkpt>
      <trkpt lat="54.56374" lon="-2.48513">
        <ele>129.87146982310898</ele>
      </trkpt>
      <trkpt lat="54.56438" lon="-2.48494">
        <ele>130.76224755018578</ele>
      </trkpt>
      <trkpt lat="54.56652" lon="-2.48344">
        <ele>131.52538696532216</ele>
      </trkpt>
      <trkpt lat="54.56855" lon="-2.48337">
        <ele>135.27617703657845</ele>
      </trkpt>
      <trkpt lat="54.56992" lon="-2.48338">
        <ele>135.20123941678014</ele>
      </trkpt>
      <trkpt lat="54.5702" lon="-2.48388">
        <ele>137.73298787053238</ele>
      </trkpt>
      <trkpt lat="54.57069" lon="-2.48452">
        <ele>137.599678573642</ele>
      </trkpt>
      <trkpt lat="54.57111" lon="-2.48516">
        <ele>136.7553120943416</ele>
      </trkpt>
      <trkpt lat="54.57151" lon="-2.48566">
        <ele>136.72808780838187</ele>
      </trkpt>
      <trkpt lat="54.57182" lon="-2.48611">
        <ele>139.36514631123313</ele>
      </trkpt>
      <trkpt lat="54.57173" lon="-2.48692">
        <ele>149.37445262223537</ele>
      </trkpt>
      <trkpt lat="54.57295" lon="-2.49028">
        <ele>142.82601416269412</ele>
      </trkpt>
      <trkpt lat="54.57461" lon="-2.49088">
        <ele>151.60121315559383</ele>
      </trkpt>
      <trkpt lat="54.57508" lon="-2.49058">
        <ele>150.6782001279767</ele>
      </trkpt>
      <trkpt lat="54.5753" lon="-2.48986">
        <ele>151.9644843814727</ele>
      </trkpt>
      <trkpt lat="54.57692" lon="-2.49075">
        <ele>137.13537649745172</ele>
      </trkpt>
    </trkseg>
  </trk>
</gpx>
