<?xml version="1.0" encoding="UTF-8" standalone="yes"?>
<gpx version="1.1" creator="OS Maps - Web" xmlns="http://www.topografix.com/GPX/1/1"
xmlns:xsi="http://www.w3.org/2001/XMLSchema-instance"
xsi:schemaLocation="http://www.topografix.com/GPX/1/1 http://www.topografix.com/GPX/1/1/gpx.xsd"
xmlns:gs="http://www.topografix.com/GPX/gpx_style/0/2"
xmlns:gh="https://graphhopper.com/public/schema/gpx/1.1"
xmlns:os="https://ordnancesurvey.co.uk/public/schema/route/0.1">
    <metadata>
        <name>South Hams Way  V9 27-05-2025</name>
        <desc></desc>
        <bounds minlat="50.2027500" minlon="-4.0724800" maxlat="50.4907500" maxlon="-3.5641300"/>
        <extensions>
            <os:version>2.0</os:version>
            <os:point lat="50.4353600" lon="-3.6857400" type="start"/>
            <os:point lat="50.4352800" lon="-3.6858400" type="end"/>
            <os:activity>ON_FOOT_WALKING</os:activity>
            <os:difficulty>UNKNOWN</os:difficulty>
            <os:paths/>
            <os:distance>162928.4004064</os:distance>
            <os:elevation_ascent>5371.6200000</os:elevation_ascent>
        </extensions>
    </metadata>
    <wpt lat="50.4353600" lon="-3.6857400"/>
    <wpt lat="50.4378700" lon="-3.6868900"/>
    <wpt lat="50.4430600" lon="-3.6919900"/>
    <wpt lat="50.4535300" lon="-3.6926900"/>
    <wpt lat="50.4572200" lon="-3.6963500"/>
    <wpt lat="50.4577300" lon="-3.6984300"/>
    <wpt lat="50.4578500" lon="-3.6998000"/>
    <wpt lat="50.4584300" lon="-3.7003200"/>
    <wpt lat="50.4585400" lon="-3.7008600"/>
    <wpt lat="50.4594100" lon="-3.7014000"/>
    <wpt lat="50.4598200" lon="-3.7025200"/>
    <wpt lat="50.4594100" lon="-3.7132300"/>
    <wpt lat="50.4663900" lon="-3.7255200"/>
    <wpt lat="50.4722100" lon="-3.7278000"/>
    <wpt lat="50.4732900" lon="-3.7344500"/>
    <wpt lat="50.4788300" lon="-3.7478800"/>
    <wpt lat="50.4797400" lon="-3.7616800"/>
    <wpt lat="50.4803100" lon="-3.7627900"/>
    <wpt lat="50.4814500" lon="-3.7800700"/>
    <wpt lat="50.4861300" lon="-3.7932400"/>
    <wpt lat="50.4905800" lon="-3.8093200"/>
    <wpt lat="50.4868400" lon="-3.8224600"/>
    <wpt lat="50.4842200" lon="-3.8361000"/>
    <wpt lat="50.4819900" lon="-3.8409300"/>
    <wpt lat="50.4815500" lon="-3.8411900"/>
    <wpt lat="50.4811800" lon="-3.8424900"/>
    <wpt lat="50.4803300" lon="-3.8434300"/>
    <wpt lat="50.4797400" lon="-3.8457300"/>
    <wpt lat="50.4790000" lon="-3.8472600"/>
    <wpt lat="50.4768700" lon="-3.8594900"/>
    <wpt lat="50.4696600" lon="-3.8601400"/>
    <wpt lat="50.4613000" lon="-3.8600900"/>
    <wpt lat="50.4537400" lon="-3.8583900"/>
    <wpt lat="50.4507700" lon="-3.8603300"/>
    <wpt lat="50.4498800" lon="-3.8579600"/>
    <wpt lat="50.4425400" lon="-3.8493200"/>
    <wpt lat="50.4354800" lon="-3.8382900"/>
    <wpt lat="50.4286200" lon="-3.8361500"/>
    <wpt lat="50.4279200" lon="-3.8331300"/>
    <wpt lat="50.4272000" lon="-3.8361200"/>
    <wpt lat="50.4287400" lon="-3.8437100"/>
    <wpt lat="50.4213400" lon="-3.8486600"/>
    <wpt lat="50.4195900" lon="-3.8589900"/>
    <wpt lat="50.4196100" lon="-3.8652200"/>
    <wpt lat="50.4172600" lon="-3.8736200"/>
    <wpt lat="50.4165500" lon="-3.8770200"/>
    <wpt lat="50.4154800" lon="-3.8771700"/>
    <wpt lat="50.4138400" lon="-3.8791600"/>
    <wpt lat="50.4131600" lon="-3.8842800"/>
    <wpt lat="50.4106600" lon="-3.8854500"/>
    <wpt lat="50.4081100" lon="-3.8880600"/>
    <wpt lat="50.4040100" lon="-3.8881100"/>
    <wpt lat="50.4015000" lon="-3.8875400"/>
    <wpt lat="50.3998800" lon="-3.8891900"/>
    <wpt lat="50.3985800" lon="-3.8936800"/>
    <wpt lat="50.3990100" lon="-3.9001300"/>
    <wpt lat="50.4021300" lon="-3.9026100"/>
    <wpt lat="50.3969900" lon="-3.9125700"/>
    <wpt lat="50.3901100" lon="-3.9195000"/>
    <wpt lat="50.3889200" lon="-3.9199300"/>
    <wpt lat="50.3841200" lon="-3.9254200"/>
    <wpt lat="50.3814400" lon="-3.9235400"/>
    <wpt lat="50.3776200" lon="-3.9191100"/>
    <wpt lat="50.3742800" lon="-3.9097400"/>
    <wpt lat="50.3671900" lon="-3.9049200"/>
    <wpt lat="50.3593900" lon="-3.9150500"/>
    <wpt lat="50.3527000" lon="-3.9226900"/>
    <wpt lat="50.3522100" lon="-3.9291700"/>
    <wpt lat="50.3511900" lon="-3.9320900"/>
    <wpt lat="50.3461600" lon="-3.9421300"/>
    <wpt lat="50.3477500" lon="-3.9559700"/>
    <wpt lat="50.3467300" lon="-3.9686700"/>
    <wpt lat="50.3500500" lon="-3.9795300"/>
    <wpt lat="50.3472300" lon="-3.9875700"/>
    <wpt lat="50.3474100" lon="-3.9905700"/>
    <wpt lat="50.3452000" lon="-4.0008800"/>
    <wpt lat="50.3356500" lon="-3.9979500"/>
    <wpt lat="50.3286000" lon="-3.9931800"/>
    <wpt lat="50.3216300" lon="-3.9971700"/>
    <wpt lat="50.3159400" lon="-4.0092600"/>
    <wpt lat="50.3154100" lon="-4.0310400"/>
    <wpt lat="50.3099200" lon="-4.0409600"/>
    <wpt lat="50.3110300" lon="-4.0512300"/>
    <wpt lat="50.3096300" lon="-4.0578500"/>
    <wpt lat="50.3026100" lon="-4.0619300"/>
    <wpt lat="50.2959900" lon="-4.0460000"/>
    <wpt lat="50.2974800" lon="-4.0266900"/>
    <wpt lat="50.3004000" lon="-4.0181000"/>
    <wpt lat="50.3041100" lon="-4.0042700"/>
    <wpt lat="50.3080500" lon="-3.9864900"/>
    <wpt lat="50.3058500" lon="-3.9638200"/>
    <wpt lat="50.3100100" lon="-3.9497100"/>
    <wpt lat="50.3122900" lon="-3.9472200"/>
    <wpt lat="50.3135200" lon="-3.9395400"/>
    <wpt lat="50.3057200" lon="-3.9464900"/>
    <wpt lat="50.3020000" lon="-3.9464200"/>
    <wpt lat="50.3022800" lon="-3.9442300"/>
    <wpt lat="50.3016600" lon="-3.9433800"/>
    <wpt lat="50.3007700" lon="-3.9428500"/>
    <wpt lat="50.2999300" lon="-3.9430300"/>
    <wpt lat="50.2978400" lon="-3.9426500"/>
    <wpt lat="50.2976000" lon="-3.9422500"/>
    <wpt lat="50.2984900" lon="-3.9399800"/>
    <wpt lat="50.2985400" lon="-3.9387300"/>
    <wpt lat="50.2978200" lon="-3.9283800"/>
    <wpt lat="50.2947200" lon="-3.9103100"/>
    <wpt lat="50.2888800" lon="-3.9013300"/>
    <wpt lat="50.2827600" lon="-3.8942000"/>
    <wpt lat="50.2826100" lon="-3.8914900"/>
    <wpt lat="50.2829100" lon="-3.8910200"/>
    <wpt lat="50.2827100" lon="-3.8888100"/>
    <wpt lat="50.2841000" lon="-3.8869300"/>
    <wpt lat="50.2856200" lon="-3.8787800"/>
    <wpt lat="50.2811600" lon="-3.8734200"/>
    <wpt lat="50.2785200" lon="-3.8728900"/>
    <wpt lat="50.2749800" lon="-3.8799300"/>
    <wpt lat="50.2703600" lon="-3.8744000"/>
    <wpt lat="50.2664900" lon="-3.8670100"/>
    <wpt lat="50.2640700" lon="-3.8670800"/>
    <wpt lat="50.2634300" lon="-3.8604600"/>
    <wpt lat="50.2596300" lon="-3.8568700"/>
    <wpt lat="50.2552600" lon="-3.8564000"/>
    <wpt lat="50.2506100" lon="-3.8590000"/>
    <wpt lat="50.2471300" lon="-3.8588100"/>
    <wpt lat="50.2451700" lon="-3.8591800"/>
    <wpt lat="50.2424900" lon="-3.8590700"/>
    <wpt lat="50.2418900" lon="-3.8635000"/>
    <wpt lat="50.2423000" lon="-3.8649600"/>
    <wpt lat="50.2431300" lon="-3.8658200"/>
    <wpt lat="50.2430900" lon="-3.8671200"/>
    <wpt lat="50.2420300" lon="-3.8687100"/>
    <wpt lat="50.2419600" lon="-3.8699000"/>
    <wpt lat="50.2384500" lon="-3.8641500"/>
    <wpt lat="50.2376400" lon="-3.8617600"/>
    <wpt lat="50.2358400" lon="-3.8596800"/>
    <wpt lat="50.2355300" lon="-3.8544600"/>
    <wpt lat="50.2339900" lon="-3.8504400"/>
    <wpt lat="50.2314100" lon="-3.8427700"/>
    <wpt lat="50.2321900" lon="-3.8398900"/>
    <wpt lat="50.2278900" lon="-3.8336100"/>
    <wpt lat="50.2249100" lon="-3.8305400"/>
    <wpt lat="50.2244100" lon="-3.8274400"/>
    <wpt lat="50.2200200" lon="-3.8238500"/>
    <wpt lat="50.2169800" lon="-3.8129100"/>
    <wpt lat="50.2166400" lon="-3.8006800"/>
    <wpt lat="50.2140800" lon="-3.7955800"/>
    <wpt lat="50.2114500" lon="-3.7879600"/>
    <wpt lat="50.2155800" lon="-3.7878500"/>
    <wpt lat="50.2196500" lon="-3.7818100"/>
    <wpt lat="50.2277400" lon="-3.7827300"/>
    <wpt lat="50.2320800" lon="-3.7733100"/>
    <wpt lat="50.2365000" lon="-3.7666800"/>
    <wpt lat="50.2347800" lon="-3.7637600"/>
    <wpt lat="50.2312100" lon="-3.7662300"/>
    <wpt lat="50.2291800" lon="-3.7693500"/>
    <wpt lat="50.2245300" lon="-3.7722400"/>
    <wpt lat="50.2211500" lon="-3.7658800"/>
    <wpt lat="50.2195100" lon="-3.7531500"/>
    <wpt lat="50.2200300" lon="-3.7524800"/>
    <wpt lat="50.2197500" lon="-3.7502600"/>
    <wpt lat="50.2190500" lon="-3.7491600"/>
    <wpt lat="50.2189200" lon="-3.7481300"/>
    <wpt lat="50.2156300" lon="-3.7405700"/>
    <wpt lat="50.2154300" lon="-3.7399000"/>
    <wpt lat="50.2158200" lon="-3.7387400"/>
    <wpt lat="50.2119800" lon="-3.7344000"/>
    <wpt lat="50.2093400" lon="-3.7293600"/>
    <wpt lat="50.2057300" lon="-3.7250700"/>
    <wpt lat="50.2028400" lon="-3.7208200"/>
    <wpt lat="50.2051800" lon="-3.7190400"/>
    <wpt lat="50.2065700" lon="-3.7108900"/>
    <wpt lat="50.2100800" lon="-3.7036700"/>
    <wpt lat="50.2123900" lon="-3.7008300"/>
    <wpt lat="50.2164000" lon="-3.6918200"/>
    <wpt lat="50.2199100" lon="-3.6900100"/>
    <wpt lat="50.2211000" lon="-3.6856400"/>
    <wpt lat="50.2213800" lon="-3.6719300"/>
    <wpt lat="50.2199600" lon="-3.6585300"/>
    <wpt lat="50.2220900" lon="-3.6511600"/>
    <wpt lat="50.2251300" lon="-3.6533600"/>
    <wpt lat="50.2290100" lon="-3.6574700"/>
    <wpt lat="50.2334000" lon="-3.6591800"/>
    <wpt lat="50.2389000" lon="-3.6597600"/>
    <wpt lat="50.2402900" lon="-3.6594200"/>
    <wpt lat="50.2411500" lon="-3.6596300"/>
    <wpt lat="50.2452200" lon="-3.6580200"/>
    <wpt lat="50.2493900" lon="-3.6577600"/>
    <wpt lat="50.2551500" lon="-3.6566000"/>
    <wpt lat="50.2577000" lon="-3.6554100"/>
    <wpt lat="50.2616700" lon="-3.6565900"/>
    <wpt lat="50.2658300" lon="-3.6528600"/>
    <wpt lat="50.2659800" lon="-3.6521600"/>
    <wpt lat="50.2664400" lon="-3.6523600"/>
    <wpt lat="50.2713000" lon="-3.6515100"/>
    <wpt lat="50.2760300" lon="-3.6499800"/>
    <wpt lat="50.2867800" lon="-3.6457700"/>
    <wpt lat="50.2908700" lon="-3.6431400"/>
    <wpt lat="50.2983400" lon="-3.6373500"/>
    <wpt lat="50.3023800" lon="-3.6348300"/>
    <wpt lat="50.3069600" lon="-3.6309100"/>
    <wpt lat="50.3084500" lon="-3.6302400"/>
    <wpt lat="50.3113000" lon="-3.6278100"/>
    <wpt lat="50.3133400" lon="-3.6191200"/>
    <wpt lat="50.3171900" lon="-3.6171900"/>
    <wpt lat="50.3190500" lon="-3.6146800"/>
    <wpt lat="50.3192800" lon="-3.6140500"/>
    <wpt lat="50.3198300" lon="-3.6137300"/>
    <wpt lat="50.3201800" lon="-3.6124200"/>
    <wpt lat="50.3207600" lon="-3.6058200"/>
    <wpt lat="50.3243900" lon="-3.6005700"/>
    <wpt lat="50.3267700" lon="-3.5984500"/>
    <wpt lat="50.3274700" lon="-3.5968700"/>
    <wpt lat="50.3311500" lon="-3.5854800"/>
    <wpt lat="50.3276400" lon="-3.5797000"/>
    <wpt lat="50.3271600" lon="-3.5740800"/>
    <wpt lat="50.3320800" lon="-3.5703500"/>
    <wpt lat="50.3349600" lon="-3.5655000"/>
    <wpt lat="50.3389800" lon="-3.5675800"/>
    <wpt lat="50.3414000" lon="-3.5667100"/>
    <wpt lat="50.3419500" lon="-3.5658100"/>
    <wpt lat="50.3427700" lon="-3.5680700"/>
    <wpt lat="50.3429700" lon="-3.5738100"/>
    <wpt lat="50.3477800" lon="-3.5777300"/>
    <wpt lat="50.3478600" lon="-3.5774800"/>
    <wpt lat="50.3522600" lon="-3.5771600"/>
    <wpt lat="50.3520000" lon="-3.5783100"/>
    <wpt lat="50.3517600" lon="-3.5786000"/>
    <wpt lat="50.3525800" lon="-3.5801300"/>
    <wpt lat="50.3523400" lon="-3.5900000"/>
    <wpt lat="50.3529400" lon="-3.5910200"/>
    <wpt lat="50.3526300" lon="-3.5918500"/>
    <wpt lat="50.3527600" lon="-3.5920800"/>
    <wpt lat="50.3530500" lon="-3.5916100"/>
    <wpt lat="50.3530500" lon="-3.5943000"/>
    <wpt lat="50.3570000" lon="-3.6000900"/>
    <wpt lat="50.3643900" lon="-3.5868200"/>
    <wpt lat="50.3688900" lon="-3.5890600"/>
    <wpt lat="50.3697200" lon="-3.5939800"/>
    <wpt lat="50.3708200" lon="-3.5956300"/>
    <wpt lat="50.3710800" lon="-3.5949400"/>
    <wpt lat="50.3719500" lon="-3.5959300"/>
    <wpt lat="50.3725500" lon="-3.5974100"/>
    <wpt lat="50.3751400" lon="-3.6022100"/>
    <wpt lat="50.3792500" lon="-3.5986500"/>
    <wpt lat="50.3812000" lon="-3.5985300"/>
    <wpt lat="50.3827700" lon="-3.5971000"/>
    <wpt lat="50.3844000" lon="-3.5983400"/>
    <wpt lat="50.3841000" lon="-3.6034500"/>
    <wpt lat="50.3843400" lon="-3.6038000"/>
    <wpt lat="50.3843600" lon="-3.6063100"/>
    <wpt lat="50.3836600" lon="-3.6144200"/>
    <wpt lat="50.3842400" lon="-3.6182200"/>
    <wpt lat="50.3822800" lon="-3.6245000"/>
    <wpt lat="50.3815900" lon="-3.6336100"/>
    <wpt lat="50.3856200" lon="-3.6393100"/>
    <wpt lat="50.3883700" lon="-3.6482300"/>
    <wpt lat="50.3924200" lon="-3.6438600"/>
    <wpt lat="50.3947900" lon="-3.6544800"/>
    <wpt lat="50.3933100" lon="-3.6616100"/>
    <wpt lat="50.3950700" lon="-3.6692300"/>
    <wpt lat="50.3968600" lon="-3.6726000"/>
    <wpt lat="50.4020500" lon="-3.6633700"/>
    <wpt lat="50.4069400" lon="-3.6597100"/>
    <wpt lat="50.4109600" lon="-3.6627300"/>
    <wpt lat="50.4149600" lon="-3.6684800"/>
    <wpt lat="50.4177000" lon="-3.6703700"/>
    <wpt lat="50.4178900" lon="-3.6713600"/>
    <wpt lat="50.4182200" lon="-3.6705500"/>
    <wpt lat="50.4223000" lon="-3.6764900"/>
    <wpt lat="50.4255200" lon="-3.6826600"/>
    <wpt lat="50.4279200" lon="-3.6826600"/>
    <wpt lat="50.4294000" lon="-3.6833200"/>
    <wpt lat="50.4304800" lon="-3.6828900"/>
    <wpt lat="50.4305900" lon="-3.6832200"/>
    <wpt lat="50.4308200" lon="-3.6832200"/>
    <wpt lat="50.4315600" lon="-3.6880200"/>
    <wpt lat="50.4316300" lon="-3.6899900"/>
    <wpt lat="50.4332500" lon="-3.6905800"/>
    <wpt lat="50.4344900" lon="-3.6900700"/>
    <wpt lat="50.4343200" lon="-3.6896100"/>
    <wpt lat="50.4345100" lon="-3.6895300"/>
    <wpt lat="50.4342900" lon="-3.6879300"/>
    <wpt lat="50.4343300" lon="-3.6867600"/>
    <wpt lat="50.4352800" lon="-3.6858400"/>
    <trk>
        <name>South Hams Way  V9 27-05-2025</name>
        <trkseg>
            <trkpt lat="50.4353600" lon="-3.6857400"/>
            <trkpt lat="50.4354000" lon="-3.6858700"/>
            <trkpt lat="50.4354900" lon="-3.6859500"/>
            <trkpt lat="50.4356900" lon="-3.6863800"/>
            <trkpt lat="50.4358000" lon="-3.6865800"/>
            <trkpt lat="50.4359500" lon="-3.6867400"/>
            <trkpt lat="50.4363300" lon="-3.6870600"/>
            <trkpt lat="50.4365800" lon="-3.6875100"/>
            <trkpt lat="50.4366900" lon="-3.6873300"/>
            <trkpt lat="50.4366400" lon="-3.6872300"/>
            <trkpt lat="50.4365900" lon="-3.6870600"/>
            <trkpt lat="50.4366200" lon="-3.6869800"/>
            <trkpt lat="50.4367000" lon="-3.6869300"/>
            <trkpt lat="50.4369300" lon="-3.6869000"/>
            <trkpt lat="50.4370500" lon="-3.6868200"/>
            <trkpt lat="50.4374900" lon="-3.6864100"/>
            <trkpt lat="50.4375100" lon="-3.6863700"/>
            <trkpt lat="50.4375200" lon="-3.6862700"/>
            <trkpt lat="50.4375500" lon="-3.6862400"/>
            <trkpt lat="50.4375900" lon="-3.6862500"/>
            <trkpt lat="50.4377300" lon="-3.6865200"/>
            <trkpt lat="50.4377500" lon="-3.6866400"/>
            <trkpt lat="50.4377500" lon="-3.6868300"/>
            <trkpt lat="50.4378700" lon="-3.6868900"/>
            <trkpt lat="50.4379200" lon="-3.6869200"/>
            <trkpt lat="50.4380100" lon="-3.6870300"/>
            <trkpt lat="50.4384100" lon="-3.6876500"/>
            <trkpt lat="50.4385600" lon="-3.6881800"/>
            <trkpt lat="50.4385800" lon="-3.6896700"/>
            <trkpt lat="50.4385400" lon="-3.6899700"/>
            <trkpt lat="50.4384400" lon="-3.6901200"/>
            <trkpt lat="50.4383400" lon="-3.6903300"/>
            <trkpt lat="50.4388400" lon="-3.6912100"/>
            <trkpt lat="50.4393000" lon="-3.6917800"/>
            <trkpt lat="50.4399000" lon="-3.6922100"/>
            <trkpt lat="50.4405400" lon="-3.6925200"/>
            <trkpt lat="50.4406800" lon="-3.6926100"/>
            <trkpt lat="50.4407800" lon="-3.6928500"/>
            <trkpt lat="50.4410100" lon="-3.6927500"/>
            <trkpt lat="50.4414400" lon="-3.6924900"/>
            <trkpt lat="50.4415800" lon="-3.6924400"/>
            <trkpt lat="50.4417300" lon="-3.6924600"/>
            <trkpt lat="50.4419700" lon="-3.6925600"/>
            <trkpt lat="50.4422100" lon="-3.6925700"/>
            <trkpt lat="50.4425000" lon="-3.6924400"/>
            <trkpt lat="50.4426300" lon="-3.6923200"/>
            <trkpt lat="50.4430600" lon="-3.6919900"/>
            <trkpt lat="50.4432400" lon="-3.6918600"/>
            <trkpt lat="50.4435700" lon="-3.6917400"/>
            <trkpt lat="50.4438800" lon="-3.6916900"/>
            <trkpt lat="50.4444400" lon="-3.6916900"/>
            <trkpt lat="50.4445800" lon="-3.6917500"/>
            <trkpt lat="50.4453800" lon="-3.6916600"/>
            <trkpt lat="50.4457900" lon="-3.6918300"/>
            <trkpt lat="50.4460500" lon="-3.6918900"/>
            <trkpt lat="50.4462800" lon="-3.6916800"/>
            <trkpt lat="50.4465500" lon="-3.6915100"/>
            <trkpt lat="50.4469000" lon="-3.6911500"/>
            <trkpt lat="50.4479500" lon="-3.6906900"/>
            <trkpt lat="50.4484100" lon="-3.6904700"/>
            <trkpt lat="50.4486200" lon="-3.6904300"/>
            <trkpt lat="50.4490900" lon="-3.6904800"/>
            <trkpt lat="50.4492200" lon="-3.6906400"/>
            <trkpt lat="50.4493100" lon="-3.6909200"/>
            <trkpt lat="50.4494200" lon="-3.6914000"/>
            <trkpt lat="50.4496400" lon="-3.6919200"/>
            <trkpt lat="50.4497600" lon="-3.6919400"/>
            <trkpt lat="50.4498700" lon="-3.6919000"/>
            <trkpt lat="50.4500800" lon="-3.6916200"/>
            <trkpt lat="50.4502600" lon="-3.6915200"/>
            <trkpt lat="50.4505600" lon="-3.6915000"/>
            <trkpt lat="50.4510100" lon="-3.6915600"/>
            <trkpt lat="50.4513800" lon="-3.6917700"/>
            <trkpt lat="50.4515800" lon="-3.6920200"/>
            <trkpt lat="50.4518700" lon="-3.6925100"/>
            <trkpt lat="50.4519600" lon="-3.6925900"/>
            <trkpt lat="50.4521500" lon="-3.6926700"/>
            <trkpt lat="50.4523000" lon="-3.6927000"/>
            <trkpt lat="50.4523800" lon="-3.6927500"/>
            <trkpt lat="50.4524400" lon="-3.6928200"/>
            <trkpt lat="50.4524800" lon="-3.6929000"/>
            <trkpt lat="50.4525600" lon="-3.6931400"/>
            <trkpt lat="50.4525800" lon="-3.6933100"/>
            <trkpt lat="50.4526200" lon="-3.6934300"/>
            <trkpt lat="50.4535300" lon="-3.6926900"/>
            <trkpt lat="50.4539200" lon="-3.6923700"/>
            <trkpt lat="50.4541700" lon="-3.6922200"/>
            <trkpt lat="50.4545000" lon="-3.6920500"/>
            <trkpt lat="50.4547300" lon="-3.6920400"/>
            <trkpt lat="50.4550600" lon="-3.6921000"/>
            <trkpt lat="50.4561700" lon="-3.6927400"/>
            <trkpt lat="50.4563500" lon="-3.6931300"/>
            <trkpt lat="50.4564300" lon="-3.6933400"/>
            <trkpt lat="50.4566300" lon="-3.6944000"/>
            <trkpt lat="50.4567200" lon="-3.6948200"/>
            <trkpt lat="50.4572200" lon="-3.6963500"/>
            <trkpt lat="50.4574500" lon="-3.6970400"/>
            <trkpt lat="50.4577300" lon="-3.6984300"/>
            <trkpt lat="50.4578500" lon="-3.6998000"/>
            <trkpt lat="50.4584300" lon="-3.7003200"/>
            <trkpt lat="50.4585400" lon="-3.7008600"/>
            <trkpt lat="50.4594100" lon="-3.7014000"/>
            <trkpt lat="50.4598200" lon="-3.7025200"/>
            <trkpt lat="50.4598200" lon="-3.7047400"/>
            <trkpt lat="50.4598100" lon="-3.7048700"/>
            <trkpt lat="50.4598600" lon="-3.7053300"/>
            <trkpt lat="50.4599600" lon="-3.7056400"/>
            <trkpt lat="50.4601400" lon="-3.7063400"/>
            <trkpt lat="50.4603400" lon="-3.7068800"/>
            <trkpt lat="50.4604500" lon="-3.7072400"/>
            <trkpt lat="50.4604900" lon="-3.7076800"/>
            <trkpt lat="50.4605000" lon="-3.7082300"/>
            <trkpt lat="50.4603900" lon="-3.7094400"/>
            <trkpt lat="50.4601800" lon="-3.7106200"/>
            <trkpt lat="50.4600100" lon="-3.7112000"/>
            <trkpt lat="50.4597400" lon="-3.7114000"/>
            <trkpt lat="50.4596200" lon="-3.7119400"/>
            <trkpt lat="50.4595200" lon="-3.7123200"/>
            <trkpt lat="50.4592900" lon="-3.7129100"/>
            <trkpt lat="50.4593400" lon="-3.7130900"/>
            <trkpt lat="50.4592800" lon="-3.7133100"/>
            <trkpt lat="50.4593600" lon="-3.7132400"/>
            <trkpt lat="50.4594100" lon="-3.7132300"/>
            <trkpt lat="50.4597800" lon="-3.7131400"/>
            <trkpt lat="50.4601700" lon="-3.7131600"/>
            <trkpt lat="50.4604700" lon="-3.7131300"/>
            <trkpt lat="50.4605300" lon="-3.7131800"/>
            <trkpt lat="50.4607900" lon="-3.7138300"/>
            <trkpt lat="50.4610800" lon="-3.7144100"/>
            <trkpt lat="50.4611400" lon="-3.7144500"/>
            <trkpt lat="50.4613000" lon="-3.7146400"/>
            <trkpt lat="50.4613400" lon="-3.7146400"/>
            <trkpt lat="50.4610400" lon="-3.7151100"/>
            <trkpt lat="50.4607200" lon="-3.7157100"/>
            <trkpt lat="50.4607000" lon="-3.7157800"/>
            <trkpt lat="50.4607500" lon="-3.7161900"/>
            <trkpt lat="50.4607500" lon="-3.7163600"/>
            <trkpt lat="50.4608200" lon="-3.7169000"/>
            <trkpt lat="50.4608900" lon="-3.7172400"/>
            <trkpt lat="50.4609000" lon="-3.7177000"/>
            <trkpt lat="50.4608900" lon="-3.7179100"/>
            <trkpt lat="50.4608300" lon="-3.7182300"/>
            <trkpt lat="50.4608200" lon="-3.7186400"/>
            <trkpt lat="50.4610000" lon="-3.7192000"/>
            <trkpt lat="50.4613300" lon="-3.7198900"/>
            <trkpt lat="50.4616100" lon="-3.7205900"/>
            <trkpt lat="50.4618300" lon="-3.7215400"/>
            <trkpt lat="50.4619700" lon="-3.7217500"/>
            <trkpt lat="50.4626800" lon="-3.7224100"/>
            <trkpt lat="50.4632800" lon="-3.7229100"/>
            <trkpt lat="50.4638700" lon="-3.7233600"/>
            <trkpt lat="50.4647200" lon="-3.7241400"/>
            <trkpt lat="50.4655500" lon="-3.7246900"/>
            <trkpt lat="50.4659700" lon="-3.7248700"/>
            <trkpt lat="50.4663200" lon="-3.7253600"/>
            <trkpt lat="50.4663900" lon="-3.7255200"/>
            <trkpt lat="50.4665800" lon="-3.7258900"/>
            <trkpt lat="50.4669500" lon="-3.7263900"/>
            <trkpt lat="50.4671400" lon="-3.7267200"/>
            <trkpt lat="50.4672700" lon="-3.7271900"/>
            <trkpt lat="50.4677000" lon="-3.7271900"/>
            <trkpt lat="50.4683300" lon="-3.7271300"/>
            <trkpt lat="50.4686900" lon="-3.7271800"/>
            <trkpt lat="50.4689800" lon="-3.7270500"/>
            <trkpt lat="50.4694100" lon="-3.7269900"/>
            <trkpt lat="50.4700300" lon="-3.7267600"/>
            <trkpt lat="50.4703900" lon="-3.7266800"/>
            <trkpt lat="50.4707300" lon="-3.7268400"/>
            <trkpt lat="50.4709000" lon="-3.7268600"/>
            <trkpt lat="50.4710900" lon="-3.7268700"/>
            <trkpt lat="50.4713200" lon="-3.7267500"/>
            <trkpt lat="50.4714400" lon="-3.7270300"/>
            <trkpt lat="50.4715200" lon="-3.7271200"/>
            <trkpt lat="50.4719000" lon="-3.7274100"/>
            <trkpt lat="50.4722100" lon="-3.7278000"/>
            <trkpt lat="50.4725500" lon="-3.7281700"/>
            <trkpt lat="50.4726400" lon="-3.7283800"/>
            <trkpt lat="50.4726600" lon="-3.7286600"/>
            <trkpt lat="50.4726400" lon="-3.7293700"/>
            <trkpt lat="50.4727000" lon="-3.7298300"/>
            <trkpt lat="50.4728000" lon="-3.7324200"/>
            <trkpt lat="50.4727500" lon="-3.7327800"/>
            <trkpt lat="50.4725900" lon="-3.7332800"/>
            <trkpt lat="50.4726700" lon="-3.7333400"/>
            <trkpt lat="50.4727900" lon="-3.7335300"/>
            <trkpt lat="50.4732900" lon="-3.7344500"/>
            <trkpt lat="50.4738900" lon="-3.7354900"/>
            <trkpt lat="50.4742400" lon="-3.7361500"/>
            <trkpt lat="50.4743800" lon="-3.7364900"/>
            <trkpt lat="50.4747600" lon="-3.7375900"/>
            <trkpt lat="50.4748700" lon="-3.7377200"/>
            <trkpt lat="50.4752100" lon="-3.7378300"/>
            <trkpt lat="50.4753600" lon="-3.7379400"/>
            <trkpt lat="50.4752900" lon="-3.7380900"/>
            <trkpt lat="50.4752400" lon="-3.7382700"/>
            <trkpt lat="50.4751700" lon="-3.7387100"/>
            <trkpt lat="50.4749500" lon="-3.7389900"/>
            <trkpt lat="50.4749000" lon="-3.7391000"/>
            <trkpt lat="50.4747200" lon="-3.7396900"/>
            <trkpt lat="50.4747000" lon="-3.7398000"/>
            <trkpt lat="50.4746600" lon="-3.7404200"/>
            <trkpt lat="50.4746200" lon="-3.7407000"/>
            <trkpt lat="50.4747300" lon="-3.7410000"/>
            <trkpt lat="50.4747300" lon="-3.7411800"/>
            <trkpt lat="50.4745400" lon="-3.7413300"/>
            <trkpt lat="50.4743100" lon="-3.7416000"/>
            <trkpt lat="50.4736500" lon="-3.7428200"/>
            <trkpt lat="50.4735000" lon="-3.7431700"/>
            <trkpt lat="50.4733500" lon="-3.7436600"/>
            <trkpt lat="50.4733000" lon="-3.7437300"/>
            <trkpt lat="50.4734200" lon="-3.7437500"/>
            <trkpt lat="50.4739500" lon="-3.7439500"/>
            <trkpt lat="50.4742100" lon="-3.7439900"/>
            <trkpt lat="50.4745400" lon="-3.7440100"/>
            <trkpt lat="50.4747200" lon="-3.7440600"/>
            <trkpt lat="50.4749500" lon="-3.7440700"/>
            <trkpt lat="50.4752500" lon="-3.7440300"/>
            <trkpt lat="50.4757900" lon="-3.7440800"/>
            <trkpt lat="50.4761200" lon="-3.7440800"/>
            <trkpt lat="50.4767900" lon="-3.7443300"/>
            <trkpt lat="50.4770700" lon="-3.7444600"/>
            <trkpt lat="50.4773400" lon="-3.7446600"/>
            <trkpt lat="50.4775300" lon="-3.7448600"/>
            <trkpt lat="50.4776800" lon="-3.7450800"/>
            <trkpt lat="50.4779000" lon="-3.7455100"/>
            <trkpt lat="50.4781600" lon="-3.7459500"/>
            <trkpt lat="50.4782700" lon="-3.7462100"/>
            <trkpt lat="50.4784000" lon="-3.7464400"/>
            <trkpt lat="50.4785400" lon="-3.7467900"/>
            <trkpt lat="50.4788300" lon="-3.7478800"/>
            <trkpt lat="50.4794400" lon="-3.7493800"/>
            <trkpt lat="50.4795800" lon="-3.7496300"/>
            <trkpt lat="50.4796400" lon="-3.7498300"/>
            <trkpt lat="50.4802900" lon="-3.7511500"/>
            <trkpt lat="50.4807700" lon="-3.7518800"/>
            <trkpt lat="50.4811300" lon="-3.7524700"/>
            <trkpt lat="50.4813600" lon="-3.7527000"/>
            <trkpt lat="50.4814500" lon="-3.7527700"/>
            <trkpt lat="50.4814300" lon="-3.7528800"/>
            <trkpt lat="50.4814400" lon="-3.7529700"/>
            <trkpt lat="50.4815000" lon="-3.7532100"/>
            <trkpt lat="50.4817900" lon="-3.7540700"/>
            <trkpt lat="50.4817100" lon="-3.7544600"/>
            <trkpt lat="50.4817500" lon="-3.7548200"/>
            <trkpt lat="50.4817400" lon="-3.7549300"/>
            <trkpt lat="50.4816200" lon="-3.7551600"/>
            <trkpt lat="50.4816000" lon="-3.7552900"/>
            <trkpt lat="50.4816300" lon="-3.7558400"/>
            <trkpt lat="50.4816000" lon="-3.7560600"/>
            <trkpt lat="50.4814800" lon="-3.7564400"/>
            <trkpt lat="50.4810500" lon="-3.7575600"/>
            <trkpt lat="50.4806500" lon="-3.7584300"/>
            <trkpt lat="50.4804900" lon="-3.7591000"/>
            <trkpt lat="50.4803600" lon="-3.7594000"/>
            <trkpt lat="50.4803400" lon="-3.7595700"/>
            <trkpt lat="50.4799900" lon="-3.7601700"/>
            <trkpt lat="50.4798700" lon="-3.7604200"/>
            <trkpt lat="50.4797900" lon="-3.7613900"/>
            <trkpt lat="50.4797400" lon="-3.7616800"/>
            <trkpt lat="50.4802300" lon="-3.7626600"/>
            <trkpt lat="50.4803100" lon="-3.7627900"/>
            <trkpt lat="50.4802300" lon="-3.7626600"/>
            <trkpt lat="50.4799700" lon="-3.7631900"/>
            <trkpt lat="50.4799700" lon="-3.7632700"/>
            <trkpt lat="50.4805000" lon="-3.7641500"/>
            <trkpt lat="50.4808600" lon="-3.7648800"/>
            <trkpt lat="50.4808400" lon="-3.7651500"/>
            <trkpt lat="50.4806400" lon="-3.7657000"/>
            <trkpt lat="50.4806500" lon="-3.7658700"/>
            <trkpt lat="50.4806300" lon="-3.7660500"/>
            <trkpt lat="50.4806000" lon="-3.7661800"/>
            <trkpt lat="50.4805200" lon="-3.7663600"/>
            <trkpt lat="50.4802900" lon="-3.7665200"/>
            <trkpt lat="50.4802000" lon="-3.7666400"/>
            <trkpt lat="50.4801800" lon="-3.7667100"/>
            <trkpt lat="50.4801800" lon="-3.7668500"/>
            <trkpt lat="50.4803200" lon="-3.7675900"/>
            <trkpt lat="50.4807400" lon="-3.7691000"/>
            <trkpt lat="50.4808000" lon="-3.7694300"/>
            <trkpt lat="50.4808100" lon="-3.7706200"/>
            <trkpt lat="50.4807600" lon="-3.7715700"/>
            <trkpt lat="50.4806900" lon="-3.7719400"/>
            <trkpt lat="50.4807200" lon="-3.7726000"/>
            <trkpt lat="50.4807100" lon="-3.7728400"/>
            <trkpt lat="50.4807500" lon="-3.7730800"/>
            <trkpt lat="50.4807000" lon="-3.7737500"/>
            <trkpt lat="50.4808400" lon="-3.7740200"/>
            <trkpt lat="50.4810400" lon="-3.7743200"/>
            <trkpt lat="50.4809900" lon="-3.7745400"/>
            <trkpt lat="50.4810400" lon="-3.7746300"/>
            <trkpt lat="50.4811100" lon="-3.7749100"/>
            <trkpt lat="50.4811400" lon="-3.7751600"/>
            <trkpt lat="50.4811800" lon="-3.7753800"/>
            <trkpt lat="50.4812100" lon="-3.7754800"/>
            <trkpt lat="50.4813100" lon="-3.7755900"/>
            <trkpt lat="50.4813800" lon="-3.7756200"/>
            <trkpt lat="50.4813800" lon="-3.7758400"/>
            <trkpt lat="50.4814800" lon="-3.7763300"/>
            <trkpt lat="50.4815100" lon="-3.7767600"/>
            <trkpt lat="50.4814900" lon="-3.7769200"/>
            <trkpt lat="50.4814400" lon="-3.7771500"/>
            <trkpt lat="50.4813100" lon="-3.7775900"/>
            <trkpt lat="50.4812200" lon="-3.7781100"/>
            <trkpt lat="50.4813400" lon="-3.7792400"/>
            <trkpt lat="50.4813500" lon="-3.7804100"/>
            <trkpt lat="50.4813100" lon="-3.7809600"/>
            <trkpt lat="50.4814300" lon="-3.7809800"/>
            <trkpt lat="50.4814800" lon="-3.7800700"/>
            <trkpt lat="50.4814500" lon="-3.7800700"/>
            <trkpt lat="50.4814800" lon="-3.7800700"/>
            <trkpt lat="50.4814300" lon="-3.7809800"/>
            <trkpt lat="50.4813100" lon="-3.7809600"/>
            <trkpt lat="50.4812100" lon="-3.7814800"/>
            <trkpt lat="50.4812800" lon="-3.7827500"/>
            <trkpt lat="50.4813500" lon="-3.7828600"/>
            <trkpt lat="50.4812900" lon="-3.7831300"/>
            <trkpt lat="50.4813300" lon="-3.7842900"/>
            <trkpt lat="50.4814500" lon="-3.7852700"/>
            <trkpt lat="50.4815000" lon="-3.7858600"/>
            <trkpt lat="50.4814900" lon="-3.7861100"/>
            <trkpt lat="50.4815200" lon="-3.7866900"/>
            <trkpt lat="50.4816300" lon="-3.7870500"/>
            <trkpt lat="50.4816700" lon="-3.7873100"/>
            <trkpt lat="50.4816800" lon="-3.7879200"/>
            <trkpt lat="50.4818700" lon="-3.7891800"/>
            <trkpt lat="50.4819700" lon="-3.7902700"/>
            <trkpt lat="50.4821800" lon="-3.7909900"/>
            <trkpt lat="50.4825600" lon="-3.7916000"/>
            <trkpt lat="50.4827500" lon="-3.7918500"/>
            <trkpt lat="50.4832500" lon="-3.7923200"/>
            <trkpt lat="50.4836200" lon="-3.7927200"/>
            <trkpt lat="50.4838300" lon="-3.7929900"/>
            <trkpt lat="50.4839400" lon="-3.7930700"/>
            <trkpt lat="50.4841500" lon="-3.7931800"/>
            <trkpt lat="50.4847000" lon="-3.7926900"/>
            <trkpt lat="50.4850900" lon="-3.7928300"/>
            <trkpt lat="50.4854100" lon="-3.7928600"/>
            <trkpt lat="50.4856100" lon="-3.7929400"/>
            <trkpt lat="50.4861300" lon="-3.7932400"/>
            <trkpt lat="50.4864700" lon="-3.7933800"/>
            <trkpt lat="50.4865300" lon="-3.7935900"/>
            <trkpt lat="50.4866000" lon="-3.7937300"/>
            <trkpt lat="50.4871100" lon="-3.7943800"/>
            <trkpt lat="50.4869400" lon="-3.7948300"/>
            <trkpt lat="50.4866000" lon="-3.7951600"/>
            <trkpt lat="50.4868000" lon="-3.7953900"/>
            <trkpt lat="50.4869100" lon="-3.7957000"/>
            <trkpt lat="50.4870700" lon="-3.7964500"/>
            <trkpt lat="50.4873800" lon="-3.7973600"/>
            <trkpt lat="50.4878600" lon="-3.7984300"/>
            <trkpt lat="50.4889400" lon="-3.8015100"/>
            <trkpt lat="50.4896100" lon="-3.8033600"/>
            <trkpt lat="50.4897300" lon="-3.8046100"/>
            <trkpt lat="50.4898400" lon="-3.8064900"/>
            <trkpt lat="50.4899800" lon="-3.8069900"/>
            <trkpt lat="50.4901500" lon="-3.8075200"/>
            <trkpt lat="50.4901400" lon="-3.8077000"/>
            <trkpt lat="50.4901900" lon="-3.8079400"/>
            <trkpt lat="50.4902200" lon="-3.8080100"/>
            <trkpt lat="50.4903200" lon="-3.8081000"/>
            <trkpt lat="50.4905400" lon="-3.8084500"/>
            <trkpt lat="50.4907500" lon="-3.8088300"/>
            <trkpt lat="50.4906600" lon="-3.8090300"/>
            <trkpt lat="50.4905800" lon="-3.8093200"/>
            <trkpt lat="50.4904700" lon="-3.8095700"/>
            <trkpt lat="50.4901600" lon="-3.8116000"/>
            <trkpt lat="50.4899800" lon="-3.8123700"/>
            <trkpt lat="50.4897200" lon="-3.8130100"/>
            <trkpt lat="50.4893600" lon="-3.8136700"/>
            <trkpt lat="50.4889100" lon="-3.8142800"/>
            <trkpt lat="50.4886400" lon="-3.8148200"/>
            <trkpt lat="50.4881200" lon="-3.8155200"/>
            <trkpt lat="50.4874600" lon="-3.8159900"/>
            <trkpt lat="50.4871300" lon="-3.8179500"/>
            <trkpt lat="50.4870100" lon="-3.8193100"/>
            <trkpt lat="50.4870000" lon="-3.8204900"/>
            <trkpt lat="50.4869500" lon="-3.8216700"/>
            <trkpt lat="50.4868400" lon="-3.8224600"/>
            <trkpt lat="50.4865800" lon="-3.8243500"/>
            <trkpt lat="50.4865100" lon="-3.8251800"/>
            <trkpt lat="50.4862400" lon="-3.8269400"/>
            <trkpt lat="50.4861000" lon="-3.8275600"/>
            <trkpt lat="50.4857100" lon="-3.8288100"/>
            <trkpt lat="50.4855900" lon="-3.8294000"/>
            <trkpt lat="50.4855400" lon="-3.8298500"/>
            <trkpt lat="50.4855200" lon="-3.8312100"/>
            <trkpt lat="50.4854800" lon="-3.8319600"/>
            <trkpt lat="50.4852200" lon="-3.8329700"/>
            <trkpt lat="50.4849600" lon="-3.8336800"/>
            <trkpt lat="50.4847200" lon="-3.8344100"/>
            <trkpt lat="50.4842800" lon="-3.8358600"/>
            <trkpt lat="50.4842200" lon="-3.8361000"/>
            <trkpt lat="50.4841800" lon="-3.8361600"/>
            <trkpt lat="50.4841800" lon="-3.8362100"/>
            <trkpt lat="50.4840800" lon="-3.8364300"/>
            <trkpt lat="50.4840200" lon="-3.8365100"/>
            <trkpt lat="50.4838900" lon="-3.8365900"/>
            <trkpt lat="50.4838200" lon="-3.8367900"/>
            <trkpt lat="50.4837700" lon="-3.8368800"/>
            <trkpt lat="50.4837700" lon="-3.8370800"/>
            <trkpt lat="50.4835700" lon="-3.8374500"/>
            <trkpt lat="50.4834000" lon="-3.8378400"/>
            <trkpt lat="50.4832200" lon="-3.8383400"/>
            <trkpt lat="50.4831000" lon="-3.8387700"/>
            <trkpt lat="50.4829200" lon="-3.8390700"/>
            <trkpt lat="50.4826200" lon="-3.8397000"/>
            <trkpt lat="50.4825200" lon="-3.8398600"/>
            <trkpt lat="50.4822100" lon="-3.8405500"/>
            <trkpt lat="50.4819900" lon="-3.8409300"/>
            <trkpt lat="50.4815500" lon="-3.8411900"/>
            <trkpt lat="50.4811800" lon="-3.8424900"/>
            <trkpt lat="50.4803300" lon="-3.8434300"/>
            <trkpt lat="50.4797400" lon="-3.8457300"/>
            <trkpt lat="50.4790000" lon="-3.8472600"/>
            <trkpt lat="50.4785700" lon="-3.8483200"/>
            <trkpt lat="50.4784700" lon="-3.8486400"/>
            <trkpt lat="50.4783800" lon="-3.8488000"/>
            <trkpt lat="50.4782800" lon="-3.8489300"/>
            <trkpt lat="50.4783100" lon="-3.8490100"/>
            <trkpt lat="50.4783900" lon="-3.8490000"/>
            <trkpt lat="50.4784100" lon="-3.8490600"/>
            <trkpt lat="50.4784900" lon="-3.8490600"/>
            <trkpt lat="50.4786100" lon="-3.8491400"/>
            <trkpt lat="50.4787900" lon="-3.8493500"/>
            <trkpt lat="50.4788900" lon="-3.8495700"/>
            <trkpt lat="50.4790100" lon="-3.8499200"/>
            <trkpt lat="50.4792000" lon="-3.8502000"/>
            <trkpt lat="50.4792300" lon="-3.8503100"/>
            <trkpt lat="50.4792200" lon="-3.8505400"/>
            <trkpt lat="50.4792600" lon="-3.8519100"/>
            <trkpt lat="50.4792500" lon="-3.8523600"/>
            <trkpt lat="50.4791300" lon="-3.8528400"/>
            <trkpt lat="50.4789100" lon="-3.8533400"/>
            <trkpt lat="50.4787600" lon="-3.8534000"/>
            <trkpt lat="50.4781900" lon="-3.8543800"/>
            <trkpt lat="50.4773600" lon="-3.8566100"/>
            <trkpt lat="50.4771300" lon="-3.8575400"/>
            <trkpt lat="50.4769400" lon="-3.8587300"/>
            <trkpt lat="50.4768700" lon="-3.8594900"/>
            <trkpt lat="50.4767600" lon="-3.8607000"/>
            <trkpt lat="50.4766300" lon="-3.8614000"/>
            <trkpt lat="50.4766400" lon="-3.8619600"/>
            <trkpt lat="50.4748500" lon="-3.8619300"/>
            <trkpt lat="50.4729500" lon="-3.8617900"/>
            <trkpt lat="50.4725500" lon="-3.8615100"/>
            <trkpt lat="50.4724900" lon="-3.8615400"/>
            <trkpt lat="50.4723400" lon="-3.8614500"/>
            <trkpt lat="50.4721600" lon="-3.8611700"/>
            <trkpt lat="50.4720100" lon="-3.8611500"/>
            <trkpt lat="50.4719100" lon="-3.8611000"/>
            <trkpt lat="50.4711400" lon="-3.8604300"/>
            <trkpt lat="50.4708900" lon="-3.8603300"/>
            <trkpt lat="50.4705200" lon="-3.8602200"/>
            <trkpt lat="50.4701900" lon="-3.8601900"/>
            <trkpt lat="50.4700300" lon="-3.8602200"/>
            <trkpt lat="50.4696600" lon="-3.8601400"/>
            <trkpt lat="50.4694800" lon="-3.8601000"/>
            <trkpt lat="50.4690300" lon="-3.8598500"/>
            <trkpt lat="50.4685700" lon="-3.8597100"/>
            <trkpt lat="50.4684800" lon="-3.8596400"/>
            <trkpt lat="50.4681000" lon="-3.8596000"/>
            <trkpt lat="50.4676700" lon="-3.8592300"/>
            <trkpt lat="50.4672500" lon="-3.8587600"/>
            <trkpt lat="50.4671400" lon="-3.8587100"/>
            <trkpt lat="50.4670300" lon="-3.8583600"/>
            <trkpt lat="50.4669500" lon="-3.8582100"/>
            <trkpt lat="50.4668400" lon="-3.8580900"/>
            <trkpt lat="50.4660100" lon="-3.8577200"/>
            <trkpt lat="50.4655900" lon="-3.8575500"/>
            <trkpt lat="50.4654900" lon="-3.8575400"/>
            <trkpt lat="50.4652800" lon="-3.8575500"/>
            <trkpt lat="50.4650200" lon="-3.8576300"/>
            <trkpt lat="50.4641500" lon="-3.8580000"/>
            <trkpt lat="50.4639900" lon="-3.8581500"/>
            <trkpt lat="50.4637300" lon="-3.8585200"/>
            <trkpt lat="50.4632800" lon="-3.8592500"/>
            <trkpt lat="50.4632100" lon="-3.8593400"/>
            <trkpt lat="50.4630400" lon="-3.8594800"/>
            <trkpt lat="50.4627300" lon="-3.8596000"/>
            <trkpt lat="50.4621500" lon="-3.8597300"/>
            <trkpt lat="50.4617800" lon="-3.8598600"/>
            <trkpt lat="50.4613000" lon="-3.8600900"/>
            <trkpt lat="50.4611800" lon="-3.8601500"/>
            <trkpt lat="50.4607200" lon="-3.8605100"/>
            <trkpt lat="50.4604900" lon="-3.8606700"/>
            <trkpt lat="50.4600100" lon="-3.8610900"/>
            <trkpt lat="50.4596200" lon="-3.8615000"/>
            <trkpt lat="50.4595500" lon="-3.8615500"/>
            <trkpt lat="50.4593800" lon="-3.8615600"/>
            <trkpt lat="50.4591700" lon="-3.8615100"/>
            <trkpt lat="50.4590100" lon="-3.8614500"/>
            <trkpt lat="50.4588100" lon="-3.8613000"/>
            <trkpt lat="50.4585600" lon="-3.8608900"/>
            <trkpt lat="50.4583700" lon="-3.8604400"/>
            <trkpt lat="50.4582900" lon="-3.8601500"/>
            <trkpt lat="50.4581200" lon="-3.8600200"/>
            <trkpt lat="50.4582400" lon="-3.8588400"/>
            <trkpt lat="50.4582300" lon="-3.8584400"/>
            <trkpt lat="50.4581500" lon="-3.8579600"/>
            <trkpt lat="50.4579500" lon="-3.8572600"/>
            <trkpt lat="50.4578700" lon="-3.8570500"/>
            <trkpt lat="50.4577500" lon="-3.8568200"/>
            <trkpt lat="50.4575400" lon="-3.8566100"/>
            <trkpt lat="50.4574300" lon="-3.8565700"/>
            <trkpt lat="50.4568300" lon="-3.8565400"/>
            <trkpt lat="50.4566100" lon="-3.8564700"/>
            <trkpt lat="50.4564300" lon="-3.8563300"/>
            <trkpt lat="50.4562700" lon="-3.8560600"/>
            <trkpt lat="50.4559600" lon="-3.8557100"/>
            <trkpt lat="50.4558800" lon="-3.8556400"/>
            <trkpt lat="50.4557000" lon="-3.8556100"/>
            <trkpt lat="50.4555100" lon="-3.8557300"/>
            <trkpt lat="50.4550000" lon="-3.8563500"/>
            <trkpt lat="50.4546400" lon="-3.8569500"/>
            <trkpt lat="50.4544400" lon="-3.8573500"/>
            <trkpt lat="50.4542400" lon="-3.8576800"/>
            <trkpt lat="50.4540400" lon="-3.8579900"/>
            <trkpt lat="50.4537400" lon="-3.8583900"/>
            <trkpt lat="50.4536500" lon="-3.8585000"/>
            <trkpt lat="50.4536000" lon="-3.8586000"/>
            <trkpt lat="50.4534900" lon="-3.8587000"/>
            <trkpt lat="50.4531700" lon="-3.8588900"/>
            <trkpt lat="50.4525900" lon="-3.8593700"/>
            <trkpt lat="50.4523900" lon="-3.8594900"/>
            <trkpt lat="50.4523500" lon="-3.8595400"/>
            <trkpt lat="50.4520300" lon="-3.8596100"/>
            <trkpt lat="50.4518000" lon="-3.8596000"/>
            <trkpt lat="50.4507700" lon="-3.8603300"/>
            <trkpt lat="50.4508200" lon="-3.8601900"/>
            <trkpt lat="50.4509000" lon="-3.8601400"/>
            <trkpt lat="50.4509100" lon="-3.8600300"/>
            <trkpt lat="50.4507600" lon="-3.8597900"/>
            <trkpt lat="50.4508000" lon="-3.8595800"/>
            <trkpt lat="50.4507900" lon="-3.8591800"/>
            <trkpt lat="50.4507700" lon="-3.8591100"/>
            <trkpt lat="50.4505400" lon="-3.8589100"/>
            <trkpt lat="50.4504600" lon="-3.8588100"/>
            <trkpt lat="50.4503100" lon="-3.8585600"/>
            <trkpt lat="50.4501800" lon="-3.8582800"/>
            <trkpt lat="50.4498800" lon="-3.8578500"/>
            <trkpt lat="50.4498800" lon="-3.8579600"/>
            <trkpt lat="50.4498800" lon="-3.8580100"/>
            <trkpt lat="50.4496800" lon="-3.8582500"/>
            <trkpt lat="50.4496000" lon="-3.8582400"/>
            <trkpt lat="50.4486300" lon="-3.8578400"/>
            <trkpt lat="50.4486000" lon="-3.8578000"/>
            <trkpt lat="50.4481700" lon="-3.8577700"/>
            <trkpt lat="50.4479700" lon="-3.8576900"/>
            <trkpt lat="50.4474800" lon="-3.8576900"/>
            <trkpt lat="50.4467100" lon="-3.8575200"/>
            <trkpt lat="50.4461900" lon="-3.8572200"/>
            <trkpt lat="50.4460100" lon="-3.8571800"/>
            <trkpt lat="50.4459200" lon="-3.8571000"/>
            <trkpt lat="50.4457200" lon="-3.8567000"/>
            <trkpt lat="50.4456800" lon="-3.8561400"/>
            <trkpt lat="50.4456300" lon="-3.8558800"/>
            <trkpt lat="50.4457000" lon="-3.8554700"/>
            <trkpt lat="50.4455900" lon="-3.8552300"/>
            <trkpt lat="50.4452100" lon="-3.8546400"/>
            <trkpt lat="50.4450000" lon="-3.8541200"/>
            <trkpt lat="50.4449800" lon="-3.8537900"/>
            <trkpt lat="50.4450100" lon="-3.8536100"/>
            <trkpt lat="50.4448600" lon="-3.8531000"/>
            <trkpt lat="50.4448200" lon="-3.8527200"/>
            <trkpt lat="50.4447700" lon="-3.8526700"/>
            <trkpt lat="50.4447100" lon="-3.8526900"/>
            <trkpt lat="50.4442500" lon="-3.8521000"/>
            <trkpt lat="50.4441000" lon="-3.8519500"/>
            <trkpt lat="50.4438800" lon="-3.8515600"/>
            <trkpt lat="50.4436600" lon="-3.8513400"/>
            <trkpt lat="50.4432000" lon="-3.8505600"/>
            <trkpt lat="50.4430700" lon="-3.8504100"/>
            <trkpt lat="50.4426100" lon="-3.8496800"/>
            <trkpt lat="50.4426000" lon="-3.8494500"/>
            <trkpt lat="50.4425400" lon="-3.8493200"/>
            <trkpt lat="50.4423600" lon="-3.8489700"/>
            <trkpt lat="50.4420900" lon="-3.8485300"/>
            <trkpt lat="50.4418400" lon="-3.8483500"/>
            <trkpt lat="50.4416400" lon="-3.8480300"/>
            <trkpt lat="50.4413800" lon="-3.8476800"/>
            <trkpt lat="50.4411200" lon="-3.8476000"/>
            <trkpt lat="50.4407800" lon="-3.8470100"/>
            <trkpt lat="50.4405400" lon="-3.8468100"/>
            <trkpt lat="50.4403100" lon="-3.8464700"/>
            <trkpt lat="50.4398600" lon="-3.8458500"/>
            <trkpt lat="50.4392400" lon="-3.8453500"/>
            <trkpt lat="50.4382500" lon="-3.8440600"/>
            <trkpt lat="50.4381100" lon="-3.8436000"/>
            <trkpt lat="50.4380100" lon="-3.8429900"/>
            <trkpt lat="50.4379200" lon="-3.8420300"/>
            <trkpt lat="50.4379600" lon="-3.8417800"/>
            <trkpt lat="50.4379300" lon="-3.8413500"/>
            <trkpt lat="50.4379400" lon="-3.8411200"/>
            <trkpt lat="50.4379000" lon="-3.8410500"/>
            <trkpt lat="50.4376900" lon="-3.8409200"/>
            <trkpt lat="50.4375300" lon="-3.8405400"/>
            <trkpt lat="50.4372600" lon="-3.8402700"/>
            <trkpt lat="50.4371400" lon="-3.8399100"/>
            <trkpt lat="50.4370800" lon="-3.8386600"/>
            <trkpt lat="50.4369700" lon="-3.8380700"/>
            <trkpt lat="50.4369000" lon="-3.8380700"/>
            <trkpt lat="50.4366400" lon="-3.8383200"/>
            <trkpt lat="50.4363600" lon="-3.8383300"/>
            <trkpt lat="50.4362100" lon="-3.8384100"/>
            <trkpt lat="50.4359700" lon="-3.8384200"/>
            <trkpt lat="50.4354800" lon="-3.8382900"/>
            <trkpt lat="50.4353000" lon="-3.8382300"/>
            <trkpt lat="50.4349800" lon="-3.8380300"/>
            <trkpt lat="50.4348400" lon="-3.8378600"/>
            <trkpt lat="50.4346000" lon="-3.8377100"/>
            <trkpt lat="50.4345200" lon="-3.8375700"/>
            <trkpt lat="50.4339400" lon="-3.8373700"/>
            <trkpt lat="50.4330400" lon="-3.8369800"/>
            <trkpt lat="50.4322300" lon="-3.8366900"/>
            <trkpt lat="50.4319200" lon="-3.8363800"/>
            <trkpt lat="50.4316300" lon="-3.8362600"/>
            <trkpt lat="50.4316000" lon="-3.8361200"/>
            <trkpt lat="50.4316400" lon="-3.8359300"/>
            <trkpt lat="50.4316100" lon="-3.8357500"/>
            <trkpt lat="50.4312800" lon="-3.8353300"/>
            <trkpt lat="50.4310300" lon="-3.8350900"/>
            <trkpt lat="50.4307600" lon="-3.8351800"/>
            <trkpt lat="50.4307100" lon="-3.8351600"/>
            <trkpt lat="50.4302200" lon="-3.8352600"/>
            <trkpt lat="50.4296900" lon="-3.8354100"/>
            <trkpt lat="50.4291500" lon="-3.8357000"/>
            <trkpt lat="50.4286200" lon="-3.8361500"/>
            <trkpt lat="50.4285800" lon="-3.8361800"/>
            <trkpt lat="50.4282600" lon="-3.8348600"/>
            <trkpt lat="50.4279600" lon="-3.8338400"/>
            <trkpt lat="50.4279200" lon="-3.8334200"/>
            <trkpt lat="50.4279200" lon="-3.8331300"/>
            <trkpt lat="50.4278900" lon="-3.8329200"/>
            <trkpt lat="50.4267100" lon="-3.8342400"/>
            <trkpt lat="50.4264700" lon="-3.8344400"/>
            <trkpt lat="50.4268800" lon="-3.8360000"/>
            <trkpt lat="50.4270500" lon="-3.8360400"/>
            <trkpt lat="50.4272000" lon="-3.8361200"/>
            <trkpt lat="50.4273500" lon="-3.8362600"/>
            <trkpt lat="50.4274500" lon="-3.8362900"/>
            <trkpt lat="50.4276200" lon="-3.8363000"/>
            <trkpt lat="50.4277200" lon="-3.8363600"/>
            <trkpt lat="50.4278200" lon="-3.8365000"/>
            <trkpt lat="50.4278200" lon="-3.8365600"/>
            <trkpt lat="50.4279700" lon="-3.8366200"/>
            <trkpt lat="50.4281400" lon="-3.8366200"/>
            <trkpt lat="50.4283400" lon="-3.8366700"/>
            <trkpt lat="50.4286900" lon="-3.8365800"/>
            <trkpt lat="50.4288500" lon="-3.8366400"/>
            <trkpt lat="50.4289800" lon="-3.8367600"/>
            <trkpt lat="50.4291800" lon="-3.8368600"/>
            <trkpt lat="50.4295000" lon="-3.8370800"/>
            <trkpt lat="50.4299000" lon="-3.8373900"/>
            <trkpt lat="50.4302000" lon="-3.8375400"/>
            <trkpt lat="50.4306000" lon="-3.8375500"/>
            <trkpt lat="50.4308400" lon="-3.8375100"/>
            <trkpt lat="50.4311500" lon="-3.8375300"/>
            <trkpt lat="50.4312700" lon="-3.8375800"/>
            <trkpt lat="50.4313300" lon="-3.8376600"/>
            <trkpt lat="50.4313000" lon="-3.8378100"/>
            <trkpt lat="50.4313300" lon="-3.8380300"/>
            <trkpt lat="50.4313300" lon="-3.8381400"/>
            <trkpt lat="50.4313100" lon="-3.8382400"/>
            <trkpt lat="50.4312800" lon="-3.8383200"/>
            <trkpt lat="50.4311700" lon="-3.8384700"/>
            <trkpt lat="50.4306100" lon="-3.8399300"/>
            <trkpt lat="50.4303800" lon="-3.8402900"/>
            <trkpt lat="50.4301100" lon="-3.8409700"/>
            <trkpt lat="50.4295400" lon="-3.8420300"/>
            <trkpt lat="50.4289800" lon="-3.8432400"/>
            <trkpt lat="50.4287400" lon="-3.8437100"/>
            <trkpt lat="50.4286200" lon="-3.8439400"/>
            <trkpt lat="50.4281600" lon="-3.8446600"/>
            <trkpt lat="50.4279000" lon="-3.8451200"/>
            <trkpt lat="50.4276400" lon="-3.8456700"/>
            <trkpt lat="50.4275400" lon="-3.8460300"/>
            <trkpt lat="50.4272700" lon="-3.8462900"/>
            <trkpt lat="50.4269000" lon="-3.8465300"/>
            <trkpt lat="50.4265600" lon="-3.8467100"/>
            <trkpt lat="50.4264100" lon="-3.8467300"/>
            <trkpt lat="50.4257300" lon="-3.8464000"/>
            <trkpt lat="50.4257500" lon="-3.8464100"/>
            <trkpt lat="50.4245800" lon="-3.8469700"/>
            <trkpt lat="50.4237800" lon="-3.8473200"/>
            <trkpt lat="50.4235300" lon="-3.8474100"/>
            <trkpt lat="50.4234300" lon="-3.8474100"/>
            <trkpt lat="50.4230700" lon="-3.8473200"/>
            <trkpt lat="50.4229000" lon="-3.8473000"/>
            <trkpt lat="50.4225700" lon="-3.8473500"/>
            <trkpt lat="50.4217200" lon="-3.8481300"/>
            <trkpt lat="50.4213400" lon="-3.8486600"/>
            <trkpt lat="50.4210000" lon="-3.8491300"/>
            <trkpt lat="50.4205500" lon="-3.8500300"/>
            <trkpt lat="50.4202500" lon="-3.8502200"/>
            <trkpt lat="50.4199900" lon="-3.8508000"/>
            <trkpt lat="50.4202300" lon="-3.8520700"/>
            <trkpt lat="50.4200500" lon="-3.8522900"/>
            <trkpt lat="50.4194100" lon="-3.8526500"/>
            <trkpt lat="50.4192000" lon="-3.8529800"/>
            <trkpt lat="50.4189900" lon="-3.8532000"/>
            <trkpt lat="50.4185600" lon="-3.8531800"/>
            <trkpt lat="50.4182100" lon="-3.8533500"/>
            <trkpt lat="50.4179500" lon="-3.8534400"/>
            <trkpt lat="50.4180600" lon="-3.8538200"/>
            <trkpt lat="50.4182400" lon="-3.8541600"/>
            <trkpt lat="50.4183900" lon="-3.8543800"/>
            <trkpt lat="50.4185400" lon="-3.8545500"/>
            <trkpt lat="50.4186200" lon="-3.8546100"/>
            <trkpt lat="50.4187800" lon="-3.8548300"/>
            <trkpt lat="50.4188500" lon="-3.8550300"/>
            <trkpt lat="50.4192800" lon="-3.8569100"/>
            <trkpt lat="50.4193300" lon="-3.8570300"/>
            <trkpt lat="50.4194200" lon="-3.8578300"/>
            <trkpt lat="50.4195700" lon="-3.8589100"/>
            <trkpt lat="50.4195900" lon="-3.8589900"/>
            <trkpt lat="50.4199200" lon="-3.8601100"/>
            <trkpt lat="50.4201100" lon="-3.8605900"/>
            <trkpt lat="50.4202700" lon="-3.8608900"/>
            <trkpt lat="50.4203100" lon="-3.8610400"/>
            <trkpt lat="50.4203000" lon="-3.8611900"/>
            <trkpt lat="50.4201400" lon="-3.8618500"/>
            <trkpt lat="50.4201100" lon="-3.8620500"/>
            <trkpt lat="50.4201000" lon="-3.8623400"/>
            <trkpt lat="50.4201300" lon="-3.8625500"/>
            <trkpt lat="50.4206300" lon="-3.8637300"/>
            <trkpt lat="50.4208600" lon="-3.8643700"/>
            <trkpt lat="50.4203000" lon="-3.8641200"/>
            <trkpt lat="50.4198200" lon="-3.8634600"/>
            <trkpt lat="50.4195600" lon="-3.8631600"/>
            <trkpt lat="50.4191200" lon="-3.8629000"/>
            <trkpt lat="50.4188400" lon="-3.8628600"/>
            <trkpt lat="50.4184500" lon="-3.8630100"/>
            <trkpt lat="50.4192900" lon="-3.8647700"/>
            <trkpt lat="50.4196100" lon="-3.8652200"/>
            <trkpt lat="50.4200800" lon="-3.8658600"/>
            <trkpt lat="50.4198600" lon="-3.8664900"/>
            <trkpt lat="50.4197500" lon="-3.8669800"/>
            <trkpt lat="50.4195700" lon="-3.8675800"/>
            <trkpt lat="50.4194300" lon="-3.8683000"/>
            <trkpt lat="50.4192600" lon="-3.8689500"/>
            <trkpt lat="50.4190000" lon="-3.8696400"/>
            <trkpt lat="50.4186500" lon="-3.8704200"/>
            <trkpt lat="50.4181600" lon="-3.8710800"/>
            <trkpt lat="50.4179700" lon="-3.8714300"/>
            <trkpt lat="50.4178200" lon="-3.8716400"/>
            <trkpt lat="50.4175500" lon="-3.8720800"/>
            <trkpt lat="50.4173700" lon="-3.8728400"/>
            <trkpt lat="50.4172600" lon="-3.8736200"/>
            <trkpt lat="50.4172100" lon="-3.8740000"/>
            <trkpt lat="50.4169900" lon="-3.8750700"/>
            <trkpt lat="50.4168100" lon="-3.8761400"/>
            <trkpt lat="50.4165100" lon="-3.8769300"/>
            <trkpt lat="50.4165500" lon="-3.8770200"/>
            <trkpt lat="50.4165100" lon="-3.8769300"/>
            <trkpt lat="50.4163700" lon="-3.8770100"/>
            <trkpt lat="50.4161200" lon="-3.8770600"/>
            <trkpt lat="50.4155500" lon="-3.8771100"/>
            <trkpt lat="50.4154800" lon="-3.8771700"/>
            <trkpt lat="50.4153400" lon="-3.8773200"/>
            <trkpt lat="50.4150400" lon="-3.8774100"/>
            <trkpt lat="50.4147900" lon="-3.8774500"/>
            <trkpt lat="50.4146100" lon="-3.8775300"/>
            <trkpt lat="50.4144900" lon="-3.8777200"/>
            <trkpt lat="50.4143500" lon="-3.8780100"/>
            <trkpt lat="50.4142000" lon="-3.8783400"/>
            <trkpt lat="50.4140800" lon="-3.8786600"/>
            <trkpt lat="50.4138400" lon="-3.8791600"/>
            <trkpt lat="50.4137500" lon="-3.8793300"/>
            <trkpt lat="50.4136600" lon="-3.8797100"/>
            <trkpt lat="50.4134300" lon="-3.8800400"/>
            <trkpt lat="50.4133800" lon="-3.8806100"/>
            <trkpt lat="50.4132500" lon="-3.8816000"/>
            <trkpt lat="50.4131200" lon="-3.8829200"/>
            <trkpt lat="50.4130500" lon="-3.8840500"/>
            <trkpt lat="50.4131600" lon="-3.8842800"/>
            <trkpt lat="50.4131700" lon="-3.8843700"/>
            <trkpt lat="50.4131600" lon="-3.8844600"/>
            <trkpt lat="50.4129700" lon="-3.8845100"/>
            <trkpt lat="50.4128000" lon="-3.8845300"/>
            <trkpt lat="50.4122300" lon="-3.8848400"/>
            <trkpt lat="50.4121100" lon="-3.8849500"/>
            <trkpt lat="50.4119600" lon="-3.8853500"/>
            <trkpt lat="50.4117800" lon="-3.8854000"/>
            <trkpt lat="50.4110200" lon="-3.8853800"/>
            <trkpt lat="50.4106600" lon="-3.8854500"/>
            <trkpt lat="50.4103900" lon="-3.8856900"/>
            <trkpt lat="50.4102700" lon="-3.8859800"/>
            <trkpt lat="50.4101200" lon="-3.8861400"/>
            <trkpt lat="50.4097000" lon="-3.8867700"/>
            <trkpt lat="50.4096200" lon="-3.8870700"/>
            <trkpt lat="50.4093000" lon="-3.8872600"/>
            <trkpt lat="50.4085200" lon="-3.8880500"/>
            <trkpt lat="50.4084300" lon="-3.8879900"/>
            <trkpt lat="50.4081100" lon="-3.8880600"/>
            <trkpt lat="50.4073900" lon="-3.8882400"/>
            <trkpt lat="50.4045200" lon="-3.8879500"/>
            <trkpt lat="50.4044100" lon="-3.8882000"/>
            <trkpt lat="50.4040100" lon="-3.8881100"/>
            <trkpt lat="50.4035700" lon="-3.8880100"/>
            <trkpt lat="50.4027800" lon="-3.8876700"/>
            <trkpt lat="50.4024200" lon="-3.8874600"/>
            <trkpt lat="50.4019600" lon="-3.8874000"/>
            <trkpt lat="50.4015000" lon="-3.8875400"/>
            <trkpt lat="50.4009900" lon="-3.8880500"/>
            <trkpt lat="50.4006200" lon="-3.8885900"/>
            <trkpt lat="50.4002100" lon="-3.8889400"/>
            <trkpt lat="50.3998800" lon="-3.8891900"/>
            <trkpt lat="50.3995900" lon="-3.8894800"/>
            <trkpt lat="50.3993800" lon="-3.8894900"/>
            <trkpt lat="50.3989200" lon="-3.8906200"/>
            <trkpt lat="50.3988300" lon="-3.8909200"/>
            <trkpt lat="50.3987200" lon="-3.8914100"/>
            <trkpt lat="50.3986400" lon="-3.8919400"/>
            <trkpt lat="50.3985900" lon="-3.8928000"/>
            <trkpt lat="50.3985800" lon="-3.8936800"/>
            <trkpt lat="50.3985100" lon="-3.8978000"/>
            <trkpt lat="50.3985300" lon="-3.8981800"/>
            <trkpt lat="50.3986200" lon="-3.8987600"/>
            <trkpt lat="50.3987000" lon="-3.8991400"/>
            <trkpt lat="50.3988000" lon="-3.8995200"/>
            <trkpt lat="50.3990100" lon="-3.9001300"/>
            <trkpt lat="50.3992200" lon="-3.9006100"/>
            <trkpt lat="50.3995300" lon="-3.9011300"/>
            <trkpt lat="50.3997200" lon="-3.9014100"/>
            <trkpt lat="50.4003300" lon="-3.9021300"/>
            <trkpt lat="50.4006900" lon="-3.9024700"/>
            <trkpt lat="50.4008600" lon="-3.9025800"/>
            <trkpt lat="50.4010800" lon="-3.9026900"/>
            <trkpt lat="50.4013100" lon="-3.9027500"/>
            <trkpt lat="50.4016000" lon="-3.9027800"/>
            <trkpt lat="50.4019300" lon="-3.9027100"/>
            <trkpt lat="50.4021300" lon="-3.9026100"/>
            <trkpt lat="50.4022400" lon="-3.9025600"/>
            <trkpt lat="50.4025300" lon="-3.9042900"/>
            <trkpt lat="50.4026200" lon="-3.9054600"/>
            <trkpt lat="50.4027400" lon="-3.9062100"/>
            <trkpt lat="50.4028100" lon="-3.9070400"/>
            <trkpt lat="50.4027300" lon="-3.9074700"/>
            <trkpt lat="50.4024200" lon="-3.9076500"/>
            <trkpt lat="50.4019800" lon="-3.9077800"/>
            <trkpt lat="50.4015900" lon="-3.9079800"/>
            <trkpt lat="50.4012800" lon="-3.9082000"/>
            <trkpt lat="50.4008900" lon="-3.9085700"/>
            <trkpt lat="50.4004400" lon="-3.9088700"/>
            <trkpt lat="50.3999600" lon="-3.9090800"/>
            <trkpt lat="50.3993900" lon="-3.9092800"/>
            <trkpt lat="50.3987600" lon="-3.9096400"/>
            <trkpt lat="50.3984200" lon="-3.9098000"/>
            <trkpt lat="50.3982600" lon="-3.9099500"/>
            <trkpt lat="50.3982100" lon="-3.9102100"/>
            <trkpt lat="50.3981900" lon="-3.9105800"/>
            <trkpt lat="50.3981300" lon="-3.9107800"/>
            <trkpt lat="50.3980800" lon="-3.9108800"/>
            <trkpt lat="50.3979400" lon="-3.9110200"/>
            <trkpt lat="50.3977800" lon="-3.9111400"/>
            <trkpt lat="50.3973500" lon="-3.9113600"/>
            <trkpt lat="50.3971000" lon="-3.9115900"/>
            <trkpt lat="50.3967700" lon="-3.9117800"/>
            <trkpt lat="50.3967400" lon="-3.9118400"/>
            <trkpt lat="50.3967500" lon="-3.9119500"/>
            <trkpt lat="50.3968700" lon="-3.9125300"/>
            <trkpt lat="50.3969900" lon="-3.9125700"/>
            <trkpt lat="50.3966100" lon="-3.9124900"/>
            <trkpt lat="50.3962800" lon="-3.9124700"/>
            <trkpt lat="50.3961700" lon="-3.9125200"/>
            <trkpt lat="50.3950600" lon="-3.9136400"/>
            <trkpt lat="50.3949900" lon="-3.9136700"/>
            <trkpt lat="50.3948900" lon="-3.9136700"/>
            <trkpt lat="50.3948800" lon="-3.9138500"/>
            <trkpt lat="50.3946700" lon="-3.9142300"/>
            <trkpt lat="50.3943000" lon="-3.9153100"/>
            <trkpt lat="50.3936400" lon="-3.9178100"/>
            <trkpt lat="50.3934800" lon="-3.9182700"/>
            <trkpt lat="50.3928200" lon="-3.9186700"/>
            <trkpt lat="50.3927500" lon="-3.9187700"/>
            <trkpt lat="50.3926000" lon="-3.9190300"/>
            <trkpt lat="50.3925500" lon="-3.9191700"/>
            <trkpt lat="50.3925300" lon="-3.9193400"/>
            <trkpt lat="50.3925400" lon="-3.9195700"/>
            <trkpt lat="50.3925000" lon="-3.9197000"/>
            <trkpt lat="50.3924400" lon="-3.9197900"/>
            <trkpt lat="50.3923300" lon="-3.9198600"/>
            <trkpt lat="50.3921600" lon="-3.9199000"/>
            <trkpt lat="50.3916200" lon="-3.9198800"/>
            <trkpt lat="50.3913200" lon="-3.9199700"/>
            <trkpt lat="50.3911800" lon="-3.9199400"/>
            <trkpt lat="50.3905600" lon="-3.9195400"/>
            <trkpt lat="50.3905500" lon="-3.9196100"/>
            <trkpt lat="50.3903800" lon="-3.9196000"/>
            <trkpt lat="50.3901700" lon="-3.9194900"/>
            <trkpt lat="50.3901100" lon="-3.9195000"/>
            <trkpt lat="50.3896000" lon="-3.9195300"/>
            <trkpt lat="50.3891100" lon="-3.9197600"/>
            <trkpt lat="50.3889200" lon="-3.9199300"/>
            <trkpt lat="50.3888000" lon="-3.9200400"/>
            <trkpt lat="50.3886200" lon="-3.9203200"/>
            <trkpt lat="50.3885900" lon="-3.9204600"/>
            <trkpt lat="50.3885100" lon="-3.9206000"/>
            <trkpt lat="50.3881900" lon="-3.9213000"/>
            <trkpt lat="50.3881900" lon="-3.9214200"/>
            <trkpt lat="50.3879900" lon="-3.9217900"/>
            <trkpt lat="50.3876000" lon="-3.9220000"/>
            <trkpt lat="50.3875300" lon="-3.9221000"/>
            <trkpt lat="50.3874100" lon="-3.9222000"/>
            <trkpt lat="50.3872900" lon="-3.9222600"/>
            <trkpt lat="50.3870300" lon="-3.9224600"/>
            <trkpt lat="50.3863800" lon="-3.9225500"/>
            <trkpt lat="50.3861900" lon="-3.9226800"/>
            <trkpt lat="50.3859400" lon="-3.9230200"/>
            <trkpt lat="50.3858300" lon="-3.9236100"/>
            <trkpt lat="50.3858300" lon="-3.9237000"/>
            <trkpt lat="50.3857900" lon="-3.9238600"/>
            <trkpt lat="50.3857400" lon="-3.9239600"/>
            <trkpt lat="50.3853400" lon="-3.9241300"/>
            <trkpt lat="50.3849500" lon="-3.9242100"/>
            <trkpt lat="50.3847000" lon="-3.9242900"/>
            <trkpt lat="50.3846800" lon="-3.9243700"/>
            <trkpt lat="50.3845100" lon="-3.9246200"/>
            <trkpt lat="50.3843600" lon="-3.9249600"/>
            <trkpt lat="50.3841200" lon="-3.9254200"/>
            <trkpt lat="50.3838900" lon="-3.9260400"/>
            <trkpt lat="50.3838400" lon="-3.9261000"/>
            <trkpt lat="50.3837800" lon="-3.9260700"/>
            <trkpt lat="50.3834300" lon="-3.9257600"/>
            <trkpt lat="50.3822500" lon="-3.9248100"/>
            <trkpt lat="50.3814400" lon="-3.9235400"/>
            <trkpt lat="50.3812300" lon="-3.9232100"/>
            <trkpt lat="50.3815400" lon="-3.9224300"/>
            <trkpt lat="50.3816400" lon="-3.9225500"/>
            <trkpt lat="50.3816600" lon="-3.9224900"/>
            <trkpt lat="50.3809100" lon="-3.9216200"/>
            <trkpt lat="50.3801800" lon="-3.9208800"/>
            <trkpt lat="50.3801700" lon="-3.9207800"/>
            <trkpt lat="50.3800000" lon="-3.9207500"/>
            <trkpt lat="50.3798200" lon="-3.9205700"/>
            <trkpt lat="50.3797300" lon="-3.9205200"/>
            <trkpt lat="50.3796200" lon="-3.9205300"/>
            <trkpt lat="50.3794300" lon="-3.9204800"/>
            <trkpt lat="50.3789400" lon="-3.9201200"/>
            <trkpt lat="50.3786100" lon="-3.9199400"/>
            <trkpt lat="50.3784300" lon="-3.9197700"/>
            <trkpt lat="50.3776200" lon="-3.9191100"/>
            <trkpt lat="50.3774000" lon="-3.9189200"/>
            <trkpt lat="50.3771500" lon="-3.9185800"/>
            <trkpt lat="50.3768100" lon="-3.9180400"/>
            <trkpt lat="50.3767900" lon="-3.9179400"/>
            <trkpt lat="50.3763000" lon="-3.9171000"/>
            <trkpt lat="50.3759500" lon="-3.9166100"/>
            <trkpt lat="50.3756600" lon="-3.9160800"/>
            <trkpt lat="50.3750600" lon="-3.9153400"/>
            <trkpt lat="50.3748800" lon="-3.9150400"/>
            <trkpt lat="50.3747700" lon="-3.9147600"/>
            <trkpt lat="50.3747000" lon="-3.9144900"/>
            <trkpt lat="50.3747100" lon="-3.9142500"/>
            <trkpt lat="50.3747400" lon="-3.9140700"/>
            <trkpt lat="50.3746800" lon="-3.9135100"/>
            <trkpt lat="50.3746700" lon="-3.9129700"/>
            <trkpt lat="50.3750500" lon="-3.9126900"/>
            <trkpt lat="50.3752300" lon="-3.9124800"/>
            <trkpt lat="50.3754300" lon="-3.9122200"/>
            <trkpt lat="50.3757000" lon="-3.9117300"/>
            <trkpt lat="50.3758700" lon="-3.9114600"/>
            <trkpt lat="50.3755700" lon="-3.9109900"/>
            <trkpt lat="50.3747400" lon="-3.9100700"/>
            <trkpt lat="50.3746500" lon="-3.9099400"/>
            <trkpt lat="50.3745900" lon="-3.9099500"/>
            <trkpt lat="50.3742800" lon="-3.9097400"/>
            <trkpt lat="50.3739900" lon="-3.9095900"/>
            <trkpt lat="50.3738000" lon="-3.9094600"/>
            <trkpt lat="50.3731000" lon="-3.9088900"/>
            <trkpt lat="50.3728600" lon="-3.9089100"/>
            <trkpt lat="50.3725300" lon="-3.9090500"/>
            <trkpt lat="50.3720600" lon="-3.9090300"/>
            <trkpt lat="50.3718900" lon="-3.9090600"/>
            <trkpt lat="50.3714900" lon="-3.9092600"/>
            <trkpt lat="50.3708500" lon="-3.9085000"/>
            <trkpt lat="50.3707200" lon="-3.9084700"/>
            <trkpt lat="50.3704800" lon="-3.9083100"/>
            <trkpt lat="50.3704500" lon="-3.9082500"/>
            <trkpt lat="50.3703600" lon="-3.9076900"/>
            <trkpt lat="50.3698800" lon="-3.9065000"/>
            <trkpt lat="50.3697800" lon="-3.9063100"/>
            <trkpt lat="50.3695900" lon="-3.9063000"/>
            <trkpt lat="50.3695300" lon="-3.9062700"/>
            <trkpt lat="50.3692400" lon="-3.9060400"/>
            <trkpt lat="50.3689200" lon="-3.9054000"/>
            <trkpt lat="50.3685700" lon="-3.9049000"/>
            <trkpt lat="50.3682600" lon="-3.9045000"/>
            <trkpt lat="50.3679000" lon="-3.9045100"/>
            <trkpt lat="50.3677200" lon="-3.9045600"/>
            <trkpt lat="50.3671900" lon="-3.9049200"/>
            <trkpt lat="50.3665100" lon="-3.9056300"/>
            <trkpt lat="50.3654100" lon="-3.9065700"/>
            <trkpt lat="50.3648900" lon="-3.9068300"/>
            <trkpt lat="50.3648200" lon="-3.9068800"/>
            <trkpt lat="50.3642700" lon="-3.9076500"/>
            <trkpt lat="50.3637700" lon="-3.9084000"/>
            <trkpt lat="50.3632000" lon="-3.9093600"/>
            <trkpt lat="50.3629500" lon="-3.9098500"/>
            <trkpt lat="50.3626400" lon="-3.9106200"/>
            <trkpt lat="50.3623800" lon="-3.9113100"/>
            <trkpt lat="50.3622500" lon="-3.9115200"/>
            <trkpt lat="50.3620700" lon="-3.9116600"/>
            <trkpt lat="50.3618500" lon="-3.9119800"/>
            <trkpt lat="50.3614000" lon="-3.9127900"/>
            <trkpt lat="50.3613300" lon="-3.9122300"/>
            <trkpt lat="50.3610300" lon="-3.9130100"/>
            <trkpt lat="50.3606300" lon="-3.9133500"/>
            <trkpt lat="50.3605600" lon="-3.9133500"/>
            <trkpt lat="50.3603100" lon="-3.9136400"/>
            <trkpt lat="50.3599800" lon="-3.9139800"/>
            <trkpt lat="50.3599000" lon="-3.9141700"/>
            <trkpt lat="50.3598000" lon="-3.9142800"/>
            <trkpt lat="50.3597100" lon="-3.9145000"/>
            <trkpt lat="50.3593900" lon="-3.9150500"/>
            <trkpt lat="50.3593000" lon="-3.9151500"/>
            <trkpt lat="50.3585900" lon="-3.9156700"/>
            <trkpt lat="50.3581400" lon="-3.9160700"/>
            <trkpt lat="50.3580700" lon="-3.9162000"/>
            <trkpt lat="50.3579900" lon="-3.9162900"/>
            <trkpt lat="50.3579000" lon="-3.9163000"/>
            <trkpt lat="50.3578300" lon="-3.9162500"/>
            <trkpt lat="50.3577600" lon="-3.9162700"/>
            <trkpt lat="50.3577000" lon="-3.9162400"/>
            <trkpt lat="50.3575800" lon="-3.9163400"/>
            <trkpt lat="50.3573900" lon="-3.9165900"/>
            <trkpt lat="50.3572200" lon="-3.9167100"/>
            <trkpt lat="50.3569500" lon="-3.9169400"/>
            <trkpt lat="50.3566300" lon="-3.9173500"/>
            <trkpt lat="50.3564300" lon="-3.9177000"/>
            <trkpt lat="50.3562300" lon="-3.9178600"/>
            <trkpt lat="50.3561800" lon="-3.9178600"/>
            <trkpt lat="50.3560900" lon="-3.9179000"/>
            <trkpt lat="50.3559300" lon="-3.9180800"/>
            <trkpt lat="50.3558900" lon="-3.9182100"/>
            <trkpt lat="50.3557400" lon="-3.9184200"/>
            <trkpt lat="50.3553100" lon="-3.9193700"/>
            <trkpt lat="50.3552300" lon="-3.9197300"/>
            <trkpt lat="50.3551600" lon="-3.9204100"/>
            <trkpt lat="50.3551200" lon="-3.9211600"/>
            <trkpt lat="50.3550600" lon="-3.9212600"/>
            <trkpt lat="50.3549200" lon="-3.9214100"/>
            <trkpt lat="50.3548800" lon="-3.9214800"/>
            <trkpt lat="50.3548000" lon="-3.9215400"/>
            <trkpt lat="50.3547100" lon="-3.9215600"/>
            <trkpt lat="50.3544800" lon="-3.9215100"/>
            <trkpt lat="50.3543000" lon="-3.9216700"/>
            <trkpt lat="50.3542300" lon="-3.9218100"/>
            <trkpt lat="50.3541000" lon="-3.9223600"/>
            <trkpt lat="50.3539600" lon="-3.9225300"/>
            <trkpt lat="50.3537800" lon="-3.9226800"/>
            <trkpt lat="50.3534600" lon="-3.9228300"/>
            <trkpt lat="50.3530200" lon="-3.9229400"/>
            <trkpt lat="50.3528500" lon="-3.9228400"/>
            <trkpt lat="50.3528100" lon="-3.9227700"/>
            <trkpt lat="50.3527000" lon="-3.9226900"/>
            <trkpt lat="50.3522200" lon="-3.9226600"/>
            <trkpt lat="50.3520800" lon="-3.9227700"/>
            <trkpt lat="50.3518900" lon="-3.9230500"/>
            <trkpt lat="50.3516900" lon="-3.9234400"/>
            <trkpt lat="50.3515600" lon="-3.9235800"/>
            <trkpt lat="50.3514000" lon="-3.9236500"/>
            <trkpt lat="50.3512800" lon="-3.9236800"/>
            <trkpt lat="50.3511600" lon="-3.9236800"/>
            <trkpt lat="50.3506800" lon="-3.9238100"/>
            <trkpt lat="50.3508600" lon="-3.9244400"/>
            <trkpt lat="50.3509100" lon="-3.9244100"/>
            <trkpt lat="50.3510300" lon="-3.9248700"/>
            <trkpt lat="50.3513000" lon="-3.9255000"/>
            <trkpt lat="50.3515900" lon="-3.9260800"/>
            <trkpt lat="50.3516500" lon="-3.9262800"/>
            <trkpt lat="50.3515900" lon="-3.9264000"/>
            <trkpt lat="50.3515700" lon="-3.9265200"/>
            <trkpt lat="50.3515800" lon="-3.9266400"/>
            <trkpt lat="50.3518800" lon="-3.9279700"/>
            <trkpt lat="50.3522100" lon="-3.9291700"/>
            <trkpt lat="50.3521700" lon="-3.9290000"/>
            <trkpt lat="50.3520900" lon="-3.9290300"/>
            <trkpt lat="50.3516200" lon="-3.9307700"/>
            <trkpt lat="50.3515800" lon="-3.9308000"/>
            <trkpt lat="50.3513200" lon="-3.9315500"/>
            <trkpt lat="50.3511900" lon="-3.9320900"/>
            <trkpt lat="50.3510200" lon="-3.9327000"/>
            <trkpt lat="50.3509600" lon="-3.9328300"/>
            <trkpt lat="50.3505800" lon="-3.9334400"/>
            <trkpt lat="50.3503000" lon="-3.9339500"/>
            <trkpt lat="50.3499500" lon="-3.9347500"/>
            <trkpt lat="50.3496800" lon="-3.9352500"/>
            <trkpt lat="50.3495000" lon="-3.9355300"/>
            <trkpt lat="50.3493100" lon="-3.9357500"/>
            <trkpt lat="50.3491000" lon="-3.9359000"/>
            <trkpt lat="50.3487000" lon="-3.9360400"/>
            <trkpt lat="50.3485000" lon="-3.9361500"/>
            <trkpt lat="50.3482300" lon="-3.9363900"/>
            <trkpt lat="50.3478500" lon="-3.9377300"/>
            <trkpt lat="50.3475500" lon="-3.9385300"/>
            <trkpt lat="50.3474600" lon="-3.9388700"/>
            <trkpt lat="50.3472000" lon="-3.9396400"/>
            <trkpt lat="50.3468800" lon="-3.9404100"/>
            <trkpt lat="50.3464800" lon="-3.9412700"/>
            <trkpt lat="50.3463000" lon="-3.9417900"/>
            <trkpt lat="50.3461600" lon="-3.9421300"/>
            <trkpt lat="50.3459600" lon="-3.9426900"/>
            <trkpt lat="50.3458300" lon="-3.9431800"/>
            <trkpt lat="50.3459300" lon="-3.9431600"/>
            <trkpt lat="50.3460600" lon="-3.9432200"/>
            <trkpt lat="50.3461900" lon="-3.9434900"/>
            <trkpt lat="50.3463900" lon="-3.9441400"/>
            <trkpt lat="50.3467100" lon="-3.9466300"/>
            <trkpt lat="50.3470000" lon="-3.9480000"/>
            <trkpt lat="50.3472500" lon="-3.9495200"/>
            <trkpt lat="50.3471400" lon="-3.9517100"/>
            <trkpt lat="50.3471600" lon="-3.9518700"/>
            <trkpt lat="50.3472200" lon="-3.9520500"/>
            <trkpt lat="50.3472300" lon="-3.9521900"/>
            <trkpt lat="50.3472600" lon="-3.9534200"/>
            <trkpt lat="50.3472800" lon="-3.9550700"/>
            <trkpt lat="50.3473300" lon="-3.9552600"/>
            <trkpt lat="50.3477500" lon="-3.9559700"/>
            <trkpt lat="50.3477900" lon="-3.9560500"/>
            <trkpt lat="50.3477000" lon="-3.9564100"/>
            <trkpt lat="50.3475300" lon="-3.9567900"/>
            <trkpt lat="50.3472600" lon="-3.9575200"/>
            <trkpt lat="50.3471700" lon="-3.9576900"/>
            <trkpt lat="50.3469900" lon="-3.9579300"/>
            <trkpt lat="50.3466200" lon="-3.9582800"/>
            <trkpt lat="50.3464300" lon="-3.9585000"/>
            <trkpt lat="50.3452900" lon="-3.9601500"/>
            <trkpt lat="50.3453900" lon="-3.9603300"/>
            <trkpt lat="50.3461200" lon="-3.9625100"/>
            <trkpt lat="50.3463200" lon="-3.9630100"/>
            <trkpt lat="50.3466200" lon="-3.9640200"/>
            <trkpt lat="50.3465500" lon="-3.9647900"/>
            <trkpt lat="50.3464900" lon="-3.9664200"/>
            <trkpt lat="50.3465000" lon="-3.9667500"/>
            <trkpt lat="50.3466200" lon="-3.9673100"/>
            <trkpt lat="50.3466700" lon="-3.9676300"/>
            <trkpt lat="50.3467300" lon="-3.9686700"/>
            <trkpt lat="50.3467300" lon="-3.9689500"/>
            <trkpt lat="50.3469100" lon="-3.9691000"/>
            <trkpt lat="50.3471700" lon="-3.9693900"/>
            <trkpt lat="50.3471300" lon="-3.9704900"/>
            <trkpt lat="50.3471300" lon="-3.9710500"/>
            <trkpt lat="50.3470800" lon="-3.9715000"/>
            <trkpt lat="50.3470300" lon="-3.9717100"/>
            <trkpt lat="50.3470400" lon="-3.9719200"/>
            <trkpt lat="50.3468700" lon="-3.9729500"/>
            <trkpt lat="50.3464500" lon="-3.9741800"/>
            <trkpt lat="50.3460800" lon="-3.9747300"/>
            <trkpt lat="50.3458300" lon="-3.9751400"/>
            <trkpt lat="50.3458900" lon="-3.9751800"/>
            <trkpt lat="50.3459300" lon="-3.9752600"/>
            <trkpt lat="50.3463200" lon="-3.9758300"/>
            <trkpt lat="50.3467300" lon="-3.9767200"/>
            <trkpt lat="50.3467600" lon="-3.9768500"/>
            <trkpt lat="50.3467600" lon="-3.9770400"/>
            <trkpt lat="50.3467400" lon="-3.9772700"/>
            <trkpt lat="50.3467600" lon="-3.9773800"/>
            <trkpt lat="50.3468100" lon="-3.9774600"/>
            <trkpt lat="50.3470700" lon="-3.9775700"/>
            <trkpt lat="50.3471400" lon="-3.9776200"/>
            <trkpt lat="50.3472100" lon="-3.9777000"/>
            <trkpt lat="50.3476900" lon="-3.9786000"/>
            <trkpt lat="50.3477800" lon="-3.9787100"/>
            <trkpt lat="50.3489300" lon="-3.9793600"/>
            <trkpt lat="50.3493000" lon="-3.9795200"/>
            <trkpt lat="50.3495700" lon="-3.9795300"/>
            <trkpt lat="50.3500500" lon="-3.9794200"/>
            <trkpt lat="50.3500500" lon="-3.9795300"/>
            <trkpt lat="50.3500600" lon="-3.9800900"/>
            <trkpt lat="50.3500200" lon="-3.9809100"/>
            <trkpt lat="50.3501900" lon="-3.9814900"/>
            <trkpt lat="50.3503300" lon="-3.9825700"/>
            <trkpt lat="50.3501900" lon="-3.9827400"/>
            <trkpt lat="50.3501000" lon="-3.9827800"/>
            <trkpt lat="50.3499800" lon="-3.9827700"/>
            <trkpt lat="50.3498800" lon="-3.9828000"/>
            <trkpt lat="50.3497700" lon="-3.9833000"/>
            <trkpt lat="50.3496700" lon="-3.9836300"/>
            <trkpt lat="50.3494600" lon="-3.9842000"/>
            <trkpt lat="50.3491200" lon="-3.9848400"/>
            <trkpt lat="50.3489000" lon="-3.9851200"/>
            <trkpt lat="50.3487600" lon="-3.9852000"/>
            <trkpt lat="50.3484300" lon="-3.9856100"/>
            <trkpt lat="50.3482700" lon="-3.9857600"/>
            <trkpt lat="50.3479300" lon="-3.9864400"/>
            <trkpt lat="50.3479600" lon="-3.9865000"/>
            <trkpt lat="50.3474700" lon="-3.9873300"/>
            <trkpt lat="50.3473400" lon="-3.9874200"/>
            <trkpt lat="50.3472300" lon="-3.9875700"/>
            <trkpt lat="50.3469000" lon="-3.9880300"/>
            <trkpt lat="50.3469100" lon="-3.9882500"/>
            <trkpt lat="50.3467900" lon="-3.9884000"/>
            <trkpt lat="50.3468100" lon="-3.9885200"/>
            <trkpt lat="50.3471500" lon="-3.9891900"/>
            <trkpt lat="50.3475100" lon="-3.9899400"/>
            <trkpt lat="50.3474700" lon="-3.9900200"/>
            <trkpt lat="50.3474400" lon="-3.9901200"/>
            <trkpt lat="50.3473900" lon="-3.9904900"/>
            <trkpt lat="50.3474100" lon="-3.9905700"/>
            <trkpt lat="50.3474400" lon="-3.9908000"/>
            <trkpt lat="50.3474100" lon="-3.9912300"/>
            <trkpt lat="50.3473500" lon="-3.9915300"/>
            <trkpt lat="50.3473600" lon="-3.9916700"/>
            <trkpt lat="50.3470500" lon="-3.9929400"/>
            <trkpt lat="50.3473300" lon="-3.9931400"/>
            <trkpt lat="50.3473800" lon="-3.9930300"/>
            <trkpt lat="50.3474600" lon="-3.9929300"/>
            <trkpt lat="50.3475200" lon="-3.9929300"/>
            <trkpt lat="50.3475700" lon="-3.9929600"/>
            <trkpt lat="50.3476300" lon="-3.9930800"/>
            <trkpt lat="50.3476400" lon="-3.9934600"/>
            <trkpt lat="50.3475600" lon="-3.9938900"/>
            <trkpt lat="50.3474700" lon="-3.9941700"/>
            <trkpt lat="50.3473700" lon="-3.9943800"/>
            <trkpt lat="50.3471400" lon="-3.9947500"/>
            <trkpt lat="50.3470200" lon="-3.9949800"/>
            <trkpt lat="50.3469700" lon="-3.9951700"/>
            <trkpt lat="50.3467600" lon="-3.9964100"/>
            <trkpt lat="50.3467800" lon="-3.9967000"/>
            <trkpt lat="50.3466900" lon="-3.9972800"/>
            <trkpt lat="50.3466900" lon="-3.9974700"/>
            <trkpt lat="50.3467300" lon="-3.9976200"/>
            <trkpt lat="50.3467300" lon="-3.9976900"/>
            <trkpt lat="50.3466800" lon="-3.9977500"/>
            <trkpt lat="50.3466100" lon="-3.9977600"/>
            <trkpt lat="50.3465700" lon="-3.9977000"/>
            <trkpt lat="50.3465100" lon="-3.9979200"/>
            <trkpt lat="50.3466200" lon="-3.9983000"/>
            <trkpt lat="50.3465800" lon="-3.9985100"/>
            <trkpt lat="50.3465000" lon="-3.9986600"/>
            <trkpt lat="50.3462400" lon="-3.9988400"/>
            <trkpt lat="50.3461100" lon="-3.9995200"/>
            <trkpt lat="50.3460400" lon="-3.9997200"/>
            <trkpt lat="50.3458600" lon="-4.0000300"/>
            <trkpt lat="50.3456200" lon="-4.0003700"/>
            <trkpt lat="50.3452000" lon="-4.0008800"/>
            <trkpt lat="50.3448700" lon="-4.0012500"/>
            <trkpt lat="50.3448500" lon="-4.0013200"/>
            <trkpt lat="50.3445200" lon="-4.0017600"/>
            <trkpt lat="50.3444000" lon="-4.0018300"/>
            <trkpt lat="50.3442200" lon="-4.0017600"/>
            <trkpt lat="50.3441500" lon="-4.0017700"/>
            <trkpt lat="50.3439100" lon="-4.0020000"/>
            <trkpt lat="50.3438300" lon="-4.0020300"/>
            <trkpt lat="50.3437100" lon="-4.0020200"/>
            <trkpt lat="50.3433200" lon="-4.0018500"/>
            <trkpt lat="50.3432100" lon="-4.0017700"/>
            <trkpt lat="50.3430800" lon="-4.0017400"/>
            <trkpt lat="50.3428200" lon="-4.0017500"/>
            <trkpt lat="50.3427200" lon="-4.0017300"/>
            <trkpt lat="50.3426000" lon="-4.0016600"/>
            <trkpt lat="50.3425100" lon="-4.0016900"/>
            <trkpt lat="50.3420300" lon="-4.0016900"/>
            <trkpt lat="50.3409400" lon="-4.0020200"/>
            <trkpt lat="50.3405100" lon="-4.0022100"/>
            <trkpt lat="50.3401600" lon="-4.0025900"/>
            <trkpt lat="50.3398000" lon="-4.0032500"/>
            <trkpt lat="50.3396700" lon="-4.0034300"/>
            <trkpt lat="50.3394900" lon="-4.0035600"/>
            <trkpt lat="50.3394100" lon="-4.0035600"/>
            <trkpt lat="50.3387000" lon="-4.0026400"/>
            <trkpt lat="50.3385100" lon="-4.0023000"/>
            <trkpt lat="50.3383800" lon="-4.0019900"/>
            <trkpt lat="50.3381500" lon="-4.0012700"/>
            <trkpt lat="50.3379800" lon="-4.0008600"/>
            <trkpt lat="50.3376900" lon="-4.0002600"/>
            <trkpt lat="50.3374700" lon="-3.9999300"/>
            <trkpt lat="50.3371700" lon="-3.9995500"/>
            <trkpt lat="50.3367400" lon="-3.9990900"/>
            <trkpt lat="50.3364900" lon="-3.9987400"/>
            <trkpt lat="50.3356500" lon="-3.9979500"/>
            <trkpt lat="50.3354200" lon="-3.9977100"/>
            <trkpt lat="50.3352800" lon="-3.9974700"/>
            <trkpt lat="50.3349100" lon="-3.9970300"/>
            <trkpt lat="50.3344900" lon="-3.9962100"/>
            <trkpt lat="50.3343800" lon="-3.9959200"/>
            <trkpt lat="50.3340700" lon="-3.9946200"/>
            <trkpt lat="50.3339200" lon="-3.9942200"/>
            <trkpt lat="50.3336500" lon="-3.9942500"/>
            <trkpt lat="50.3312500" lon="-3.9936700"/>
            <trkpt lat="50.3306700" lon="-3.9933400"/>
            <trkpt lat="50.3303200" lon="-3.9932300"/>
            <trkpt lat="50.3299900" lon="-3.9930800"/>
            <trkpt lat="50.3298000" lon="-3.9929500"/>
            <trkpt lat="50.3296200" lon="-3.9927900"/>
            <trkpt lat="50.3295000" lon="-3.9926300"/>
            <trkpt lat="50.3294400" lon="-3.9926500"/>
            <trkpt lat="50.3292600" lon="-3.9928100"/>
            <trkpt lat="50.3286000" lon="-3.9931800"/>
            <trkpt lat="50.3281000" lon="-3.9934600"/>
            <trkpt lat="50.3279200" lon="-3.9936100"/>
            <trkpt lat="50.3273100" lon="-3.9938400"/>
            <trkpt lat="50.3271200" lon="-3.9938400"/>
            <trkpt lat="50.3269900" lon="-3.9938200"/>
            <trkpt lat="50.3266500" lon="-3.9940100"/>
            <trkpt lat="50.3262500" lon="-3.9941500"/>
            <trkpt lat="50.3247700" lon="-3.9953900"/>
            <trkpt lat="50.3227000" lon="-3.9957300"/>
            <trkpt lat="50.3225600" lon="-3.9965100"/>
            <trkpt lat="50.3225900" lon="-3.9967700"/>
            <trkpt lat="50.3224000" lon="-3.9968000"/>
            <trkpt lat="50.3219600" lon="-3.9970800"/>
            <trkpt lat="50.3216300" lon="-3.9971700"/>
            <trkpt lat="50.3214900" lon="-3.9971700"/>
            <trkpt lat="50.3211100" lon="-3.9970400"/>
            <trkpt lat="50.3210100" lon="-3.9970300"/>
            <trkpt lat="50.3208400" lon="-3.9972400"/>
            <trkpt lat="50.3207500" lon="-3.9972900"/>
            <trkpt lat="50.3198600" lon="-3.9973300"/>
            <trkpt lat="50.3193400" lon="-3.9972600"/>
            <trkpt lat="50.3191300" lon="-3.9971100"/>
            <trkpt lat="50.3188100" lon="-3.9967400"/>
            <trkpt lat="50.3186800" lon="-3.9967100"/>
            <trkpt lat="50.3185600" lon="-3.9968000"/>
            <trkpt lat="50.3182100" lon="-3.9973500"/>
            <trkpt lat="50.3177300" lon="-3.9984600"/>
            <trkpt lat="50.3176600" lon="-3.9987400"/>
            <trkpt lat="50.3176300" lon="-3.9989400"/>
            <trkpt lat="50.3176500" lon="-3.9994100"/>
            <trkpt lat="50.3177200" lon="-4.0001500"/>
            <trkpt lat="50.3176900" lon="-4.0003700"/>
            <trkpt lat="50.3174600" lon="-4.0012700"/>
            <trkpt lat="50.3173400" lon="-4.0024000"/>
            <trkpt lat="50.3171700" lon="-4.0036900"/>
            <trkpt lat="50.3168200" lon="-4.0045600"/>
            <trkpt lat="50.3163600" lon="-4.0066500"/>
            <trkpt lat="50.3159400" lon="-4.0092600"/>
            <trkpt lat="50.3157300" lon="-4.0103100"/>
            <trkpt lat="50.3154100" lon="-4.0124000"/>
            <trkpt lat="50.3154500" lon="-4.0126700"/>
            <trkpt lat="50.3154800" lon="-4.0139200"/>
            <trkpt lat="50.3155500" lon="-4.0144400"/>
            <trkpt lat="50.3161000" lon="-4.0167400"/>
            <trkpt lat="50.3162300" lon="-4.0178400"/>
            <trkpt lat="50.3162300" lon="-4.0184900"/>
            <trkpt lat="50.3161900" lon="-4.0210000"/>
            <trkpt lat="50.3160700" lon="-4.0224600"/>
            <trkpt lat="50.3159800" lon="-4.0239700"/>
            <trkpt lat="50.3161200" lon="-4.0251900"/>
            <trkpt lat="50.3161000" lon="-4.0261400"/>
            <trkpt lat="50.3160300" lon="-4.0270000"/>
            <trkpt lat="50.3160700" lon="-4.0280000"/>
            <trkpt lat="50.3160400" lon="-4.0289300"/>
            <trkpt lat="50.3159600" lon="-4.0296900"/>
            <trkpt lat="50.3158600" lon="-4.0301700"/>
            <trkpt lat="50.3158600" lon="-4.0303100"/>
            <trkpt lat="50.3157900" lon="-4.0303600"/>
            <trkpt lat="50.3155200" lon="-4.0308700"/>
            <trkpt lat="50.3154100" lon="-4.0310400"/>
            <trkpt lat="50.3153600" lon="-4.0311200"/>
            <trkpt lat="50.3152500" lon="-4.0312100"/>
            <trkpt lat="50.3150100" lon="-4.0313300"/>
            <trkpt lat="50.3148500" lon="-4.0313600"/>
            <trkpt lat="50.3143400" lon="-4.0315100"/>
            <trkpt lat="50.3143000" lon="-4.0315400"/>
            <trkpt lat="50.3141700" lon="-4.0317700"/>
            <trkpt lat="50.3135000" lon="-4.0327400"/>
            <trkpt lat="50.3133100" lon="-4.0329900"/>
            <trkpt lat="50.3130000" lon="-4.0333400"/>
            <trkpt lat="50.3128300" lon="-4.0336900"/>
            <trkpt lat="50.3128200" lon="-4.0339800"/>
            <trkpt lat="50.3127300" lon="-4.0347800"/>
            <trkpt lat="50.3125200" lon="-4.0363000"/>
            <trkpt lat="50.3124800" lon="-4.0364300"/>
            <trkpt lat="50.3123900" lon="-4.0375600"/>
            <trkpt lat="50.3123200" lon="-4.0380600"/>
            <trkpt lat="50.3121700" lon="-4.0387800"/>
            <trkpt lat="50.3121200" lon="-4.0389300"/>
            <trkpt lat="50.3118800" lon="-4.0393500"/>
            <trkpt lat="50.3118000" lon="-4.0396000"/>
            <trkpt lat="50.3117300" lon="-4.0396300"/>
            <trkpt lat="50.3113900" lon="-4.0396200"/>
            <trkpt lat="50.3111400" lon="-4.0396800"/>
            <trkpt lat="50.3110200" lon="-4.0396800"/>
            <trkpt lat="50.3108600" lon="-4.0397500"/>
            <trkpt lat="50.3104500" lon="-4.0400300"/>
            <trkpt lat="50.3101100" lon="-4.0403700"/>
            <trkpt lat="50.3098900" lon="-4.0407000"/>
            <trkpt lat="50.3098100" lon="-4.0408700"/>
            <trkpt lat="50.3099200" lon="-4.0409600"/>
            <trkpt lat="50.3103300" lon="-4.0410500"/>
            <trkpt lat="50.3107400" lon="-4.0410200"/>
            <trkpt lat="50.3111500" lon="-4.0409200"/>
            <trkpt lat="50.3114600" lon="-4.0408200"/>
            <trkpt lat="50.3116500" lon="-4.0408000"/>
            <trkpt lat="50.3117500" lon="-4.0408200"/>
            <trkpt lat="50.3118000" lon="-4.0408600"/>
            <trkpt lat="50.3118400" lon="-4.0409300"/>
            <trkpt lat="50.3118800" lon="-4.0410800"/>
            <trkpt lat="50.3118800" lon="-4.0413800"/>
            <trkpt lat="50.3117100" lon="-4.0426500"/>
            <trkpt lat="50.3116600" lon="-4.0426400"/>
            <trkpt lat="50.3116200" lon="-4.0428100"/>
            <trkpt lat="50.3115400" lon="-4.0433500"/>
            <trkpt lat="50.3115300" lon="-4.0439500"/>
            <trkpt lat="50.3115700" lon="-4.0444700"/>
            <trkpt lat="50.3115200" lon="-4.0447300"/>
            <trkpt lat="50.3114900" lon="-4.0450300"/>
            <trkpt lat="50.3115400" lon="-4.0453400"/>
            <trkpt lat="50.3116600" lon="-4.0455000"/>
            <trkpt lat="50.3117700" lon="-4.0457400"/>
            <trkpt lat="50.3120700" lon="-4.0469400"/>
            <trkpt lat="50.3124900" lon="-4.0480200"/>
            <trkpt lat="50.3126500" lon="-4.0485600"/>
            <trkpt lat="50.3126500" lon="-4.0489800"/>
            <trkpt lat="50.3126100" lon="-4.0494500"/>
            <trkpt lat="50.3124300" lon="-4.0498700"/>
            <trkpt lat="50.3121500" lon="-4.0506300"/>
            <trkpt lat="50.3115000" lon="-4.0510000"/>
            <trkpt lat="50.3113000" lon="-4.0511400"/>
            <trkpt lat="50.3110300" lon="-4.0512300"/>
            <trkpt lat="50.3109800" lon="-4.0513500"/>
            <trkpt lat="50.3106700" lon="-4.0515000"/>
            <trkpt lat="50.3104100" lon="-4.0516900"/>
            <trkpt lat="50.3101000" lon="-4.0520800"/>
            <trkpt lat="50.3094700" lon="-4.0531000"/>
            <trkpt lat="50.3094600" lon="-4.0532000"/>
            <trkpt lat="50.3095300" lon="-4.0535400"/>
            <trkpt lat="50.3095200" lon="-4.0539200"/>
            <trkpt lat="50.3093300" lon="-4.0546300"/>
            <trkpt lat="50.3093000" lon="-4.0551300"/>
            <trkpt lat="50.3092600" lon="-4.0554300"/>
            <trkpt lat="50.3092300" lon="-4.0560000"/>
            <trkpt lat="50.3093000" lon="-4.0563000"/>
            <trkpt lat="50.3093200" lon="-4.0570100"/>
            <trkpt lat="50.3093800" lon="-4.0572600"/>
            <trkpt lat="50.3095400" lon="-4.0577000"/>
            <trkpt lat="50.3096300" lon="-4.0578500"/>
            <trkpt lat="50.3097800" lon="-4.0581300"/>
            <trkpt lat="50.3099700" lon="-4.0589900"/>
            <trkpt lat="50.3101000" lon="-4.0592400"/>
            <trkpt lat="50.3102900" lon="-4.0598400"/>
            <trkpt lat="50.3106400" lon="-4.0606300"/>
            <trkpt lat="50.3107200" lon="-4.0609300"/>
            <trkpt lat="50.3107500" lon="-4.0612400"/>
            <trkpt lat="50.3106700" lon="-4.0616100"/>
            <trkpt lat="50.3105700" lon="-4.0618300"/>
            <trkpt lat="50.3103900" lon="-4.0619500"/>
            <trkpt lat="50.3102100" lon="-4.0618900"/>
            <trkpt lat="50.3101100" lon="-4.0616700"/>
            <trkpt lat="50.3099900" lon="-4.0612800"/>
            <trkpt lat="50.3098100" lon="-4.0607900"/>
            <trkpt lat="50.3096700" lon="-4.0605500"/>
            <trkpt lat="50.3094900" lon="-4.0603100"/>
            <trkpt lat="50.3091000" lon="-4.0601800"/>
            <trkpt lat="50.3087200" lon="-4.0602300"/>
            <trkpt lat="50.3085700" lon="-4.0603600"/>
            <trkpt lat="50.3085000" lon="-4.0604900"/>
            <trkpt lat="50.3084600" lon="-4.0606900"/>
            <trkpt lat="50.3081000" lon="-4.0632500"/>
            <trkpt lat="50.3080700" lon="-4.0636300"/>
            <trkpt lat="50.3082800" lon="-4.0644600"/>
            <trkpt lat="50.3081600" lon="-4.0675000"/>
            <trkpt lat="50.3080800" lon="-4.0687100"/>
            <trkpt lat="50.3081100" lon="-4.0698900"/>
            <trkpt lat="50.3080900" lon="-4.0702900"/>
            <trkpt lat="50.3079600" lon="-4.0707900"/>
            <trkpt lat="50.3078100" lon="-4.0711500"/>
            <trkpt lat="50.3076900" lon="-4.0713100"/>
            <trkpt lat="50.3073800" lon="-4.0713600"/>
            <trkpt lat="50.3069100" lon="-4.0716500"/>
            <trkpt lat="50.3063700" lon="-4.0720400"/>
            <trkpt lat="50.3059400" lon="-4.0721900"/>
            <trkpt lat="50.3054900" lon="-4.0724500"/>
            <trkpt lat="50.3052800" lon="-4.0724800"/>
            <trkpt lat="50.3050600" lon="-4.0723300"/>
            <trkpt lat="50.3049300" lon="-4.0719000"/>
            <trkpt lat="50.3048400" lon="-4.0713200"/>
            <trkpt lat="50.3047100" lon="-4.0708400"/>
            <trkpt lat="50.3045100" lon="-4.0703300"/>
            <trkpt lat="50.3043200" lon="-4.0690200"/>
            <trkpt lat="50.3040700" lon="-4.0678300"/>
            <trkpt lat="50.3040300" lon="-4.0669100"/>
            <trkpt lat="50.3039700" lon="-4.0659900"/>
            <trkpt lat="50.3037100" lon="-4.0652500"/>
            <trkpt lat="50.3035200" lon="-4.0643400"/>
            <trkpt lat="50.3031400" lon="-4.0631900"/>
            <trkpt lat="50.3028300" lon="-4.0625400"/>
            <trkpt lat="50.3026400" lon="-4.0620500"/>
            <trkpt lat="50.3026100" lon="-4.0619300"/>
            <trkpt lat="50.3022900" lon="-4.0607100"/>
            <trkpt lat="50.3019700" lon="-4.0595600"/>
            <trkpt lat="50.3017400" lon="-4.0588700"/>
            <trkpt lat="50.3014800" lon="-4.0579100"/>
            <trkpt lat="50.3010500" lon="-4.0569200"/>
            <trkpt lat="50.3010500" lon="-4.0566000"/>
            <trkpt lat="50.3010100" lon="-4.0563500"/>
            <trkpt lat="50.3009300" lon="-4.0562500"/>
            <trkpt lat="50.3008800" lon="-4.0561500"/>
            <trkpt lat="50.3008100" lon="-4.0561100"/>
            <trkpt lat="50.3006700" lon="-4.0561300"/>
            <trkpt lat="50.3002100" lon="-4.0563000"/>
            <trkpt lat="50.3000600" lon="-4.0563200"/>
            <trkpt lat="50.2998500" lon="-4.0563100"/>
            <trkpt lat="50.2997600" lon="-4.0562700"/>
            <trkpt lat="50.2994700" lon="-4.0558000"/>
            <trkpt lat="50.2991800" lon="-4.0555700"/>
            <trkpt lat="50.2991200" lon="-4.0555100"/>
            <trkpt lat="50.2990700" lon="-4.0554100"/>
            <trkpt lat="50.2990600" lon="-4.0552400"/>
            <trkpt lat="50.2990900" lon="-4.0550500"/>
            <trkpt lat="50.2991600" lon="-4.0548700"/>
            <trkpt lat="50.2992400" lon="-4.0547600"/>
            <trkpt lat="50.2993300" lon="-4.0547600"/>
            <trkpt lat="50.2995900" lon="-4.0548300"/>
            <trkpt lat="50.2998000" lon="-4.0548400"/>
            <trkpt lat="50.2999300" lon="-4.0547900"/>
            <trkpt lat="50.3000000" lon="-4.0547200"/>
            <trkpt lat="50.3000700" lon="-4.0546100"/>
            <trkpt lat="50.3001100" lon="-4.0544800"/>
            <trkpt lat="50.3001200" lon="-4.0543100"/>
            <trkpt lat="50.3000600" lon="-4.0540300"/>
            <trkpt lat="50.2999100" lon="-4.0535200"/>
            <trkpt lat="50.2990800" lon="-4.0521000"/>
            <trkpt lat="50.2985600" lon="-4.0513900"/>
            <trkpt lat="50.2983500" lon="-4.0512100"/>
            <trkpt lat="50.2981000" lon="-4.0510500"/>
            <trkpt lat="50.2976200" lon="-4.0509100"/>
            <trkpt lat="50.2973500" lon="-4.0508000"/>
            <trkpt lat="50.2970500" lon="-4.0505400"/>
            <trkpt lat="50.2966800" lon="-4.0498800"/>
            <trkpt lat="50.2965300" lon="-4.0495700"/>
            <trkpt lat="50.2964600" lon="-4.0492900"/>
            <trkpt lat="50.2964400" lon="-4.0488800"/>
            <trkpt lat="50.2964700" lon="-4.0482800"/>
            <trkpt lat="50.2964700" lon="-4.0476000"/>
            <trkpt lat="50.2963700" lon="-4.0469800"/>
            <trkpt lat="50.2961300" lon="-4.0463100"/>
            <trkpt lat="50.2959900" lon="-4.0460000"/>
            <trkpt lat="50.2958900" lon="-4.0457800"/>
            <trkpt lat="50.2953000" lon="-4.0446800"/>
            <trkpt lat="50.2952500" lon="-4.0445000"/>
            <trkpt lat="50.2952400" lon="-4.0443600"/>
            <trkpt lat="50.2952500" lon="-4.0440500"/>
            <trkpt lat="50.2953900" lon="-4.0427700"/>
            <trkpt lat="50.2954200" lon="-4.0411700"/>
            <trkpt lat="50.2954000" lon="-4.0403700"/>
            <trkpt lat="50.2953800" lon="-4.0401600"/>
            <trkpt lat="50.2953300" lon="-4.0399900"/>
            <trkpt lat="50.2949200" lon="-4.0387800"/>
            <trkpt lat="50.2948900" lon="-4.0384600"/>
            <trkpt lat="50.2948800" lon="-4.0381200"/>
            <trkpt lat="50.2949600" lon="-4.0374000"/>
            <trkpt lat="50.2950300" lon="-4.0369100"/>
            <trkpt lat="50.2950300" lon="-4.0367000"/>
            <trkpt lat="50.2949000" lon="-4.0358200"/>
            <trkpt lat="50.2948400" lon="-4.0349200"/>
            <trkpt lat="50.2949000" lon="-4.0343000"/>
            <trkpt lat="50.2950200" lon="-4.0336800"/>
            <trkpt lat="50.2952600" lon="-4.0329100"/>
            <trkpt lat="50.2955900" lon="-4.0321600"/>
            <trkpt lat="50.2961900" lon="-4.0311900"/>
            <trkpt lat="50.2964700" lon="-4.0306000"/>
            <trkpt lat="50.2966900" lon="-4.0300200"/>
            <trkpt lat="50.2968900" lon="-4.0293300"/>
            <trkpt lat="50.2971000" lon="-4.0283700"/>
            <trkpt lat="50.2973600" lon="-4.0273900"/>
            <trkpt lat="50.2974800" lon="-4.0266900"/>
            <trkpt lat="50.2975700" lon="-4.0261600"/>
            <trkpt lat="50.2975900" lon="-4.0257600"/>
            <trkpt lat="50.2975200" lon="-4.0253200"/>
            <trkpt lat="50.2974000" lon="-4.0249500"/>
            <trkpt lat="50.2972400" lon="-4.0246000"/>
            <trkpt lat="50.2962900" lon="-4.0231200"/>
            <trkpt lat="50.2960900" lon="-4.0229800"/>
            <trkpt lat="50.2959700" lon="-4.0228100"/>
            <trkpt lat="50.2959400" lon="-4.0228100"/>
            <trkpt lat="50.2958700" lon="-4.0227400"/>
            <trkpt lat="50.2958500" lon="-4.0226700"/>
            <trkpt lat="50.2956900" lon="-4.0225400"/>
            <trkpt lat="50.2956400" lon="-4.0224400"/>
            <trkpt lat="50.2955800" lon="-4.0220700"/>
            <trkpt lat="50.2955100" lon="-4.0219300"/>
            <trkpt lat="50.2954700" lon="-4.0217000"/>
            <trkpt lat="50.2954700" lon="-4.0215000"/>
            <trkpt lat="50.2953900" lon="-4.0212400"/>
            <trkpt lat="50.2954100" lon="-4.0209500"/>
            <trkpt lat="50.2953800" lon="-4.0205200"/>
            <trkpt lat="50.2953800" lon="-4.0200600"/>
            <trkpt lat="50.2954900" lon="-4.0197300"/>
            <trkpt lat="50.2956000" lon="-4.0195200"/>
            <trkpt lat="50.2957000" lon="-4.0193700"/>
            <trkpt lat="50.2959300" lon="-4.0191700"/>
            <trkpt lat="50.2960400" lon="-4.0191000"/>
            <trkpt lat="50.2962600" lon="-4.0190400"/>
            <trkpt lat="50.2963700" lon="-4.0189700"/>
            <trkpt lat="50.2966300" lon="-4.0191800"/>
            <trkpt lat="50.2967300" lon="-4.0193100"/>
            <trkpt lat="50.2968800" lon="-4.0196200"/>
            <trkpt lat="50.2970800" lon="-4.0196700"/>
            <trkpt lat="50.2971500" lon="-4.0196500"/>
            <trkpt lat="50.2974100" lon="-4.0197600"/>
            <trkpt lat="50.2975600" lon="-4.0197900"/>
            <trkpt lat="50.2977800" lon="-4.0197900"/>
            <trkpt lat="50.2978800" lon="-4.0195700"/>
            <trkpt lat="50.2979500" lon="-4.0192600"/>
            <trkpt lat="50.2981100" lon="-4.0190500"/>
            <trkpt lat="50.2982400" lon="-4.0189800"/>
            <trkpt lat="50.2983100" lon="-4.0189800"/>
            <trkpt lat="50.2985900" lon="-4.0188700"/>
            <trkpt lat="50.2989100" lon="-4.0188200"/>
            <trkpt lat="50.2993400" lon="-4.0186700"/>
            <trkpt lat="50.2999700" lon="-4.0185800"/>
            <trkpt lat="50.3004000" lon="-4.0181000"/>
            <trkpt lat="50.3006100" lon="-4.0178600"/>
            <trkpt lat="50.3007400" lon="-4.0177900"/>
            <trkpt lat="50.3012800" lon="-4.0177300"/>
            <trkpt lat="50.3016200" lon="-4.0177800"/>
            <trkpt lat="50.3017100" lon="-4.0178400"/>
            <trkpt lat="50.3018600" lon="-4.0180000"/>
            <trkpt lat="50.3026100" lon="-4.0189900"/>
            <trkpt lat="50.3029000" lon="-4.0194800"/>
            <trkpt lat="50.3029800" lon="-4.0196900"/>
            <trkpt lat="50.3031000" lon="-4.0198900"/>
            <trkpt lat="50.3031800" lon="-4.0201400"/>
            <trkpt lat="50.3031900" lon="-4.0203400"/>
            <trkpt lat="50.3031800" lon="-4.0205500"/>
            <trkpt lat="50.3032500" lon="-4.0204800"/>
            <trkpt lat="50.3033900" lon="-4.0199100"/>
            <trkpt lat="50.3034600" lon="-4.0197700"/>
            <trkpt lat="50.3035800" lon="-4.0196400"/>
            <trkpt lat="50.3039100" lon="-4.0194400"/>
            <trkpt lat="50.3040200" lon="-4.0192600"/>
            <trkpt lat="50.3040800" lon="-4.0190500"/>
            <trkpt lat="50.3041000" lon="-4.0188700"/>
            <trkpt lat="50.3040800" lon="-4.0182800"/>
            <trkpt lat="50.3041000" lon="-4.0169900"/>
            <trkpt lat="50.3040600" lon="-4.0167000"/>
            <trkpt lat="50.3039300" lon="-4.0160500"/>
            <trkpt lat="50.3038900" lon="-4.0157100"/>
            <trkpt lat="50.3039200" lon="-4.0153600"/>
            <trkpt lat="50.3044000" lon="-4.0126900"/>
            <trkpt lat="50.3044900" lon="-4.0120900"/>
            <trkpt lat="50.3045000" lon="-4.0119100"/>
            <trkpt lat="50.3044200" lon="-4.0113300"/>
            <trkpt lat="50.3042200" lon="-4.0102300"/>
            <trkpt lat="50.3041800" lon="-4.0095900"/>
            <trkpt lat="50.3041900" lon="-4.0071700"/>
            <trkpt lat="50.3041500" lon="-4.0068800"/>
            <trkpt lat="50.3039400" lon="-4.0060600"/>
            <trkpt lat="50.3039200" lon="-4.0058000"/>
            <trkpt lat="50.3039700" lon="-4.0050200"/>
            <trkpt lat="50.3041100" lon="-4.0042700"/>
            <trkpt lat="50.3041400" lon="-4.0040800"/>
            <trkpt lat="50.3042200" lon="-4.0039300"/>
            <trkpt lat="50.3043400" lon="-4.0038800"/>
            <trkpt lat="50.3047200" lon="-4.0019400"/>
            <trkpt lat="50.3053000" lon="-3.9996500"/>
            <trkpt lat="50.3056300" lon="-3.9987600"/>
            <trkpt lat="50.3061400" lon="-3.9977800"/>
            <trkpt lat="50.3062500" lon="-3.9976600"/>
            <trkpt lat="50.3064300" lon="-3.9975500"/>
            <trkpt lat="50.3065000" lon="-3.9974800"/>
            <trkpt lat="50.3068300" lon="-3.9963100"/>
            <trkpt lat="50.3071200" lon="-3.9958400"/>
            <trkpt lat="50.3072900" lon="-3.9957500"/>
            <trkpt lat="50.3072900" lon="-3.9956800"/>
            <trkpt lat="50.3085500" lon="-3.9930200"/>
            <trkpt lat="50.3086500" lon="-3.9922700"/>
            <trkpt lat="50.3087200" lon="-3.9913700"/>
            <trkpt lat="50.3087200" lon="-3.9909100"/>
            <trkpt lat="50.3086700" lon="-3.9896200"/>
            <trkpt lat="50.3086000" lon="-3.9887700"/>
            <trkpt lat="50.3085800" lon="-3.9887200"/>
            <trkpt lat="50.3081900" lon="-3.9886700"/>
            <trkpt lat="50.3081600" lon="-3.9885900"/>
            <trkpt lat="50.3080900" lon="-3.9883000"/>
            <trkpt lat="50.3080000" lon="-3.9876900"/>
            <trkpt lat="50.3079900" lon="-3.9871500"/>
            <trkpt lat="50.3080200" lon="-3.9866200"/>
            <trkpt lat="50.3080500" lon="-3.9864900"/>
            <trkpt lat="50.3081000" lon="-3.9861700"/>
            <trkpt lat="50.3081900" lon="-3.9859900"/>
            <trkpt lat="50.3080000" lon="-3.9849000"/>
            <trkpt lat="50.3078900" lon="-3.9847200"/>
            <trkpt lat="50.3079000" lon="-3.9846500"/>
            <trkpt lat="50.3077300" lon="-3.9840500"/>
            <trkpt lat="50.3077300" lon="-3.9834600"/>
            <trkpt lat="50.3075400" lon="-3.9828500"/>
            <trkpt lat="50.3075600" lon="-3.9827100"/>
            <trkpt lat="50.3081600" lon="-3.9810800"/>
            <trkpt lat="50.3081900" lon="-3.9809500"/>
            <trkpt lat="50.3081800" lon="-3.9807100"/>
            <trkpt lat="50.3081300" lon="-3.9804900"/>
            <trkpt lat="50.3080200" lon="-3.9801900"/>
            <trkpt lat="50.3079900" lon="-3.9800100"/>
            <trkpt lat="50.3080100" lon="-3.9798700"/>
            <trkpt lat="50.3082300" lon="-3.9790400"/>
            <trkpt lat="50.3084000" lon="-3.9782900"/>
            <trkpt lat="50.3086200" lon="-3.9769500"/>
            <trkpt lat="50.3087300" lon="-3.9756500"/>
            <trkpt lat="50.3084900" lon="-3.9749200"/>
            <trkpt lat="50.3081400" lon="-3.9740700"/>
            <trkpt lat="50.3079500" lon="-3.9735400"/>
            <trkpt lat="50.3078900" lon="-3.9730600"/>
            <trkpt lat="50.3077200" lon="-3.9729800"/>
            <trkpt lat="50.3076100" lon="-3.9728700"/>
            <trkpt lat="50.3074300" lon="-3.9724500"/>
            <trkpt lat="50.3069400" lon="-3.9719600"/>
            <trkpt lat="50.3067800" lon="-3.9717100"/>
            <trkpt lat="50.3066800" lon="-3.9714300"/>
            <trkpt lat="50.3066600" lon="-3.9712800"/>
            <trkpt lat="50.3066500" lon="-3.9710500"/>
            <trkpt lat="50.3066900" lon="-3.9708800"/>
            <trkpt lat="50.3069000" lon="-3.9702800"/>
            <trkpt lat="50.3069600" lon="-3.9699800"/>
            <trkpt lat="50.3069500" lon="-3.9698200"/>
            <trkpt lat="50.3068800" lon="-3.9695700"/>
            <trkpt lat="50.3067500" lon="-3.9694400"/>
            <trkpt lat="50.3065700" lon="-3.9691700"/>
            <trkpt lat="50.3064300" lon="-3.9689200"/>
            <trkpt lat="50.3062000" lon="-3.9682900"/>
            <trkpt lat="50.3058500" lon="-3.9677100"/>
            <trkpt lat="50.3057700" lon="-3.9675300"/>
            <trkpt lat="50.3057000" lon="-3.9674900"/>
            <trkpt lat="50.3055700" lon="-3.9674900"/>
            <trkpt lat="50.3051900" lon="-3.9677100"/>
            <trkpt lat="50.3051500" lon="-3.9676700"/>
            <trkpt lat="50.3051000" lon="-3.9675500"/>
            <trkpt lat="50.3051100" lon="-3.9675000"/>
            <trkpt lat="50.3051900" lon="-3.9673200"/>
            <trkpt lat="50.3051500" lon="-3.9670500"/>
            <trkpt lat="50.3051500" lon="-3.9669900"/>
            <trkpt lat="50.3051700" lon="-3.9669400"/>
            <trkpt lat="50.3057100" lon="-3.9666600"/>
            <trkpt lat="50.3058200" lon="-3.9665100"/>
            <trkpt lat="50.3058300" lon="-3.9663300"/>
            <trkpt lat="50.3057900" lon="-3.9656600"/>
            <trkpt lat="50.3056800" lon="-3.9653800"/>
            <trkpt lat="50.3056100" lon="-3.9652800"/>
            <trkpt lat="50.3056600" lon="-3.9651800"/>
            <trkpt lat="50.3055700" lon="-3.9650800"/>
            <trkpt lat="50.3056300" lon="-3.9648500"/>
            <trkpt lat="50.3056100" lon="-3.9647600"/>
            <trkpt lat="50.3056800" lon="-3.9647100"/>
            <trkpt lat="50.3057700" lon="-3.9645500"/>
            <trkpt lat="50.3057500" lon="-3.9644200"/>
            <trkpt lat="50.3060100" lon="-3.9640100"/>
            <trkpt lat="50.3058500" lon="-3.9638200"/>
            <trkpt lat="50.3057200" lon="-3.9636600"/>
            <trkpt lat="50.3055900" lon="-3.9633700"/>
            <trkpt lat="50.3055700" lon="-3.9632000"/>
            <trkpt lat="50.3059600" lon="-3.9606400"/>
            <trkpt lat="50.3063200" lon="-3.9591200"/>
            <trkpt lat="50.3067200" lon="-3.9583800"/>
            <trkpt lat="50.3070600" lon="-3.9569000"/>
            <trkpt lat="50.3072500" lon="-3.9564600"/>
            <trkpt lat="50.3074700" lon="-3.9561800"/>
            <trkpt lat="50.3078300" lon="-3.9557600"/>
            <trkpt lat="50.3078700" lon="-3.9557700"/>
            <trkpt lat="50.3080900" lon="-3.9552300"/>
            <trkpt lat="50.3081800" lon="-3.9550600"/>
            <trkpt lat="50.3082600" lon="-3.9549800"/>
            <trkpt lat="50.3083500" lon="-3.9549500"/>
            <trkpt lat="50.3087200" lon="-3.9550300"/>
            <trkpt lat="50.3088200" lon="-3.9550000"/>
            <trkpt lat="50.3088700" lon="-3.9549300"/>
            <trkpt lat="50.3090700" lon="-3.9543500"/>
            <trkpt lat="50.3091200" lon="-3.9542500"/>
            <trkpt lat="50.3091800" lon="-3.9542100"/>
            <trkpt lat="50.3093400" lon="-3.9542100"/>
            <trkpt lat="50.3093700" lon="-3.9541400"/>
            <trkpt lat="50.3093400" lon="-3.9540300"/>
            <trkpt lat="50.3094300" lon="-3.9539700"/>
            <trkpt lat="50.3095800" lon="-3.9537300"/>
            <trkpt lat="50.3095300" lon="-3.9536800"/>
            <trkpt lat="50.3096100" lon="-3.9534900"/>
            <trkpt lat="50.3097900" lon="-3.9531700"/>
            <trkpt lat="50.3098800" lon="-3.9521800"/>
            <trkpt lat="50.3101400" lon="-3.9519800"/>
            <trkpt lat="50.3101100" lon="-3.9517500"/>
            <trkpt lat="50.3096400" lon="-3.9514900"/>
            <trkpt lat="50.3095700" lon="-3.9513600"/>
            <trkpt lat="50.3095500" lon="-3.9511800"/>
            <trkpt lat="50.3096000" lon="-3.9509800"/>
            <trkpt lat="50.3098300" lon="-3.9505100"/>
            <trkpt lat="50.3099700" lon="-3.9500700"/>
            <trkpt lat="50.3100100" lon="-3.9497100"/>
            <trkpt lat="50.3100400" lon="-3.9494600"/>
            <trkpt lat="50.3100600" lon="-3.9490100"/>
            <trkpt lat="50.3101100" lon="-3.9488500"/>
            <trkpt lat="50.3102400" lon="-3.9486700"/>
            <trkpt lat="50.3102900" lon="-3.9487100"/>
            <trkpt lat="50.3102500" lon="-3.9489000"/>
            <trkpt lat="50.3103400" lon="-3.9490200"/>
            <trkpt lat="50.3104300" lon="-3.9489900"/>
            <trkpt lat="50.3106400" lon="-3.9490500"/>
            <trkpt lat="50.3109600" lon="-3.9486400"/>
            <trkpt lat="50.3111300" lon="-3.9481700"/>
            <trkpt lat="50.3111500" lon="-3.9480200"/>
            <trkpt lat="50.3112100" lon="-3.9479000"/>
            <trkpt lat="50.3113800" lon="-3.9479400"/>
            <trkpt lat="50.3116500" lon="-3.9478300"/>
            <trkpt lat="50.3117300" lon="-3.9477100"/>
            <trkpt lat="50.3118300" lon="-3.9475100"/>
            <trkpt lat="50.3122900" lon="-3.9472200"/>
            <trkpt lat="50.3132400" lon="-3.9402500"/>
            <trkpt lat="50.3132000" lon="-3.9396400"/>
            <trkpt lat="50.3135200" lon="-3.9395400"/>
            <trkpt lat="50.3134100" lon="-3.9395800"/>
            <trkpt lat="50.3131500" lon="-3.9394500"/>
            <trkpt lat="50.3129200" lon="-3.9395200"/>
            <trkpt lat="50.3120600" lon="-3.9407300"/>
            <trkpt lat="50.3117800" lon="-3.9409500"/>
            <trkpt lat="50.3114900" lon="-3.9411100"/>
            <trkpt lat="50.3110800" lon="-3.9412100"/>
            <trkpt lat="50.3107300" lon="-3.9416700"/>
            <trkpt lat="50.3103000" lon="-3.9421000"/>
            <trkpt lat="50.3097900" lon="-3.9426900"/>
            <trkpt lat="50.3096800" lon="-3.9427400"/>
            <trkpt lat="50.3095700" lon="-3.9426100"/>
            <trkpt lat="50.3095600" lon="-3.9424700"/>
            <trkpt lat="50.3095300" lon="-3.9424000"/>
            <trkpt lat="50.3094400" lon="-3.9423300"/>
            <trkpt lat="50.3093500" lon="-3.9421800"/>
            <trkpt lat="50.3092400" lon="-3.9420700"/>
            <trkpt lat="50.3091500" lon="-3.9420500"/>
            <trkpt lat="50.3089900" lon="-3.9419400"/>
            <trkpt lat="50.3089100" lon="-3.9419900"/>
            <trkpt lat="50.3088500" lon="-3.9421000"/>
            <trkpt lat="50.3086000" lon="-3.9421300"/>
            <trkpt lat="50.3085200" lon="-3.9420300"/>
            <trkpt lat="50.3083300" lon="-3.9421100"/>
            <trkpt lat="50.3082100" lon="-3.9421900"/>
            <trkpt lat="50.3081600" lon="-3.9422900"/>
            <trkpt lat="50.3081000" lon="-3.9426100"/>
            <trkpt lat="50.3078800" lon="-3.9430300"/>
            <trkpt lat="50.3078000" lon="-3.9433900"/>
            <trkpt lat="50.3078300" lon="-3.9436400"/>
            <trkpt lat="50.3077900" lon="-3.9438700"/>
            <trkpt lat="50.3076100" lon="-3.9443000"/>
            <trkpt lat="50.3074100" lon="-3.9445500"/>
            <trkpt lat="50.3072500" lon="-3.9447200"/>
            <trkpt lat="50.3072600" lon="-3.9447900"/>
            <trkpt lat="50.3072200" lon="-3.9448600"/>
            <trkpt lat="50.3070900" lon="-3.9450000"/>
            <trkpt lat="50.3069200" lon="-3.9452200"/>
            <trkpt lat="50.3067400" lon="-3.9457000"/>
            <trkpt lat="50.3066700" lon="-3.9460100"/>
            <trkpt lat="50.3066300" lon="-3.9462500"/>
            <trkpt lat="50.3065700" lon="-3.9464000"/>
            <trkpt lat="50.3065000" lon="-3.9464500"/>
            <trkpt lat="50.3062500" lon="-3.9464200"/>
            <trkpt lat="50.3061800" lon="-3.9464700"/>
            <trkpt lat="50.3061300" lon="-3.9464800"/>
            <trkpt lat="50.3059500" lon="-3.9464700"/>
            <trkpt lat="50.3057200" lon="-3.9464900"/>
            <trkpt lat="50.3053800" lon="-3.9464700"/>
            <trkpt lat="50.3052500" lon="-3.9465000"/>
            <trkpt lat="50.3051600" lon="-3.9464700"/>
            <trkpt lat="50.3049900" lon="-3.9464800"/>
            <trkpt lat="50.3045900" lon="-3.9467900"/>
            <trkpt lat="50.3043800" lon="-3.9468400"/>
            <trkpt lat="50.3040700" lon="-3.9467800"/>
            <trkpt lat="50.3039800" lon="-3.9467300"/>
            <trkpt lat="50.3038700" lon="-3.9467000"/>
            <trkpt lat="50.3036500" lon="-3.9467800"/>
            <trkpt lat="50.3033000" lon="-3.9468100"/>
            <trkpt lat="50.3030500" lon="-3.9467000"/>
            <trkpt lat="50.3029400" lon="-3.9466300"/>
            <trkpt lat="50.3026900" lon="-3.9465500"/>
            <trkpt lat="50.3026400" lon="-3.9465200"/>
            <trkpt lat="50.3022300" lon="-3.9465600"/>
            <trkpt lat="50.3020800" lon="-3.9465000"/>
            <trkpt lat="50.3020000" lon="-3.9464200"/>
            <trkpt lat="50.3019600" lon="-3.9463700"/>
            <trkpt lat="50.3018900" lon="-3.9462000"/>
            <trkpt lat="50.3018800" lon="-3.9459900"/>
            <trkpt lat="50.3019200" lon="-3.9458000"/>
            <trkpt lat="50.3021400" lon="-3.9452800"/>
            <trkpt lat="50.3024500" lon="-3.9447400"/>
            <trkpt lat="50.3024500" lon="-3.9445600"/>
            <trkpt lat="50.3023400" lon="-3.9443100"/>
            <trkpt lat="50.3022800" lon="-3.9442300"/>
            <trkpt lat="50.3016600" lon="-3.9433800"/>
            <trkpt lat="50.3007700" lon="-3.9428500"/>
            <trkpt lat="50.2999300" lon="-3.9430300"/>
            <trkpt lat="50.2978400" lon="-3.9426500"/>
            <trkpt lat="50.2976000" lon="-3.9422500"/>
            <trkpt lat="50.2984900" lon="-3.9399800"/>
            <trkpt lat="50.2985400" lon="-3.9387300"/>
            <trkpt lat="50.2985100" lon="-3.9385400"/>
            <trkpt lat="50.2976600" lon="-3.9355600"/>
            <trkpt lat="50.2976100" lon="-3.9354600"/>
            <trkpt lat="50.2975500" lon="-3.9354000"/>
            <trkpt lat="50.2973600" lon="-3.9353200"/>
            <trkpt lat="50.2973300" lon="-3.9352500"/>
            <trkpt lat="50.2972000" lon="-3.9352100"/>
            <trkpt lat="50.2970800" lon="-3.9351100"/>
            <trkpt lat="50.2969500" lon="-3.9348900"/>
            <trkpt lat="50.2967000" lon="-3.9339100"/>
            <trkpt lat="50.2966600" lon="-3.9336200"/>
            <trkpt lat="50.2966900" lon="-3.9333100"/>
            <trkpt lat="50.2970500" lon="-3.9313400"/>
            <trkpt lat="50.2971500" lon="-3.9301200"/>
            <trkpt lat="50.2970800" lon="-3.9298800"/>
            <trkpt lat="50.2970000" lon="-3.9296900"/>
            <trkpt lat="50.2969400" lon="-3.9296100"/>
            <trkpt lat="50.2969300" lon="-3.9294200"/>
            <trkpt lat="50.2969800" lon="-3.9293000"/>
            <trkpt lat="50.2971100" lon="-3.9291900"/>
            <trkpt lat="50.2972700" lon="-3.9291300"/>
            <trkpt lat="50.2976500" lon="-3.9287900"/>
            <trkpt lat="50.2977400" lon="-3.9286700"/>
            <trkpt lat="50.2978100" lon="-3.9285300"/>
            <trkpt lat="50.2978200" lon="-3.9283800"/>
            <trkpt lat="50.2978300" lon="-3.9282500"/>
            <trkpt lat="50.2977900" lon="-3.9277500"/>
            <trkpt lat="50.2976600" lon="-3.9268000"/>
            <trkpt lat="50.2976800" lon="-3.9259600"/>
            <trkpt lat="50.2977500" lon="-3.9256000"/>
            <trkpt lat="50.2977700" lon="-3.9252700"/>
            <trkpt lat="50.2979800" lon="-3.9241800"/>
            <trkpt lat="50.2981100" lon="-3.9239000"/>
            <trkpt lat="50.2983200" lon="-3.9233800"/>
            <trkpt lat="50.2983600" lon="-3.9230400"/>
            <trkpt lat="50.2983300" lon="-3.9228800"/>
            <trkpt lat="50.2982500" lon="-3.9226900"/>
            <trkpt lat="50.2981500" lon="-3.9225200"/>
            <trkpt lat="50.2978100" lon="-3.9220500"/>
            <trkpt lat="50.2977000" lon="-3.9218300"/>
            <trkpt lat="50.2975300" lon="-3.9216200"/>
            <trkpt lat="50.2972700" lon="-3.9214300"/>
            <trkpt lat="50.2972100" lon="-3.9212200"/>
            <trkpt lat="50.2971500" lon="-3.9208400"/>
            <trkpt lat="50.2971400" lon="-3.9205700"/>
            <trkpt lat="50.2971000" lon="-3.9203400"/>
            <trkpt lat="50.2971500" lon="-3.9198100"/>
            <trkpt lat="50.2971400" lon="-3.9197700"/>
            <trkpt lat="50.2970600" lon="-3.9197200"/>
            <trkpt lat="50.2970700" lon="-3.9196200"/>
            <trkpt lat="50.2969800" lon="-3.9195500"/>
            <trkpt lat="50.2969100" lon="-3.9195800"/>
            <trkpt lat="50.2968100" lon="-3.9195400"/>
            <trkpt lat="50.2968000" lon="-3.9194900"/>
            <trkpt lat="50.2968300" lon="-3.9193900"/>
            <trkpt lat="50.2967800" lon="-3.9193600"/>
            <trkpt lat="50.2964500" lon="-3.9193100"/>
            <trkpt lat="50.2964800" lon="-3.9191100"/>
            <trkpt lat="50.2965200" lon="-3.9189900"/>
            <trkpt lat="50.2967000" lon="-3.9188000"/>
            <trkpt lat="50.2967700" lon="-3.9186000"/>
            <trkpt lat="50.2967500" lon="-3.9185600"/>
            <trkpt lat="50.2966000" lon="-3.9184600"/>
            <trkpt lat="50.2965800" lon="-3.9183500"/>
            <trkpt lat="50.2965900" lon="-3.9178000"/>
            <trkpt lat="50.2966400" lon="-3.9175800"/>
            <trkpt lat="50.2967200" lon="-3.9168900"/>
            <trkpt lat="50.2966800" lon="-3.9168000"/>
            <trkpt lat="50.2964700" lon="-3.9169800"/>
            <trkpt lat="50.2964100" lon="-3.9170000"/>
            <trkpt lat="50.2964100" lon="-3.9169300"/>
            <trkpt lat="50.2963800" lon="-3.9168600"/>
            <trkpt lat="50.2963800" lon="-3.9167600"/>
            <trkpt lat="50.2964000" lon="-3.9166900"/>
            <trkpt lat="50.2964400" lon="-3.9166500"/>
            <trkpt lat="50.2963500" lon="-3.9166600"/>
            <trkpt lat="50.2964000" lon="-3.9165400"/>
            <trkpt lat="50.2963200" lon="-3.9165700"/>
            <trkpt lat="50.2963400" lon="-3.9164800"/>
            <trkpt lat="50.2962400" lon="-3.9164200"/>
            <trkpt lat="50.2959400" lon="-3.9159000"/>
            <trkpt lat="50.2958200" lon="-3.9157900"/>
            <trkpt lat="50.2957300" lon="-3.9156500"/>
            <trkpt lat="50.2955500" lon="-3.9156100"/>
            <trkpt lat="50.2954500" lon="-3.9155400"/>
            <trkpt lat="50.2953700" lon="-3.9153400"/>
            <trkpt lat="50.2950500" lon="-3.9149100"/>
            <trkpt lat="50.2950300" lon="-3.9148100"/>
            <trkpt lat="50.2950400" lon="-3.9147200"/>
            <trkpt lat="50.2951900" lon="-3.9142900"/>
            <trkpt lat="50.2953000" lon="-3.9138400"/>
            <trkpt lat="50.2953400" lon="-3.9136200"/>
            <trkpt lat="50.2953400" lon="-3.9134200"/>
            <trkpt lat="50.2952300" lon="-3.9130000"/>
            <trkpt lat="50.2951100" lon="-3.9126800"/>
            <trkpt lat="50.2950700" lon="-3.9126000"/>
            <trkpt lat="50.2949000" lon="-3.9124600"/>
            <trkpt lat="50.2948400" lon="-3.9123300"/>
            <trkpt lat="50.2947800" lon="-3.9120900"/>
            <trkpt lat="50.2947100" lon="-3.9116500"/>
            <trkpt lat="50.2947200" lon="-3.9115200"/>
            <trkpt lat="50.2949800" lon="-3.9108900"/>
            <trkpt lat="50.2949900" lon="-3.9108300"/>
            <trkpt lat="50.2949400" lon="-3.9106700"/>
            <trkpt lat="50.2947200" lon="-3.9103100"/>
            <trkpt lat="50.2945700" lon="-3.9100400"/>
            <trkpt lat="50.2945000" lon="-3.9098100"/>
            <trkpt lat="50.2944900" lon="-3.9096900"/>
            <trkpt lat="50.2942900" lon="-3.9091200"/>
            <trkpt lat="50.2942600" lon="-3.9087500"/>
            <trkpt lat="50.2942300" lon="-3.9087000"/>
            <trkpt lat="50.2942000" lon="-3.9086900"/>
            <trkpt lat="50.2941100" lon="-3.9085400"/>
            <trkpt lat="50.2939500" lon="-3.9084600"/>
            <trkpt lat="50.2938400" lon="-3.9084800"/>
            <trkpt lat="50.2936400" lon="-3.9085800"/>
            <trkpt lat="50.2934500" lon="-3.9088300"/>
            <trkpt lat="50.2932700" lon="-3.9091500"/>
            <trkpt lat="50.2930800" lon="-3.9089000"/>
            <trkpt lat="50.2929100" lon="-3.9087100"/>
            <trkpt lat="50.2928900" lon="-3.9086400"/>
            <trkpt lat="50.2929200" lon="-3.9080200"/>
            <trkpt lat="50.2928700" lon="-3.9074700"/>
            <trkpt lat="50.2927700" lon="-3.9070600"/>
            <trkpt lat="50.2925900" lon="-3.9065800"/>
            <trkpt lat="50.2925200" lon="-3.9064900"/>
            <trkpt lat="50.2920100" lon="-3.9062300"/>
            <trkpt lat="50.2916800" lon="-3.9062400"/>
            <trkpt lat="50.2913700" lon="-3.9061500"/>
            <trkpt lat="50.2912900" lon="-3.9060500"/>
            <trkpt lat="50.2912300" lon="-3.9058800"/>
            <trkpt lat="50.2911600" lon="-3.9054900"/>
            <trkpt lat="50.2911600" lon="-3.9050600"/>
            <trkpt lat="50.2909400" lon="-3.9038600"/>
            <trkpt lat="50.2904700" lon="-3.9028600"/>
            <trkpt lat="50.2901900" lon="-3.9025700"/>
            <trkpt lat="50.2900600" lon="-3.9023600"/>
            <trkpt lat="50.2898100" lon="-3.9020500"/>
            <trkpt lat="50.2893800" lon="-3.9016800"/>
            <trkpt lat="50.2888800" lon="-3.9013300"/>
            <trkpt lat="50.2886200" lon="-3.9011500"/>
            <trkpt lat="50.2885700" lon="-3.9011300"/>
            <trkpt lat="50.2885200" lon="-3.9009800"/>
            <trkpt lat="50.2885000" lon="-3.9007900"/>
            <trkpt lat="50.2890400" lon="-3.8998700"/>
            <trkpt lat="50.2891100" lon="-3.8996400"/>
            <trkpt lat="50.2891200" lon="-3.8995400"/>
            <trkpt lat="50.2891900" lon="-3.8994300"/>
            <trkpt lat="50.2893300" lon="-3.8992900"/>
            <trkpt lat="50.2893700" lon="-3.8991800"/>
            <trkpt lat="50.2892200" lon="-3.8992600"/>
            <trkpt lat="50.2891800" lon="-3.8992600"/>
            <trkpt lat="50.2891300" lon="-3.8991300"/>
            <trkpt lat="50.2890100" lon="-3.8985900"/>
            <trkpt lat="50.2889700" lon="-3.8985200"/>
            <trkpt lat="50.2887900" lon="-3.8983800"/>
            <trkpt lat="50.2886400" lon="-3.8983200"/>
            <trkpt lat="50.2885300" lon="-3.8982100"/>
            <trkpt lat="50.2884000" lon="-3.8980300"/>
            <trkpt lat="50.2881900" lon="-3.8974600"/>
            <trkpt lat="50.2878800" lon="-3.8969500"/>
            <trkpt lat="50.2876700" lon="-3.8967200"/>
            <trkpt lat="50.2875100" lon="-3.8964400"/>
            <trkpt lat="50.2871300" lon="-3.8960400"/>
            <trkpt lat="50.2869100" lon="-3.8958500"/>
            <trkpt lat="50.2867500" lon="-3.8957800"/>
            <trkpt lat="50.2864400" lon="-3.8957800"/>
            <trkpt lat="50.2862600" lon="-3.8958500"/>
            <trkpt lat="50.2860700" lon="-3.8959500"/>
            <trkpt lat="50.2858500" lon="-3.8961500"/>
            <trkpt lat="50.2855800" lon="-3.8964700"/>
            <trkpt lat="50.2854100" lon="-3.8966200"/>
            <trkpt lat="50.2851000" lon="-3.8967300"/>
            <trkpt lat="50.2846000" lon="-3.8968200"/>
            <trkpt lat="50.2844600" lon="-3.8967800"/>
            <trkpt lat="50.2843600" lon="-3.8966600"/>
            <trkpt lat="50.2834800" lon="-3.8954300"/>
            <trkpt lat="50.2832800" lon="-3.8951100"/>
            <trkpt lat="50.2832400" lon="-3.8950200"/>
            <trkpt lat="50.2832300" lon="-3.8949200"/>
            <trkpt lat="50.2830500" lon="-3.8947400"/>
            <trkpt lat="50.2828000" lon="-3.8943600"/>
            <trkpt lat="50.2827600" lon="-3.8942000"/>
            <trkpt lat="50.2827400" lon="-3.8941100"/>
            <trkpt lat="50.2826500" lon="-3.8932400"/>
            <trkpt lat="50.2826300" lon="-3.8924000"/>
            <trkpt lat="50.2826000" lon="-3.8922500"/>
            <trkpt lat="50.2826100" lon="-3.8919800"/>
            <trkpt lat="50.2826000" lon="-3.8919200"/>
            <trkpt lat="50.2826200" lon="-3.8918500"/>
            <trkpt lat="50.2826300" lon="-3.8914500"/>
            <trkpt lat="50.2826100" lon="-3.8914900"/>
            <trkpt lat="50.2827500" lon="-3.8912200"/>
            <trkpt lat="50.2828800" lon="-3.8911000"/>
            <trkpt lat="50.2829100" lon="-3.8910200"/>
            <trkpt lat="50.2828800" lon="-3.8911000"/>
            <trkpt lat="50.2827100" lon="-3.8910700"/>
            <trkpt lat="50.2827600" lon="-3.8909200"/>
            <trkpt lat="50.2826000" lon="-3.8909000"/>
            <trkpt lat="50.2824500" lon="-3.8909100"/>
            <trkpt lat="50.2823300" lon="-3.8907400"/>
            <trkpt lat="50.2821600" lon="-3.8895400"/>
            <trkpt lat="50.2821900" lon="-3.8893200"/>
            <trkpt lat="50.2822700" lon="-3.8890500"/>
            <trkpt lat="50.2824000" lon="-3.8888800"/>
            <trkpt lat="50.2827100" lon="-3.8888100"/>
            <trkpt lat="50.2827700" lon="-3.8888000"/>
            <trkpt lat="50.2829100" lon="-3.8886600"/>
            <trkpt lat="50.2829700" lon="-3.8885700"/>
            <trkpt lat="50.2831400" lon="-3.8882100"/>
            <trkpt lat="50.2832800" lon="-3.8882200"/>
            <trkpt lat="50.2834300" lon="-3.8880900"/>
            <trkpt lat="50.2835600" lon="-3.8877900"/>
            <trkpt lat="50.2836900" lon="-3.8877300"/>
            <trkpt lat="50.2837200" lon="-3.8875700"/>
            <trkpt lat="50.2838500" lon="-3.8876200"/>
            <trkpt lat="50.2841000" lon="-3.8869300"/>
            <trkpt lat="50.2846000" lon="-3.8851800"/>
            <trkpt lat="50.2848000" lon="-3.8847200"/>
            <trkpt lat="50.2851400" lon="-3.8841000"/>
            <trkpt lat="50.2857600" lon="-3.8830700"/>
            <trkpt lat="50.2865300" lon="-3.8816300"/>
            <trkpt lat="50.2865600" lon="-3.8815100"/>
            <trkpt lat="50.2863100" lon="-3.8809000"/>
            <trkpt lat="50.2862000" lon="-3.8805200"/>
            <trkpt lat="50.2861900" lon="-3.8804000"/>
            <trkpt lat="50.2857700" lon="-3.8793400"/>
            <trkpt lat="50.2856200" lon="-3.8787800"/>
            <trkpt lat="50.2855100" lon="-3.8784100"/>
            <trkpt lat="50.2854700" lon="-3.8783500"/>
            <trkpt lat="50.2853300" lon="-3.8783200"/>
            <trkpt lat="50.2852500" lon="-3.8782600"/>
            <trkpt lat="50.2850300" lon="-3.8778200"/>
            <trkpt lat="50.2848700" lon="-3.8773700"/>
            <trkpt lat="50.2847000" lon="-3.8771100"/>
            <trkpt lat="50.2843400" lon="-3.8768100"/>
            <trkpt lat="50.2840500" lon="-3.8766200"/>
            <trkpt lat="50.2838800" lon="-3.8765700"/>
            <trkpt lat="50.2837700" lon="-3.8764700"/>
            <trkpt lat="50.2837000" lon="-3.8763500"/>
            <trkpt lat="50.2835800" lon="-3.8763800"/>
            <trkpt lat="50.2834400" lon="-3.8763000"/>
            <trkpt lat="50.2831500" lon="-3.8757700"/>
            <trkpt lat="50.2830900" lon="-3.8757200"/>
            <trkpt lat="50.2827900" lon="-3.8757800"/>
            <trkpt lat="50.2827400" lon="-3.8757500"/>
            <trkpt lat="50.2825600" lon="-3.8755000"/>
            <trkpt lat="50.2825100" lon="-3.8754600"/>
            <trkpt lat="50.2822600" lon="-3.8754500"/>
            <trkpt lat="50.2819500" lon="-3.8749800"/>
            <trkpt lat="50.2816300" lon="-3.8746300"/>
            <trkpt lat="50.2815900" lon="-3.8736800"/>
            <trkpt lat="50.2816100" lon="-3.8732600"/>
            <trkpt lat="50.2814800" lon="-3.8734000"/>
            <trkpt lat="50.2813000" lon="-3.8734300"/>
            <trkpt lat="50.2811600" lon="-3.8734200"/>
            <trkpt lat="50.2809800" lon="-3.8732300"/>
            <trkpt lat="50.2808800" lon="-3.8730100"/>
            <trkpt lat="50.2788200" lon="-3.8705500"/>
            <trkpt lat="50.2787300" lon="-3.8705700"/>
            <trkpt lat="50.2787800" lon="-3.8703500"/>
            <trkpt lat="50.2788800" lon="-3.8700700"/>
            <trkpt lat="50.2789000" lon="-3.8698900"/>
            <trkpt lat="50.2787700" lon="-3.8701700"/>
            <trkpt lat="50.2786800" lon="-3.8702900"/>
            <trkpt lat="50.2785800" lon="-3.8703800"/>
            <trkpt lat="50.2784300" lon="-3.8704500"/>
            <trkpt lat="50.2784400" lon="-3.8707900"/>
            <trkpt lat="50.2784800" lon="-3.8709600"/>
            <trkpt lat="50.2784900" lon="-3.8722200"/>
            <trkpt lat="50.2785200" lon="-3.8728900"/>
            <trkpt lat="50.2785200" lon="-3.8730400"/>
            <trkpt lat="50.2784900" lon="-3.8734100"/>
            <trkpt lat="50.2784200" lon="-3.8746800"/>
            <trkpt lat="50.2783500" lon="-3.8747200"/>
            <trkpt lat="50.2782900" lon="-3.8756600"/>
            <trkpt lat="50.2781700" lon="-3.8761400"/>
            <trkpt lat="50.2781100" lon="-3.8762800"/>
            <trkpt lat="50.2780700" lon="-3.8763000"/>
            <trkpt lat="50.2778200" lon="-3.8760800"/>
            <trkpt lat="50.2776900" lon="-3.8763700"/>
            <trkpt lat="50.2775700" lon="-3.8767800"/>
            <trkpt lat="50.2771800" lon="-3.8774900"/>
            <trkpt lat="50.2770100" lon="-3.8777300"/>
            <trkpt lat="50.2769900" lon="-3.8778500"/>
            <trkpt lat="50.2769300" lon="-3.8779600"/>
            <trkpt lat="50.2768800" lon="-3.8782700"/>
            <trkpt lat="50.2768900" lon="-3.8786000"/>
            <trkpt lat="50.2767900" lon="-3.8787200"/>
            <trkpt lat="50.2767600" lon="-3.8787900"/>
            <trkpt lat="50.2767400" lon="-3.8790400"/>
            <trkpt lat="50.2767000" lon="-3.8792400"/>
            <trkpt lat="50.2766500" lon="-3.8799900"/>
            <trkpt lat="50.2766500" lon="-3.8805300"/>
            <trkpt lat="50.2766100" lon="-3.8809900"/>
            <trkpt lat="50.2765700" lon="-3.8810600"/>
            <trkpt lat="50.2763700" lon="-3.8810600"/>
            <trkpt lat="50.2759300" lon="-3.8806300"/>
            <trkpt lat="50.2751200" lon="-3.8799800"/>
            <trkpt lat="50.2749800" lon="-3.8799300"/>
            <trkpt lat="50.2747900" lon="-3.8799200"/>
            <trkpt lat="50.2746000" lon="-3.8798600"/>
            <trkpt lat="50.2744900" lon="-3.8797100"/>
            <trkpt lat="50.2740700" lon="-3.8790400"/>
            <trkpt lat="50.2739000" lon="-3.8786400"/>
            <trkpt lat="50.2732600" lon="-3.8781200"/>
            <trkpt lat="50.2731500" lon="-3.8779800"/>
            <trkpt lat="50.2729900" lon="-3.8779700"/>
            <trkpt lat="50.2729300" lon="-3.8779300"/>
            <trkpt lat="50.2727200" lon="-3.8776000"/>
            <trkpt lat="50.2726100" lon="-3.8774900"/>
            <trkpt lat="50.2724600" lon="-3.8774200"/>
            <trkpt lat="50.2722900" lon="-3.8774000"/>
            <trkpt lat="50.2721600" lon="-3.8773400"/>
            <trkpt lat="50.2720600" lon="-3.8772400"/>
            <trkpt lat="50.2719400" lon="-3.8769400"/>
            <trkpt lat="50.2719000" lon="-3.8766600"/>
            <trkpt lat="50.2716600" lon="-3.8762400"/>
            <trkpt lat="50.2714700" lon="-3.8760700"/>
            <trkpt lat="50.2714100" lon="-3.8759700"/>
            <trkpt lat="50.2712500" lon="-3.8756000"/>
            <trkpt lat="50.2710000" lon="-3.8751700"/>
            <trkpt lat="50.2708400" lon="-3.8747600"/>
            <trkpt lat="50.2706900" lon="-3.8746400"/>
            <trkpt lat="50.2704200" lon="-3.8744900"/>
            <trkpt lat="50.2703600" lon="-3.8744000"/>
            <trkpt lat="50.2700300" lon="-3.8739000"/>
            <trkpt lat="50.2698400" lon="-3.8736900"/>
            <trkpt lat="50.2695100" lon="-3.8735000"/>
            <trkpt lat="50.2690900" lon="-3.8729500"/>
            <trkpt lat="50.2690300" lon="-3.8728100"/>
            <trkpt lat="50.2690100" lon="-3.8724500"/>
            <trkpt lat="50.2689700" lon="-3.8723000"/>
            <trkpt lat="50.2688300" lon="-3.8719800"/>
            <trkpt lat="50.2687400" lon="-3.8715700"/>
            <trkpt lat="50.2686900" lon="-3.8711300"/>
            <trkpt lat="50.2687000" lon="-3.8709400"/>
            <trkpt lat="50.2686700" lon="-3.8707400"/>
            <trkpt lat="50.2686000" lon="-3.8705700"/>
            <trkpt lat="50.2685600" lon="-3.8702900"/>
            <trkpt lat="50.2683800" lon="-3.8697100"/>
            <trkpt lat="50.2682900" lon="-3.8694800"/>
            <trkpt lat="50.2681200" lon="-3.8692300"/>
            <trkpt lat="50.2678300" lon="-3.8689000"/>
            <trkpt lat="50.2675800" lon="-3.8683900"/>
            <trkpt lat="50.2674500" lon="-3.8682700"/>
            <trkpt lat="50.2674200" lon="-3.8682100"/>
            <trkpt lat="50.2673600" lon="-3.8680100"/>
            <trkpt lat="50.2673200" lon="-3.8678000"/>
            <trkpt lat="50.2670000" lon="-3.8674100"/>
            <trkpt lat="50.2668200" lon="-3.8671000"/>
            <trkpt lat="50.2666700" lon="-3.8670300"/>
            <trkpt lat="50.2666200" lon="-3.8670600"/>
            <trkpt lat="50.2664900" lon="-3.8670100"/>
            <trkpt lat="50.2664300" lon="-3.8669900"/>
            <trkpt lat="50.2660700" lon="-3.8671800"/>
            <trkpt lat="50.2659000" lon="-3.8670700"/>
            <trkpt lat="50.2656200" lon="-3.8672500"/>
            <trkpt lat="50.2654800" lon="-3.8671900"/>
            <trkpt lat="50.2653300" lon="-3.8672700"/>
            <trkpt lat="50.2649600" lon="-3.8671300"/>
            <trkpt lat="50.2648600" lon="-3.8671700"/>
            <trkpt lat="50.2648000" lon="-3.8672700"/>
            <trkpt lat="50.2645800" lon="-3.8678400"/>
            <trkpt lat="50.2645400" lon="-3.8678800"/>
            <trkpt lat="50.2644800" lon="-3.8678900"/>
            <trkpt lat="50.2643600" lon="-3.8678400"/>
            <trkpt lat="50.2642800" lon="-3.8677700"/>
            <trkpt lat="50.2641400" lon="-3.8677300"/>
            <trkpt lat="50.2639300" lon="-3.8676100"/>
            <trkpt lat="50.2639100" lon="-3.8675500"/>
            <trkpt lat="50.2639100" lon="-3.8673800"/>
            <trkpt lat="50.2640700" lon="-3.8670800"/>
            <trkpt lat="50.2640800" lon="-3.8667900"/>
            <trkpt lat="50.2641000" lon="-3.8667200"/>
            <trkpt lat="50.2642900" lon="-3.8663800"/>
            <trkpt lat="50.2643100" lon="-3.8663100"/>
            <trkpt lat="50.2643000" lon="-3.8655900"/>
            <trkpt lat="50.2643800" lon="-3.8649400"/>
            <trkpt lat="50.2646000" lon="-3.8644500"/>
            <trkpt lat="50.2646300" lon="-3.8643200"/>
            <trkpt lat="50.2645800" lon="-3.8640600"/>
            <trkpt lat="50.2645700" lon="-3.8638900"/>
            <trkpt lat="50.2646100" lon="-3.8636500"/>
            <trkpt lat="50.2647100" lon="-3.8634100"/>
            <trkpt lat="50.2647300" lon="-3.8632300"/>
            <trkpt lat="50.2646800" lon="-3.8630200"/>
            <trkpt lat="50.2646700" lon="-3.8628800"/>
            <trkpt lat="50.2647000" lon="-3.8627600"/>
            <trkpt lat="50.2648500" lon="-3.8625300"/>
            <trkpt lat="50.2648400" lon="-3.8623900"/>
            <trkpt lat="50.2648600" lon="-3.8622000"/>
            <trkpt lat="50.2648500" lon="-3.8619300"/>
            <trkpt lat="50.2648800" lon="-3.8617100"/>
            <trkpt lat="50.2648300" lon="-3.8613400"/>
            <trkpt lat="50.2646200" lon="-3.8612200"/>
            <trkpt lat="50.2643600" lon="-3.8609100"/>
            <trkpt lat="50.2642800" lon="-3.8607500"/>
            <trkpt lat="50.2641400" lon="-3.8605800"/>
            <trkpt lat="50.2638300" lon="-3.8606200"/>
            <trkpt lat="50.2635400" lon="-3.8605900"/>
            <trkpt lat="50.2634300" lon="-3.8604600"/>
            <trkpt lat="50.2633200" lon="-3.8603000"/>
            <trkpt lat="50.2629600" lon="-3.8596200"/>
            <trkpt lat="50.2628600" lon="-3.8593500"/>
            <trkpt lat="50.2628700" lon="-3.8593000"/>
            <trkpt lat="50.2627800" lon="-3.8592400"/>
            <trkpt lat="50.2625200" lon="-3.8589400"/>
            <trkpt lat="50.2624300" lon="-3.8587900"/>
            <trkpt lat="50.2624000" lon="-3.8587000"/>
            <trkpt lat="50.2617900" lon="-3.8579900"/>
            <trkpt lat="50.2616400" lon="-3.8576800"/>
            <trkpt lat="50.2614800" lon="-3.8574800"/>
            <trkpt lat="50.2613600" lon="-3.8572400"/>
            <trkpt lat="50.2610800" lon="-3.8568900"/>
            <trkpt lat="50.2607100" lon="-3.8561400"/>
            <trkpt lat="50.2605900" lon="-3.8562700"/>
            <trkpt lat="50.2605200" lon="-3.8563000"/>
            <trkpt lat="50.2600000" lon="-3.8568000"/>
            <trkpt lat="50.2596300" lon="-3.8568700"/>
            <trkpt lat="50.2595700" lon="-3.8568700"/>
            <trkpt lat="50.2594300" lon="-3.8568100"/>
            <trkpt lat="50.2592800" lon="-3.8571000"/>
            <trkpt lat="50.2588000" lon="-3.8573800"/>
            <trkpt lat="50.2587200" lon="-3.8573900"/>
            <trkpt lat="50.2584800" lon="-3.8572700"/>
            <trkpt lat="50.2581600" lon="-3.8572300"/>
            <trkpt lat="50.2579800" lon="-3.8571600"/>
            <trkpt lat="50.2577300" lon="-3.8571300"/>
            <trkpt lat="50.2574700" lon="-3.8571400"/>
            <trkpt lat="50.2572500" lon="-3.8570900"/>
            <trkpt lat="50.2571500" lon="-3.8570900"/>
            <trkpt lat="50.2570600" lon="-3.8571400"/>
            <trkpt lat="50.2569000" lon="-3.8572700"/>
            <trkpt lat="50.2567800" lon="-3.8572200"/>
            <trkpt lat="50.2565900" lon="-3.8570400"/>
            <trkpt lat="50.2561800" lon="-3.8567500"/>
            <trkpt lat="50.2559500" lon="-3.8566300"/>
            <trkpt lat="50.2554200" lon="-3.8564500"/>
            <trkpt lat="50.2553200" lon="-3.8563600"/>
            <trkpt lat="50.2552900" lon="-3.8563100"/>
            <trkpt lat="50.2552600" lon="-3.8564000"/>
            <trkpt lat="50.2552300" lon="-3.8564700"/>
            <trkpt lat="50.2551500" lon="-3.8583500"/>
            <trkpt lat="50.2550600" lon="-3.8583600"/>
            <trkpt lat="50.2545700" lon="-3.8586400"/>
            <trkpt lat="50.2544700" lon="-3.8587600"/>
            <trkpt lat="50.2543300" lon="-3.8590900"/>
            <trkpt lat="50.2542500" lon="-3.8592100"/>
            <trkpt lat="50.2540600" lon="-3.8594200"/>
            <trkpt lat="50.2539100" lon="-3.8596200"/>
            <trkpt lat="50.2538300" lon="-3.8598200"/>
            <trkpt lat="50.2537600" lon="-3.8598800"/>
            <trkpt lat="50.2532700" lon="-3.8597700"/>
            <trkpt lat="50.2526300" lon="-3.8594500"/>
            <trkpt lat="50.2520700" lon="-3.8592100"/>
            <trkpt lat="50.2519300" lon="-3.8590800"/>
            <trkpt lat="50.2517700" lon="-3.8590000"/>
            <trkpt lat="50.2515400" lon="-3.8590700"/>
            <trkpt lat="50.2513600" lon="-3.8592200"/>
            <trkpt lat="50.2511300" lon="-3.8592700"/>
            <trkpt lat="50.2508800" lon="-3.8591900"/>
            <trkpt lat="50.2507500" lon="-3.8590700"/>
            <trkpt lat="50.2506100" lon="-3.8590000"/>
            <trkpt lat="50.2503500" lon="-3.8588900"/>
            <trkpt lat="50.2500500" lon="-3.8588000"/>
            <trkpt lat="50.2497100" lon="-3.8588200"/>
            <trkpt lat="50.2492800" lon="-3.8586700"/>
            <trkpt lat="50.2488400" lon="-3.8587200"/>
            <trkpt lat="50.2482100" lon="-3.8587500"/>
            <trkpt lat="50.2481200" lon="-3.8588100"/>
            <trkpt lat="50.2480500" lon="-3.8588900"/>
            <trkpt lat="50.2474200" lon="-3.8588900"/>
            <trkpt lat="50.2471300" lon="-3.8588100"/>
            <trkpt lat="50.2469300" lon="-3.8587500"/>
            <trkpt lat="50.2466900" lon="-3.8588900"/>
            <trkpt lat="50.2465700" lon="-3.8589000"/>
            <trkpt lat="50.2462400" lon="-3.8586400"/>
            <trkpt lat="50.2461900" lon="-3.8585700"/>
            <trkpt lat="50.2459400" lon="-3.8585700"/>
            <trkpt lat="50.2457700" lon="-3.8588900"/>
            <trkpt lat="50.2455700" lon="-3.8591000"/>
            <trkpt lat="50.2454400" lon="-3.8592000"/>
            <trkpt lat="50.2453300" lon="-3.8591800"/>
            <trkpt lat="50.2452300" lon="-3.8592100"/>
            <trkpt lat="50.2451700" lon="-3.8591800"/>
            <trkpt lat="50.2450400" lon="-3.8591100"/>
            <trkpt lat="50.2447900" lon="-3.8592200"/>
            <trkpt lat="50.2447800" lon="-3.8591800"/>
            <trkpt lat="50.2447400" lon="-3.8591900"/>
            <trkpt lat="50.2444300" lon="-3.8588500"/>
            <trkpt lat="50.2438200" lon="-3.8588500"/>
            <trkpt lat="50.2436600" lon="-3.8589100"/>
            <trkpt lat="50.2435100" lon="-3.8588700"/>
            <trkpt lat="50.2433100" lon="-3.8587100"/>
            <trkpt lat="50.2431300" lon="-3.8586900"/>
            <trkpt lat="50.2430100" lon="-3.8587500"/>
            <trkpt lat="50.2429700" lon="-3.8588200"/>
            <trkpt lat="50.2428500" lon="-3.8589200"/>
            <trkpt lat="50.2426000" lon="-3.8590000"/>
            <trkpt lat="50.2424900" lon="-3.8590700"/>
            <trkpt lat="50.2422400" lon="-3.8592400"/>
            <trkpt lat="50.2421800" lon="-3.8592600"/>
            <trkpt lat="50.2420400" lon="-3.8594600"/>
            <trkpt lat="50.2420600" lon="-3.8595000"/>
            <trkpt lat="50.2420200" lon="-3.8596000"/>
            <trkpt lat="50.2421100" lon="-3.8600700"/>
            <trkpt lat="50.2421900" lon="-3.8607300"/>
            <trkpt lat="50.2423000" lon="-3.8612800"/>
            <trkpt lat="50.2423500" lon="-3.8619900"/>
            <trkpt lat="50.2423500" lon="-3.8622100"/>
            <trkpt lat="50.2422500" lon="-3.8628400"/>
            <trkpt lat="50.2421200" lon="-3.8632300"/>
            <trkpt lat="50.2420300" lon="-3.8633600"/>
            <trkpt lat="50.2418900" lon="-3.8635000"/>
            <trkpt lat="50.2423000" lon="-3.8649600"/>
            <trkpt lat="50.2431300" lon="-3.8658200"/>
            <trkpt lat="50.2430900" lon="-3.8671200"/>
            <trkpt lat="50.2426300" lon="-3.8676700"/>
            <trkpt lat="50.2420300" lon="-3.8687100"/>
            <trkpt lat="50.2420300" lon="-3.8690400"/>
            <trkpt lat="50.2420700" lon="-3.8693400"/>
            <trkpt lat="50.2420600" lon="-3.8698400"/>
            <trkpt lat="50.2419600" lon="-3.8699000"/>
            <trkpt lat="50.2418600" lon="-3.8697700"/>
            <trkpt lat="50.2418700" lon="-3.8696400"/>
            <trkpt lat="50.2417700" lon="-3.8695200"/>
            <trkpt lat="50.2417700" lon="-3.8694600"/>
            <trkpt lat="50.2417100" lon="-3.8694000"/>
            <trkpt lat="50.2415700" lon="-3.8690100"/>
            <trkpt lat="50.2414900" lon="-3.8688300"/>
            <trkpt lat="50.2415300" lon="-3.8687900"/>
            <trkpt lat="50.2414200" lon="-3.8685300"/>
            <trkpt lat="50.2413600" lon="-3.8683200"/>
            <trkpt lat="50.2411900" lon="-3.8679700"/>
            <trkpt lat="50.2411200" lon="-3.8677000"/>
            <trkpt lat="50.2411300" lon="-3.8676300"/>
            <trkpt lat="50.2409700" lon="-3.8671500"/>
            <trkpt lat="50.2408300" lon="-3.8669300"/>
            <trkpt lat="50.2407100" lon="-3.8669600"/>
            <trkpt lat="50.2403100" lon="-3.8661300"/>
            <trkpt lat="50.2401800" lon="-3.8660100"/>
            <trkpt lat="50.2399200" lon="-3.8659800"/>
            <trkpt lat="50.2396300" lon="-3.8658800"/>
            <trkpt lat="50.2393700" lon="-3.8656200"/>
            <trkpt lat="50.2390800" lon="-3.8652900"/>
            <trkpt lat="50.2389100" lon="-3.8647600"/>
            <trkpt lat="50.2384500" lon="-3.8641500"/>
            <trkpt lat="50.2376900" lon="-3.8623900"/>
            <trkpt lat="50.2376400" lon="-3.8621900"/>
            <trkpt lat="50.2376400" lon="-3.8617600"/>
            <trkpt lat="50.2376400" lon="-3.8616500"/>
            <trkpt lat="50.2373400" lon="-3.8614200"/>
            <trkpt lat="50.2369500" lon="-3.8610400"/>
            <trkpt lat="50.2366500" lon="-3.8608200"/>
            <trkpt lat="50.2364400" lon="-3.8606000"/>
            <trkpt lat="50.2359000" lon="-3.8598100"/>
            <trkpt lat="50.2358400" lon="-3.8596800"/>
            <trkpt lat="50.2354400" lon="-3.8588800"/>
            <trkpt lat="50.2351600" lon="-3.8574700"/>
            <trkpt lat="50.2350800" lon="-3.8567300"/>
            <trkpt lat="50.2351100" lon="-3.8564200"/>
            <trkpt lat="50.2353300" lon="-3.8557600"/>
            <trkpt lat="50.2354500" lon="-3.8552800"/>
            <trkpt lat="50.2355400" lon="-3.8546000"/>
            <trkpt lat="50.2355300" lon="-3.8544600"/>
            <trkpt lat="50.2355200" lon="-3.8542400"/>
            <trkpt lat="50.2354100" lon="-3.8537300"/>
            <trkpt lat="50.2353900" lon="-3.8534400"/>
            <trkpt lat="50.2353300" lon="-3.8529900"/>
            <trkpt lat="50.2349400" lon="-3.8518200"/>
            <trkpt lat="50.2346400" lon="-3.8513000"/>
            <trkpt lat="50.2343800" lon="-3.8509900"/>
            <trkpt lat="50.2343100" lon="-3.8508500"/>
            <trkpt lat="50.2341000" lon="-3.8507100"/>
            <trkpt lat="50.2340100" lon="-3.8505300"/>
            <trkpt lat="50.2339900" lon="-3.8504400"/>
            <trkpt lat="50.2338600" lon="-3.8497300"/>
            <trkpt lat="50.2336900" lon="-3.8493100"/>
            <trkpt lat="50.2334900" lon="-3.8489800"/>
            <trkpt lat="50.2329000" lon="-3.8482700"/>
            <trkpt lat="50.2326500" lon="-3.8478400"/>
            <trkpt lat="50.2325600" lon="-3.8476400"/>
            <trkpt lat="50.2323100" lon="-3.8472100"/>
            <trkpt lat="50.2322100" lon="-3.8469700"/>
            <trkpt lat="50.2321100" lon="-3.8468500"/>
            <trkpt lat="50.2320000" lon="-3.8465700"/>
            <trkpt lat="50.2319700" lon="-3.8464600"/>
            <trkpt lat="50.2319800" lon="-3.8463200"/>
            <trkpt lat="50.2319200" lon="-3.8461300"/>
            <trkpt lat="50.2318300" lon="-3.8459300"/>
            <trkpt lat="50.2317800" lon="-3.8456700"/>
            <trkpt lat="50.2318000" lon="-3.8454600"/>
            <trkpt lat="50.2318800" lon="-3.8450800"/>
            <trkpt lat="50.2318900" lon="-3.8445100"/>
            <trkpt lat="50.2317800" lon="-3.8437700"/>
            <trkpt lat="50.2316700" lon="-3.8434800"/>
            <trkpt lat="50.2315700" lon="-3.8430000"/>
            <trkpt lat="50.2314100" lon="-3.8427700"/>
            <trkpt lat="50.2314900" lon="-3.8426700"/>
            <trkpt lat="50.2318400" lon="-3.8420100"/>
            <trkpt lat="50.2320400" lon="-3.8417100"/>
            <trkpt lat="50.2322200" lon="-3.8413900"/>
            <trkpt lat="50.2324500" lon="-3.8409200"/>
            <trkpt lat="50.2322700" lon="-3.8401900"/>
            <trkpt lat="50.2321200" lon="-3.8398100"/>
            <trkpt lat="50.2321500" lon="-3.8397900"/>
            <trkpt lat="50.2321900" lon="-3.8398900"/>
            <trkpt lat="50.2320100" lon="-3.8395500"/>
            <trkpt lat="50.2316700" lon="-3.8391500"/>
            <trkpt lat="50.2313800" lon="-3.8393300"/>
            <trkpt lat="50.2311400" lon="-3.8394000"/>
            <trkpt lat="50.2309700" lon="-3.8386900"/>
            <trkpt lat="50.2308500" lon="-3.8382700"/>
            <trkpt lat="50.2306800" lon="-3.8381500"/>
            <trkpt lat="50.2305300" lon="-3.8379900"/>
            <trkpt lat="50.2304100" lon="-3.8379100"/>
            <trkpt lat="50.2303200" lon="-3.8377900"/>
            <trkpt lat="50.2302400" lon="-3.8375300"/>
            <trkpt lat="50.2301600" lon="-3.8373500"/>
            <trkpt lat="50.2299400" lon="-3.8369300"/>
            <trkpt lat="50.2297100" lon="-3.8364300"/>
            <trkpt lat="50.2293800" lon="-3.8359500"/>
            <trkpt lat="50.2292800" lon="-3.8357400"/>
            <trkpt lat="50.2287400" lon="-3.8348400"/>
            <trkpt lat="50.2278900" lon="-3.8336100"/>
            <trkpt lat="50.2276400" lon="-3.8332500"/>
            <trkpt lat="50.2272900" lon="-3.8326500"/>
            <trkpt lat="50.2269700" lon="-3.8322600"/>
            <trkpt lat="50.2268000" lon="-3.8318700"/>
            <trkpt lat="50.2267800" lon="-3.8316900"/>
            <trkpt lat="50.2266400" lon="-3.8315100"/>
            <trkpt lat="50.2264500" lon="-3.8315600"/>
            <trkpt lat="50.2264100" lon="-3.8315400"/>
            <trkpt lat="50.2263800" lon="-3.8315000"/>
            <trkpt lat="50.2261800" lon="-3.8314800"/>
            <trkpt lat="50.2260400" lon="-3.8313300"/>
            <trkpt lat="50.2254500" lon="-3.8309100"/>
            <trkpt lat="50.2249900" lon="-3.8307100"/>
            <trkpt lat="50.2249100" lon="-3.8305400"/>
            <trkpt lat="50.2248500" lon="-3.8304100"/>
            <trkpt lat="50.2244400" lon="-3.8298100"/>
            <trkpt lat="50.2242900" lon="-3.8295100"/>
            <trkpt lat="50.2242900" lon="-3.8294700"/>
            <trkpt lat="50.2244400" lon="-3.8294900"/>
            <trkpt lat="50.2244500" lon="-3.8294500"/>
            <trkpt lat="50.2242900" lon="-3.8289400"/>
            <trkpt lat="50.2243100" lon="-3.8288900"/>
            <trkpt lat="50.2243400" lon="-3.8288800"/>
            <trkpt lat="50.2244100" lon="-3.8289000"/>
            <trkpt lat="50.2244300" lon="-3.8288600"/>
            <trkpt lat="50.2244000" lon="-3.8287300"/>
            <trkpt lat="50.2244200" lon="-3.8286900"/>
            <trkpt lat="50.2246500" lon="-3.8286600"/>
            <trkpt lat="50.2246900" lon="-3.8286100"/>
            <trkpt lat="50.2247800" lon="-3.8282800"/>
            <trkpt lat="50.2247400" lon="-3.8281600"/>
            <trkpt lat="50.2247600" lon="-3.8280900"/>
            <trkpt lat="50.2247300" lon="-3.8280100"/>
            <trkpt lat="50.2247300" lon="-3.8279200"/>
            <trkpt lat="50.2247100" lon="-3.8278600"/>
            <trkpt lat="50.2244100" lon="-3.8274400"/>
            <trkpt lat="50.2241800" lon="-3.8271200"/>
            <trkpt lat="50.2240700" lon="-3.8265700"/>
            <trkpt lat="50.2240200" lon="-3.8265900"/>
            <trkpt lat="50.2240100" lon="-3.8264600"/>
            <trkpt lat="50.2239800" lon="-3.8264100"/>
            <trkpt lat="50.2237400" lon="-3.8265200"/>
            <trkpt lat="50.2234100" lon="-3.8265700"/>
            <trkpt lat="50.2232300" lon="-3.8265300"/>
            <trkpt lat="50.2226300" lon="-3.8262200"/>
            <trkpt lat="50.2223400" lon="-3.8261100"/>
            <trkpt lat="50.2218000" lon="-3.8260800"/>
            <trkpt lat="50.2217100" lon="-3.8260100"/>
            <trkpt lat="50.2216200" lon="-3.8257800"/>
            <trkpt lat="50.2215600" lon="-3.8253800"/>
            <trkpt lat="50.2214800" lon="-3.8253200"/>
            <trkpt lat="50.2213800" lon="-3.8253100"/>
            <trkpt lat="50.2211900" lon="-3.8250900"/>
            <trkpt lat="50.2210500" lon="-3.8251100"/>
            <trkpt lat="50.2207200" lon="-3.8248000"/>
            <trkpt lat="50.2206200" lon="-3.8246500"/>
            <trkpt lat="50.2204800" lon="-3.8245100"/>
            <trkpt lat="50.2201500" lon="-3.8240000"/>
            <trkpt lat="50.2200200" lon="-3.8238500"/>
            <trkpt lat="50.2198300" lon="-3.8236300"/>
            <trkpt lat="50.2196400" lon="-3.8233500"/>
            <trkpt lat="50.2195200" lon="-3.8229300"/>
            <trkpt lat="50.2192700" lon="-3.8224100"/>
            <trkpt lat="50.2192100" lon="-3.8223200"/>
            <trkpt lat="50.2191600" lon="-3.8223000"/>
            <trkpt lat="50.2190100" lon="-3.8223500"/>
            <trkpt lat="50.2189600" lon="-3.8223300"/>
            <trkpt lat="50.2189100" lon="-3.8222800"/>
            <trkpt lat="50.2188500" lon="-3.8221400"/>
            <trkpt lat="50.2187900" lon="-3.8221100"/>
            <trkpt lat="50.2187200" lon="-3.8221200"/>
            <trkpt lat="50.2186500" lon="-3.8220300"/>
            <trkpt lat="50.2185900" lon="-3.8219100"/>
            <trkpt lat="50.2185400" lon="-3.8215900"/>
            <trkpt lat="50.2185400" lon="-3.8212400"/>
            <trkpt lat="50.2186100" lon="-3.8203300"/>
            <trkpt lat="50.2187300" lon="-3.8199400"/>
            <trkpt lat="50.2188300" lon="-3.8197700"/>
            <trkpt lat="50.2188700" lon="-3.8195800"/>
            <trkpt lat="50.2188600" lon="-3.8192600"/>
            <trkpt lat="50.2188000" lon="-3.8186300"/>
            <trkpt lat="50.2186500" lon="-3.8181700"/>
            <trkpt lat="50.2185300" lon="-3.8175800"/>
            <trkpt lat="50.2185300" lon="-3.8172700"/>
            <trkpt lat="50.2184800" lon="-3.8166800"/>
            <trkpt lat="50.2183800" lon="-3.8162300"/>
            <trkpt lat="50.2183100" lon="-3.8156900"/>
            <trkpt lat="50.2182700" lon="-3.8149400"/>
            <trkpt lat="50.2182100" lon="-3.8147000"/>
            <trkpt lat="50.2181400" lon="-3.8145200"/>
            <trkpt lat="50.2180300" lon="-3.8143500"/>
            <trkpt lat="50.2178200" lon="-3.8141100"/>
            <trkpt lat="50.2175900" lon="-3.8139300"/>
            <trkpt lat="50.2174200" lon="-3.8136600"/>
            <trkpt lat="50.2171900" lon="-3.8131300"/>
            <trkpt lat="50.2169800" lon="-3.8129100"/>
            <trkpt lat="50.2169200" lon="-3.8128600"/>
            <trkpt lat="50.2166300" lon="-3.8123500"/>
            <trkpt lat="50.2165700" lon="-3.8121700"/>
            <trkpt lat="50.2165400" lon="-3.8119800"/>
            <trkpt lat="50.2165400" lon="-3.8106800"/>
            <trkpt lat="50.2165100" lon="-3.8104100"/>
            <trkpt lat="50.2163900" lon="-3.8099400"/>
            <trkpt lat="50.2163900" lon="-3.8096600"/>
            <trkpt lat="50.2165700" lon="-3.8086200"/>
            <trkpt lat="50.2165700" lon="-3.8078300"/>
            <trkpt lat="50.2165500" lon="-3.8075800"/>
            <trkpt lat="50.2164400" lon="-3.8072500"/>
            <trkpt lat="50.2163400" lon="-3.8069000"/>
            <trkpt lat="50.2162700" lon="-3.8060200"/>
            <trkpt lat="50.2164100" lon="-3.8051700"/>
            <trkpt lat="50.2165100" lon="-3.8047700"/>
            <trkpt lat="50.2165500" lon="-3.8045200"/>
            <trkpt lat="50.2165400" lon="-3.8041900"/>
            <trkpt lat="50.2164400" lon="-3.8037100"/>
            <trkpt lat="50.2164500" lon="-3.8034900"/>
            <trkpt lat="50.2165800" lon="-3.8027600"/>
            <trkpt lat="50.2165900" lon="-3.8024500"/>
            <trkpt lat="50.2165200" lon="-3.8017600"/>
            <trkpt lat="50.2165400" lon="-3.8014400"/>
            <trkpt lat="50.2166400" lon="-3.8006800"/>
            <trkpt lat="50.2167300" lon="-3.8003000"/>
            <trkpt lat="50.2165300" lon="-3.7989100"/>
            <trkpt lat="50.2164400" lon="-3.7986600"/>
            <trkpt lat="50.2163300" lon="-3.7985100"/>
            <trkpt lat="50.2159700" lon="-3.7978000"/>
            <trkpt lat="50.2158000" lon="-3.7973600"/>
            <trkpt lat="50.2155100" lon="-3.7968800"/>
            <trkpt lat="50.2152300" lon="-3.7961300"/>
            <trkpt lat="50.2151700" lon="-3.7960500"/>
            <trkpt lat="50.2147400" lon="-3.7959500"/>
            <trkpt lat="50.2145900" lon="-3.7958600"/>
            <trkpt lat="50.2143300" lon="-3.7956300"/>
            <trkpt lat="50.2140800" lon="-3.7955800"/>
            <trkpt lat="50.2137700" lon="-3.7955100"/>
            <trkpt lat="50.2136300" lon="-3.7954500"/>
            <trkpt lat="50.2134500" lon="-3.7953100"/>
            <trkpt lat="50.2132500" lon="-3.7950800"/>
            <trkpt lat="50.2132100" lon="-3.7949500"/>
            <trkpt lat="50.2131700" lon="-3.7934500"/>
            <trkpt lat="50.2129400" lon="-3.7920200"/>
            <trkpt lat="50.2129300" lon="-3.7915200"/>
            <trkpt lat="50.2129500" lon="-3.7912500"/>
            <trkpt lat="50.2129300" lon="-3.7911800"/>
            <trkpt lat="50.2127100" lon="-3.7910000"/>
            <trkpt lat="50.2125800" lon="-3.7907900"/>
            <trkpt lat="50.2124400" lon="-3.7905100"/>
            <trkpt lat="50.2123800" lon="-3.7901900"/>
            <trkpt lat="50.2121800" lon="-3.7896200"/>
            <trkpt lat="50.2120100" lon="-3.7892400"/>
            <trkpt lat="50.2116400" lon="-3.7887100"/>
            <trkpt lat="50.2114300" lon="-3.7884800"/>
            <trkpt lat="50.2113900" lon="-3.7883900"/>
            <trkpt lat="50.2113800" lon="-3.7883100"/>
            <trkpt lat="50.2113900" lon="-3.7881800"/>
            <trkpt lat="50.2114500" lon="-3.7879600"/>
            <trkpt lat="50.2114900" lon="-3.7879500"/>
            <trkpt lat="50.2117900" lon="-3.7877000"/>
            <trkpt lat="50.2121700" lon="-3.7878900"/>
            <trkpt lat="50.2122800" lon="-3.7879000"/>
            <trkpt lat="50.2123800" lon="-3.7879600"/>
            <trkpt lat="50.2126500" lon="-3.7879800"/>
            <trkpt lat="50.2127400" lon="-3.7879000"/>
            <trkpt lat="50.2128100" lon="-3.7880000"/>
            <trkpt lat="50.2128900" lon="-3.7880600"/>
            <trkpt lat="50.2134600" lon="-3.7880200"/>
            <trkpt lat="50.2139400" lon="-3.7878900"/>
            <trkpt lat="50.2141500" lon="-3.7878900"/>
            <trkpt lat="50.2143000" lon="-3.7878000"/>
            <trkpt lat="50.2145300" lon="-3.7879600"/>
            <trkpt lat="50.2146500" lon="-3.7880200"/>
            <trkpt lat="50.2148300" lon="-3.7880300"/>
            <trkpt lat="50.2150400" lon="-3.7879000"/>
            <trkpt lat="50.2151400" lon="-3.7878900"/>
            <trkpt lat="50.2152000" lon="-3.7879200"/>
            <trkpt lat="50.2153500" lon="-3.7878300"/>
            <trkpt lat="50.2155400" lon="-3.7877500"/>
            <trkpt lat="50.2155800" lon="-3.7878500"/>
            <trkpt lat="50.2155400" lon="-3.7877500"/>
            <trkpt lat="50.2156200" lon="-3.7876900"/>
            <trkpt lat="50.2156700" lon="-3.7875700"/>
            <trkpt lat="50.2157000" lon="-3.7873400"/>
            <trkpt lat="50.2157500" lon="-3.7871600"/>
            <trkpt lat="50.2157600" lon="-3.7868700"/>
            <trkpt lat="50.2157200" lon="-3.7864900"/>
            <trkpt lat="50.2157900" lon="-3.7858400"/>
            <trkpt lat="50.2157900" lon="-3.7854300"/>
            <trkpt lat="50.2158100" lon="-3.7850200"/>
            <trkpt lat="50.2158800" lon="-3.7847700"/>
            <trkpt lat="50.2159100" lon="-3.7844100"/>
            <trkpt lat="50.2159000" lon="-3.7839300"/>
            <trkpt lat="50.2159100" lon="-3.7837700"/>
            <trkpt lat="50.2159000" lon="-3.7836500"/>
            <trkpt lat="50.2158200" lon="-3.7834600"/>
            <trkpt lat="50.2157900" lon="-3.7832600"/>
            <trkpt lat="50.2158400" lon="-3.7829000"/>
            <trkpt lat="50.2158500" lon="-3.7826500"/>
            <trkpt lat="50.2158400" lon="-3.7824600"/>
            <trkpt lat="50.2158500" lon="-3.7823800"/>
            <trkpt lat="50.2159000" lon="-3.7822900"/>
            <trkpt lat="50.2159700" lon="-3.7822900"/>
            <trkpt lat="50.2163700" lon="-3.7820200"/>
            <trkpt lat="50.2165100" lon="-3.7820400"/>
            <trkpt lat="50.2166300" lon="-3.7819300"/>
            <trkpt lat="50.2170300" lon="-3.7820100"/>
            <trkpt lat="50.2176200" lon="-3.7818500"/>
            <trkpt lat="50.2177600" lon="-3.7817200"/>
            <trkpt lat="50.2181200" lon="-3.7817300"/>
            <trkpt lat="50.2183200" lon="-3.7817800"/>
            <trkpt lat="50.2186300" lon="-3.7817700"/>
            <trkpt lat="50.2186800" lon="-3.7818100"/>
            <trkpt lat="50.2187900" lon="-3.7818200"/>
            <trkpt lat="50.2191000" lon="-3.7815700"/>
            <trkpt lat="50.2192100" lon="-3.7815500"/>
            <trkpt lat="50.2193600" lon="-3.7816600"/>
            <trkpt lat="50.2195500" lon="-3.7817300"/>
            <trkpt lat="50.2196500" lon="-3.7818100"/>
            <trkpt lat="50.2206800" lon="-3.7826400"/>
            <trkpt lat="50.2209100" lon="-3.7827900"/>
            <trkpt lat="50.2211200" lon="-3.7828700"/>
            <trkpt lat="50.2212800" lon="-3.7828700"/>
            <trkpt lat="50.2216100" lon="-3.7827900"/>
            <trkpt lat="50.2218900" lon="-3.7825700"/>
            <trkpt lat="50.2230700" lon="-3.7824700"/>
            <trkpt lat="50.2232400" lon="-3.7825200"/>
            <trkpt lat="50.2237400" lon="-3.7823200"/>
            <trkpt lat="50.2240000" lon="-3.7823200"/>
            <trkpt lat="50.2244400" lon="-3.7822100"/>
            <trkpt lat="50.2245100" lon="-3.7822600"/>
            <trkpt lat="50.2245800" lon="-3.7823700"/>
            <trkpt lat="50.2247000" lon="-3.7827800"/>
            <trkpt lat="50.2247000" lon="-3.7830900"/>
            <trkpt lat="50.2244500" lon="-3.7844500"/>
            <trkpt lat="50.2244300" lon="-3.7846600"/>
            <trkpt lat="50.2244800" lon="-3.7847500"/>
            <trkpt lat="50.2246800" lon="-3.7845800"/>
            <trkpt lat="50.2248100" lon="-3.7845600"/>
            <trkpt lat="50.2253500" lon="-3.7846100"/>
            <trkpt lat="50.2256800" lon="-3.7846800"/>
            <trkpt lat="50.2257100" lon="-3.7845300"/>
            <trkpt lat="50.2258500" lon="-3.7844900"/>
            <trkpt lat="50.2259600" lon="-3.7845100"/>
            <trkpt lat="50.2261400" lon="-3.7843800"/>
            <trkpt lat="50.2263600" lon="-3.7842800"/>
            <trkpt lat="50.2264700" lon="-3.7841900"/>
            <trkpt lat="50.2267700" lon="-3.7838700"/>
            <trkpt lat="50.2277400" lon="-3.7827300"/>
            <trkpt lat="50.2283600" lon="-3.7819900"/>
            <trkpt lat="50.2286500" lon="-3.7818200"/>
            <trkpt lat="50.2288200" lon="-3.7818300"/>
            <trkpt lat="50.2288900" lon="-3.7818600"/>
            <trkpt lat="50.2293300" lon="-3.7822300"/>
            <trkpt lat="50.2294200" lon="-3.7823700"/>
            <trkpt lat="50.2295200" lon="-3.7825800"/>
            <trkpt lat="50.2296500" lon="-3.7826900"/>
            <trkpt lat="50.2297000" lon="-3.7826800"/>
            <trkpt lat="50.2297400" lon="-3.7826300"/>
            <trkpt lat="50.2297400" lon="-3.7825700"/>
            <trkpt lat="50.2297100" lon="-3.7824200"/>
            <trkpt lat="50.2296400" lon="-3.7822900"/>
            <trkpt lat="50.2296100" lon="-3.7821300"/>
            <trkpt lat="50.2296500" lon="-3.7820500"/>
            <trkpt lat="50.2300400" lon="-3.7815200"/>
            <trkpt lat="50.2301900" lon="-3.7812200"/>
            <trkpt lat="50.2303100" lon="-3.7806100"/>
            <trkpt lat="50.2303200" lon="-3.7805000"/>
            <trkpt lat="50.2302900" lon="-3.7803400"/>
            <trkpt lat="50.2300800" lon="-3.7797300"/>
            <trkpt lat="50.2300500" lon="-3.7795800"/>
            <trkpt lat="50.2300400" lon="-3.7793900"/>
            <trkpt lat="50.2299900" lon="-3.7791400"/>
            <trkpt lat="50.2299500" lon="-3.7790200"/>
            <trkpt lat="50.2298900" lon="-3.7789700"/>
            <trkpt lat="50.2298200" lon="-3.7789800"/>
            <trkpt lat="50.2297400" lon="-3.7789200"/>
            <trkpt lat="50.2296200" lon="-3.7786900"/>
            <trkpt lat="50.2294200" lon="-3.7782500"/>
            <trkpt lat="50.2293800" lon="-3.7780100"/>
            <trkpt lat="50.2293500" lon="-3.7777000"/>
            <trkpt lat="50.2293600" lon="-3.7774500"/>
            <trkpt lat="50.2293800" lon="-3.7772300"/>
            <trkpt lat="50.2294800" lon="-3.7767300"/>
            <trkpt lat="50.2295800" lon="-3.7764300"/>
            <trkpt lat="50.2296400" lon="-3.7763200"/>
            <trkpt lat="50.2297200" lon="-3.7762300"/>
            <trkpt lat="50.2308400" lon="-3.7752500"/>
            <trkpt lat="50.2313300" lon="-3.7747200"/>
            <trkpt lat="50.2316800" lon="-3.7741100"/>
            <trkpt lat="50.2320800" lon="-3.7733100"/>
            <trkpt lat="50.2323800" lon="-3.7726700"/>
            <trkpt lat="50.2326900" lon="-3.7722800"/>
            <trkpt lat="50.2329000" lon="-3.7722100"/>
            <trkpt lat="50.2331600" lon="-3.7718400"/>
            <trkpt lat="50.2336300" lon="-3.7708600"/>
            <trkpt lat="50.2338200" lon="-3.7706400"/>
            <trkpt lat="50.2340600" lon="-3.7703000"/>
            <trkpt lat="50.2342900" lon="-3.7698200"/>
            <trkpt lat="50.2352500" lon="-3.7687200"/>
            <trkpt lat="50.2356000" lon="-3.7680800"/>
            <trkpt lat="50.2361600" lon="-3.7668700"/>
            <trkpt lat="50.2362400" lon="-3.7667700"/>
            <trkpt lat="50.2364100" lon="-3.7666600"/>
            <trkpt lat="50.2365000" lon="-3.7666800"/>
            <trkpt lat="50.2364100" lon="-3.7666600"/>
            <trkpt lat="50.2363500" lon="-3.7663400"/>
            <trkpt lat="50.2363400" lon="-3.7661000"/>
            <trkpt lat="50.2362900" lon="-3.7656100"/>
            <trkpt lat="50.2359900" lon="-3.7651500"/>
            <trkpt lat="50.2356700" lon="-3.7647400"/>
            <trkpt lat="50.2351500" lon="-3.7642700"/>
            <trkpt lat="50.2348900" lon="-3.7639300"/>
            <trkpt lat="50.2347800" lon="-3.7637600"/>
            <trkpt lat="50.2348400" lon="-3.7636700"/>
            <trkpt lat="50.2347800" lon="-3.7635300"/>
            <trkpt lat="50.2339600" lon="-3.7642600"/>
            <trkpt lat="50.2337600" lon="-3.7643900"/>
            <trkpt lat="50.2336400" lon="-3.7643800"/>
            <trkpt lat="50.2335500" lon="-3.7643300"/>
            <trkpt lat="50.2334700" lon="-3.7642200"/>
            <trkpt lat="50.2333900" lon="-3.7638400"/>
            <trkpt lat="50.2333100" lon="-3.7637500"/>
            <trkpt lat="50.2332300" lon="-3.7637500"/>
            <trkpt lat="50.2329300" lon="-3.7639500"/>
            <trkpt lat="50.2328600" lon="-3.7641000"/>
            <trkpt lat="50.2327200" lon="-3.7646500"/>
            <trkpt lat="50.2326400" lon="-3.7648400"/>
            <trkpt lat="50.2322600" lon="-3.7653900"/>
            <trkpt lat="50.2320500" lon="-3.7656400"/>
            <trkpt lat="50.2316000" lon="-3.7659200"/>
            <trkpt lat="50.2312100" lon="-3.7662300"/>
            <trkpt lat="50.2311300" lon="-3.7662700"/>
            <trkpt lat="50.2309900" lon="-3.7662500"/>
            <trkpt lat="50.2300600" lon="-3.7654100"/>
            <trkpt lat="50.2299400" lon="-3.7653500"/>
            <trkpt lat="50.2298100" lon="-3.7653500"/>
            <trkpt lat="50.2294100" lon="-3.7656000"/>
            <trkpt lat="50.2292900" lon="-3.7657800"/>
            <trkpt lat="50.2292500" lon="-3.7659000"/>
            <trkpt lat="50.2292300" lon="-3.7660800"/>
            <trkpt lat="50.2292300" lon="-3.7663800"/>
            <trkpt lat="50.2292700" lon="-3.7669700"/>
            <trkpt lat="50.2293700" lon="-3.7673800"/>
            <trkpt lat="50.2294600" lon="-3.7676400"/>
            <trkpt lat="50.2295000" lon="-3.7678200"/>
            <trkpt lat="50.2294600" lon="-3.7682900"/>
            <trkpt lat="50.2294200" lon="-3.7685200"/>
            <trkpt lat="50.2292800" lon="-3.7690900"/>
            <trkpt lat="50.2291800" lon="-3.7693500"/>
            <trkpt lat="50.2291400" lon="-3.7694300"/>
            <trkpt lat="50.2290000" lon="-3.7696300"/>
            <trkpt lat="50.2288400" lon="-3.7696700"/>
            <trkpt lat="50.2286300" lon="-3.7696600"/>
            <trkpt lat="50.2284700" lon="-3.7697000"/>
            <trkpt lat="50.2280400" lon="-3.7696400"/>
            <trkpt lat="50.2275400" lon="-3.7698100"/>
            <trkpt lat="50.2268700" lon="-3.7701300"/>
            <trkpt lat="50.2266000" lon="-3.7704100"/>
            <trkpt lat="50.2263800" lon="-3.7705200"/>
            <trkpt lat="50.2262900" lon="-3.7706300"/>
            <trkpt lat="50.2262500" lon="-3.7707200"/>
            <trkpt lat="50.2262400" lon="-3.7708500"/>
            <trkpt lat="50.2262900" lon="-3.7710600"/>
            <trkpt lat="50.2262900" lon="-3.7712700"/>
            <trkpt lat="50.2262600" lon="-3.7716300"/>
            <trkpt lat="50.2262100" lon="-3.7718900"/>
            <trkpt lat="50.2262600" lon="-3.7720000"/>
            <trkpt lat="50.2261600" lon="-3.7721500"/>
            <trkpt lat="50.2260100" lon="-3.7723200"/>
            <trkpt lat="50.2258700" lon="-3.7724100"/>
            <trkpt lat="50.2256000" lon="-3.7722400"/>
            <trkpt lat="50.2254400" lon="-3.7722100"/>
            <trkpt lat="50.2251800" lon="-3.7722600"/>
            <trkpt lat="50.2248300" lon="-3.7720700"/>
            <trkpt lat="50.2246700" lon="-3.7721800"/>
            <trkpt lat="50.2245300" lon="-3.7722400"/>
            <trkpt lat="50.2245100" lon="-3.7722400"/>
            <trkpt lat="50.2244300" lon="-3.7721700"/>
            <trkpt lat="50.2242800" lon="-3.7718400"/>
            <trkpt lat="50.2242900" lon="-3.7715800"/>
            <trkpt lat="50.2242300" lon="-3.7712200"/>
            <trkpt lat="50.2242200" lon="-3.7708700"/>
            <trkpt lat="50.2241000" lon="-3.7708000"/>
            <trkpt lat="50.2237900" lon="-3.7707700"/>
            <trkpt lat="50.2235800" lon="-3.7707000"/>
            <trkpt lat="50.2234000" lon="-3.7707600"/>
            <trkpt lat="50.2233100" lon="-3.7706600"/>
            <trkpt lat="50.2232200" lon="-3.7706000"/>
            <trkpt lat="50.2230600" lon="-3.7703800"/>
            <trkpt lat="50.2226500" lon="-3.7700900"/>
            <trkpt lat="50.2225100" lon="-3.7699500"/>
            <trkpt lat="50.2224400" lon="-3.7698300"/>
            <trkpt lat="50.2223100" lon="-3.7696800"/>
            <trkpt lat="50.2221800" lon="-3.7693500"/>
            <trkpt lat="50.2221300" lon="-3.7691600"/>
            <trkpt lat="50.2220200" lon="-3.7689200"/>
            <trkpt lat="50.2218800" lon="-3.7682000"/>
            <trkpt lat="50.2217800" lon="-3.7679900"/>
            <trkpt lat="50.2217200" lon="-3.7679000"/>
            <trkpt lat="50.2215100" lon="-3.7673900"/>
            <trkpt lat="50.2213700" lon="-3.7668600"/>
            <trkpt lat="50.2213600" lon="-3.7666500"/>
            <trkpt lat="50.2213300" lon="-3.7665000"/>
            <trkpt lat="50.2211500" lon="-3.7658800"/>
            <trkpt lat="50.2210900" lon="-3.7653900"/>
            <trkpt lat="50.2211200" lon="-3.7652600"/>
            <trkpt lat="50.2211900" lon="-3.7651500"/>
            <trkpt lat="50.2213000" lon="-3.7649000"/>
            <trkpt lat="50.2212900" lon="-3.7647700"/>
            <trkpt lat="50.2211100" lon="-3.7645700"/>
            <trkpt lat="50.2210700" lon="-3.7644600"/>
            <trkpt lat="50.2210300" lon="-3.7641500"/>
            <trkpt lat="50.2209600" lon="-3.7638300"/>
            <trkpt lat="50.2207200" lon="-3.7631900"/>
            <trkpt lat="50.2206700" lon="-3.7627900"/>
            <trkpt lat="50.2206500" lon="-3.7624200"/>
            <trkpt lat="50.2206600" lon="-3.7620300"/>
            <trkpt lat="50.2207400" lon="-3.7616300"/>
            <trkpt lat="50.2208000" lon="-3.7614100"/>
            <trkpt lat="50.2211000" lon="-3.7611900"/>
            <trkpt lat="50.2210800" lon="-3.7610400"/>
            <trkpt lat="50.2211100" lon="-3.7609300"/>
            <trkpt lat="50.2211000" lon="-3.7608700"/>
            <trkpt lat="50.2211100" lon="-3.7607200"/>
            <trkpt lat="50.2209000" lon="-3.7601500"/>
            <trkpt lat="50.2206800" lon="-3.7592100"/>
            <trkpt lat="50.2206200" lon="-3.7588400"/>
            <trkpt lat="50.2205800" lon="-3.7587600"/>
            <trkpt lat="50.2205400" lon="-3.7587300"/>
            <trkpt lat="50.2199800" lon="-3.7586200"/>
            <trkpt lat="50.2198700" lon="-3.7584000"/>
            <trkpt lat="50.2198500" lon="-3.7582700"/>
            <trkpt lat="50.2197300" lon="-3.7566200"/>
            <trkpt lat="50.2195200" lon="-3.7545500"/>
            <trkpt lat="50.2195300" lon="-3.7539200"/>
            <trkpt lat="50.2195100" lon="-3.7535200"/>
            <trkpt lat="50.2195100" lon="-3.7531500"/>
            <trkpt lat="50.2196900" lon="-3.7527500"/>
            <trkpt lat="50.2200300" lon="-3.7524800"/>
            <trkpt lat="50.2197700" lon="-3.7509100"/>
            <trkpt lat="50.2197500" lon="-3.7502600"/>
            <trkpt lat="50.2190500" lon="-3.7491600"/>
            <trkpt lat="50.2189200" lon="-3.7481300"/>
            <trkpt lat="50.2187000" lon="-3.7475100"/>
            <trkpt lat="50.2185400" lon="-3.7468400"/>
            <trkpt lat="50.2185200" lon="-3.7466100"/>
            <trkpt lat="50.2184800" lon="-3.7465000"/>
            <trkpt lat="50.2183200" lon="-3.7464300"/>
            <trkpt lat="50.2182900" lon="-3.7462700"/>
            <trkpt lat="50.2183000" lon="-3.7461900"/>
            <trkpt lat="50.2183300" lon="-3.7461700"/>
            <trkpt lat="50.2182900" lon="-3.7460900"/>
            <trkpt lat="50.2182500" lon="-3.7460800"/>
            <trkpt lat="50.2181400" lon="-3.7461400"/>
            <trkpt lat="50.2180800" lon="-3.7462000"/>
            <trkpt lat="50.2179800" lon="-3.7461800"/>
            <trkpt lat="50.2179000" lon="-3.7460400"/>
            <trkpt lat="50.2177800" lon="-3.7459600"/>
            <trkpt lat="50.2173600" lon="-3.7460300"/>
            <trkpt lat="50.2172800" lon="-3.7459900"/>
            <trkpt lat="50.2171800" lon="-3.7458600"/>
            <trkpt lat="50.2171200" lon="-3.7456300"/>
            <trkpt lat="50.2169800" lon="-3.7454600"/>
            <trkpt lat="50.2168800" lon="-3.7451200"/>
            <trkpt lat="50.2167800" lon="-3.7450100"/>
            <trkpt lat="50.2167600" lon="-3.7448800"/>
            <trkpt lat="50.2167200" lon="-3.7447700"/>
            <trkpt lat="50.2164600" lon="-3.7444500"/>
            <trkpt lat="50.2163400" lon="-3.7441700"/>
            <trkpt lat="50.2160200" lon="-3.7435600"/>
            <trkpt lat="50.2159200" lon="-3.7433400"/>
            <trkpt lat="50.2158400" lon="-3.7430100"/>
            <trkpt lat="50.2157100" lon="-3.7428700"/>
            <trkpt lat="50.2156700" lon="-3.7427500"/>
            <trkpt lat="50.2156500" lon="-3.7425800"/>
            <trkpt lat="50.2156600" lon="-3.7423300"/>
            <trkpt lat="50.2157100" lon="-3.7421100"/>
            <trkpt lat="50.2157500" lon="-3.7418000"/>
            <trkpt lat="50.2157400" lon="-3.7416500"/>
            <trkpt lat="50.2157500" lon="-3.7414000"/>
            <trkpt lat="50.2156800" lon="-3.7411400"/>
            <trkpt lat="50.2156300" lon="-3.7405700"/>
            <trkpt lat="50.2154300" lon="-3.7399000"/>
            <trkpt lat="50.2158200" lon="-3.7387400"/>
            <trkpt lat="50.2158600" lon="-3.7385000"/>
            <trkpt lat="50.2158600" lon="-3.7383000"/>
            <trkpt lat="50.2158200" lon="-3.7381600"/>
            <trkpt lat="50.2157500" lon="-3.7380400"/>
            <trkpt lat="50.2157700" lon="-3.7378000"/>
            <trkpt lat="50.2156500" lon="-3.7372200"/>
            <trkpt lat="50.2154100" lon="-3.7365100"/>
            <trkpt lat="50.2149700" lon="-3.7356500"/>
            <trkpt lat="50.2147400" lon="-3.7352900"/>
            <trkpt lat="50.2145200" lon="-3.7350100"/>
            <trkpt lat="50.2140600" lon="-3.7345400"/>
            <trkpt lat="50.2139000" lon="-3.7345400"/>
            <trkpt lat="50.2136900" lon="-3.7344600"/>
            <trkpt lat="50.2135900" lon="-3.7344900"/>
            <trkpt lat="50.2134400" lon="-3.7345900"/>
            <trkpt lat="50.2133700" lon="-3.7346700"/>
            <trkpt lat="50.2132600" lon="-3.7348900"/>
            <trkpt lat="50.2131500" lon="-3.7349800"/>
            <trkpt lat="50.2129600" lon="-3.7349700"/>
            <trkpt lat="50.2129200" lon="-3.7348900"/>
            <trkpt lat="50.2128700" lon="-3.7348400"/>
            <trkpt lat="50.2128300" lon="-3.7347400"/>
            <trkpt lat="50.2126300" lon="-3.7345400"/>
            <trkpt lat="50.2124100" lon="-3.7344200"/>
            <trkpt lat="50.2123200" lon="-3.7343000"/>
            <trkpt lat="50.2120200" lon="-3.7344000"/>
            <trkpt lat="50.2119800" lon="-3.7344000"/>
            <trkpt lat="50.2116700" lon="-3.7343400"/>
            <trkpt lat="50.2113700" lon="-3.7341800"/>
            <trkpt lat="50.2109700" lon="-3.7337300"/>
            <trkpt lat="50.2109000" lon="-3.7337100"/>
            <trkpt lat="50.2108400" lon="-3.7336600"/>
            <trkpt lat="50.2108000" lon="-3.7334800"/>
            <trkpt lat="50.2108200" lon="-3.7331600"/>
            <trkpt lat="50.2108000" lon="-3.7331000"/>
            <trkpt lat="50.2108000" lon="-3.7329500"/>
            <trkpt lat="50.2107500" lon="-3.7328200"/>
            <trkpt lat="50.2106800" lon="-3.7325100"/>
            <trkpt lat="50.2106200" lon="-3.7323600"/>
            <trkpt lat="50.2105100" lon="-3.7321500"/>
            <trkpt lat="50.2104100" lon="-3.7318600"/>
            <trkpt lat="50.2102600" lon="-3.7315700"/>
            <trkpt lat="50.2102400" lon="-3.7314800"/>
            <trkpt lat="50.2101700" lon="-3.7314000"/>
            <trkpt lat="50.2101000" lon="-3.7311900"/>
            <trkpt lat="50.2099400" lon="-3.7309100"/>
            <trkpt lat="50.2098800" lon="-3.7308400"/>
            <trkpt lat="50.2097600" lon="-3.7308400"/>
            <trkpt lat="50.2096700" lon="-3.7308100"/>
            <trkpt lat="50.2095300" lon="-3.7307100"/>
            <trkpt lat="50.2094700" lon="-3.7306300"/>
            <trkpt lat="50.2092800" lon="-3.7305600"/>
            <trkpt lat="50.2092600" lon="-3.7304800"/>
            <trkpt lat="50.2092800" lon="-3.7304500"/>
            <trkpt lat="50.2093900" lon="-3.7303900"/>
            <trkpt lat="50.2093800" lon="-3.7303700"/>
            <trkpt lat="50.2093100" lon="-3.7303300"/>
            <trkpt lat="50.2091600" lon="-3.7303300"/>
            <trkpt lat="50.2091400" lon="-3.7303100"/>
            <trkpt lat="50.2090800" lon="-3.7303500"/>
            <trkpt lat="50.2090500" lon="-3.7302400"/>
            <trkpt lat="50.2091200" lon="-3.7300800"/>
            <trkpt lat="50.2093000" lon="-3.7299000"/>
            <trkpt lat="50.2093900" lon="-3.7296600"/>
            <trkpt lat="50.2093900" lon="-3.7295600"/>
            <trkpt lat="50.2093700" lon="-3.7294600"/>
            <trkpt lat="50.2093400" lon="-3.7294300"/>
            <trkpt lat="50.2093400" lon="-3.7293600"/>
            <trkpt lat="50.2093400" lon="-3.7294300"/>
            <trkpt lat="50.2090700" lon="-3.7292600"/>
            <trkpt lat="50.2089100" lon="-3.7291900"/>
            <trkpt lat="50.2087600" lon="-3.7289000"/>
            <trkpt lat="50.2086600" lon="-3.7288100"/>
            <trkpt lat="50.2086100" lon="-3.7286900"/>
            <trkpt lat="50.2086200" lon="-3.7285900"/>
            <trkpt lat="50.2085200" lon="-3.7284500"/>
            <trkpt lat="50.2085100" lon="-3.7283700"/>
            <trkpt lat="50.2085300" lon="-3.7282600"/>
            <trkpt lat="50.2085800" lon="-3.7277500"/>
            <trkpt lat="50.2086000" lon="-3.7273200"/>
            <trkpt lat="50.2085900" lon="-3.7267100"/>
            <trkpt lat="50.2086000" lon="-3.7263700"/>
            <trkpt lat="50.2085000" lon="-3.7259400"/>
            <trkpt lat="50.2084900" lon="-3.7258000"/>
            <trkpt lat="50.2084700" lon="-3.7257500"/>
            <trkpt lat="50.2083700" lon="-3.7257000"/>
            <trkpt lat="50.2082800" lon="-3.7255700"/>
            <trkpt lat="50.2082100" lon="-3.7255800"/>
            <trkpt lat="50.2081600" lon="-3.7254800"/>
            <trkpt lat="50.2079800" lon="-3.7253800"/>
            <trkpt lat="50.2078500" lon="-3.7254200"/>
            <trkpt lat="50.2076900" lon="-3.7252900"/>
            <trkpt lat="50.2074600" lon="-3.7254600"/>
            <trkpt lat="50.2071500" lon="-3.7258200"/>
            <trkpt lat="50.2069200" lon="-3.7260100"/>
            <trkpt lat="50.2067800" lon="-3.7260100"/>
            <trkpt lat="50.2067100" lon="-3.7260500"/>
            <trkpt lat="50.2067000" lon="-3.7260000"/>
            <trkpt lat="50.2066300" lon="-3.7259400"/>
            <trkpt lat="50.2064400" lon="-3.7258800"/>
            <trkpt lat="50.2060900" lon="-3.7255700"/>
            <trkpt lat="50.2060100" lon="-3.7255400"/>
            <trkpt lat="50.2058700" lon="-3.7253600"/>
            <trkpt lat="50.2057300" lon="-3.7250700"/>
            <trkpt lat="50.2057600" lon="-3.7249800"/>
            <trkpt lat="50.2058300" lon="-3.7249800"/>
            <trkpt lat="50.2057000" lon="-3.7247500"/>
            <trkpt lat="50.2054500" lon="-3.7245800"/>
            <trkpt lat="50.2052400" lon="-3.7245200"/>
            <trkpt lat="50.2051400" lon="-3.7245200"/>
            <trkpt lat="50.2050500" lon="-3.7245800"/>
            <trkpt lat="50.2050200" lon="-3.7246400"/>
            <trkpt lat="50.2048200" lon="-3.7245800"/>
            <trkpt lat="50.2048200" lon="-3.7245200"/>
            <trkpt lat="50.2048800" lon="-3.7244500"/>
            <trkpt lat="50.2048800" lon="-3.7243900"/>
            <trkpt lat="50.2048100" lon="-3.7242100"/>
            <trkpt lat="50.2047700" lon="-3.7239700"/>
            <trkpt lat="50.2047700" lon="-3.7238500"/>
            <trkpt lat="50.2046300" lon="-3.7235000"/>
            <trkpt lat="50.2045300" lon="-3.7233800"/>
            <trkpt lat="50.2043600" lon="-3.7233700"/>
            <trkpt lat="50.2043500" lon="-3.7232600"/>
            <trkpt lat="50.2043100" lon="-3.7231800"/>
            <trkpt lat="50.2042400" lon="-3.7229700"/>
            <trkpt lat="50.2041500" lon="-3.7228700"/>
            <trkpt lat="50.2041500" lon="-3.7228100"/>
            <trkpt lat="50.2039100" lon="-3.7222800"/>
            <trkpt lat="50.2037600" lon="-3.7220500"/>
            <trkpt lat="50.2036700" lon="-3.7219600"/>
            <trkpt lat="50.2034300" lon="-3.7218600"/>
            <trkpt lat="50.2032300" lon="-3.7216500"/>
            <trkpt lat="50.2031700" lon="-3.7214800"/>
            <trkpt lat="50.2030200" lon="-3.7212800"/>
            <trkpt lat="50.2028800" lon="-3.7209700"/>
            <trkpt lat="50.2028400" lon="-3.7208200"/>
            <trkpt lat="50.2027500" lon="-3.7204000"/>
            <trkpt lat="50.2028100" lon="-3.7202300"/>
            <trkpt lat="50.2028900" lon="-3.7201200"/>
            <trkpt lat="50.2029400" lon="-3.7201000"/>
            <trkpt lat="50.2029900" lon="-3.7201200"/>
            <trkpt lat="50.2033700" lon="-3.7206600"/>
            <trkpt lat="50.2037900" lon="-3.7208200"/>
            <trkpt lat="50.2040800" lon="-3.7207700"/>
            <trkpt lat="50.2044900" lon="-3.7205700"/>
            <trkpt lat="50.2045400" lon="-3.7205000"/>
            <trkpt lat="50.2051800" lon="-3.7190400"/>
            <trkpt lat="50.2053000" lon="-3.7187500"/>
            <trkpt lat="50.2054200" lon="-3.7183100"/>
            <trkpt lat="50.2056300" lon="-3.7179900"/>
            <trkpt lat="50.2059400" lon="-3.7172000"/>
            <trkpt lat="50.2059100" lon="-3.7166800"/>
            <trkpt lat="50.2059300" lon="-3.7162500"/>
            <trkpt lat="50.2059900" lon="-3.7156000"/>
            <trkpt lat="50.2059700" lon="-3.7154600"/>
            <trkpt lat="50.2058700" lon="-3.7152700"/>
            <trkpt lat="50.2058800" lon="-3.7150800"/>
            <trkpt lat="50.2059100" lon="-3.7149800"/>
            <trkpt lat="50.2059800" lon="-3.7148800"/>
            <trkpt lat="50.2060600" lon="-3.7148300"/>
            <trkpt lat="50.2061400" lon="-3.7146900"/>
            <trkpt lat="50.2061600" lon="-3.7146100"/>
            <trkpt lat="50.2061500" lon="-3.7144500"/>
            <trkpt lat="50.2061900" lon="-3.7143100"/>
            <trkpt lat="50.2062700" lon="-3.7142500"/>
            <trkpt lat="50.2063400" lon="-3.7142400"/>
            <trkpt lat="50.2063800" lon="-3.7142600"/>
            <trkpt lat="50.2064900" lon="-3.7144200"/>
            <trkpt lat="50.2065600" lon="-3.7144700"/>
            <trkpt lat="50.2066300" lon="-3.7142700"/>
            <trkpt lat="50.2066300" lon="-3.7141000"/>
            <trkpt lat="50.2066600" lon="-3.7139900"/>
            <trkpt lat="50.2066400" lon="-3.7139400"/>
            <trkpt lat="50.2064800" lon="-3.7138600"/>
            <trkpt lat="50.2064200" lon="-3.7137700"/>
            <trkpt lat="50.2063200" lon="-3.7132400"/>
            <trkpt lat="50.2063200" lon="-3.7130800"/>
            <trkpt lat="50.2063500" lon="-3.7128900"/>
            <trkpt lat="50.2063400" lon="-3.7121700"/>
            <trkpt lat="50.2063500" lon="-3.7119000"/>
            <trkpt lat="50.2063900" lon="-3.7117200"/>
            <trkpt lat="50.2064700" lon="-3.7115300"/>
            <trkpt lat="50.2065500" lon="-3.7110800"/>
            <trkpt lat="50.2065700" lon="-3.7108900"/>
            <trkpt lat="50.2066100" lon="-3.7101200"/>
            <trkpt lat="50.2065800" lon="-3.7097800"/>
            <trkpt lat="50.2065000" lon="-3.7093500"/>
            <trkpt lat="50.2063500" lon="-3.7089000"/>
            <trkpt lat="50.2062600" lon="-3.7087200"/>
            <trkpt lat="50.2060400" lon="-3.7084400"/>
            <trkpt lat="50.2059700" lon="-3.7083200"/>
            <trkpt lat="50.2059400" lon="-3.7081900"/>
            <trkpt lat="50.2059200" lon="-3.7079800"/>
            <trkpt lat="50.2059300" lon="-3.7077900"/>
            <trkpt lat="50.2060100" lon="-3.7075200"/>
            <trkpt lat="50.2061400" lon="-3.7074500"/>
            <trkpt lat="50.2062600" lon="-3.7074800"/>
            <trkpt lat="50.2063600" lon="-3.7074200"/>
            <trkpt lat="50.2067600" lon="-3.7069900"/>
            <trkpt lat="50.2070600" lon="-3.7067900"/>
            <trkpt lat="50.2072400" lon="-3.7065700"/>
            <trkpt lat="50.2074300" lon="-3.7061700"/>
            <trkpt lat="50.2075300" lon="-3.7058900"/>
            <trkpt lat="50.2076300" lon="-3.7056800"/>
            <trkpt lat="50.2078300" lon="-3.7054200"/>
            <trkpt lat="50.2083100" lon="-3.7045300"/>
            <trkpt lat="50.2087300" lon="-3.7040800"/>
            <trkpt lat="50.2090200" lon="-3.7039500"/>
            <trkpt lat="50.2092600" lon="-3.7038100"/>
            <trkpt lat="50.2095900" lon="-3.7037700"/>
            <trkpt lat="50.2099800" lon="-3.7036600"/>
            <trkpt lat="50.2100800" lon="-3.7036700"/>
            <trkpt lat="50.2101900" lon="-3.7036800"/>
            <trkpt lat="50.2109300" lon="-3.7039500"/>
            <trkpt lat="50.2110600" lon="-3.7039700"/>
            <trkpt lat="50.2112000" lon="-3.7039200"/>
            <trkpt lat="50.2112400" lon="-3.7038800"/>
            <trkpt lat="50.2113300" lon="-3.7039200"/>
            <trkpt lat="50.2115400" lon="-3.7035700"/>
            <trkpt lat="50.2116800" lon="-3.7032700"/>
            <trkpt lat="50.2117600" lon="-3.7029800"/>
            <trkpt lat="50.2117800" lon="-3.7026800"/>
            <trkpt lat="50.2118800" lon="-3.7022400"/>
            <trkpt lat="50.2119700" lon="-3.7020400"/>
            <trkpt lat="50.2120600" lon="-3.7019300"/>
            <trkpt lat="50.2121100" lon="-3.7019300"/>
            <trkpt lat="50.2121800" lon="-3.7019900"/>
            <trkpt lat="50.2123100" lon="-3.7026600"/>
            <trkpt lat="50.2123500" lon="-3.7026500"/>
            <trkpt lat="50.2123600" lon="-3.7026000"/>
            <trkpt lat="50.2123400" lon="-3.7024600"/>
            <trkpt lat="50.2123400" lon="-3.7020900"/>
            <trkpt lat="50.2123800" lon="-3.7018500"/>
            <trkpt lat="50.2123700" lon="-3.7017300"/>
            <trkpt lat="50.2122000" lon="-3.7015000"/>
            <trkpt lat="50.2122000" lon="-3.7014000"/>
            <trkpt lat="50.2123900" lon="-3.7008300"/>
            <trkpt lat="50.2125800" lon="-3.7002500"/>
            <trkpt lat="50.2127400" lon="-3.6999000"/>
            <trkpt lat="50.2129500" lon="-3.6995300"/>
            <trkpt lat="50.2132900" lon="-3.6983100"/>
            <trkpt lat="50.2133800" lon="-3.6980700"/>
            <trkpt lat="50.2134900" lon="-3.6976900"/>
            <trkpt lat="50.2136300" lon="-3.6970700"/>
            <trkpt lat="50.2136700" lon="-3.6969800"/>
            <trkpt lat="50.2141200" lon="-3.6963100"/>
            <trkpt lat="50.2142500" lon="-3.6960500"/>
            <trkpt lat="50.2143300" lon="-3.6958400"/>
            <trkpt lat="50.2143700" lon="-3.6956900"/>
            <trkpt lat="50.2143900" lon="-3.6950800"/>
            <trkpt lat="50.2145200" lon="-3.6947400"/>
            <trkpt lat="50.2145700" lon="-3.6946400"/>
            <trkpt lat="50.2148000" lon="-3.6943400"/>
            <trkpt lat="50.2151100" lon="-3.6938000"/>
            <trkpt lat="50.2152200" lon="-3.6937800"/>
            <trkpt lat="50.2152700" lon="-3.6936900"/>
            <trkpt lat="50.2154300" lon="-3.6935500"/>
            <trkpt lat="50.2154600" lon="-3.6934800"/>
            <trkpt lat="50.2155200" lon="-3.6934400"/>
            <trkpt lat="50.2155600" lon="-3.6933400"/>
            <trkpt lat="50.2157300" lon="-3.6931300"/>
            <trkpt lat="50.2157500" lon="-3.6930300"/>
            <trkpt lat="50.2157900" lon="-3.6930000"/>
            <trkpt lat="50.2158000" lon="-3.6928700"/>
            <trkpt lat="50.2157400" lon="-3.6926700"/>
            <trkpt lat="50.2157500" lon="-3.6926000"/>
            <trkpt lat="50.2158100" lon="-3.6924500"/>
            <trkpt lat="50.2159700" lon="-3.6921700"/>
            <trkpt lat="50.2160700" lon="-3.6920600"/>
            <trkpt lat="50.2160900" lon="-3.6920700"/>
            <trkpt lat="50.2162000" lon="-3.6919600"/>
            <trkpt lat="50.2162500" lon="-3.6919600"/>
            <trkpt lat="50.2163000" lon="-3.6918800"/>
            <trkpt lat="50.2163700" lon="-3.6918700"/>
            <trkpt lat="50.2164000" lon="-3.6918200"/>
            <trkpt lat="50.2165300" lon="-3.6915900"/>
            <trkpt lat="50.2165700" lon="-3.6915600"/>
            <trkpt lat="50.2165800" lon="-3.6913700"/>
            <trkpt lat="50.2165700" lon="-3.6910900"/>
            <trkpt lat="50.2165100" lon="-3.6910200"/>
            <trkpt lat="50.2164700" lon="-3.6910100"/>
            <trkpt lat="50.2164200" lon="-3.6908700"/>
            <trkpt lat="50.2163800" lon="-3.6908100"/>
            <trkpt lat="50.2163700" lon="-3.6907500"/>
            <trkpt lat="50.2163100" lon="-3.6907100"/>
            <trkpt lat="50.2162800" lon="-3.6906500"/>
            <trkpt lat="50.2162100" lon="-3.6905700"/>
            <trkpt lat="50.2161900" lon="-3.6905200"/>
            <trkpt lat="50.2161800" lon="-3.6904000"/>
            <trkpt lat="50.2162000" lon="-3.6903500"/>
            <trkpt lat="50.2162700" lon="-3.6903000"/>
            <trkpt lat="50.2163500" lon="-3.6900300"/>
            <trkpt lat="50.2163900" lon="-3.6900300"/>
            <trkpt lat="50.2164400" lon="-3.6899300"/>
            <trkpt lat="50.2164200" lon="-3.6896700"/>
            <trkpt lat="50.2164600" lon="-3.6895200"/>
            <trkpt lat="50.2165100" lon="-3.6895100"/>
            <trkpt lat="50.2166300" lon="-3.6893600"/>
            <trkpt lat="50.2167100" lon="-3.6893000"/>
            <trkpt lat="50.2167600" lon="-3.6893700"/>
            <trkpt lat="50.2168300" lon="-3.6893700"/>
            <trkpt lat="50.2169200" lon="-3.6892700"/>
            <trkpt lat="50.2169700" lon="-3.6893000"/>
            <trkpt lat="50.2170000" lon="-3.6892900"/>
            <trkpt lat="50.2171000" lon="-3.6894400"/>
            <trkpt lat="50.2171400" lon="-3.6895300"/>
            <trkpt lat="50.2173500" lon="-3.6896900"/>
            <trkpt lat="50.2174000" lon="-3.6898200"/>
            <trkpt lat="50.2174700" lon="-3.6897500"/>
            <trkpt lat="50.2175100" lon="-3.6897400"/>
            <trkpt lat="50.2175900" lon="-3.6897900"/>
            <trkpt lat="50.2177300" lon="-3.6898400"/>
            <trkpt lat="50.2177700" lon="-3.6898800"/>
            <trkpt lat="50.2180100" lon="-3.6898900"/>
            <trkpt lat="50.2180500" lon="-3.6899200"/>
            <trkpt lat="50.2181100" lon="-3.6899100"/>
            <trkpt lat="50.2181600" lon="-3.6899700"/>
            <trkpt lat="50.2182600" lon="-3.6899900"/>
            <trkpt lat="50.2183400" lon="-3.6900600"/>
            <trkpt lat="50.2183800" lon="-3.6900500"/>
            <trkpt lat="50.2185900" lon="-3.6902100"/>
            <trkpt lat="50.2187000" lon="-3.6902400"/>
            <trkpt lat="50.2190600" lon="-3.6904100"/>
            <trkpt lat="50.2192500" lon="-3.6905200"/>
            <trkpt lat="50.2193300" lon="-3.6905900"/>
            <trkpt lat="50.2196900" lon="-3.6907700"/>
            <trkpt lat="50.2197400" lon="-3.6907700"/>
            <trkpt lat="50.2198500" lon="-3.6908200"/>
            <trkpt lat="50.2198900" lon="-3.6908800"/>
            <trkpt lat="50.2199600" lon="-3.6907400"/>
            <trkpt lat="50.2199300" lon="-3.6906700"/>
            <trkpt lat="50.2199000" lon="-3.6904100"/>
            <trkpt lat="50.2199200" lon="-3.6900900"/>
            <trkpt lat="50.2199100" lon="-3.6900100"/>
            <trkpt lat="50.2198400" lon="-3.6896500"/>
            <trkpt lat="50.2197700" lon="-3.6888200"/>
            <trkpt lat="50.2197600" lon="-3.6887700"/>
            <trkpt lat="50.2197100" lon="-3.6887200"/>
            <trkpt lat="50.2196900" lon="-3.6885300"/>
            <trkpt lat="50.2198200" lon="-3.6878100"/>
            <trkpt lat="50.2200600" lon="-3.6869100"/>
            <trkpt lat="50.2200800" lon="-3.6867800"/>
            <trkpt lat="50.2201400" lon="-3.6868000"/>
            <trkpt lat="50.2203800" lon="-3.6867000"/>
            <trkpt lat="50.2204200" lon="-3.6868300"/>
            <trkpt lat="50.2204900" lon="-3.6868500"/>
            <trkpt lat="50.2206100" lon="-3.6867000"/>
            <trkpt lat="50.2206600" lon="-3.6865900"/>
            <trkpt lat="50.2206600" lon="-3.6863300"/>
            <trkpt lat="50.2206900" lon="-3.6862600"/>
            <trkpt lat="50.2210000" lon="-3.6859600"/>
            <trkpt lat="50.2210700" lon="-3.6858500"/>
            <trkpt lat="50.2211000" lon="-3.6856400"/>
            <trkpt lat="50.2211100" lon="-3.6855400"/>
            <trkpt lat="50.2210800" lon="-3.6853300"/>
            <trkpt lat="50.2210000" lon="-3.6851200"/>
            <trkpt lat="50.2209300" lon="-3.6848400"/>
            <trkpt lat="50.2209400" lon="-3.6847500"/>
            <trkpt lat="50.2208900" lon="-3.6846500"/>
            <trkpt lat="50.2209500" lon="-3.6845400"/>
            <trkpt lat="50.2209400" lon="-3.6843900"/>
            <trkpt lat="50.2210700" lon="-3.6839800"/>
            <trkpt lat="50.2212400" lon="-3.6836800"/>
            <trkpt lat="50.2216000" lon="-3.6832300"/>
            <trkpt lat="50.2217500" lon="-3.6827800"/>
            <trkpt lat="50.2218800" lon="-3.6825000"/>
            <trkpt lat="50.2220100" lon="-3.6823200"/>
            <trkpt lat="50.2222900" lon="-3.6817700"/>
            <trkpt lat="50.2224000" lon="-3.6816800"/>
            <trkpt lat="50.2224000" lon="-3.6816300"/>
            <trkpt lat="50.2224300" lon="-3.6815300"/>
            <trkpt lat="50.2226400" lon="-3.6812600"/>
            <trkpt lat="50.2226600" lon="-3.6811600"/>
            <trkpt lat="50.2226700" lon="-3.6806700"/>
            <trkpt lat="50.2225400" lon="-3.6805000"/>
            <trkpt lat="50.2224200" lon="-3.6805000"/>
            <trkpt lat="50.2223400" lon="-3.6803600"/>
            <trkpt lat="50.2222900" lon="-3.6802000"/>
            <trkpt lat="50.2223100" lon="-3.6798400"/>
            <trkpt lat="50.2222800" lon="-3.6796900"/>
            <trkpt lat="50.2221400" lon="-3.6793700"/>
            <trkpt lat="50.2219900" lon="-3.6784800"/>
            <trkpt lat="50.2219800" lon="-3.6780300"/>
            <trkpt lat="50.2220000" lon="-3.6774200"/>
            <trkpt lat="50.2216400" lon="-3.6756900"/>
            <trkpt lat="50.2215800" lon="-3.6749800"/>
            <trkpt lat="50.2215100" lon="-3.6747100"/>
            <trkpt lat="50.2215200" lon="-3.6743900"/>
            <trkpt lat="50.2215700" lon="-3.6740900"/>
            <trkpt lat="50.2216100" lon="-3.6736400"/>
            <trkpt lat="50.2216100" lon="-3.6734200"/>
            <trkpt lat="50.2215300" lon="-3.6728800"/>
            <trkpt lat="50.2215000" lon="-3.6724700"/>
            <trkpt lat="50.2213800" lon="-3.6719300"/>
            <trkpt lat="50.2212400" lon="-3.6713200"/>
            <trkpt lat="50.2210800" lon="-3.6709600"/>
            <trkpt lat="50.2210300" lon="-3.6707200"/>
            <trkpt lat="50.2209700" lon="-3.6698700"/>
            <trkpt lat="50.2209300" lon="-3.6695000"/>
            <trkpt lat="50.2209100" lon="-3.6689700"/>
            <trkpt lat="50.2208600" lon="-3.6686900"/>
            <trkpt lat="50.2208800" lon="-3.6683900"/>
            <trkpt lat="50.2209400" lon="-3.6681800"/>
            <trkpt lat="50.2210700" lon="-3.6680500"/>
            <trkpt lat="50.2211600" lon="-3.6678900"/>
            <trkpt lat="50.2212300" lon="-3.6676700"/>
            <trkpt lat="50.2213600" lon="-3.6667900"/>
            <trkpt lat="50.2213400" lon="-3.6664900"/>
            <trkpt lat="50.2213000" lon="-3.6662600"/>
            <trkpt lat="50.2210400" lon="-3.6658100"/>
            <trkpt lat="50.2210000" lon="-3.6656900"/>
            <trkpt lat="50.2209600" lon="-3.6652600"/>
            <trkpt lat="50.2207700" lon="-3.6645300"/>
            <trkpt lat="50.2207400" lon="-3.6643000"/>
            <trkpt lat="50.2207600" lon="-3.6638200"/>
            <trkpt lat="50.2207500" lon="-3.6636000"/>
            <trkpt lat="50.2207100" lon="-3.6633600"/>
            <trkpt lat="50.2206700" lon="-3.6632400"/>
            <trkpt lat="50.2206800" lon="-3.6631900"/>
            <trkpt lat="50.2208300" lon="-3.6631800"/>
            <trkpt lat="50.2208600" lon="-3.6631400"/>
            <trkpt lat="50.2208800" lon="-3.6629900"/>
            <trkpt lat="50.2210500" lon="-3.6625300"/>
            <trkpt lat="50.2211200" lon="-3.6624000"/>
            <trkpt lat="50.2211900" lon="-3.6622100"/>
            <trkpt lat="50.2211600" lon="-3.6619100"/>
            <trkpt lat="50.2211500" lon="-3.6616000"/>
            <trkpt lat="50.2211000" lon="-3.6612300"/>
            <trkpt lat="50.2210800" lon="-3.6611500"/>
            <trkpt lat="50.2210900" lon="-3.6607400"/>
            <trkpt lat="50.2210400" lon="-3.6604800"/>
            <trkpt lat="50.2210300" lon="-3.6603000"/>
            <trkpt lat="50.2209500" lon="-3.6599900"/>
            <trkpt lat="50.2209200" lon="-3.6597400"/>
            <trkpt lat="50.2209200" lon="-3.6595600"/>
            <trkpt lat="50.2209000" lon="-3.6593700"/>
            <trkpt lat="50.2209500" lon="-3.6588700"/>
            <trkpt lat="50.2209400" lon="-3.6585900"/>
            <trkpt lat="50.2208200" lon="-3.6583900"/>
            <trkpt lat="50.2207300" lon="-3.6583100"/>
            <trkpt lat="50.2206000" lon="-3.6582700"/>
            <trkpt lat="50.2204700" lon="-3.6582600"/>
            <trkpt lat="50.2201500" lon="-3.6585800"/>
            <trkpt lat="50.2201100" lon="-3.6585900"/>
            <trkpt lat="50.2199600" lon="-3.6585300"/>
            <trkpt lat="50.2196900" lon="-3.6584400"/>
            <trkpt lat="50.2195100" lon="-3.6581700"/>
            <trkpt lat="50.2194400" lon="-3.6579700"/>
            <trkpt lat="50.2193400" lon="-3.6575300"/>
            <trkpt lat="50.2193500" lon="-3.6572200"/>
            <trkpt lat="50.2193400" lon="-3.6571800"/>
            <trkpt lat="50.2190400" lon="-3.6569500"/>
            <trkpt lat="50.2189800" lon="-3.6569500"/>
            <trkpt lat="50.2189700" lon="-3.6569900"/>
            <trkpt lat="50.2188100" lon="-3.6571100"/>
            <trkpt lat="50.2187500" lon="-3.6571000"/>
            <trkpt lat="50.2186600" lon="-3.6571300"/>
            <trkpt lat="50.2184700" lon="-3.6570000"/>
            <trkpt lat="50.2182900" lon="-3.6567000"/>
            <trkpt lat="50.2182800" lon="-3.6565400"/>
            <trkpt lat="50.2182100" lon="-3.6562200"/>
            <trkpt lat="50.2182200" lon="-3.6560500"/>
            <trkpt lat="50.2182500" lon="-3.6560000"/>
            <trkpt lat="50.2183500" lon="-3.6557300"/>
            <trkpt lat="50.2183800" lon="-3.6555600"/>
            <trkpt lat="50.2185800" lon="-3.6552900"/>
            <trkpt lat="50.2186200" lon="-3.6551900"/>
            <trkpt lat="50.2188800" lon="-3.6548900"/>
            <trkpt lat="50.2189500" lon="-3.6547800"/>
            <trkpt lat="50.2190100" lon="-3.6547100"/>
            <trkpt lat="50.2191000" lon="-3.6546600"/>
            <trkpt lat="50.2191900" lon="-3.6545100"/>
            <trkpt lat="50.2192600" lon="-3.6544600"/>
            <trkpt lat="50.2193400" lon="-3.6543300"/>
            <trkpt lat="50.2193800" lon="-3.6543200"/>
            <trkpt lat="50.2194600" lon="-3.6542200"/>
            <trkpt lat="50.2195400" lon="-3.6540600"/>
            <trkpt lat="50.2195700" lon="-3.6539100"/>
            <trkpt lat="50.2196000" lon="-3.6538500"/>
            <trkpt lat="50.2199600" lon="-3.6536700"/>
            <trkpt lat="50.2200200" lon="-3.6536600"/>
            <trkpt lat="50.2202700" lon="-3.6533100"/>
            <trkpt lat="50.2204500" lon="-3.6530000"/>
            <trkpt lat="50.2206000" lon="-3.6527100"/>
            <trkpt lat="50.2206800" lon="-3.6525900"/>
            <trkpt lat="50.2210200" lon="-3.6522200"/>
            <trkpt lat="50.2213000" lon="-3.6518600"/>
            <trkpt lat="50.2215500" lon="-3.6516000"/>
            <trkpt lat="50.2216300" lon="-3.6515700"/>
            <trkpt lat="50.2217300" lon="-3.6514900"/>
            <trkpt lat="50.2220900" lon="-3.6511600"/>
            <trkpt lat="50.2223600" lon="-3.6507900"/>
            <trkpt lat="50.2225400" lon="-3.6503800"/>
            <trkpt lat="50.2226000" lon="-3.6501000"/>
            <trkpt lat="50.2228100" lon="-3.6494800"/>
            <trkpt lat="50.2229100" lon="-3.6493100"/>
            <trkpt lat="50.2230700" lon="-3.6491300"/>
            <trkpt lat="50.2231900" lon="-3.6491800"/>
            <trkpt lat="50.2232600" lon="-3.6492500"/>
            <trkpt lat="50.2234600" lon="-3.6496300"/>
            <trkpt lat="50.2234800" lon="-3.6500100"/>
            <trkpt lat="50.2235900" lon="-3.6504600"/>
            <trkpt lat="50.2238600" lon="-3.6512600"/>
            <trkpt lat="50.2239900" lon="-3.6515500"/>
            <trkpt lat="50.2242000" lon="-3.6519300"/>
            <trkpt lat="50.2245100" lon="-3.6525600"/>
            <trkpt lat="50.2247900" lon="-3.6530000"/>
            <trkpt lat="50.2249400" lon="-3.6531800"/>
            <trkpt lat="50.2251300" lon="-3.6533600"/>
            <trkpt lat="50.2256800" lon="-3.6538800"/>
            <trkpt lat="50.2259400" lon="-3.6543300"/>
            <trkpt lat="50.2266200" lon="-3.6556800"/>
            <trkpt lat="50.2269200" lon="-3.6560300"/>
            <trkpt lat="50.2270700" lon="-3.6561400"/>
            <trkpt lat="50.2271500" lon="-3.6562700"/>
            <trkpt lat="50.2272200" lon="-3.6563400"/>
            <trkpt lat="50.2275100" lon="-3.6567700"/>
            <trkpt lat="50.2276400" lon="-3.6569000"/>
            <trkpt lat="50.2279500" lon="-3.6571400"/>
            <trkpt lat="50.2280600" lon="-3.6572700"/>
            <trkpt lat="50.2281600" lon="-3.6573400"/>
            <trkpt lat="50.2285000" lon="-3.6574200"/>
            <trkpt lat="50.2287500" lon="-3.6575600"/>
            <trkpt lat="50.2288400" lon="-3.6575500"/>
            <trkpt lat="50.2289000" lon="-3.6574700"/>
            <trkpt lat="50.2290100" lon="-3.6574700"/>
            <trkpt lat="50.2290900" lon="-3.6574700"/>
            <trkpt lat="50.2291600" lon="-3.6575000"/>
            <trkpt lat="50.2296000" lon="-3.6578900"/>
            <trkpt lat="50.2297700" lon="-3.6579500"/>
            <trkpt lat="50.2299700" lon="-3.6578600"/>
            <trkpt lat="50.2300200" lon="-3.6578900"/>
            <trkpt lat="50.2302200" lon="-3.6578800"/>
            <trkpt lat="50.2304500" lon="-3.6580000"/>
            <trkpt lat="50.2307600" lon="-3.6582200"/>
            <trkpt lat="50.2308600" lon="-3.6582700"/>
            <trkpt lat="50.2311400" lon="-3.6583100"/>
            <trkpt lat="50.2313600" lon="-3.6582800"/>
            <trkpt lat="50.2315500" lon="-3.6582800"/>
            <trkpt lat="50.2317200" lon="-3.6583100"/>
            <trkpt lat="50.2326200" lon="-3.6587100"/>
            <trkpt lat="50.2327900" lon="-3.6588900"/>
            <trkpt lat="50.2329600" lon="-3.6589500"/>
            <trkpt lat="50.2331100" lon="-3.6590600"/>
            <trkpt lat="50.2334000" lon="-3.6591800"/>
            <trkpt lat="50.2340100" lon="-3.6594500"/>
            <trkpt lat="50.2341100" lon="-3.6594800"/>
            <trkpt lat="50.2341600" lon="-3.6594600"/>
            <trkpt lat="50.2342900" lon="-3.6595000"/>
            <trkpt lat="50.2348700" lon="-3.6594500"/>
            <trkpt lat="50.2349700" lon="-3.6595100"/>
            <trkpt lat="50.2350400" lon="-3.6596100"/>
            <trkpt lat="50.2351200" lon="-3.6596000"/>
            <trkpt lat="50.2353700" lon="-3.6594700"/>
            <trkpt lat="50.2355200" lon="-3.6594400"/>
            <trkpt lat="50.2356800" lon="-3.6592900"/>
            <trkpt lat="50.2360300" lon="-3.6591800"/>
            <trkpt lat="50.2360400" lon="-3.6592700"/>
            <trkpt lat="50.2362200" lon="-3.6592400"/>
            <trkpt lat="50.2364200" lon="-3.6594200"/>
            <trkpt lat="50.2364200" lon="-3.6594500"/>
            <trkpt lat="50.2364900" lon="-3.6595800"/>
            <trkpt lat="50.2367500" lon="-3.6595500"/>
            <trkpt lat="50.2368200" lon="-3.6596000"/>
            <trkpt lat="50.2369200" lon="-3.6595000"/>
            <trkpt lat="50.2370000" lon="-3.6592700"/>
            <trkpt lat="50.2370800" lon="-3.6592900"/>
            <trkpt lat="50.2374900" lon="-3.6597300"/>
            <trkpt lat="50.2380400" lon="-3.6598000"/>
            <trkpt lat="50.2381000" lon="-3.6598500"/>
            <trkpt lat="50.2389000" lon="-3.6597600"/>
            <trkpt lat="50.2394800" lon="-3.6595800"/>
            <trkpt lat="50.2402900" lon="-3.6594200"/>
            <trkpt lat="50.2411500" lon="-3.6596300"/>
            <trkpt lat="50.2417600" lon="-3.6594700"/>
            <trkpt lat="50.2422000" lon="-3.6598400"/>
            <trkpt lat="50.2423700" lon="-3.6598200"/>
            <trkpt lat="50.2425600" lon="-3.6596300"/>
            <trkpt lat="50.2427200" lon="-3.6594000"/>
            <trkpt lat="50.2429800" lon="-3.6595100"/>
            <trkpt lat="50.2438800" lon="-3.6591100"/>
            <trkpt lat="50.2440700" lon="-3.6590000"/>
            <trkpt lat="50.2442300" lon="-3.6586500"/>
            <trkpt lat="50.2445600" lon="-3.6583300"/>
            <trkpt lat="50.2449800" lon="-3.6580900"/>
            <trkpt lat="50.2452200" lon="-3.6580200"/>
            <trkpt lat="50.2453800" lon="-3.6580200"/>
            <trkpt lat="50.2455700" lon="-3.6580700"/>
            <trkpt lat="50.2458700" lon="-3.6583700"/>
            <trkpt lat="50.2459900" lon="-3.6584200"/>
            <trkpt lat="50.2462300" lon="-3.6584600"/>
            <trkpt lat="50.2465100" lon="-3.6585800"/>
            <trkpt lat="50.2466900" lon="-3.6585900"/>
            <trkpt lat="50.2468200" lon="-3.6586200"/>
            <trkpt lat="50.2470100" lon="-3.6585500"/>
            <trkpt lat="50.2486500" lon="-3.6577000"/>
            <trkpt lat="50.2493900" lon="-3.6577600"/>
            <trkpt lat="50.2496600" lon="-3.6577600"/>
            <trkpt lat="50.2499000" lon="-3.6576200"/>
            <trkpt lat="50.2500600" lon="-3.6574600"/>
            <trkpt lat="50.2503200" lon="-3.6573800"/>
            <trkpt lat="50.2513400" lon="-3.6572000"/>
            <trkpt lat="50.2519500" lon="-3.6570500"/>
            <trkpt lat="50.2522800" lon="-3.6570300"/>
            <trkpt lat="50.2525200" lon="-3.6570800"/>
            <trkpt lat="50.2533800" lon="-3.6569600"/>
            <trkpt lat="50.2539900" lon="-3.6569300"/>
            <trkpt lat="50.2546900" lon="-3.6568200"/>
            <trkpt lat="50.2551300" lon="-3.6567200"/>
            <trkpt lat="50.2551500" lon="-3.6566000"/>
            <trkpt lat="50.2551800" lon="-3.6564000"/>
            <trkpt lat="50.2552200" lon="-3.6562700"/>
            <trkpt lat="50.2563900" lon="-3.6558000"/>
            <trkpt lat="50.2577000" lon="-3.6554100"/>
            <trkpt lat="50.2584900" lon="-3.6551700"/>
            <trkpt lat="50.2596400" lon="-3.6548900"/>
            <trkpt lat="50.2596600" lon="-3.6549000"/>
            <trkpt lat="50.2599400" lon="-3.6554700"/>
            <trkpt lat="50.2600000" lon="-3.6555400"/>
            <trkpt lat="50.2605600" lon="-3.6556400"/>
            <trkpt lat="50.2612100" lon="-3.6550500"/>
            <trkpt lat="50.2613600" lon="-3.6549800"/>
            <trkpt lat="50.2614100" lon="-3.6549900"/>
            <trkpt lat="50.2614700" lon="-3.6550600"/>
            <trkpt lat="50.2614800" lon="-3.6552000"/>
            <trkpt lat="50.2614700" lon="-3.6553400"/>
            <trkpt lat="50.2613900" lon="-3.6557800"/>
            <trkpt lat="50.2614200" lon="-3.6560000"/>
            <trkpt lat="50.2616000" lon="-3.6565500"/>
            <trkpt lat="50.2616700" lon="-3.6565900"/>
            <trkpt lat="50.2617300" lon="-3.6566200"/>
            <trkpt lat="50.2618500" lon="-3.6565800"/>
            <trkpt lat="50.2627300" lon="-3.6558900"/>
            <trkpt lat="50.2628000" lon="-3.6557600"/>
            <trkpt lat="50.2629200" lon="-3.6551000"/>
            <trkpt lat="50.2631300" lon="-3.6545700"/>
            <trkpt lat="50.2633800" lon="-3.6540000"/>
            <trkpt lat="50.2637400" lon="-3.6536200"/>
            <trkpt lat="50.2641800" lon="-3.6534700"/>
            <trkpt lat="50.2650300" lon="-3.6532700"/>
            <trkpt lat="50.2652100" lon="-3.6534400"/>
            <trkpt lat="50.2653100" lon="-3.6536400"/>
            <trkpt lat="50.2653600" lon="-3.6538600"/>
            <trkpt lat="50.2654100" lon="-3.6537800"/>
            <trkpt lat="50.2654400" lon="-3.6533700"/>
            <trkpt lat="50.2654700" lon="-3.6533500"/>
            <trkpt lat="50.2655300" lon="-3.6533600"/>
            <trkpt lat="50.2655900" lon="-3.6535800"/>
            <trkpt lat="50.2656300" lon="-3.6534500"/>
            <trkpt lat="50.2656700" lon="-3.6531200"/>
            <trkpt lat="50.2657100" lon="-3.6529800"/>
            <trkpt lat="50.2658000" lon="-3.6528200"/>
            <trkpt lat="50.2658300" lon="-3.6528600"/>
            <trkpt lat="50.2659800" lon="-3.6521600"/>
            <trkpt lat="50.2664400" lon="-3.6523600"/>
            <trkpt lat="50.2669900" lon="-3.6522800"/>
            <trkpt lat="50.2687300" lon="-3.6518700"/>
            <trkpt lat="50.2687700" lon="-3.6520400"/>
            <trkpt lat="50.2687500" lon="-3.6521000"/>
            <trkpt lat="50.2688400" lon="-3.6523600"/>
            <trkpt lat="50.2690500" lon="-3.6522000"/>
            <trkpt lat="50.2692700" lon="-3.6521100"/>
            <trkpt lat="50.2696500" lon="-3.6520300"/>
            <trkpt lat="50.2699500" lon="-3.6518800"/>
            <trkpt lat="50.2713000" lon="-3.6515100"/>
            <trkpt lat="50.2731700" lon="-3.6508800"/>
            <trkpt lat="50.2760300" lon="-3.6499800"/>
            <trkpt lat="50.2770000" lon="-3.6496900"/>
            <trkpt lat="50.2795500" lon="-3.6487800"/>
            <trkpt lat="50.2804000" lon="-3.6484200"/>
            <trkpt lat="50.2809000" lon="-3.6482400"/>
            <trkpt lat="50.2832000" lon="-3.6472300"/>
            <trkpt lat="50.2837600" lon="-3.6470300"/>
            <trkpt lat="50.2841500" lon="-3.6470100"/>
            <trkpt lat="50.2842900" lon="-3.6468600"/>
            <trkpt lat="50.2845000" lon="-3.6467400"/>
            <trkpt lat="50.2847000" lon="-3.6466700"/>
            <trkpt lat="50.2848900" lon="-3.6466600"/>
            <trkpt lat="50.2850100" lon="-3.6465800"/>
            <trkpt lat="50.2851600" lon="-3.6465300"/>
            <trkpt lat="50.2853800" lon="-3.6464000"/>
            <trkpt lat="50.2856100" lon="-3.6463300"/>
            <trkpt lat="50.2867800" lon="-3.6457700"/>
            <trkpt lat="50.2870300" lon="-3.6456600"/>
            <trkpt lat="50.2870800" lon="-3.6455200"/>
            <trkpt lat="50.2874900" lon="-3.6453100"/>
            <trkpt lat="50.2875700" lon="-3.6453300"/>
            <trkpt lat="50.2886200" lon="-3.6446700"/>
            <trkpt lat="50.2895600" lon="-3.6442300"/>
            <trkpt lat="50.2908700" lon="-3.6431400"/>
            <trkpt lat="50.2910100" lon="-3.6430300"/>
            <trkpt lat="50.2916400" lon="-3.6424200"/>
            <trkpt lat="50.2926200" lon="-3.6417600"/>
            <trkpt lat="50.2931200" lon="-3.6413700"/>
            <trkpt lat="50.2936500" lon="-3.6409200"/>
            <trkpt lat="50.2950200" lon="-3.6400600"/>
            <trkpt lat="50.2954500" lon="-3.6397100"/>
            <trkpt lat="50.2957100" lon="-3.6395700"/>
            <trkpt lat="50.2963000" lon="-3.6390900"/>
            <trkpt lat="50.2966000" lon="-3.6389200"/>
            <trkpt lat="50.2968300" lon="-3.6386900"/>
            <trkpt lat="50.2975000" lon="-3.6383300"/>
            <trkpt lat="50.2978300" lon="-3.6380200"/>
            <trkpt lat="50.2978800" lon="-3.6379000"/>
            <trkpt lat="50.2978900" lon="-3.6378200"/>
            <trkpt lat="50.2979300" lon="-3.6377400"/>
            <trkpt lat="50.2979200" lon="-3.6376800"/>
            <trkpt lat="50.2979500" lon="-3.6376000"/>
            <trkpt lat="50.2981800" lon="-3.6374700"/>
            <trkpt lat="50.2983400" lon="-3.6374600"/>
            <trkpt lat="50.2983500" lon="-3.6374200"/>
            <trkpt lat="50.2983400" lon="-3.6373500"/>
            <trkpt lat="50.2983500" lon="-3.6374200"/>
            <trkpt lat="50.2983400" lon="-3.6374600"/>
            <trkpt lat="50.2983800" lon="-3.6374500"/>
            <trkpt lat="50.2985700" lon="-3.6372500"/>
            <trkpt lat="50.2991400" lon="-3.6368600"/>
            <trkpt lat="50.3001000" lon="-3.6363200"/>
            <trkpt lat="50.3013500" lon="-3.6355400"/>
            <trkpt lat="50.3017700" lon="-3.6352500"/>
            <trkpt lat="50.3018100" lon="-3.6351300"/>
            <trkpt lat="50.3022100" lon="-3.6348900"/>
            <trkpt lat="50.3023800" lon="-3.6348300"/>
            <trkpt lat="50.3026700" lon="-3.6347300"/>
            <trkpt lat="50.3037700" lon="-3.6338400"/>
            <trkpt lat="50.3042500" lon="-3.6334900"/>
            <trkpt lat="50.3044000" lon="-3.6332100"/>
            <trkpt lat="50.3043600" lon="-3.6330800"/>
            <trkpt lat="50.3044900" lon="-3.6325800"/>
            <trkpt lat="50.3047200" lon="-3.6324400"/>
            <trkpt lat="50.3048500" lon="-3.6321300"/>
            <trkpt lat="50.3050800" lon="-3.6319500"/>
            <trkpt lat="50.3054400" lon="-3.6313600"/>
            <trkpt lat="50.3056700" lon="-3.6309400"/>
            <trkpt lat="50.3059400" lon="-3.6306700"/>
            <trkpt lat="50.3060500" lon="-3.6305000"/>
            <trkpt lat="50.3060900" lon="-3.6305000"/>
            <trkpt lat="50.3061300" lon="-3.6304500"/>
            <trkpt lat="50.3061800" lon="-3.6306000"/>
            <trkpt lat="50.3062600" lon="-3.6306500"/>
            <trkpt lat="50.3062500" lon="-3.6307400"/>
            <trkpt lat="50.3062800" lon="-3.6309500"/>
            <trkpt lat="50.3064400" lon="-3.6307900"/>
            <trkpt lat="50.3064500" lon="-3.6309900"/>
            <trkpt lat="50.3065700" lon="-3.6309100"/>
            <trkpt lat="50.3068400" lon="-3.6308800"/>
            <trkpt lat="50.3069600" lon="-3.6309100"/>
            <trkpt lat="50.3076100" lon="-3.6312000"/>
            <trkpt lat="50.3077100" lon="-3.6313100"/>
            <trkpt lat="50.3077800" lon="-3.6316000"/>
            <trkpt lat="50.3079100" lon="-3.6314200"/>
            <trkpt lat="50.3080200" lon="-3.6312300"/>
            <trkpt lat="50.3084300" lon="-3.6301600"/>
            <trkpt lat="50.3084500" lon="-3.6301400"/>
            <trkpt lat="50.3084800" lon="-3.6301700"/>
            <trkpt lat="50.3084500" lon="-3.6302400"/>
            <trkpt lat="50.3085700" lon="-3.6299900"/>
            <trkpt lat="50.3086700" lon="-3.6298200"/>
            <trkpt lat="50.3090300" lon="-3.6294100"/>
            <trkpt lat="50.3091000" lon="-3.6293800"/>
            <trkpt lat="50.3091700" lon="-3.6293800"/>
            <trkpt lat="50.3093400" lon="-3.6294400"/>
            <trkpt lat="50.3094600" lon="-3.6294400"/>
            <trkpt lat="50.3099100" lon="-3.6293500"/>
            <trkpt lat="50.3103400" lon="-3.6294400"/>
            <trkpt lat="50.3106700" lon="-3.6291100"/>
            <trkpt lat="50.3107700" lon="-3.6289700"/>
            <trkpt lat="50.3110300" lon="-3.6283000"/>
            <trkpt lat="50.3112000" lon="-3.6279200"/>
            <trkpt lat="50.3113000" lon="-3.6278100"/>
            <trkpt lat="50.3112000" lon="-3.6279200"/>
            <trkpt lat="50.3113300" lon="-3.6276800"/>
            <trkpt lat="50.3110800" lon="-3.6273300"/>
            <trkpt lat="50.3110700" lon="-3.6272100"/>
            <trkpt lat="50.3112500" lon="-3.6265400"/>
            <trkpt lat="50.3112500" lon="-3.6263400"/>
            <trkpt lat="50.3113500" lon="-3.6261600"/>
            <trkpt lat="50.3114300" lon="-3.6261000"/>
            <trkpt lat="50.3115700" lon="-3.6261200"/>
            <trkpt lat="50.3117000" lon="-3.6261900"/>
            <trkpt lat="50.3118500" lon="-3.6261900"/>
            <trkpt lat="50.3119200" lon="-3.6261300"/>
            <trkpt lat="50.3119800" lon="-3.6260100"/>
            <trkpt lat="50.3120100" lon="-3.6258500"/>
            <trkpt lat="50.3120100" lon="-3.6257300"/>
            <trkpt lat="50.3119300" lon="-3.6254500"/>
            <trkpt lat="50.3117200" lon="-3.6249600"/>
            <trkpt lat="50.3116500" lon="-3.6246900"/>
            <trkpt lat="50.3115800" lon="-3.6245100"/>
            <trkpt lat="50.3114700" lon="-3.6243400"/>
            <trkpt lat="50.3113600" lon="-3.6240900"/>
            <trkpt lat="50.3112600" lon="-3.6239700"/>
            <trkpt lat="50.3112500" lon="-3.6236300"/>
            <trkpt lat="50.3113300" lon="-3.6231500"/>
            <trkpt lat="50.3115000" lon="-3.6227200"/>
            <trkpt lat="50.3119000" lon="-3.6219200"/>
            <trkpt lat="50.3119800" lon="-3.6217100"/>
            <trkpt lat="50.3121400" lon="-3.6213700"/>
            <trkpt lat="50.3124500" lon="-3.6209600"/>
            <trkpt lat="50.3125800" lon="-3.6208200"/>
            <trkpt lat="50.3128400" lon="-3.6201700"/>
            <trkpt lat="50.3129200" lon="-3.6200300"/>
            <trkpt lat="50.3132300" lon="-3.6193200"/>
            <trkpt lat="50.3132700" lon="-3.6191600"/>
            <trkpt lat="50.3133200" lon="-3.6190900"/>
            <trkpt lat="50.3133400" lon="-3.6191200"/>
            <trkpt lat="50.3134300" lon="-3.6192500"/>
            <trkpt lat="50.3136800" lon="-3.6194100"/>
            <trkpt lat="50.3137900" lon="-3.6194500"/>
            <trkpt lat="50.3139700" lon="-3.6194600"/>
            <trkpt lat="50.3140900" lon="-3.6195500"/>
            <trkpt lat="50.3141500" lon="-3.6195500"/>
            <trkpt lat="50.3142500" lon="-3.6196400"/>
            <trkpt lat="50.3144500" lon="-3.6197100"/>
            <trkpt lat="50.3145100" lon="-3.6196900"/>
            <trkpt lat="50.3146000" lon="-3.6196100"/>
            <trkpt lat="50.3146200" lon="-3.6195700"/>
            <trkpt lat="50.3147000" lon="-3.6195300"/>
            <trkpt lat="50.3148600" lon="-3.6193700"/>
            <trkpt lat="50.3149200" lon="-3.6193400"/>
            <trkpt lat="50.3150400" lon="-3.6191800"/>
            <trkpt lat="50.3151000" lon="-3.6190500"/>
            <trkpt lat="50.3151400" lon="-3.6190300"/>
            <trkpt lat="50.3151900" lon="-3.6189400"/>
            <trkpt lat="50.3152100" lon="-3.6188600"/>
            <trkpt lat="50.3152300" lon="-3.6188500"/>
            <trkpt lat="50.3152600" lon="-3.6190000"/>
            <trkpt lat="50.3152900" lon="-3.6190700"/>
            <trkpt lat="50.3153200" lon="-3.6190600"/>
            <trkpt lat="50.3153800" lon="-3.6185300"/>
            <trkpt lat="50.3153600" lon="-3.6182700"/>
            <trkpt lat="50.3153700" lon="-3.6179000"/>
            <trkpt lat="50.3154600" lon="-3.6173900"/>
            <trkpt lat="50.3154000" lon="-3.6173200"/>
            <trkpt lat="50.3155000" lon="-3.6168600"/>
            <trkpt lat="50.3156000" lon="-3.6167000"/>
            <trkpt lat="50.3158500" lon="-3.6171100"/>
            <trkpt lat="50.3159900" lon="-3.6172800"/>
            <trkpt lat="50.3161100" lon="-3.6173400"/>
            <trkpt lat="50.3166300" lon="-3.6173800"/>
            <trkpt lat="50.3171700" lon="-3.6171500"/>
            <trkpt lat="50.3171900" lon="-3.6171900"/>
            <trkpt lat="50.3172300" lon="-3.6173000"/>
            <trkpt lat="50.3175300" lon="-3.6168300"/>
            <trkpt lat="50.3180300" lon="-3.6164400"/>
            <trkpt lat="50.3184100" lon="-3.6160400"/>
            <trkpt lat="50.3184000" lon="-3.6160100"/>
            <trkpt lat="50.3186000" lon="-3.6157900"/>
            <trkpt lat="50.3188000" lon="-3.6156700"/>
            <trkpt lat="50.3190500" lon="-3.6146800"/>
            <trkpt lat="50.3190900" lon="-3.6143500"/>
            <trkpt lat="50.3191700" lon="-3.6141500"/>
            <trkpt lat="50.3192800" lon="-3.6140500"/>
            <trkpt lat="50.3198300" lon="-3.6137300"/>
            <trkpt lat="50.3198700" lon="-3.6133100"/>
            <trkpt lat="50.3201800" lon="-3.6124200"/>
            <trkpt lat="50.3199900" lon="-3.6122200"/>
            <trkpt lat="50.3199700" lon="-3.6122700"/>
            <trkpt lat="50.3199200" lon="-3.6122000"/>
            <trkpt lat="50.3199200" lon="-3.6121000"/>
            <trkpt lat="50.3200100" lon="-3.6113700"/>
            <trkpt lat="50.3200200" lon="-3.6110200"/>
            <trkpt lat="50.3199800" lon="-3.6109500"/>
            <trkpt lat="50.3199800" lon="-3.6108600"/>
            <trkpt lat="50.3200000" lon="-3.6107900"/>
            <trkpt lat="50.3200700" lon="-3.6107100"/>
            <trkpt lat="50.3201600" lon="-3.6105200"/>
            <trkpt lat="50.3202500" lon="-3.6099700"/>
            <trkpt lat="50.3205300" lon="-3.6079600"/>
            <trkpt lat="50.3205800" lon="-3.6074300"/>
            <trkpt lat="50.3206200" lon="-3.6067000"/>
            <trkpt lat="50.3207300" lon="-3.6064500"/>
            <trkpt lat="50.3207300" lon="-3.6063500"/>
            <trkpt lat="50.3206900" lon="-3.6061700"/>
            <trkpt lat="50.3207100" lon="-3.6059500"/>
            <trkpt lat="50.3207600" lon="-3.6058200"/>
            <trkpt lat="50.3208000" lon="-3.6056900"/>
            <trkpt lat="50.3208000" lon="-3.6053000"/>
            <trkpt lat="50.3207800" lon="-3.6051400"/>
            <trkpt lat="50.3207500" lon="-3.6049900"/>
            <trkpt lat="50.3205600" lon="-3.6044800"/>
            <trkpt lat="50.3204700" lon="-3.6040900"/>
            <trkpt lat="50.3204600" lon="-3.6037900"/>
            <trkpt lat="50.3205600" lon="-3.6032400"/>
            <trkpt lat="50.3206200" lon="-3.6030000"/>
            <trkpt lat="50.3208700" lon="-3.6024200"/>
            <trkpt lat="50.3214000" lon="-3.6014800"/>
            <trkpt lat="50.3215800" lon="-3.6012200"/>
            <trkpt lat="50.3218700" lon="-3.6009400"/>
            <trkpt lat="50.3224800" lon="-3.6005900"/>
            <trkpt lat="50.3226100" lon="-3.6005400"/>
            <trkpt lat="50.3230500" lon="-3.6005500"/>
            <trkpt lat="50.3235800" lon="-3.6004300"/>
            <trkpt lat="50.3240800" lon="-3.6004200"/>
            <trkpt lat="50.3243900" lon="-3.6005700"/>
            <trkpt lat="50.3248200" lon="-3.6007800"/>
            <trkpt lat="50.3254100" lon="-3.6009700"/>
            <trkpt lat="50.3260300" lon="-3.6006800"/>
            <trkpt lat="50.3265000" lon="-3.6003600"/>
            <trkpt lat="50.3267100" lon="-3.6001500"/>
            <trkpt lat="50.3267500" lon="-3.5999100"/>
            <trkpt lat="50.3264400" lon="-3.5997000"/>
            <trkpt lat="50.3264600" lon="-3.5995900"/>
            <trkpt lat="50.3265100" lon="-3.5996100"/>
            <trkpt lat="50.3267700" lon="-3.5984500"/>
            <trkpt lat="50.3269000" lon="-3.5976300"/>
            <trkpt lat="50.3271100" lon="-3.5975100"/>
            <trkpt lat="50.3271200" lon="-3.5973600"/>
            <trkpt lat="50.3271600" lon="-3.5972300"/>
            <trkpt lat="50.3273800" lon="-3.5969900"/>
            <trkpt lat="50.3274700" lon="-3.5968700"/>
            <trkpt lat="50.3275600" lon="-3.5967400"/>
            <trkpt lat="50.3281000" lon="-3.5957100"/>
            <trkpt lat="50.3284800" lon="-3.5946800"/>
            <trkpt lat="50.3291600" lon="-3.5931700"/>
            <trkpt lat="50.3295500" lon="-3.5923900"/>
            <trkpt lat="50.3296500" lon="-3.5922900"/>
            <trkpt lat="50.3298700" lon="-3.5921900"/>
            <trkpt lat="50.3302100" lon="-3.5921100"/>
            <trkpt lat="50.3305000" lon="-3.5921500"/>
            <trkpt lat="50.3306500" lon="-3.5922400"/>
            <trkpt lat="50.3307300" lon="-3.5922300"/>
            <trkpt lat="50.3307700" lon="-3.5921600"/>
            <trkpt lat="50.3307700" lon="-3.5920300"/>
            <trkpt lat="50.3306200" lon="-3.5914800"/>
            <trkpt lat="50.3302200" lon="-3.5905000"/>
            <trkpt lat="50.3302000" lon="-3.5903300"/>
            <trkpt lat="50.3302200" lon="-3.5901100"/>
            <trkpt lat="50.3306700" lon="-3.5881500"/>
            <trkpt lat="50.3311500" lon="-3.5854800"/>
            <trkpt lat="50.3312700" lon="-3.5839600"/>
            <trkpt lat="50.3312800" lon="-3.5834500"/>
            <trkpt lat="50.3313100" lon="-3.5833400"/>
            <trkpt lat="50.3312900" lon="-3.5832500"/>
            <trkpt lat="50.3313100" lon="-3.5830800"/>
            <trkpt lat="50.3308600" lon="-3.5828600"/>
            <trkpt lat="50.3308100" lon="-3.5828500"/>
            <trkpt lat="50.3306200" lon="-3.5826800"/>
            <trkpt lat="50.3304000" lon="-3.5823900"/>
            <trkpt lat="50.3299800" lon="-3.5817800"/>
            <trkpt lat="50.3297000" lon="-3.5814200"/>
            <trkpt lat="50.3295500" lon="-3.5811700"/>
            <trkpt lat="50.3293100" lon="-3.5809500"/>
            <trkpt lat="50.3290500" lon="-3.5807900"/>
            <trkpt lat="50.3283100" lon="-3.5802500"/>
            <trkpt lat="50.3276400" lon="-3.5797000"/>
            <trkpt lat="50.3273700" lon="-3.5794800"/>
            <trkpt lat="50.3273300" lon="-3.5794200"/>
            <trkpt lat="50.3273200" lon="-3.5779200"/>
            <trkpt lat="50.3273000" lon="-3.5777700"/>
            <trkpt lat="50.3268600" lon="-3.5767100"/>
            <trkpt lat="50.3268400" lon="-3.5765300"/>
            <trkpt lat="50.3268800" lon="-3.5758000"/>
            <trkpt lat="50.3270300" lon="-3.5745100"/>
            <trkpt lat="50.3271600" lon="-3.5740800"/>
            <trkpt lat="50.3274000" lon="-3.5732100"/>
            <trkpt lat="50.3274300" lon="-3.5731800"/>
            <trkpt lat="50.3278400" lon="-3.5733200"/>
            <trkpt lat="50.3282200" lon="-3.5735100"/>
            <trkpt lat="50.3283700" lon="-3.5735500"/>
            <trkpt lat="50.3284100" lon="-3.5735900"/>
            <trkpt lat="50.3287300" lon="-3.5736800"/>
            <trkpt lat="50.3288400" lon="-3.5736900"/>
            <trkpt lat="50.3289900" lon="-3.5736500"/>
            <trkpt lat="50.3292100" lon="-3.5736300"/>
            <trkpt lat="50.3293700" lon="-3.5736900"/>
            <trkpt lat="50.3295200" lon="-3.5738100"/>
            <trkpt lat="50.3297000" lon="-3.5738600"/>
            <trkpt lat="50.3298300" lon="-3.5738400"/>
            <trkpt lat="50.3299300" lon="-3.5739100"/>
            <trkpt lat="50.3303100" lon="-3.5740000"/>
            <trkpt lat="50.3304400" lon="-3.5739100"/>
            <trkpt lat="50.3306300" lon="-3.5733500"/>
            <trkpt lat="50.3309600" lon="-3.5725600"/>
            <trkpt lat="50.3312900" lon="-3.5715200"/>
            <trkpt lat="50.3314600" lon="-3.5710700"/>
            <trkpt lat="50.3317100" lon="-3.5706200"/>
            <trkpt lat="50.3320800" lon="-3.5703500"/>
            <trkpt lat="50.3323100" lon="-3.5701600"/>
            <trkpt lat="50.3324600" lon="-3.5699500"/>
            <trkpt lat="50.3325100" lon="-3.5699200"/>
            <trkpt lat="50.3327400" lon="-3.5699100"/>
            <trkpt lat="50.3328100" lon="-3.5699300"/>
            <trkpt lat="50.3329400" lon="-3.5700900"/>
            <trkpt lat="50.3343700" lon="-3.5702500"/>
            <trkpt lat="50.3346600" lon="-3.5701700"/>
            <trkpt lat="50.3350700" lon="-3.5699900"/>
            <trkpt lat="50.3352500" lon="-3.5699400"/>
            <trkpt lat="50.3353400" lon="-3.5697100"/>
            <trkpt lat="50.3352800" lon="-3.5691600"/>
            <trkpt lat="50.3350300" lon="-3.5687700"/>
            <trkpt lat="50.3348600" lon="-3.5684400"/>
            <trkpt lat="50.3345300" lon="-3.5680100"/>
            <trkpt lat="50.3345000" lon="-3.5675000"/>
            <trkpt lat="50.3345300" lon="-3.5669600"/>
            <trkpt lat="50.3347100" lon="-3.5662300"/>
            <trkpt lat="50.3349600" lon="-3.5655000"/>
            <trkpt lat="50.3350800" lon="-3.5650600"/>
            <trkpt lat="50.3351600" lon="-3.5643900"/>
            <trkpt lat="50.3352300" lon="-3.5642800"/>
            <trkpt lat="50.3355600" lon="-3.5641300"/>
            <trkpt lat="50.3356700" lon="-3.5641500"/>
            <trkpt lat="50.3358000" lon="-3.5642900"/>
            <trkpt lat="50.3358400" lon="-3.5644200"/>
            <trkpt lat="50.3357800" lon="-3.5647500"/>
            <trkpt lat="50.3358000" lon="-3.5649100"/>
            <trkpt lat="50.3358000" lon="-3.5650700"/>
            <trkpt lat="50.3358800" lon="-3.5653100"/>
            <trkpt lat="50.3360600" lon="-3.5660900"/>
            <trkpt lat="50.3361700" lon="-3.5663600"/>
            <trkpt lat="50.3363600" lon="-3.5665700"/>
            <trkpt lat="50.3366600" lon="-3.5667000"/>
            <trkpt lat="50.3369300" lon="-3.5667800"/>
            <trkpt lat="50.3371100" lon="-3.5666300"/>
            <trkpt lat="50.3375800" lon="-3.5664400"/>
            <trkpt lat="50.3379100" lon="-3.5663900"/>
            <trkpt lat="50.3381500" lon="-3.5664500"/>
            <trkpt lat="50.3383600" lon="-3.5665900"/>
            <trkpt lat="50.3385400" lon="-3.5668800"/>
            <trkpt lat="50.3387900" lon="-3.5673400"/>
            <trkpt lat="50.3389800" lon="-3.5675800"/>
            <trkpt lat="50.3391300" lon="-3.5677200"/>
            <trkpt lat="50.3397100" lon="-3.5681000"/>
            <trkpt lat="50.3401100" lon="-3.5682900"/>
            <trkpt lat="50.3401800" lon="-3.5682900"/>
            <trkpt lat="50.3402300" lon="-3.5681600"/>
            <trkpt lat="50.3403000" lon="-3.5680300"/>
            <trkpt lat="50.3404400" lon="-3.5678900"/>
            <trkpt lat="50.3400900" lon="-3.5678900"/>
            <trkpt lat="50.3400600" lon="-3.5678200"/>
            <trkpt lat="50.3400000" lon="-3.5678800"/>
            <trkpt lat="50.3400300" lon="-3.5677200"/>
            <trkpt lat="50.3399900" lon="-3.5677300"/>
            <trkpt lat="50.3400200" lon="-3.5675400"/>
            <trkpt lat="50.3400000" lon="-3.5674800"/>
            <trkpt lat="50.3399500" lon="-3.5674600"/>
            <trkpt lat="50.3398900" lon="-3.5674900"/>
            <trkpt lat="50.3398600" lon="-3.5674800"/>
            <trkpt lat="50.3398700" lon="-3.5673200"/>
            <trkpt lat="50.3399000" lon="-3.5672400"/>
            <trkpt lat="50.3399500" lon="-3.5672200"/>
            <trkpt lat="50.3402200" lon="-3.5672600"/>
            <trkpt lat="50.3403700" lon="-3.5671700"/>
            <trkpt lat="50.3405300" lon="-3.5670200"/>
            <trkpt lat="50.3406100" lon="-3.5667300"/>
            <trkpt lat="50.3406900" lon="-3.5666300"/>
            <trkpt lat="50.3408100" lon="-3.5665800"/>
            <trkpt lat="50.3410600" lon="-3.5665500"/>
            <trkpt lat="50.3411600" lon="-3.5665600"/>
            <trkpt lat="50.3412200" lon="-3.5666100"/>
            <trkpt lat="50.3414000" lon="-3.5666100"/>
            <trkpt lat="50.3414000" lon="-3.5667100"/>
            <trkpt lat="50.3414000" lon="-3.5666100"/>
            <trkpt lat="50.3413900" lon="-3.5666100"/>
            <trkpt lat="50.3414900" lon="-3.5664700"/>
            <trkpt lat="50.3416400" lon="-3.5663300"/>
            <trkpt lat="50.3417100" lon="-3.5660800"/>
            <trkpt lat="50.3418300" lon="-3.5660100"/>
            <trkpt lat="50.3418000" lon="-3.5659100"/>
            <trkpt lat="50.3418800" lon="-3.5657300"/>
            <trkpt lat="50.3419200" lon="-3.5657500"/>
            <trkpt lat="50.3419500" lon="-3.5658100"/>
            <trkpt lat="50.3420500" lon="-3.5660700"/>
            <trkpt lat="50.3421200" lon="-3.5663500"/>
            <trkpt lat="50.3421900" lon="-3.5664100"/>
            <trkpt lat="50.3423200" lon="-3.5663400"/>
            <trkpt lat="50.3423400" lon="-3.5664600"/>
            <trkpt lat="50.3422800" lon="-3.5666600"/>
            <trkpt lat="50.3422600" lon="-3.5668200"/>
            <trkpt lat="50.3423300" lon="-3.5669000"/>
            <trkpt lat="50.3426200" lon="-3.5677300"/>
            <trkpt lat="50.3427700" lon="-3.5680700"/>
            <trkpt lat="50.3431700" lon="-3.5689500"/>
            <trkpt lat="50.3431700" lon="-3.5691100"/>
            <trkpt lat="50.3431300" lon="-3.5690200"/>
            <trkpt lat="50.3430600" lon="-3.5696700"/>
            <trkpt lat="50.3429000" lon="-3.5704900"/>
            <trkpt lat="50.3428200" lon="-3.5707900"/>
            <trkpt lat="50.3427100" lon="-3.5710700"/>
            <trkpt lat="50.3427100" lon="-3.5711600"/>
            <trkpt lat="50.3425700" lon="-3.5716100"/>
            <trkpt lat="50.3425500" lon="-3.5717600"/>
            <trkpt lat="50.3425300" lon="-3.5722900"/>
            <trkpt lat="50.3425800" lon="-3.5723700"/>
            <trkpt lat="50.3425400" lon="-3.5727500"/>
            <trkpt lat="50.3424500" lon="-3.5731800"/>
            <trkpt lat="50.3424300" lon="-3.5733900"/>
            <trkpt lat="50.3424400" lon="-3.5735000"/>
            <trkpt lat="50.3424700" lon="-3.5735600"/>
            <trkpt lat="50.3424000" lon="-3.5737300"/>
            <trkpt lat="50.3424900" lon="-3.5738300"/>
            <trkpt lat="50.3425200" lon="-3.5737900"/>
            <trkpt lat="50.3426900" lon="-3.5739000"/>
            <trkpt lat="50.3427300" lon="-3.5739800"/>
            <trkpt lat="50.3429700" lon="-3.5738100"/>
            <trkpt lat="50.3433200" lon="-3.5735400"/>
            <trkpt lat="50.3434500" lon="-3.5735200"/>
            <trkpt lat="50.3435300" lon="-3.5735400"/>
            <trkpt lat="50.3436300" lon="-3.5736600"/>
            <trkpt lat="50.3437400" lon="-3.5738400"/>
            <trkpt lat="50.3438200" lon="-3.5742000"/>
            <trkpt lat="50.3440300" lon="-3.5748800"/>
            <trkpt lat="50.3443000" lon="-3.5754600"/>
            <trkpt lat="50.3446800" lon="-3.5760400"/>
            <trkpt lat="50.3449100" lon="-3.5762700"/>
            <trkpt lat="50.3450800" lon="-3.5765400"/>
            <trkpt lat="50.3454300" lon="-3.5769700"/>
            <trkpt lat="50.3457600" lon="-3.5772200"/>
            <trkpt lat="50.3460000" lon="-3.5773600"/>
            <trkpt lat="50.3466400" lon="-3.5777200"/>
            <trkpt lat="50.3468700" lon="-3.5778000"/>
            <trkpt lat="50.3471100" lon="-3.5778100"/>
            <trkpt lat="50.3471100" lon="-3.5777400"/>
            <trkpt lat="50.3473500" lon="-3.5777300"/>
            <trkpt lat="50.3474800" lon="-3.5777400"/>
            <trkpt lat="50.3474800" lon="-3.5778100"/>
            <trkpt lat="50.3477600" lon="-3.5778200"/>
            <trkpt lat="50.3478600" lon="-3.5778500"/>
            <trkpt lat="50.3478700" lon="-3.5777900"/>
            <trkpt lat="50.3477800" lon="-3.5777500"/>
            <trkpt lat="50.3477800" lon="-3.5777300"/>
            <trkpt lat="50.3477900" lon="-3.5776800"/>
            <trkpt lat="50.3477500" lon="-3.5776100"/>
            <trkpt lat="50.3477700" lon="-3.5774800"/>
            <trkpt lat="50.3478600" lon="-3.5774800"/>
            <trkpt lat="50.3480000" lon="-3.5775000"/>
            <trkpt lat="50.3482400" lon="-3.5776100"/>
            <trkpt lat="50.3482600" lon="-3.5776500"/>
            <trkpt lat="50.3487200" lon="-3.5779500"/>
            <trkpt lat="50.3489700" lon="-3.5779600"/>
            <trkpt lat="50.3490400" lon="-3.5779900"/>
            <trkpt lat="50.3491100" lon="-3.5774300"/>
            <trkpt lat="50.3491400" lon="-3.5774200"/>
            <trkpt lat="50.3498100" lon="-3.5774200"/>
            <trkpt lat="50.3498900" lon="-3.5772800"/>
            <trkpt lat="50.3503100" lon="-3.5772900"/>
            <trkpt lat="50.3503500" lon="-3.5774500"/>
            <trkpt lat="50.3512400" lon="-3.5773900"/>
            <trkpt lat="50.3518600" lon="-3.5773000"/>
            <trkpt lat="50.3522600" lon="-3.5771600"/>
            <trkpt lat="50.3521100" lon="-3.5772100"/>
            <trkpt lat="50.3521100" lon="-3.5773400"/>
            <trkpt lat="50.3519900" lon="-3.5777000"/>
            <trkpt lat="50.3520000" lon="-3.5783100"/>
            <trkpt lat="50.3520000" lon="-3.5784000"/>
            <trkpt lat="50.3518500" lon="-3.5783600"/>
            <trkpt lat="50.3517900" lon="-3.5783900"/>
            <trkpt lat="50.3517600" lon="-3.5786000"/>
            <trkpt lat="50.3516100" lon="-3.5795000"/>
            <trkpt lat="50.3520100" lon="-3.5797200"/>
            <trkpt lat="50.3523400" lon="-3.5799600"/>
            <trkpt lat="50.3524100" lon="-3.5800600"/>
            <trkpt lat="50.3524900" lon="-3.5800000"/>
            <trkpt lat="50.3525800" lon="-3.5801300"/>
            <trkpt lat="50.3526000" lon="-3.5802000"/>
            <trkpt lat="50.3525500" lon="-3.5803600"/>
            <trkpt lat="50.3524700" lon="-3.5807900"/>
            <trkpt lat="50.3524000" lon="-3.5812600"/>
            <trkpt lat="50.3524000" lon="-3.5815500"/>
            <trkpt lat="50.3524900" lon="-3.5816300"/>
            <trkpt lat="50.3523600" lon="-3.5825200"/>
            <trkpt lat="50.3523500" lon="-3.5827000"/>
            <trkpt lat="50.3524200" lon="-3.5833500"/>
            <trkpt lat="50.3524300" lon="-3.5839000"/>
            <trkpt lat="50.3523900" lon="-3.5849100"/>
            <trkpt lat="50.3522900" lon="-3.5855900"/>
            <trkpt lat="50.3523400" lon="-3.5856500"/>
            <trkpt lat="50.3522400" lon="-3.5862400"/>
            <trkpt lat="50.3520900" lon="-3.5879300"/>
            <trkpt lat="50.3520600" lon="-3.5890700"/>
            <trkpt lat="50.3521000" lon="-3.5895000"/>
            <trkpt lat="50.3522400" lon="-3.5898300"/>
            <trkpt lat="50.3523400" lon="-3.5900000"/>
            <trkpt lat="50.3526400" lon="-3.5906400"/>
            <trkpt lat="50.3529400" lon="-3.5910200"/>
            <trkpt lat="50.3526300" lon="-3.5918500"/>
            <trkpt lat="50.3527600" lon="-3.5920800"/>
            <trkpt lat="50.3530500" lon="-3.5916100"/>
            <trkpt lat="50.3531500" lon="-3.5919500"/>
            <trkpt lat="50.3531800" lon="-3.5928100"/>
            <trkpt lat="50.3532600" lon="-3.5931500"/>
            <trkpt lat="50.3531100" lon="-3.5936800"/>
            <trkpt lat="50.3530900" lon="-3.5938200"/>
            <trkpt lat="50.3531100" lon="-3.5939800"/>
            <trkpt lat="50.3530700" lon="-3.5941100"/>
            <trkpt lat="50.3530500" lon="-3.5943000"/>
            <trkpt lat="50.3532200" lon="-3.5952200"/>
            <trkpt lat="50.3530500" lon="-3.5961600"/>
            <trkpt lat="50.3530300" lon="-3.5963200"/>
            <trkpt lat="50.3530700" lon="-3.5964800"/>
            <trkpt lat="50.3535000" lon="-3.5968000"/>
            <trkpt lat="50.3536000" lon="-3.5969100"/>
            <trkpt lat="50.3539500" lon="-3.5976400"/>
            <trkpt lat="50.3540500" lon="-3.5977900"/>
            <trkpt lat="50.3543100" lon="-3.5980200"/>
            <trkpt lat="50.3545800" lon="-3.5980600"/>
            <trkpt lat="50.3550800" lon="-3.5982000"/>
            <trkpt lat="50.3554600" lon="-3.5984200"/>
            <trkpt lat="50.3555100" lon="-3.5984800"/>
            <trkpt lat="50.3555700" lon="-3.5986500"/>
            <trkpt lat="50.3556100" lon="-3.5990600"/>
            <trkpt lat="50.3556100" lon="-3.5996300"/>
            <trkpt lat="50.3556400" lon="-3.6000400"/>
            <trkpt lat="50.3559100" lon="-3.6016300"/>
            <trkpt lat="50.3559700" lon="-3.6016500"/>
            <trkpt lat="50.3560500" lon="-3.6014700"/>
            <trkpt lat="50.3561300" lon="-3.6012000"/>
            <trkpt lat="50.3561400" lon="-3.6014900"/>
            <trkpt lat="50.3564100" lon="-3.6016000"/>
            <trkpt lat="50.3568100" lon="-3.6005000"/>
            <trkpt lat="50.3570000" lon="-3.6000900"/>
            <trkpt lat="50.3570700" lon="-3.5999700"/>
            <trkpt lat="50.3573100" lon="-3.5997200"/>
            <trkpt lat="50.3575400" lon="-3.5995800"/>
            <trkpt lat="50.3580600" lon="-3.5994700"/>
            <trkpt lat="50.3583000" lon="-3.5994700"/>
            <trkpt lat="50.3585400" lon="-3.5994300"/>
            <trkpt lat="50.3587100" lon="-3.5993700"/>
            <trkpt lat="50.3591700" lon="-3.5989400"/>
            <trkpt lat="50.3593400" lon="-3.5988800"/>
            <trkpt lat="50.3593200" lon="-3.5987400"/>
            <trkpt lat="50.3593200" lon="-3.5985200"/>
            <trkpt lat="50.3593700" lon="-3.5981500"/>
            <trkpt lat="50.3594900" lon="-3.5979200"/>
            <trkpt lat="50.3596400" lon="-3.5979100"/>
            <trkpt lat="50.3597900" lon="-3.5979800"/>
            <trkpt lat="50.3598700" lon="-3.5984300"/>
            <trkpt lat="50.3599500" lon="-3.5987000"/>
            <trkpt lat="50.3600900" lon="-3.5988600"/>
            <trkpt lat="50.3602300" lon="-3.5989200"/>
            <trkpt lat="50.3603800" lon="-3.5987800"/>
            <trkpt lat="50.3603800" lon="-3.5985900"/>
            <trkpt lat="50.3603100" lon="-3.5982900"/>
            <trkpt lat="50.3602300" lon="-3.5977300"/>
            <trkpt lat="50.3600700" lon="-3.5962200"/>
            <trkpt lat="50.3601300" lon="-3.5954600"/>
            <trkpt lat="50.3601200" lon="-3.5947300"/>
            <trkpt lat="50.3601300" lon="-3.5943500"/>
            <trkpt lat="50.3601400" lon="-3.5942100"/>
            <trkpt lat="50.3602300" lon="-3.5937100"/>
            <trkpt lat="50.3605800" lon="-3.5927300"/>
            <trkpt lat="50.3615700" lon="-3.5911500"/>
            <trkpt lat="50.3618100" lon="-3.5905300"/>
            <trkpt lat="50.3620800" lon="-3.5899500"/>
            <trkpt lat="50.3622200" lon="-3.5895500"/>
            <trkpt lat="50.3623800" lon="-3.5893800"/>
            <trkpt lat="50.3627800" lon="-3.5891800"/>
            <trkpt lat="50.3630400" lon="-3.5893100"/>
            <trkpt lat="50.3635200" lon="-3.5897300"/>
            <trkpt lat="50.3636900" lon="-3.5898500"/>
            <trkpt lat="50.3639500" lon="-3.5899500"/>
            <trkpt lat="50.3642200" lon="-3.5899600"/>
            <trkpt lat="50.3642300" lon="-3.5895300"/>
            <trkpt lat="50.3642500" lon="-3.5894400"/>
            <trkpt lat="50.3642800" lon="-3.5890000"/>
            <trkpt lat="50.3642600" lon="-3.5889800"/>
            <trkpt lat="50.3642100" lon="-3.5885400"/>
            <trkpt lat="50.3642400" lon="-3.5879100"/>
            <trkpt lat="50.3643000" lon="-3.5878600"/>
            <trkpt lat="50.3642400" lon="-3.5875500"/>
            <trkpt lat="50.3642500" lon="-3.5872300"/>
            <trkpt lat="50.3643100" lon="-3.5869300"/>
            <trkpt lat="50.3643900" lon="-3.5868200"/>
            <trkpt lat="50.3645000" lon="-3.5866700"/>
            <trkpt lat="50.3650400" lon="-3.5868700"/>
            <trkpt lat="50.3653200" lon="-3.5868600"/>
            <trkpt lat="50.3656200" lon="-3.5868000"/>
            <trkpt lat="50.3658100" lon="-3.5868700"/>
            <trkpt lat="50.3666800" lon="-3.5870800"/>
            <trkpt lat="50.3673400" lon="-3.5871400"/>
            <trkpt lat="50.3677500" lon="-3.5878000"/>
            <trkpt lat="50.3678300" lon="-3.5878100"/>
            <trkpt lat="50.3685900" lon="-3.5888700"/>
            <trkpt lat="50.3688900" lon="-3.5890600"/>
            <trkpt lat="50.3692800" lon="-3.5892200"/>
            <trkpt lat="50.3691000" lon="-3.5895100"/>
            <trkpt lat="50.3686000" lon="-3.5905800"/>
            <trkpt lat="50.3685000" lon="-3.5909300"/>
            <trkpt lat="50.3683800" lon="-3.5914900"/>
            <trkpt lat="50.3683600" lon="-3.5916700"/>
            <trkpt lat="50.3683500" lon="-3.5921200"/>
            <trkpt lat="50.3684800" lon="-3.5922600"/>
            <trkpt lat="50.3697200" lon="-3.5939800"/>
            <trkpt lat="50.3700700" lon="-3.5944800"/>
            <trkpt lat="50.3707400" lon="-3.5955600"/>
            <trkpt lat="50.3708300" lon="-3.5956300"/>
            <trkpt lat="50.3708200" lon="-3.5956300"/>
            <trkpt lat="50.3710800" lon="-3.5949400"/>
            <trkpt lat="50.3719500" lon="-3.5959300"/>
            <trkpt lat="50.3725500" lon="-3.5974100"/>
            <trkpt lat="50.3726300" lon="-3.5975100"/>
            <trkpt lat="50.3727700" lon="-3.5977300"/>
            <trkpt lat="50.3728300" lon="-3.5979200"/>
            <trkpt lat="50.3737200" lon="-3.5998100"/>
            <trkpt lat="50.3741400" lon="-3.6014000"/>
            <trkpt lat="50.3741700" lon="-3.6016500"/>
            <trkpt lat="50.3741300" lon="-3.6019000"/>
            <trkpt lat="50.3744200" lon="-3.6020500"/>
            <trkpt lat="50.3746900" lon="-3.6021400"/>
            <trkpt lat="50.3750700" lon="-3.6023900"/>
            <trkpt lat="50.3751400" lon="-3.6022100"/>
            <trkpt lat="50.3753400" lon="-3.6016000"/>
            <trkpt lat="50.3756000" lon="-3.6009100"/>
            <trkpt lat="50.3758500" lon="-3.6004400"/>
            <trkpt lat="50.3758900" lon="-3.6004100"/>
            <trkpt lat="50.3759600" lon="-3.6004100"/>
            <trkpt lat="50.3761900" lon="-3.6006300"/>
            <trkpt lat="50.3762600" lon="-3.6006300"/>
            <trkpt lat="50.3766400" lon="-3.6000300"/>
            <trkpt lat="50.3769900" lon="-3.5996200"/>
            <trkpt lat="50.3779200" lon="-3.5992000"/>
            <trkpt lat="50.3784400" lon="-3.5990900"/>
            <trkpt lat="50.3788200" lon="-3.5989100"/>
            <trkpt lat="50.3790800" lon="-3.5987200"/>
            <trkpt lat="50.3792500" lon="-3.5986500"/>
            <trkpt lat="50.3793600" lon="-3.5986400"/>
            <trkpt lat="50.3795100" lon="-3.5987500"/>
            <trkpt lat="50.3797400" lon="-3.5990400"/>
            <trkpt lat="50.3798700" lon="-3.5984600"/>
            <trkpt lat="50.3801500" lon="-3.5974500"/>
            <trkpt lat="50.3808600" lon="-3.5980500"/>
            <trkpt lat="50.3810600" lon="-3.5982400"/>
            <trkpt lat="50.3812000" lon="-3.5985300"/>
            <trkpt lat="50.3812800" lon="-3.5986600"/>
            <trkpt lat="50.3813800" lon="-3.5989200"/>
            <trkpt lat="50.3815000" lon="-3.5995600"/>
            <trkpt lat="50.3815500" lon="-3.5994800"/>
            <trkpt lat="50.3815800" lon="-3.5993900"/>
            <trkpt lat="50.3818200" lon="-3.5983100"/>
            <trkpt lat="50.3821000" lon="-3.5967500"/>
            <trkpt lat="50.3827700" lon="-3.5971000"/>
            <trkpt lat="50.3829300" lon="-3.5972100"/>
            <trkpt lat="50.3830400" lon="-3.5973400"/>
            <trkpt lat="50.3831400" lon="-3.5975900"/>
            <trkpt lat="50.3832800" lon="-3.5980300"/>
            <trkpt lat="50.3832400" lon="-3.5986800"/>
            <trkpt lat="50.3832500" lon="-3.5987300"/>
            <trkpt lat="50.3833600" lon="-3.5986500"/>
            <trkpt lat="50.3835300" lon="-3.5984600"/>
            <trkpt lat="50.3839200" lon="-3.5982000"/>
            <trkpt lat="50.3840800" lon="-3.5981800"/>
            <trkpt lat="50.3844000" lon="-3.5983400"/>
            <trkpt lat="50.3845100" lon="-3.5984000"/>
            <trkpt lat="50.3845900" lon="-3.5988400"/>
            <trkpt lat="50.3846200" lon="-3.5991100"/>
            <trkpt lat="50.3846500" lon="-3.6000600"/>
            <trkpt lat="50.3847800" lon="-3.6006900"/>
            <trkpt lat="50.3847600" lon="-3.6009400"/>
            <trkpt lat="50.3847100" lon="-3.6012800"/>
            <trkpt lat="50.3844100" lon="-3.6029000"/>
            <trkpt lat="50.3843400" lon="-3.6031000"/>
            <trkpt lat="50.3841000" lon="-3.6034500"/>
            <trkpt lat="50.3839900" lon="-3.6036000"/>
            <trkpt lat="50.3841000" lon="-3.6037500"/>
            <trkpt lat="50.3842300" lon="-3.6037000"/>
            <trkpt lat="50.3843900" lon="-3.6037500"/>
            <trkpt lat="50.3843400" lon="-3.6038000"/>
            <trkpt lat="50.3844400" lon="-3.6037200"/>
            <trkpt lat="50.3844900" lon="-3.6037500"/>
            <trkpt lat="50.3848000" lon="-3.6042200"/>
            <trkpt lat="50.3848500" lon="-3.6043200"/>
            <trkpt lat="50.3848700" lon="-3.6044300"/>
            <trkpt lat="50.3848700" lon="-3.6047200"/>
            <trkpt lat="50.3848100" lon="-3.6051700"/>
            <trkpt lat="50.3847400" lon="-3.6054400"/>
            <trkpt lat="50.3846800" lon="-3.6055800"/>
            <trkpt lat="50.3845700" lon="-3.6059400"/>
            <trkpt lat="50.3845200" lon="-3.6063500"/>
            <trkpt lat="50.3844600" lon="-3.6063500"/>
            <trkpt lat="50.3843600" lon="-3.6063100"/>
            <trkpt lat="50.3842700" lon="-3.6062500"/>
            <trkpt lat="50.3841400" lon="-3.6063300"/>
            <trkpt lat="50.3841200" lon="-3.6064000"/>
            <trkpt lat="50.3840500" lon="-3.6065100"/>
            <trkpt lat="50.3838800" lon="-3.6066600"/>
            <trkpt lat="50.3839200" lon="-3.6067900"/>
            <trkpt lat="50.3839300" lon="-3.6069700"/>
            <trkpt lat="50.3843900" lon="-3.6074100"/>
            <trkpt lat="50.3845600" lon="-3.6076200"/>
            <trkpt lat="50.3847100" lon="-3.6078600"/>
            <trkpt lat="50.3847700" lon="-3.6080100"/>
            <trkpt lat="50.3848600" lon="-3.6083900"/>
            <trkpt lat="50.3849000" lon="-3.6087000"/>
            <trkpt lat="50.3849000" lon="-3.6095900"/>
            <trkpt lat="50.3848600" lon="-3.6099000"/>
            <trkpt lat="50.3847600" lon="-3.6104500"/>
            <trkpt lat="50.3845600" lon="-3.6111800"/>
            <trkpt lat="50.3842900" lon="-3.6120500"/>
            <trkpt lat="50.3840500" lon="-3.6129300"/>
            <trkpt lat="50.3838600" lon="-3.6139000"/>
            <trkpt lat="50.3836600" lon="-3.6144200"/>
            <trkpt lat="50.3837200" lon="-3.6142800"/>
            <trkpt lat="50.3839200" lon="-3.6142900"/>
            <trkpt lat="50.3840500" lon="-3.6140400"/>
            <trkpt lat="50.3840900" lon="-3.6140700"/>
            <trkpt lat="50.3840600" lon="-3.6145300"/>
            <trkpt lat="50.3841400" lon="-3.6161900"/>
            <trkpt lat="50.3842100" lon="-3.6172100"/>
            <trkpt lat="50.3842400" lon="-3.6182200"/>
            <trkpt lat="50.3844600" lon="-3.6201900"/>
            <trkpt lat="50.3846300" lon="-3.6210900"/>
            <trkpt lat="50.3847500" lon="-3.6229900"/>
            <trkpt lat="50.3847500" lon="-3.6232600"/>
            <trkpt lat="50.3844500" lon="-3.6234100"/>
            <trkpt lat="50.3842400" lon="-3.6235500"/>
            <trkpt lat="50.3841200" lon="-3.6236500"/>
            <trkpt lat="50.3839100" lon="-3.6238800"/>
            <trkpt lat="50.3838500" lon="-3.6239200"/>
            <trkpt lat="50.3837800" lon="-3.6239100"/>
            <trkpt lat="50.3836900" lon="-3.6238400"/>
            <trkpt lat="50.3835900" lon="-3.6236900"/>
            <trkpt lat="50.3835200" lon="-3.6235400"/>
            <trkpt lat="50.3834900" lon="-3.6234100"/>
            <trkpt lat="50.3834800" lon="-3.6232200"/>
            <trkpt lat="50.3834900" lon="-3.6230400"/>
            <trkpt lat="50.3834700" lon="-3.6224600"/>
            <trkpt lat="50.3834100" lon="-3.6217900"/>
            <trkpt lat="50.3833300" lon="-3.6218200"/>
            <trkpt lat="50.3832400" lon="-3.6219400"/>
            <trkpt lat="50.3831100" lon="-3.6222400"/>
            <trkpt lat="50.3829400" lon="-3.6227500"/>
            <trkpt lat="50.3823000" lon="-3.6244000"/>
            <trkpt lat="50.3822800" lon="-3.6245000"/>
            <trkpt lat="50.3820700" lon="-3.6256000"/>
            <trkpt lat="50.3819300" lon="-3.6261300"/>
            <trkpt lat="50.3816800" lon="-3.6268500"/>
            <trkpt lat="50.3810200" lon="-3.6284000"/>
            <trkpt lat="50.3808800" lon="-3.6291000"/>
            <trkpt lat="50.3808600" lon="-3.6296300"/>
            <trkpt lat="50.3808200" lon="-3.6298400"/>
            <trkpt lat="50.3805800" lon="-3.6306100"/>
            <trkpt lat="50.3806600" lon="-3.6307000"/>
            <trkpt lat="50.3807800" lon="-3.6307700"/>
            <trkpt lat="50.3809000" lon="-3.6307800"/>
            <trkpt lat="50.3809800" lon="-3.6308200"/>
            <trkpt lat="50.3812200" lon="-3.6314200"/>
            <trkpt lat="50.3813700" lon="-3.6320800"/>
            <trkpt lat="50.3815000" lon="-3.6328300"/>
            <trkpt lat="50.3815900" lon="-3.6336100"/>
            <trkpt lat="50.3817700" lon="-3.6350100"/>
            <trkpt lat="50.3818700" lon="-3.6353200"/>
            <trkpt lat="50.3821300" lon="-3.6355200"/>
            <trkpt lat="50.3825000" lon="-3.6357200"/>
            <trkpt lat="50.3834800" lon="-3.6365600"/>
            <trkpt lat="50.3839800" lon="-3.6369600"/>
            <trkpt lat="50.3843700" lon="-3.6373400"/>
            <trkpt lat="50.3847800" lon="-3.6376700"/>
            <trkpt lat="50.3850300" lon="-3.6379500"/>
            <trkpt lat="50.3851800" lon="-3.6382200"/>
            <trkpt lat="50.3854700" lon="-3.6391600"/>
            <trkpt lat="50.3856200" lon="-3.6393100"/>
            <trkpt lat="50.3857900" lon="-3.6394900"/>
            <trkpt lat="50.3859800" lon="-3.6396500"/>
            <trkpt lat="50.3861300" lon="-3.6409500"/>
            <trkpt lat="50.3861900" lon="-3.6424600"/>
            <trkpt lat="50.3863200" lon="-3.6434500"/>
            <trkpt lat="50.3863900" lon="-3.6439000"/>
            <trkpt lat="50.3864400" lon="-3.6441100"/>
            <trkpt lat="50.3866000" lon="-3.6444700"/>
            <trkpt lat="50.3868100" lon="-3.6448400"/>
            <trkpt lat="50.3871200" lon="-3.6454900"/>
            <trkpt lat="50.3874600" lon="-3.6467100"/>
            <trkpt lat="50.3875200" lon="-3.6470800"/>
            <trkpt lat="50.3875600" lon="-3.6476400"/>
            <trkpt lat="50.3875800" lon="-3.6477500"/>
            <trkpt lat="50.3879400" lon="-3.6483900"/>
            <trkpt lat="50.3881400" lon="-3.6484400"/>
            <trkpt lat="50.3883300" lon="-3.6482800"/>
            <trkpt lat="50.3883700" lon="-3.6482300"/>
            <trkpt lat="50.3886000" lon="-3.6479000"/>
            <trkpt lat="50.3888800" lon="-3.6478500"/>
            <trkpt lat="50.3891000" lon="-3.6466000"/>
            <trkpt lat="50.3892400" lon="-3.6461500"/>
            <trkpt lat="50.3896000" lon="-3.6453100"/>
            <trkpt lat="50.3899700" lon="-3.6445900"/>
            <trkpt lat="50.3906000" lon="-3.6434900"/>
            <trkpt lat="50.3908200" lon="-3.6435600"/>
            <trkpt lat="50.3910200" lon="-3.6437300"/>
            <trkpt lat="50.3912300" lon="-3.6438100"/>
            <trkpt lat="50.3919800" lon="-3.6438100"/>
            <trkpt lat="50.3924200" lon="-3.6438600"/>
            <trkpt lat="50.3934100" lon="-3.6438700"/>
            <trkpt lat="50.3936300" lon="-3.6439700"/>
            <trkpt lat="50.3942600" lon="-3.6439100"/>
            <trkpt lat="50.3945100" lon="-3.6438500"/>
            <trkpt lat="50.3948600" lon="-3.6439600"/>
            <trkpt lat="50.3954100" lon="-3.6440100"/>
            <trkpt lat="50.3955700" lon="-3.6440900"/>
            <trkpt lat="50.3959100" lon="-3.6443100"/>
            <trkpt lat="50.3958800" lon="-3.6446000"/>
            <trkpt lat="50.3957900" lon="-3.6450400"/>
            <trkpt lat="50.3957500" lon="-3.6456600"/>
            <trkpt lat="50.3956500" lon="-3.6462200"/>
            <trkpt lat="50.3955600" lon="-3.6464500"/>
            <trkpt lat="50.3955500" lon="-3.6466800"/>
            <trkpt lat="50.3955900" lon="-3.6470900"/>
            <trkpt lat="50.3955300" lon="-3.6479500"/>
            <trkpt lat="50.3954400" lon="-3.6483700"/>
            <trkpt lat="50.3953400" lon="-3.6487100"/>
            <trkpt lat="50.3952300" lon="-3.6489900"/>
            <trkpt lat="50.3950800" lon="-3.6495000"/>
            <trkpt lat="50.3950300" lon="-3.6497200"/>
            <trkpt lat="50.3949900" lon="-3.6500700"/>
            <trkpt lat="50.3949200" lon="-3.6503800"/>
            <trkpt lat="50.3948700" lon="-3.6507900"/>
            <trkpt lat="50.3948100" lon="-3.6509400"/>
            <trkpt lat="50.3947200" lon="-3.6512800"/>
            <trkpt lat="50.3945000" lon="-3.6522700"/>
            <trkpt lat="50.3944100" lon="-3.6528800"/>
            <trkpt lat="50.3944300" lon="-3.6530700"/>
            <trkpt lat="50.3944700" lon="-3.6532700"/>
            <trkpt lat="50.3946100" lon="-3.6534300"/>
            <trkpt lat="50.3947600" lon="-3.6537700"/>
            <trkpt lat="50.3948300" lon="-3.6542000"/>
            <trkpt lat="50.3947900" lon="-3.6544800"/>
            <trkpt lat="50.3946600" lon="-3.6547400"/>
            <trkpt lat="50.3942100" lon="-3.6553000"/>
            <trkpt lat="50.3941300" lon="-3.6557800"/>
            <trkpt lat="50.3940000" lon="-3.6563100"/>
            <trkpt lat="50.3938200" lon="-3.6564900"/>
            <trkpt lat="50.3935600" lon="-3.6578600"/>
            <trkpt lat="50.3934700" lon="-3.6586100"/>
            <trkpt lat="50.3934700" lon="-3.6589500"/>
            <trkpt lat="50.3936200" lon="-3.6596100"/>
            <trkpt lat="50.3938300" lon="-3.6602700"/>
            <trkpt lat="50.3939800" lon="-3.6608500"/>
            <trkpt lat="50.3939200" lon="-3.6614100"/>
            <trkpt lat="50.3938700" lon="-3.6615800"/>
            <trkpt lat="50.3936200" lon="-3.6615200"/>
            <trkpt lat="50.3933900" lon="-3.6615600"/>
            <trkpt lat="50.3933100" lon="-3.6616100"/>
            <trkpt lat="50.3931800" lon="-3.6617000"/>
            <trkpt lat="50.3930100" lon="-3.6620300"/>
            <trkpt lat="50.3927700" lon="-3.6623600"/>
            <trkpt lat="50.3925000" lon="-3.6627700"/>
            <trkpt lat="50.3922900" lon="-3.6630300"/>
            <trkpt lat="50.3920800" lon="-3.6631800"/>
            <trkpt lat="50.3922400" lon="-3.6636400"/>
            <trkpt lat="50.3923700" lon="-3.6639200"/>
            <trkpt lat="50.3925300" lon="-3.6638100"/>
            <trkpt lat="50.3926600" lon="-3.6636100"/>
            <trkpt lat="50.3929000" lon="-3.6633700"/>
            <trkpt lat="50.3930000" lon="-3.6632200"/>
            <trkpt lat="50.3931800" lon="-3.6631000"/>
            <trkpt lat="50.3932600" lon="-3.6630900"/>
            <trkpt lat="50.3935800" lon="-3.6631100"/>
            <trkpt lat="50.3937300" lon="-3.6632000"/>
            <trkpt lat="50.3938200" lon="-3.6633200"/>
            <trkpt lat="50.3939000" lon="-3.6635000"/>
            <trkpt lat="50.3939400" lon="-3.6636900"/>
            <trkpt lat="50.3939800" lon="-3.6651000"/>
            <trkpt lat="50.3941000" lon="-3.6660700"/>
            <trkpt lat="50.3941200" lon="-3.6671500"/>
            <trkpt lat="50.3941600" lon="-3.6674500"/>
            <trkpt lat="50.3942400" lon="-3.6677500"/>
            <trkpt lat="50.3945600" lon="-3.6684200"/>
            <trkpt lat="50.3950700" lon="-3.6692300"/>
            <trkpt lat="50.3956800" lon="-3.6702100"/>
            <trkpt lat="50.3959000" lon="-3.6707800"/>
            <trkpt lat="50.3962700" lon="-3.6714600"/>
            <trkpt lat="50.3966500" lon="-3.6722200"/>
            <trkpt lat="50.3967900" lon="-3.6724600"/>
            <trkpt lat="50.3968500" lon="-3.6725100"/>
            <trkpt lat="50.3968900" lon="-3.6725200"/>
            <trkpt lat="50.3968600" lon="-3.6726000"/>
            <trkpt lat="50.3968900" lon="-3.6725200"/>
            <trkpt lat="50.3969500" lon="-3.6724900"/>
            <trkpt lat="50.3971200" lon="-3.6723200"/>
            <trkpt lat="50.3971500" lon="-3.6722200"/>
            <trkpt lat="50.3971500" lon="-3.6712700"/>
            <trkpt lat="50.3970100" lon="-3.6707600"/>
            <trkpt lat="50.3966800" lon="-3.6701200"/>
            <trkpt lat="50.3964700" lon="-3.6691600"/>
            <trkpt lat="50.3964800" lon="-3.6690000"/>
            <trkpt lat="50.3965800" lon="-3.6686700"/>
            <trkpt lat="50.3966600" lon="-3.6685200"/>
            <trkpt lat="50.3975100" lon="-3.6677300"/>
            <trkpt lat="50.3977600" lon="-3.6674600"/>
            <trkpt lat="50.3981500" lon="-3.6669100"/>
            <trkpt lat="50.3983800" lon="-3.6666600"/>
            <trkpt lat="50.3986400" lon="-3.6666100"/>
            <trkpt lat="50.3990400" lon="-3.6666200"/>
            <trkpt lat="50.3992100" lon="-3.6665000"/>
            <trkpt lat="50.3993500" lon="-3.6663600"/>
            <trkpt lat="50.3995200" lon="-3.6660900"/>
            <trkpt lat="50.3997500" lon="-3.6653200"/>
            <trkpt lat="50.3998200" lon="-3.6651700"/>
            <trkpt lat="50.4001600" lon="-3.6647100"/>
            <trkpt lat="50.4005200" lon="-3.6643200"/>
            <trkpt lat="50.4006700" lon="-3.6640600"/>
            <trkpt lat="50.4008100" lon="-3.6639300"/>
            <trkpt lat="50.4012200" lon="-3.6636900"/>
            <trkpt lat="50.4018000" lon="-3.6635100"/>
            <trkpt lat="50.4020500" lon="-3.6633700"/>
            <trkpt lat="50.4021300" lon="-3.6633200"/>
            <trkpt lat="50.4022400" lon="-3.6631900"/>
            <trkpt lat="50.4024800" lon="-3.6627900"/>
            <trkpt lat="50.4028700" lon="-3.6620300"/>
            <trkpt lat="50.4031100" lon="-3.6618700"/>
            <trkpt lat="50.4036300" lon="-3.6616700"/>
            <trkpt lat="50.4039900" lon="-3.6614300"/>
            <trkpt lat="50.4040000" lon="-3.6613600"/>
            <trkpt lat="50.4041100" lon="-3.6612600"/>
            <trkpt lat="50.4049200" lon="-3.6608500"/>
            <trkpt lat="50.4054100" lon="-3.6605800"/>
            <trkpt lat="50.4058200" lon="-3.6602000"/>
            <trkpt lat="50.4061500" lon="-3.6598600"/>
            <trkpt lat="50.4061600" lon="-3.6598700"/>
            <trkpt lat="50.4069400" lon="-3.6597100"/>
            <trkpt lat="50.4075400" lon="-3.6597900"/>
            <trkpt lat="50.4078900" lon="-3.6600500"/>
            <trkpt lat="50.4081900" lon="-3.6605100"/>
            <trkpt lat="50.4089400" lon="-3.6618600"/>
            <trkpt lat="50.4093100" lon="-3.6624000"/>
            <trkpt lat="50.4094000" lon="-3.6625800"/>
            <trkpt lat="50.4094300" lon="-3.6627500"/>
            <trkpt lat="50.4094400" lon="-3.6629700"/>
            <trkpt lat="50.4094800" lon="-3.6630900"/>
            <trkpt lat="50.4096400" lon="-3.6631900"/>
            <trkpt lat="50.4098000" lon="-3.6632000"/>
            <trkpt lat="50.4098700" lon="-3.6633000"/>
            <trkpt lat="50.4106400" lon="-3.6628600"/>
            <trkpt lat="50.4109600" lon="-3.6627300"/>
            <trkpt lat="50.4111500" lon="-3.6626600"/>
            <trkpt lat="50.4114300" lon="-3.6629700"/>
            <trkpt lat="50.4119300" lon="-3.6637300"/>
            <trkpt lat="50.4122300" lon="-3.6642800"/>
            <trkpt lat="50.4124500" lon="-3.6648100"/>
            <trkpt lat="50.4125300" lon="-3.6651200"/>
            <trkpt lat="50.4126100" lon="-3.6658200"/>
            <trkpt lat="50.4126500" lon="-3.6659800"/>
            <trkpt lat="50.4126900" lon="-3.6660500"/>
            <trkpt lat="50.4128000" lon="-3.6661000"/>
            <trkpt lat="50.4136400" lon="-3.6663400"/>
            <trkpt lat="50.4140900" lon="-3.6669700"/>
            <trkpt lat="50.4143900" lon="-3.6675300"/>
            <trkpt lat="50.4146400" lon="-3.6681800"/>
            <trkpt lat="50.4147800" lon="-3.6685000"/>
            <trkpt lat="50.4148400" lon="-3.6684100"/>
            <trkpt lat="50.4149600" lon="-3.6684800"/>
            <trkpt lat="50.4155500" lon="-3.6688200"/>
            <trkpt lat="50.4156100" lon="-3.6689100"/>
            <trkpt lat="50.4156800" lon="-3.6689800"/>
            <trkpt lat="50.4161800" lon="-3.6690400"/>
            <trkpt lat="50.4162700" lon="-3.6691200"/>
            <trkpt lat="50.4164500" lon="-3.6694400"/>
            <trkpt lat="50.4165300" lon="-3.6696400"/>
            <trkpt lat="50.4167700" lon="-3.6699500"/>
            <trkpt lat="50.4169700" lon="-3.6701100"/>
            <trkpt lat="50.4170700" lon="-3.6701700"/>
            <trkpt lat="50.4174800" lon="-3.6703200"/>
            <trkpt lat="50.4177000" lon="-3.6703700"/>
            <trkpt lat="50.4178900" lon="-3.6713600"/>
            <trkpt lat="50.4182200" lon="-3.6705500"/>
            <trkpt lat="50.4182900" lon="-3.6705900"/>
            <trkpt lat="50.4188900" lon="-3.6711000"/>
            <trkpt lat="50.4191000" lon="-3.6713600"/>
            <trkpt lat="50.4195600" lon="-3.6716700"/>
            <trkpt lat="50.4198200" lon="-3.6718000"/>
            <trkpt lat="50.4203700" lon="-3.6721800"/>
            <trkpt lat="50.4206300" lon="-3.6726700"/>
            <trkpt lat="50.4208200" lon="-3.6730600"/>
            <trkpt lat="50.4209300" lon="-3.6733700"/>
            <trkpt lat="50.4210600" lon="-3.6738600"/>
            <trkpt lat="50.4213800" lon="-3.6743600"/>
            <trkpt lat="50.4222600" lon="-3.6759000"/>
            <trkpt lat="50.4222600" lon="-3.6763700"/>
            <trkpt lat="50.4223000" lon="-3.6764900"/>
            <trkpt lat="50.4226700" lon="-3.6772900"/>
            <trkpt lat="50.4227200" lon="-3.6775500"/>
            <trkpt lat="50.4228100" lon="-3.6777600"/>
            <trkpt lat="50.4230000" lon="-3.6779900"/>
            <trkpt lat="50.4230600" lon="-3.6781500"/>
            <trkpt lat="50.4231100" lon="-3.6784200"/>
            <trkpt lat="50.4231100" lon="-3.6788000"/>
            <trkpt lat="50.4233500" lon="-3.6792400"/>
            <trkpt lat="50.4236000" lon="-3.6796600"/>
            <trkpt lat="50.4244900" lon="-3.6808600"/>
            <trkpt lat="50.4246500" lon="-3.6810300"/>
            <trkpt lat="50.4246700" lon="-3.6811300"/>
            <trkpt lat="50.4247300" lon="-3.6811900"/>
            <trkpt lat="50.4247600" lon="-3.6812800"/>
            <trkpt lat="50.4246100" lon="-3.6812400"/>
            <trkpt lat="50.4245800" lon="-3.6812600"/>
            <trkpt lat="50.4247600" lon="-3.6814300"/>
            <trkpt lat="50.4247300" lon="-3.6815300"/>
            <trkpt lat="50.4245700" lon="-3.6816000"/>
            <trkpt lat="50.4247000" lon="-3.6818200"/>
            <trkpt lat="50.4249000" lon="-3.6819400"/>
            <trkpt lat="50.4249400" lon="-3.6820800"/>
            <trkpt lat="50.4250600" lon="-3.6822400"/>
            <trkpt lat="50.4251000" lon="-3.6823400"/>
            <trkpt lat="50.4251200" lon="-3.6823300"/>
            <trkpt lat="50.4255200" lon="-3.6826600"/>
            <trkpt lat="50.4257500" lon="-3.6828100"/>
            <trkpt lat="50.4260000" lon="-3.6829200"/>
            <trkpt lat="50.4272800" lon="-3.6833300"/>
            <trkpt lat="50.4273800" lon="-3.6833800"/>
            <trkpt lat="50.4274300" lon="-3.6828900"/>
            <trkpt lat="50.4276500" lon="-3.6831300"/>
            <trkpt lat="50.4277300" lon="-3.6830500"/>
            <trkpt lat="50.4279200" lon="-3.6826600"/>
            <trkpt lat="50.4279400" lon="-3.6826400"/>
            <trkpt lat="50.4281700" lon="-3.6827600"/>
            <trkpt lat="50.4285500" lon="-3.6829200"/>
            <trkpt lat="50.4288400" lon="-3.6829700"/>
            <trkpt lat="50.4288200" lon="-3.6831500"/>
            <trkpt lat="50.4290400" lon="-3.6833000"/>
            <trkpt lat="50.4294000" lon="-3.6833200"/>
            <trkpt lat="50.4294800" lon="-3.6833200"/>
            <trkpt lat="50.4295500" lon="-3.6833600"/>
            <trkpt lat="50.4295900" lon="-3.6833200"/>
            <trkpt lat="50.4300200" lon="-3.6831900"/>
            <trkpt lat="50.4302700" lon="-3.6831400"/>
            <trkpt lat="50.4304400" lon="-3.6830700"/>
            <trkpt lat="50.4305400" lon="-3.6829600"/>
            <trkpt lat="50.4305200" lon="-3.6829100"/>
            <trkpt lat="50.4304800" lon="-3.6828900"/>
            <trkpt lat="50.4305900" lon="-3.6832200"/>
            <trkpt lat="50.4308200" lon="-3.6832200"/>
            <trkpt lat="50.4311000" lon="-3.6847800"/>
            <trkpt lat="50.4312100" lon="-3.6855200"/>
            <trkpt lat="50.4312600" lon="-3.6855700"/>
            <trkpt lat="50.4314200" lon="-3.6869900"/>
            <trkpt lat="50.4315600" lon="-3.6880200"/>
            <trkpt lat="50.4316300" lon="-3.6899900"/>
            <trkpt lat="50.4316300" lon="-3.6900500"/>
            <trkpt lat="50.4321000" lon="-3.6901100"/>
            <trkpt lat="50.4323700" lon="-3.6902000"/>
            <trkpt lat="50.4325100" lon="-3.6902800"/>
            <trkpt lat="50.4326600" lon="-3.6903200"/>
            <trkpt lat="50.4327600" lon="-3.6903900"/>
            <trkpt lat="50.4330600" lon="-3.6905200"/>
            <trkpt lat="50.4332500" lon="-3.6905800"/>
            <trkpt lat="50.4335100" lon="-3.6906700"/>
            <trkpt lat="50.4339900" lon="-3.6907300"/>
            <trkpt lat="50.4341200" lon="-3.6906900"/>
            <trkpt lat="50.4342800" lon="-3.6906000"/>
            <trkpt lat="50.4344200" lon="-3.6903700"/>
            <trkpt lat="50.4345300" lon="-3.6902200"/>
            <trkpt lat="50.4344900" lon="-3.6900700"/>
            <trkpt lat="50.4343200" lon="-3.6896100"/>
            <trkpt lat="50.4345100" lon="-3.6895300"/>
            <trkpt lat="50.4342200" lon="-3.6879600"/>
            <trkpt lat="50.4342900" lon="-3.6879300"/>
            <trkpt lat="50.4345200" lon="-3.6878400"/>
            <trkpt lat="50.4343300" lon="-3.6867600"/>
            <trkpt lat="50.4352800" lon="-3.6858400"/>
            <extensions>
                <gs:line>
                    <gs:color>000000</gs:color>
                    <gs:opacity>1.0</gs:opacity>
                    <gs:width>8.0</gs:width>
                </gs:line>
            </extensions>
        </trkseg>
    </trk>
</gpx>
