<?xml version="1.0" encoding="utf-8" standalone="yes"?>
<gpx version="1.1" creator="furnessway.co.uk" xmlns="http://www.topografix.com/GPX/1/1">
<metadata><name>Westmorland and Furness Way — Full Route</name><desc>120-mile / 193km route, Alston to Furness Abbey (6 stages, Stage 3 low route).</desc></metadata>
<wpt lat="54.812547921" lon="-2.439077951"><name>Start: Alston</name></wpt>
<wpt lat="54.134565" lon="-3.197386"><name>Finish: Furness Abbey</name></wpt>
<trk><name>Westmorland and Furness Way — Full Route</name><trkseg>
<trkpt lat="54.812547921" lon="-2.439077951"><ele>287.0</ele></trkpt>
<trkpt lat="54.812563987" lon="-2.44002941"><ele>280.7</ele></trkpt>
<trkpt lat="54.81254496" lon="-2.440794734"><ele>274.3</ele></trkpt>
<trkpt lat="54.812484282" lon="-2.441390735"><ele>268.0</ele></trkpt>
<trkpt lat="54.812044689" lon="-2.441588575"><ele>270.3</ele></trkpt>
<trkpt lat="54.811756503" lon="-2.441720519"><ele>272.7</ele></trkpt>
<trkpt lat="54.811198828" lon="-2.441759458"><ele>275.0</ele></trkpt>
<trkpt lat="54.809714084" lon="-2.442286392"><ele>275.3</ele></trkpt>
<trkpt lat="54.809697492" lon="-2.442209858"><ele>275.7</ele></trkpt>
<trkpt lat="54.809674371" lon="-2.441990105"><ele>276.0</ele></trkpt>
<trkpt lat="54.809648165" lon="-2.441960828"><ele>276.0</ele></trkpt>
<trkpt lat="54.809531063" lon="-2.441930558"><ele>276.0</ele></trkpt>
<trkpt lat="54.809471204" lon="-2.441946471"><ele>276.0</ele></trkpt>
<trkpt lat="54.809435205" lon="-2.441979208"><ele>276.0</ele></trkpt>
<trkpt lat="54.809353772" lon="-2.442007309"><ele>276.0</ele></trkpt>
<trkpt lat="54.809270069" lon="-2.442002252"><ele>276.0</ele></trkpt>
<trkpt lat="54.808942205" lon="-2.442044226"><ele>275.7</ele></trkpt>
<trkpt lat="54.80859534" lon="-2.442048717"><ele>275.3</ele></trkpt>
<trkpt lat="54.808238967" lon="-2.44203654"><ele>275.0</ele></trkpt>
<trkpt lat="54.807968735" lon="-2.442017021"><ele>274.7</ele></trkpt>
<trkpt lat="54.807832499" lon="-2.441986543"><ele>274.3</ele></trkpt>
<trkpt lat="54.807433056" lon="-2.441978038"><ele>274.0</ele></trkpt>
<trkpt lat="54.807191572" lon="-2.44194641"><ele>274.0</ele></trkpt>
<trkpt lat="54.806983516" lon="-2.441931712"><ele>274.0</ele></trkpt>
<trkpt lat="54.806951762" lon="-2.44192393"><ele>274.0</ele></trkpt>
<trkpt lat="54.806895089" lon="-2.44191004"><ele>274.0</ele></trkpt>
<trkpt lat="54.806898119" lon="-2.44190486"><ele>274.0</ele></trkpt>
<trkpt lat="54.80677111" lon="-2.441917398"><ele>274.0</ele></trkpt>
<trkpt lat="54.806457913" lon="-2.441924403"><ele>274.3</ele></trkpt>
<trkpt lat="54.806123827" lon="-2.441879048"><ele>274.7</ele></trkpt>
<trkpt lat="54.805765539" lon="-2.441864707"><ele>275.0</ele></trkpt>
<trkpt lat="54.805434369" lon="-2.441845452"><ele>275.0</ele></trkpt>
<trkpt lat="54.805226657" lon="-2.441827543"><ele>275.0</ele></trkpt>
<trkpt lat="54.805109184" lon="-2.441836686"><ele>275.0</ele></trkpt>
<trkpt lat="54.804982565" lon="-2.441877007"><ele>275.0</ele></trkpt>
<trkpt lat="54.804810853" lon="-2.441895982"><ele>275.0</ele></trkpt>
<trkpt lat="54.804473719" lon="-2.441861022"><ele>275.0</ele></trkpt>
<trkpt lat="54.804043447" lon="-2.441767704"><ele>274.7</ele></trkpt>
<trkpt lat="54.803573859" lon="-2.441720873"><ele>274.3</ele></trkpt>
<trkpt lat="54.803403275" lon="-2.44170561"><ele>274.0</ele></trkpt>
<trkpt lat="54.803299599" lon="-2.441785644"><ele>274.0</ele></trkpt>
<trkpt lat="54.803085371" lon="-2.441903198"><ele>274.0</ele></trkpt>
<trkpt lat="54.802865273" lon="-2.441978983"><ele>274.0</ele></trkpt>
<trkpt lat="54.802601227" lon="-2.441954623"><ele>275.3</ele></trkpt>
<trkpt lat="54.802352429" lon="-2.441911505"><ele>276.7</ele></trkpt>
<trkpt lat="54.802103829" lon="-2.44181452"><ele>278.0</ele></trkpt>
<trkpt lat="54.801855181" lon="-2.441731003"><ele>279.3</ele></trkpt>
<trkpt lat="54.80144831" lon="-2.441609052"><ele>280.7</ele></trkpt>
<trkpt lat="54.801171777" lon="-2.441470509"><ele>282.0</ele></trkpt>
<trkpt lat="54.800567464" lon="-2.441208508"><ele>281.3</ele></trkpt>
<trkpt lat="54.800263659" lon="-2.441116584"><ele>280.7</ele></trkpt>
<trkpt lat="54.799951849" lon="-2.440983041"><ele>280.0</ele></trkpt>
<trkpt lat="54.799687492" lon="-2.440939762"><ele>280.0</ele></trkpt>
<trkpt lat="54.7993996" lon="-2.440950092"><ele>280.0</ele></trkpt>
<trkpt lat="54.799189455" lon="-2.440974732"><ele>280.0</ele></trkpt>
<trkpt lat="54.799095761" lon="-2.441067973"><ele>279.3</ele></trkpt>
<trkpt lat="54.798986359" lon="-2.441201441"><ele>278.7</ele></trkpt>
<trkpt lat="54.798729243" lon="-2.441306365"><ele>278.0</ele></trkpt>
<trkpt lat="54.798433327" lon="-2.441383933"><ele>279.0</ele></trkpt>
<trkpt lat="54.798262226" lon="-2.441368603"><ele>280.0</ele></trkpt>
<trkpt lat="54.798060009" lon="-2.44135293"><ele>281.0</ele></trkpt>
<trkpt lat="54.797917899" lon="-2.441300439"><ele>283.0</ele></trkpt>
<trkpt lat="54.797682636" lon="-2.441213539"><ele>285.0</ele></trkpt>
<trkpt lat="54.797652637" lon="-2.44118194"><ele>287.0</ele></trkpt>
<trkpt lat="54.79760974" lon="-2.441143081"><ele>288.3</ele></trkpt>
<trkpt lat="54.797412938" lon="-2.441158179"><ele>289.7</ele></trkpt>
<trkpt lat="54.797108317" lon="-2.441226573"><ele>291.0</ele></trkpt>
<trkpt lat="54.79683574" lon="-2.441304396"><ele>288.3</ele></trkpt>
<trkpt lat="54.796578966" lon="-2.441315058"><ele>285.7</ele></trkpt>
<trkpt lat="54.796304069" lon="-2.441327129"><ele>283.0</ele></trkpt>
<trkpt lat="54.796015061" lon="-2.441358461"><ele>283.3</ele></trkpt>
<trkpt lat="54.795735905" lon="-2.441420071"><ele>283.7</ele></trkpt>
<trkpt lat="54.795337134" lon="-2.441501929"><ele>284.0</ele></trkpt>
<trkpt lat="54.795053203" lon="-2.441567718"><ele>284.7</ele></trkpt>
<trkpt lat="54.794733949" lon="-2.44164502"><ele>285.3</ele></trkpt>
<trkpt lat="54.794391208" lon="-2.441762459"><ele>286.0</ele></trkpt>
<trkpt lat="54.794079734" lon="-2.441839849"><ele>288.0</ele></trkpt>
<trkpt lat="54.793931299" lon="-2.441835717"><ele>290.0</ele></trkpt>
<trkpt lat="54.793632518" lon="-2.441815213"><ele>292.0</ele></trkpt>
<trkpt lat="54.793336243" lon="-2.44179043"><ele>294.3</ele></trkpt>
<trkpt lat="54.793171691" lon="-2.441840355"><ele>296.7</ele></trkpt>
<trkpt lat="54.793081708" lon="-2.441929883"><ele>299.0</ele></trkpt>
<trkpt lat="54.792944535" lon="-2.441984416"><ele>299.0</ele></trkpt>
<trkpt lat="54.792832546" lon="-2.441961644"><ele>299.0</ele></trkpt>
<trkpt lat="54.792648056" lon="-2.441891538"><ele>299.0</ele></trkpt>
<trkpt lat="54.792492464" lon="-2.44188984"><ele>300.0</ele></trkpt>
<trkpt lat="54.792282417" lon="-2.441887547"><ele>301.0</ele></trkpt>
<trkpt lat="54.792134167" lon="-2.442007104"><ele>302.0</ele></trkpt>
<trkpt lat="54.791985864" lon="-2.442140119"><ele>302.0</ele></trkpt>
<trkpt lat="54.791829735" lon="-2.442286515"><ele>302.0</ele></trkpt>
<trkpt lat="54.791720577" lon="-2.442352637"><ele>302.0</ele></trkpt>
<trkpt lat="54.791530897" lon="-2.442408591"><ele>299.0</ele></trkpt>
<trkpt lat="54.791198758" lon="-2.442508497"><ele>296.0</ele></trkpt>
<trkpt lat="54.790871673" lon="-2.442599166"><ele>293.0</ele></trkpt>
<trkpt lat="54.790593684" lon="-2.442626769"><ele>294.7</ele></trkpt>
<trkpt lat="54.790225725" lon="-2.442659416"><ele>296.3</ele></trkpt>
<trkpt lat="54.790015531" lon="-2.442697506"><ele>298.0</ele></trkpt>
<trkpt lat="54.78984433" lon="-2.442709098"><ele>299.7</ele></trkpt>
<trkpt lat="54.789618525" lon="-2.442760482"><ele>301.3</ele></trkpt>
<trkpt lat="54.789361655" lon="-2.44279806"><ele>303.0</ele></trkpt>
<trkpt lat="54.789273046" lon="-2.442814885"><ele>304.3</ele></trkpt>
<trkpt lat="54.788964603" lon="-2.442874492"><ele>305.7</ele></trkpt>
<trkpt lat="54.78882697" lon="-2.442891888"><ele>307.0</ele></trkpt>
<trkpt lat="54.788667602" lon="-2.442885836"><ele>308.0</ele></trkpt>
<trkpt lat="54.788485805" lon="-2.442883847"><ele>309.0</ele></trkpt>
<trkpt lat="54.78819227" lon="-2.442790135"><ele>310.0</ele></trkpt>
<trkpt lat="54.787887465" lon="-2.442629931"><ele>313.0</ele></trkpt>
<trkpt lat="54.787556327" lon="-2.442478194"><ele>316.0</ele></trkpt>
<trkpt lat="54.787430229" lon="-2.442465311"><ele>319.0</ele></trkpt>
<trkpt lat="54.787292571" lon="-2.442486267"><ele>316.7</ele></trkpt>
<trkpt lat="54.787196348" lon="-2.442510318"><ele>314.3</ele></trkpt>
<trkpt lat="54.787168907" lon="-2.44251256"><ele>312.0</ele></trkpt>
<trkpt lat="54.787148862" lon="-2.442501323"><ele>314.3</ele></trkpt>
<trkpt lat="54.787124294" lon="-2.44247584"><ele>316.7</ele></trkpt>
<trkpt lat="54.787105631" lon="-2.44243354"><ele>319.0</ele></trkpt>
<trkpt lat="54.787065889" lon="-2.442140429"><ele>319.0</ele></trkpt>
<trkpt lat="54.78706053" lon="-2.442005334"><ele>319.0</ele></trkpt>
<trkpt lat="54.787132889" lon="-2.441758012"><ele>319.0</ele></trkpt>
<trkpt lat="54.787152177" lon="-2.441510738"><ele>319.0</ele></trkpt>
<trkpt lat="54.787049002" lon="-2.441451123"><ele>319.0</ele></trkpt>
<trkpt lat="54.786894821" lon="-2.441396935"><ele>319.0</ele></trkpt>
<trkpt lat="54.786641365" lon="-2.441239034"><ele>321.7</ele></trkpt>
<trkpt lat="54.786395303" lon="-2.441102762"><ele>324.3</ele></trkpt>
<trkpt lat="54.786109504" lon="-2.440935894"><ele>327.0</ele></trkpt>
<trkpt lat="54.785612601" lon="-2.440607288"><ele>326.7</ele></trkpt>
<trkpt lat="54.785520941" lon="-2.440472703"><ele>326.3</ele></trkpt>
<trkpt lat="54.785507412" lon="-2.440437077"><ele>326.0</ele></trkpt>
<trkpt lat="54.785411199" lon="-2.440183721"><ele>329.7</ele></trkpt>
<trkpt lat="54.785259115" lon="-2.43987518"><ele>333.3</ele></trkpt>
<trkpt lat="54.785125695" lon="-2.439534472"><ele>337.0</ele></trkpt>
<trkpt lat="54.784973162" lon="-2.439061944"><ele>334.7</ele></trkpt>
<trkpt lat="54.784879327" lon="-2.43881835"><ele>332.3</ele></trkpt>
<trkpt lat="54.784794432" lon="-2.438628972"><ele>330.0</ele></trkpt>
<trkpt lat="54.784516069" lon="-2.438154817"><ele>326.0</ele></trkpt>
<trkpt lat="54.784330766" lon="-2.437762442"><ele>322.0</ele></trkpt>
<trkpt lat="54.784147577" lon="-2.437333655"><ele>318.0</ele></trkpt>
<trkpt lat="54.78407593" lon="-2.437234708"><ele>318.0</ele></trkpt>
<trkpt lat="54.784031175" lon="-2.437222299"><ele>318.0</ele></trkpt>
<trkpt lat="54.783974893" lon="-2.437206693"><ele>318.0</ele></trkpt>
<trkpt lat="54.783864324" lon="-2.437149613"><ele>318.0</ele></trkpt>
<trkpt lat="54.783832197" lon="-2.437080321"><ele>318.0</ele></trkpt>
<trkpt lat="54.783797735" lon="-2.436967914"><ele>318.0</ele></trkpt>
<trkpt lat="54.783687186" lon="-2.436544433"><ele>320.3</ele></trkpt>
<trkpt lat="54.783589349" lon="-2.436246812"><ele>322.7</ele></trkpt>
<trkpt lat="54.783391233" lon="-2.435735452"><ele>325.0</ele></trkpt>
<trkpt lat="54.783225907" lon="-2.43530708"><ele>321.7</ele></trkpt>
<trkpt lat="54.783087742" lon="-2.434943639"><ele>318.3</ele></trkpt>
<trkpt lat="54.782991234" lon="-2.434770243"><ele>315.0</ele></trkpt>
<trkpt lat="54.782768934" lon="-2.434255088"><ele>315.0</ele></trkpt>
<trkpt lat="54.782655331" lon="-2.433986714"><ele>315.0</ele></trkpt>
<trkpt lat="54.78256315" lon="-2.433866705"><ele>315.0</ele></trkpt>
<trkpt lat="54.782494257" lon="-2.433760923"><ele>313.3</ele></trkpt>
<trkpt lat="54.782300998" lon="-2.433204336"><ele>311.7</ele></trkpt>
<trkpt lat="54.782183572" lon="-2.43295145"><ele>310.0</ele></trkpt>
<trkpt lat="54.781924739" lon="-2.432497578"><ele>309.0</ele></trkpt>
<trkpt lat="54.781658806" lon="-2.432138075"><ele>308.0</ele></trkpt>
<trkpt lat="54.781452003" lon="-2.43188131"><ele>307.0</ele></trkpt>
<trkpt lat="54.781193592" lon="-2.43153415"><ele>312.0</ele></trkpt>
<trkpt lat="54.781064465" lon="-2.431338117"><ele>317.0</ele></trkpt>
<trkpt lat="54.780918453" lon="-2.431022112"><ele>322.0</ele></trkpt>
<trkpt lat="54.780738036" lon="-2.430645846"><ele>320.3</ele></trkpt>
<trkpt lat="54.780566219" lon="-2.430284652"><ele>318.7</ele></trkpt>
<trkpt lat="54.780413322" lon="-2.429961638"><ele>317.0</ele></trkpt>
<trkpt lat="54.780361085" lon="-2.429935935"><ele>313.7</ele></trkpt>
<trkpt lat="54.780086669" lon="-2.430259939"><ele>310.3</ele></trkpt>
<trkpt lat="54.779846542" lon="-2.429893939"><ele>307.0</ele></trkpt>
<trkpt lat="54.77967644" lon="-2.429596022"><ele>310.3</ele></trkpt>
<trkpt lat="54.779468292" lon="-2.429055434"><ele>313.7</ele></trkpt>
<trkpt lat="54.779290836" lon="-2.428636311"><ele>317.0</ele></trkpt>
<trkpt lat="54.779019896" lon="-2.427975643"><ele>316.0</ele></trkpt>
<trkpt lat="54.778897447" lon="-2.427676541"><ele>315.0</ele></trkpt>
<trkpt lat="54.778789386" lon="-2.427433132"><ele>314.0</ele></trkpt>
<trkpt lat="54.778635401" lon="-2.426973894"><ele>317.3</ele></trkpt>
<trkpt lat="54.778497168" lon="-2.426460989"><ele>320.7</ele></trkpt>
<trkpt lat="54.778327574" lon="-2.426015051"><ele>324.0</ele></trkpt>
<trkpt lat="54.778136121" lon="-2.425467387"><ele>320.7</ele></trkpt>
<trkpt lat="54.778027498" lon="-2.425193951"><ele>317.3</ele></trkpt>
<trkpt lat="54.777911436" lon="-2.42488012"><ele>314.0</ele></trkpt>
<trkpt lat="54.777826175" lon="-2.424650696"><ele>314.0</ele></trkpt>
<trkpt lat="54.777706295" lon="-2.424177234"><ele>314.0</ele></trkpt>
<trkpt lat="54.777622008" lon="-2.423779977"><ele>314.0</ele></trkpt>
<trkpt lat="54.777520164" lon="-2.423275689"><ele>314.0</ele></trkpt>
<trkpt lat="54.777449593" lon="-2.422944066"><ele>314.0</ele></trkpt>
<trkpt lat="54.777385898" lon="-2.422354011"><ele>314.0</ele></trkpt>
<trkpt lat="54.77730773" lon="-2.421751355"><ele>316.0</ele></trkpt>
<trkpt lat="54.777234207" lon="-2.421283951"><ele>318.0</ele></trkpt>
<trkpt lat="54.777178465" lon="-2.420888651"><ele>320.0</ele></trkpt>
<trkpt lat="54.777099569" lon="-2.420465684"><ele>322.7</ele></trkpt>
<trkpt lat="54.777040763" lon="-2.420214288"><ele>325.3</ele></trkpt>
<trkpt lat="54.776948386" lon="-2.419930698"><ele>328.0</ele></trkpt>
<trkpt lat="54.776892689" lon="-2.419794881"><ele>324.3</ele></trkpt>
<trkpt lat="54.776817017" lon="-2.41967362"><ele>320.7</ele></trkpt>
<trkpt lat="54.776599886" lon="-2.419469491"><ele>317.0</ele></trkpt>
<trkpt lat="54.776406359" lon="-2.419272845"><ele>317.0</ele></trkpt>
<trkpt lat="54.776279411" lon="-2.419109538"><ele>317.0</ele></trkpt>
<trkpt lat="54.776111908" lon="-2.418845355"><ele>317.0</ele></trkpt>
<trkpt lat="54.775888108" lon="-2.418318167"><ele>317.0</ele></trkpt>
<trkpt lat="54.775757385" lon="-2.417872692"><ele>317.0</ele></trkpt>
<trkpt lat="54.775665556" lon="-2.417427626"><ele>317.0</ele></trkpt>
<trkpt lat="54.775569502" lon="-2.416975664"><ele>318.7</ele></trkpt>
<trkpt lat="54.775474212" lon="-2.4165105"><ele>320.3</ele></trkpt>
<trkpt lat="54.775359317" lon="-2.415984455"><ele>322.0</ele></trkpt>
<trkpt lat="54.775251832" lon="-2.415566152"><ele>321.0</ele></trkpt>
<trkpt lat="54.775137254" lon="-2.415203147"><ele>320.0</ele></trkpt>
<trkpt lat="54.77497926" lon="-2.414794841"><ele>319.0</ele></trkpt>
<trkpt lat="54.774902231" lon="-2.414597602"><ele>319.0</ele></trkpt>
<trkpt lat="54.774807424" lon="-2.414355377"><ele>319.0</ele></trkpt>
<trkpt lat="54.774627124" lon="-2.414060581"><ele>319.0</ele></trkpt>
<trkpt lat="54.774526115" lon="-2.413930309"><ele>319.0</ele></trkpt>
<trkpt lat="54.774417523" lon="-2.413834994"><ele>319.0</ele></trkpt>
<trkpt lat="54.774355515" lon="-2.413767074"><ele>319.0</ele></trkpt>
<trkpt lat="54.774239236" lon="-2.413644765"><ele>321.0</ele></trkpt>
<trkpt lat="54.774146201" lon="-2.41354961"><ele>323.0</ele></trkpt>
<trkpt lat="54.774006672" lon="-2.413400155"><ele>325.0</ele></trkpt>
<trkpt lat="54.773890345" lon="-2.413291306"><ele>325.0</ele></trkpt>
<trkpt lat="54.773735304" lon="-2.413128233"><ele>325.0</ele></trkpt>
<trkpt lat="54.773642362" lon="-2.413006168"><ele>325.0</ele></trkpt>
<trkpt lat="54.773464254" lon="-2.412762117"><ele>328.0</ele></trkpt>
<trkpt lat="54.773380827" lon="-2.412617599"><ele>331.0</ele></trkpt>
<trkpt lat="54.773294249" lon="-2.412423949"><ele>334.0</ele></trkpt>
<trkpt lat="54.773145348" lon="-2.412143051"><ele>334.0</ele></trkpt>
<trkpt lat="54.773028527" lon="-2.411928189"><ele>334.0</ele></trkpt>
<trkpt lat="54.772943431" lon="-2.411758453"><ele>334.0</ele></trkpt>
<trkpt lat="54.772745171" lon="-2.411470395"><ele>334.3</ele></trkpt>
<trkpt lat="54.772548704" lon="-2.411240943"><ele>334.7</ele></trkpt>
<trkpt lat="54.772458621" lon="-2.411069733"><ele>335.0</ele></trkpt>
<trkpt lat="54.77240503" lon="-2.410813502"><ele>335.0</ele></trkpt>
<trkpt lat="54.772358988" lon="-2.410624636"><ele>335.0</ele></trkpt>
<trkpt lat="54.772212497" lon="-2.410232901"><ele>335.0</ele></trkpt>
<trkpt lat="54.772104538" lon="-2.40994921"><ele>332.3</ele></trkpt>
<trkpt lat="54.772021794" lon="-2.409746814"><ele>329.7</ele></trkpt>
<trkpt lat="54.771897257" lon="-2.409456071"><ele>327.0</ele></trkpt>
<trkpt lat="54.771768791" lon="-2.409148058"><ele>327.3</ele></trkpt>
<trkpt lat="54.771620483" lon="-2.408815722"><ele>327.7</ele></trkpt>
<trkpt lat="54.771527495" lon="-2.408621796"><ele>328.0</ele></trkpt>
<trkpt lat="54.77142641" lon="-2.408465699"><ele>328.0</ele></trkpt>
<trkpt lat="54.771353135" lon="-2.408334005"><ele>328.0</ele></trkpt>
<trkpt lat="54.771212308" lon="-2.408146492"><ele>328.0</ele></trkpt>
<trkpt lat="54.771113075" lon="-2.408031768"><ele>328.0</ele></trkpt>
<trkpt lat="54.771041688" lon="-2.40793111"><ele>328.0</ele></trkpt>
<trkpt lat="54.771016043" lon="-2.407855036"><ele>328.0</ele></trkpt>
<trkpt lat="54.771000672" lon="-2.407686019"><ele>327.3</ele></trkpt>
<trkpt lat="54.770987085" lon="-2.407516098"><ele>326.7</ele></trkpt>
<trkpt lat="54.770946265" lon="-2.407275379"><ele>326.0</ele></trkpt>
<trkpt lat="54.770849393" lon="-2.407050405"><ele>328.0</ele></trkpt>
<trkpt lat="54.770698949" lon="-2.406759418"><ele>330.0</ele></trkpt>
<trkpt lat="54.770606062" lon="-2.406534488"><ele>332.0</ele></trkpt>
<trkpt lat="54.770532831" lon="-2.406389015"><ele>331.3</ele></trkpt>
<trkpt lat="54.770422473" lon="-2.406026067"><ele>330.7</ele></trkpt>
<trkpt lat="54.770361854" lon="-2.405684294"><ele>330.0</ele></trkpt>
<trkpt lat="54.77030509" lon="-2.405380468"><ele>330.0</ele></trkpt>
<trkpt lat="54.770284066" lon="-2.405315249"><ele>330.0</ele></trkpt>
<trkpt lat="54.770319501" lon="-2.405167528"><ele>330.0</ele></trkpt>
<trkpt lat="54.770485046" lon="-2.404878191"><ele>330.0</ele></trkpt>
<trkpt lat="54.770544743" lon="-2.404524536"><ele>330.0</ele></trkpt>
<trkpt lat="54.77057636" lon="-2.403816347"><ele>330.0</ele></trkpt>
<trkpt lat="54.770600113" lon="-2.403272553"><ele>331.7</ele></trkpt>
<trkpt lat="54.77052537" lon="-2.402651868"><ele>333.3</ele></trkpt>
<trkpt lat="54.770413676" lon="-2.402144685"><ele>335.0</ele></trkpt>
<trkpt lat="54.770272721" lon="-2.401637216"><ele>335.0</ele></trkpt>
<trkpt lat="54.770133933" lon="-2.401303732"><ele>335.0</ele></trkpt>
<trkpt lat="54.769922778" lon="-2.401010653"><ele>335.0</ele></trkpt>
<trkpt lat="54.769682386" lon="-2.400710963"><ele>336.7</ele></trkpt>
<trkpt lat="54.769449516" lon="-2.400348092"><ele>338.3</ele></trkpt>
<trkpt lat="54.769104649" lon="-2.399566624"><ele>340.0</ele></trkpt>
<trkpt lat="54.768842497" lon="-2.399209803"><ele>341.0</ele></trkpt>
<trkpt lat="54.768527216" lon="-2.39888251"><ele>342.0</ele></trkpt>
<trkpt lat="54.768210101" lon="-2.398556785"><ele>343.0</ele></trkpt>
<trkpt lat="54.768017163" lon="-2.39828289"><ele>343.0</ele></trkpt>
<trkpt lat="54.767772796" lon="-2.398078073"><ele>343.0</ele></trkpt>
<trkpt lat="54.767350601" lon="-2.397730772"><ele>343.0</ele></trkpt>
<trkpt lat="54.76687988" lon="-2.39740356"><ele>343.7</ele></trkpt>
<trkpt lat="54.766423621" lon="-2.397127099"><ele>344.3</ele></trkpt>
<trkpt lat="54.766080466" lon="-2.39693398"><ele>345.0</ele></trkpt>
<trkpt lat="54.765733674" lon="-2.396734503"><ele>345.3</ele></trkpt>
<trkpt lat="54.765251461" lon="-2.39656533"><ele>345.7</ele></trkpt>
<trkpt lat="54.765141787" lon="-2.396551606"><ele>346.0</ele></trkpt>
<trkpt lat="54.7649288" lon="-2.396815174"><ele>347.0</ele></trkpt>
<trkpt lat="54.764715668" lon="-2.397123013"><ele>348.0</ele></trkpt>
<trkpt lat="54.764627439" lon="-2.397261299"><ele>349.0</ele></trkpt>
<trkpt lat="54.764552321" lon="-2.397304838"><ele>349.0</ele></trkpt>
<trkpt lat="54.764447977" lon="-2.397338602"><ele>349.0</ele></trkpt>
<trkpt lat="54.764231839" lon="-2.39744717"><ele>349.0</ele></trkpt>
<trkpt lat="54.76412975" lon="-2.397490443"><ele>350.7</ele></trkpt>
<trkpt lat="54.764005343" lon="-2.397508198"><ele>352.3</ele></trkpt>
<trkpt lat="54.763855398" lon="-2.397506727"><ele>354.0</ele></trkpt>
<trkpt lat="54.763729183" lon="-2.397518139"><ele>356.7</ele></trkpt>
<trkpt lat="54.763644891" lon="-2.397571073"><ele>359.3</ele></trkpt>
<trkpt lat="54.763503622" lon="-2.397711996"><ele>362.0</ele></trkpt>
<trkpt lat="54.763293406" lon="-2.397826942"><ele>364.3</ele></trkpt>
<trkpt lat="54.763071699" lon="-2.397960748"><ele>366.7</ele></trkpt>
<trkpt lat="54.762754469" lon="-2.398226434"><ele>369.0</ele></trkpt>
<trkpt lat="54.762535473" lon="-2.39836975"><ele>371.3</ele></trkpt>
<trkpt lat="54.762344946" lon="-2.398475396"><ele>373.7</ele></trkpt>
<trkpt lat="54.762117898" lon="-2.398564871"><ele>376.0</ele></trkpt>
<trkpt lat="54.7619823" lon="-2.39864892"><ele>379.7</ele></trkpt>
<trkpt lat="54.761861207" lon="-2.398771058"><ele>383.3</ele></trkpt>
<trkpt lat="54.7616995" lon="-2.3990098"><ele>387.0</ele></trkpt>
<trkpt lat="54.761401066" lon="-2.3993974"><ele>388.7</ele></trkpt>
<trkpt lat="54.761019342" lon="-2.399811052"><ele>390.3</ele></trkpt>
<trkpt lat="54.76090925" lon="-2.399923806"><ele>392.0</ele></trkpt>
<trkpt lat="54.760809995" lon="-2.400077775"><ele>397.7</ele></trkpt>
<trkpt lat="54.760578735" lon="-2.400334792"><ele>403.3</ele></trkpt>
<trkpt lat="54.760355087" lon="-2.400640104"><ele>409.0</ele></trkpt>
<trkpt lat="54.760252278" lon="-2.400762412"><ele>409.0</ele></trkpt>
<trkpt lat="54.7601074" lon="-2.400887466"><ele>409.0</ele></trkpt>
<trkpt lat="54.760039491" lon="-2.400962686"><ele>409.0</ele></trkpt>
<trkpt lat="54.760009899" lon="-2.401063582"><ele>412.7</ele></trkpt>
<trkpt lat="54.760013043" lon="-2.401218558"><ele>416.3</ele></trkpt>
<trkpt lat="54.760043523" lon="-2.401402264"><ele>420.0</ele></trkpt>
<trkpt lat="54.760240884" lon="-2.402545758"><ele>422.7</ele></trkpt>
<trkpt lat="54.760381108" lon="-2.403271287"><ele>425.3</ele></trkpt>
<trkpt lat="54.76047469" lon="-2.40372441"><ele>428.0</ele></trkpt>
<trkpt lat="54.760452052" lon="-2.403932888"><ele>430.3</ele></trkpt>
<trkpt lat="54.760333567" lon="-2.404368087"><ele>432.7</ele></trkpt>
<trkpt lat="54.760081715" lon="-2.405312638"><ele>435.0</ele></trkpt>
<trkpt lat="54.759892764" lon="-2.406038039"><ele>439.0</ele></trkpt>
<trkpt lat="54.759633851" lon="-2.407039417"><ele>443.0</ele></trkpt>
<trkpt lat="54.759476412" lon="-2.407635473"><ele>447.0</ele></trkpt>
<trkpt lat="54.759135056" lon="-2.408949045"><ele>454.3</ele></trkpt>
<trkpt lat="54.759460931" lon="-2.410462235"><ele>461.7</ele></trkpt>
<trkpt lat="54.759530736" lon="-2.410908799"><ele>469.0</ele></trkpt>
<trkpt lat="54.75960654" lon="-2.411203643"><ele>476.3</ele></trkpt>
<trkpt lat="54.759825026" lon="-2.412292051"><ele>483.7</ele></trkpt>
<trkpt lat="54.760392598" lon="-2.414971835"><ele>491.0</ele></trkpt>
<trkpt lat="54.760389076" lon="-2.415199476"><ele>493.3</ele></trkpt>
<trkpt lat="54.760319057" lon="-2.415620908"><ele>495.7</ele></trkpt>
<trkpt lat="54.760259992" lon="-2.416047194"><ele>498.0</ele></trkpt>
<trkpt lat="54.759959281" lon="-2.418142979"><ele>505.0</ele></trkpt>
<trkpt lat="54.759936864" lon="-2.418280301"><ele>512.0</ele></trkpt>
<trkpt lat="54.759887262" lon="-2.418346194"><ele>519.0</ele></trkpt>
<trkpt lat="54.759810526" lon="-2.41832643"><ele>519.0</ele></trkpt>
<trkpt lat="54.759733921" lon="-2.418268721"><ele>519.0</ele></trkpt>
<trkpt lat="54.759476121" lon="-2.418256575"><ele>519.0</ele></trkpt>
<trkpt lat="54.757567837" lon="-2.418410007"><ele>531.3</ele></trkpt>
<trkpt lat="54.757068597" lon="-2.418414341"><ele>543.7</ele></trkpt>
<trkpt lat="54.756613243" lon="-2.418419128"><ele>556.0</ele></trkpt>
<trkpt lat="54.756219432" lon="-2.418474348"><ele>556.0</ele></trkpt>
<trkpt lat="54.756118532" lon="-2.418501764"><ele>556.0</ele></trkpt>
<trkpt lat="54.755954954" lon="-2.418609158"><ele>556.0</ele></trkpt>
<trkpt lat="54.755296322" lon="-2.419096782"><ele>558.7</ele></trkpt>
<trkpt lat="54.754582736" lon="-2.419611091"><ele>561.3</ele></trkpt>
<trkpt lat="54.753948889" lon="-2.420069297"><ele>564.0</ele></trkpt>
<trkpt lat="54.753771442" lon="-2.420220404"><ele>563.3</ele></trkpt>
<trkpt lat="54.753617544" lon="-2.420304174"><ele>562.7</ele></trkpt>
<trkpt lat="54.753008045" lon="-2.42046384"><ele>562.0</ele></trkpt>
<trkpt lat="54.752097068" lon="-2.420748417"><ele>561.3</ele></trkpt>
<trkpt lat="54.751277209" lon="-2.421057638"><ele>560.7</ele></trkpt>
<trkpt lat="54.750940857" lon="-2.421153731"><ele>560.0</ele></trkpt>
<trkpt lat="54.750488015" lon="-2.421224902"><ele>561.7</ele></trkpt>
<trkpt lat="54.750161507" lon="-2.421251148"><ele>563.3</ele></trkpt>
<trkpt lat="54.749977386" lon="-2.421348818"><ele>565.0</ele></trkpt>
<trkpt lat="54.749083634" lon="-2.422003403"><ele>565.3</ele></trkpt>
<trkpt lat="54.748915028" lon="-2.422098891"><ele>565.7</ele></trkpt>
<trkpt lat="54.748642152" lon="-2.422284293"><ele>566.0</ele></trkpt>
<trkpt lat="54.748328198" lon="-2.422539857"><ele>567.0</ele></trkpt>
<trkpt lat="54.748155382" lon="-2.422655709"><ele>568.0</ele></trkpt>
<trkpt lat="54.747959443" lon="-2.42289681"><ele>569.0</ele></trkpt>
<trkpt lat="54.747467339" lon="-2.423495609"><ele>570.0</ele></trkpt>
<trkpt lat="54.747253004" lon="-2.4238071"><ele>571.0</ele></trkpt>
<trkpt lat="54.747010953" lon="-2.424259474"><ele>572.0</ele></trkpt>
<trkpt lat="54.746859968" lon="-2.42461868"><ele>573.0</ele></trkpt>
<trkpt lat="54.746791418" lon="-2.424759138"><ele>574.0</ele></trkpt>
<trkpt lat="54.746214968" lon="-2.425482155"><ele>575.0</ele></trkpt>
<trkpt lat="54.74593901" lon="-2.42588744"><ele>575.3</ele></trkpt>
<trkpt lat="54.745619794" lon="-2.42634682"><ele>575.7</ele></trkpt>
<trkpt lat="54.745341546" lon="-2.426767409"><ele>576.0</ele></trkpt>
<trkpt lat="54.745222949" lon="-2.426946545"><ele>575.3</ele></trkpt>
<trkpt lat="54.745022741" lon="-2.427109136"><ele>574.7</ele></trkpt>
<trkpt lat="54.744582025" lon="-2.427355613"><ele>574.0</ele></trkpt>
<trkpt lat="54.744131416" lon="-2.427687945"><ele>575.3</ele></trkpt>
<trkpt lat="54.743898755" lon="-2.428046251"><ele>576.7</ele></trkpt>
<trkpt lat="54.743788898" lon="-2.42831958"><ele>578.0</ele></trkpt>
<trkpt lat="54.743720067" lon="-2.428538444"><ele>579.0</ele></trkpt>
<trkpt lat="54.743654829" lon="-2.429023992"><ele>580.0</ele></trkpt>
<trkpt lat="54.743622376" lon="-2.429219711"><ele>581.0</ele></trkpt>
<trkpt lat="54.743553543" lon="-2.429438573"><ele>581.0</ele></trkpt>
<trkpt lat="54.743534534" lon="-2.429681489"><ele>581.0</ele></trkpt>
<trkpt lat="54.743493173" lon="-2.429830059"><ele>581.0</ele></trkpt>
<trkpt lat="54.743299689" lon="-2.430060354"><ele>585.0</ele></trkpt>
<trkpt lat="54.743096088" lon="-2.430492455"><ele>589.0</ele></trkpt>
<trkpt lat="54.742913716" lon="-2.430741475"><ele>593.0</ele></trkpt>
<trkpt lat="54.742604225" lon="-2.431012669"><ele>595.0</ele></trkpt>
<trkpt lat="54.742504243" lon="-2.43105866"><ele>597.0</ele></trkpt>
<trkpt lat="54.742118821" lon="-2.430991827"><ele>599.0</ele></trkpt>
<trkpt lat="54.741554456" lon="-2.430923787"><ele>601.3</ele></trkpt>
<trkpt lat="54.740936217" lon="-2.430933658"><ele>603.7</ele></trkpt>
<trkpt lat="54.740417532" lon="-2.430950225"><ele>606.0</ele></trkpt>
<trkpt lat="54.739750622" lon="-2.430935299"><ele>607.0</ele></trkpt>
<trkpt lat="54.739518761" lon="-2.431066146"><ele>608.0</ele></trkpt>
<trkpt lat="54.739414131" lon="-2.431143451"><ele>609.0</ele></trkpt>
<trkpt lat="54.738918121" lon="-2.431553786"><ele>610.0</ele></trkpt>
<trkpt lat="54.738572136" lon="-2.431879451"><ele>611.0</ele></trkpt>
<trkpt lat="54.738148463" lon="-2.432361111"><ele>612.0</ele></trkpt>
<trkpt lat="54.737925255" lon="-2.432609657"><ele>610.3</ele></trkpt>
<trkpt lat="54.737738762" lon="-2.432740973"><ele>608.7</ele></trkpt>
<trkpt lat="54.737302454" lon="-2.432948034"><ele>607.0</ele></trkpt>
<trkpt lat="54.73697061" lon="-2.433124842"><ele>606.0</ele></trkpt>
<trkpt lat="54.73664795" lon="-2.43327038"><ele>605.0</ele></trkpt>
<trkpt lat="54.736357527" lon="-2.433282961"><ele>604.0</ele></trkpt>
<trkpt lat="54.73616224" lon="-2.433335764"><ele>604.0</ele></trkpt>
<trkpt lat="54.736084718" lon="-2.433444711"><ele>604.0</ele></trkpt>
<trkpt lat="54.736016047" lon="-2.43361648"><ele>604.0</ele></trkpt>
<trkpt lat="54.735915644" lon="-2.433780069"><ele>601.7</ele></trkpt>
<trkpt lat="54.735574611" lon="-2.43398813"><ele>599.3</ele></trkpt>
<trkpt lat="54.735188012" lon="-2.434250586"><ele>597.0</ele></trkpt>
<trkpt lat="54.734837876" lon="-2.434466382"><ele>600.0</ele></trkpt>
<trkpt lat="54.734437721" lon="-2.434713002"><ele>603.0</ele></trkpt>
<trkpt lat="54.734133068" lon="-2.434897914"><ele>606.0</ele></trkpt>
<trkpt lat="54.733751115" lon="-2.435129041"><ele>604.7</ele></trkpt>
<trkpt lat="54.733291809" lon="-2.435422056"><ele>603.3</ele></trkpt>
<trkpt lat="54.732855299" lon="-2.435683947"><ele>602.0</ele></trkpt>
<trkpt lat="54.732539446" lon="-2.435890053"><ele>604.3</ele></trkpt>
<trkpt lat="54.732322751" lon="-2.436156492"><ele>606.7</ele></trkpt>
<trkpt lat="54.732109229" lon="-2.436232601"><ele>609.0</ele></trkpt>
<trkpt lat="54.731827681" lon="-2.436300136"><ele>607.0</ele></trkpt>
<trkpt lat="54.731214707" lon="-2.43642683"><ele>605.0</ele></trkpt>
<trkpt lat="54.73102373" lon="-2.436542379"><ele>603.0</ele></trkpt>
<trkpt lat="54.730900553" lon="-2.436729215"><ele>605.0</ele></trkpt>
<trkpt lat="54.730795014" lon="-2.437057361"><ele>607.0</ele></trkpt>
<trkpt lat="54.730671978" lon="-2.437204998"><ele>609.0</ele></trkpt>
<trkpt lat="54.730272015" lon="-2.437396688"><ele>611.0</ele></trkpt>
<trkpt lat="54.729984953" lon="-2.437440285"><ele>613.0</ele></trkpt>
<trkpt lat="54.729661833" lon="-2.437371069"><ele>615.0</ele></trkpt>
<trkpt lat="54.729319867" lon="-2.437213953"><ele>614.0</ele></trkpt>
<trkpt lat="54.729016539" lon="-2.437030372"><ele>613.0</ele></trkpt>
<trkpt lat="54.728735952" lon="-2.436831361"><ele>612.0</ele></trkpt>
<trkpt lat="54.728296964" lon="-2.436520893"><ele>614.7</ele></trkpt>
<trkpt lat="54.727971091" lon="-2.436297884"><ele>617.3</ele></trkpt>
<trkpt lat="54.727699464" lon="-2.436130335"><ele>620.0</ele></trkpt>
<trkpt lat="54.727228067" lon="-2.435999841"><ele>617.3</ele></trkpt>
<trkpt lat="54.726942377" lon="-2.435957576"><ele>614.7</ele></trkpt>
<trkpt lat="54.72650705" lon="-2.435890188"><ele>612.0</ele></trkpt>
<trkpt lat="54.726253119" lon="-2.435848266"><ele>609.3</ele></trkpt>
<trkpt lat="54.726148457" lon="-2.435933373"><ele>606.7</ele></trkpt>
<trkpt lat="54.725865725" lon="-2.43633013"><ele>604.0</ele></trkpt>
<trkpt lat="54.725678719" lon="-2.436602488"><ele>608.3</ele></trkpt>
<trkpt lat="54.725369016" lon="-2.436928395"><ele>612.7</ele></trkpt>
<trkpt lat="54.724982556" lon="-2.43735352"><ele>617.0</ele></trkpt>
<trkpt lat="54.724639588" lon="-2.437892563"><ele>615.3</ele></trkpt>
<trkpt lat="54.72452344" lon="-2.438071575"><ele>613.7</ele></trkpt>
<trkpt lat="54.724374912" lon="-2.438313003"><ele>612.0</ele></trkpt>
<trkpt lat="54.724305757" lon="-2.438426191"><ele>614.7</ele></trkpt>
<trkpt lat="54.724197136" lon="-2.438518558"><ele>617.3</ele></trkpt>
<trkpt lat="54.724069798" lon="-2.438623257"><ele>620.0</ele></trkpt>
<trkpt lat="54.723912272" lon="-2.438755104"><ele>621.0</ele></trkpt>
<trkpt lat="54.72355513" lon="-2.439166402"><ele>622.0</ele></trkpt>
<trkpt lat="54.72326294" lon="-2.439471062"><ele>623.0</ele></trkpt>
<trkpt lat="54.722957651" lon="-2.439730656"><ele>624.3</ele></trkpt>
<trkpt lat="54.722633339" lon="-2.439990039"><ele>625.7</ele></trkpt>
<trkpt lat="54.722328346" lon="-2.440167472"><ele>627.0</ele></trkpt>
<trkpt lat="54.721880519" lon="-2.440392648"><ele>629.0</ele></trkpt>
<trkpt lat="54.721632889" lon="-2.440488547"><ele>631.0</ele></trkpt>
<trkpt lat="54.721453971" lon="-2.440538878"><ele>633.0</ele></trkpt>
<trkpt lat="54.72120435" lon="-2.440559684"><ele>633.0</ele></trkpt>
<trkpt lat="54.721036681" lon="-2.440502997"><ele>633.0</ele></trkpt>
<trkpt lat="54.720896291" lon="-2.440430931"><ele>633.0</ele></trkpt>
<trkpt lat="54.720710789" lon="-2.440363529"><ele>635.3</ele></trkpt>
<trkpt lat="54.720444554" lon="-2.440344211"><ele>637.7</ele></trkpt>
<trkpt lat="54.720256972" lon="-2.440314262"><ele>640.0</ele></trkpt>
<trkpt lat="54.72008562" lon="-2.440614513"><ele>643.0</ele></trkpt>
<trkpt lat="54.719984127" lon="-2.440799093"><ele>646.0</ele></trkpt>
<trkpt lat="54.71992592" lon="-2.441112685"><ele>649.0</ele></trkpt>
<trkpt lat="54.719806275" lon="-2.441647411"><ele>650.7</ele></trkpt>
<trkpt lat="54.719698136" lon="-2.441960455"><ele>652.3</ele></trkpt>
<trkpt lat="54.719629858" lon="-2.44210142"><ele>654.0</ele></trkpt>
<trkpt lat="54.719429485" lon="-2.442277911"><ele>658.3</ele></trkpt>
<trkpt lat="54.719192885" lon="-2.442608034"><ele>662.7</ele></trkpt>
<trkpt lat="54.718927393" lon="-2.443036416"><ele>667.0</ele></trkpt>
<trkpt lat="54.718784398" lon="-2.443127271"><ele>669.7</ele></trkpt>
<trkpt lat="54.718544575" lon="-2.443947218"><ele>672.3</ele></trkpt>
<trkpt lat="54.718450539" lon="-2.444303529"><ele>675.0</ele></trkpt>
<trkpt lat="54.718347194" lon="-2.444668908"><ele>676.0</ele></trkpt>
<trkpt lat="54.718285411" lon="-2.444982443"><ele>677.0</ele></trkpt>
<trkpt lat="54.71835745" lon="-2.445166475"><ele>678.0</ele></trkpt>
<trkpt lat="54.718375819" lon="-2.445410745"><ele>683.3</ele></trkpt>
<trkpt lat="54.718362568" lon="-2.44552154"><ele>688.7</ele></trkpt>
<trkpt lat="54.718259244" lon="-2.445675721"><ele>694.0</ele></trkpt>
<trkpt lat="54.718175595" lon="-2.445719177"><ele>694.0</ele></trkpt>
<trkpt lat="54.718122113" lon="-2.445744612"><ele>694.0</ele></trkpt>
<trkpt lat="54.718021777" lon="-2.445872891"><ele>694.0</ele></trkpt>
<trkpt lat="54.71792812" lon="-2.44612446"><ele>693.7</ele></trkpt>
<trkpt lat="54.717798503" lon="-2.446455725"><ele>693.3</ele></trkpt>
<trkpt lat="54.717715589" lon="-2.446695088"><ele>693.0</ele></trkpt>
<trkpt lat="54.717646941" lon="-2.446934608"><ele>695.0</ele></trkpt>
<trkpt lat="54.717630901" lon="-2.447414981"><ele>697.0</ele></trkpt>
<trkpt lat="54.717664015" lon="-2.448105366"><ele>699.0</ele></trkpt>
<trkpt lat="54.71765613" lon="-2.448308588"><ele>699.0</ele></trkpt>
<trkpt lat="54.717619918" lon="-2.448456049"><ele>699.0</ele></trkpt>
<trkpt lat="54.717555153" lon="-2.448609356"><ele>699.0</ele></trkpt>
<trkpt lat="54.717469034" lon="-2.448750105"><ele>701.0</ele></trkpt>
<trkpt lat="54.717183334" lon="-2.449202785"><ele>703.0</ele></trkpt>
<trkpt lat="54.717153224" lon="-2.449276445"><ele>705.0</ele></trkpt>
<trkpt lat="54.717131134" lon="-2.449424081"><ele>705.0</ele></trkpt>
<trkpt lat="54.71710487" lon="-2.449579101"><ele>705.0</ele></trkpt>
<trkpt lat="54.717069642" lon="-2.449694454"><ele>705.0</ele></trkpt>
<trkpt lat="54.716976503" lon="-2.449804317"><ele>705.0</ele></trkpt>
<trkpt lat="54.716901248" lon="-2.449848892"><ele>705.0</ele></trkpt>
<trkpt lat="54.716851289" lon="-2.449907663"><ele>705.0</ele></trkpt>
<trkpt lat="54.716833022" lon="-2.450024514"><ele>706.0</ele></trkpt>
<trkpt lat="54.71682159" lon="-2.450221532"><ele>707.0</ele></trkpt>
<trkpt lat="54.716799665" lon="-2.450362987"><ele>708.0</ele></trkpt>
<trkpt lat="54.716773846" lon="-2.450518384"><ele>708.0</ele></trkpt>
<trkpt lat="54.716737936" lon="-2.450658018"><ele>708.0</ele></trkpt>
<trkpt lat="54.716771741" lon="-2.451084133"><ele>708.0</ele></trkpt>
<trkpt lat="54.716809654" lon="-2.451250957"><ele>709.7</ele></trkpt>
<trkpt lat="54.716873089" lon="-2.451462441"><ele>711.3</ele></trkpt>
<trkpt lat="54.716885271" lon="-2.451640072"><ele>713.0</ele></trkpt>
<trkpt lat="54.71684587" lon="-2.451872601"><ele>713.0</ele></trkpt>
<trkpt lat="54.716864185" lon="-2.452127956"><ele>713.0</ele></trkpt>
<trkpt lat="54.716908683" lon="-2.452250483"><ele>713.0</ele></trkpt>
<trkpt lat="54.717054881" lon="-2.452700763"><ele>714.3</ele></trkpt>
<trkpt lat="54.717273674" lon="-2.453325448"><ele>715.7</ele></trkpt>
<trkpt lat="54.717436139" lon="-2.453752361"><ele>717.0</ele></trkpt>
<trkpt lat="54.717793324" lon="-2.454563434"><ele>714.7</ele></trkpt>
<trkpt lat="54.717881468" lon="-2.454835503"><ele>712.3</ele></trkpt>
<trkpt lat="54.717986356" lon="-2.455397324"><ele>710.0</ele></trkpt>
<trkpt lat="54.718056063" lon="-2.455829373"><ele>710.7</ele></trkpt>
<trkpt lat="54.71810796" lon="-2.456255062"><ele>711.3</ele></trkpt>
<trkpt lat="54.718168766" lon="-2.457155249"><ele>712.0</ele></trkpt>
<trkpt lat="54.718223108" lon="-2.457876695"><ele>712.3</ele></trkpt>
<trkpt lat="54.71824628" lon="-2.458351354"><ele>712.7</ele></trkpt>
<trkpt lat="54.718217537" lon="-2.459349108"><ele>713.0</ele></trkpt>
<trkpt lat="54.718207507" lon="-2.460112956"><ele>713.0</ele></trkpt>
<trkpt lat="54.718199537" lon="-2.461271132"><ele>713.0</ele></trkpt>
<trkpt lat="54.718203995" lon="-2.461973534"><ele>713.0</ele></trkpt>
<trkpt lat="54.718205752" lon="-2.462447951"><ele>711.7</ele></trkpt>
<trkpt lat="54.718215511" lon="-2.462694501"><ele>710.3</ele></trkpt>
<trkpt lat="54.718182095" lon="-2.463039134"><ele>709.0</ele></trkpt>
<trkpt lat="54.718137179" lon="-2.463593111"><ele>706.0</ele></trkpt>
<trkpt lat="54.71806987" lon="-2.46440559"><ele>703.0</ele></trkpt>
<trkpt lat="54.718046818" lon="-2.464836593"><ele>700.0</ele></trkpt>
<trkpt lat="54.718026455" lon="-2.465495583"><ele>697.7</ele></trkpt>
<trkpt lat="54.718004371" lon="-2.465673997"><ele>695.3</ele></trkpt>
<trkpt lat="54.717957155" lon="-2.465895249"><ele>693.0</ele></trkpt>
<trkpt lat="54.71790963" lon="-2.46619659"><ele>691.3</ele></trkpt>
<trkpt lat="54.717753428" lon="-2.466934106"><ele>689.7</ele></trkpt>
<trkpt lat="54.717659109" lon="-2.467345802"><ele>688.0</ele></trkpt>
<trkpt lat="54.717571257" lon="-2.467930076"><ele>690.0</ele></trkpt>
<trkpt lat="54.717418898" lon="-2.468593695"><ele>692.0</ele></trkpt>
<trkpt lat="54.717353773" lon="-2.468833216"><ele>694.0</ele></trkpt>
<trkpt lat="54.717087761" lon="-2.469372298"><ele>694.0</ele></trkpt>
<trkpt lat="54.716901067" lon="-2.469690501"><ele>694.0</ele></trkpt>
<trkpt lat="54.716692997" lon="-2.470002294"><ele>694.0</ele></trkpt>
<trkpt lat="54.716470688" lon="-2.470305785"><ele>690.0</ele></trkpt>
<trkpt lat="54.716270057" lon="-2.470539542"><ele>686.0</ele></trkpt>
<trkpt lat="54.715628414" lon="-2.471369949"><ele>682.0</ele></trkpt>
<trkpt lat="54.715430944" lon="-2.47170649"><ele>687.0</ele></trkpt>
<trkpt lat="54.715294748" lon="-2.471877403"><ele>692.0</ele></trkpt>
<trkpt lat="54.71474324" lon="-2.472456239"><ele>697.0</ele></trkpt>
<trkpt lat="54.714545767" lon="-2.472792767"><ele>690.3</ele></trkpt>
<trkpt lat="54.714466008" lon="-2.472880438"><ele>683.7</ele></trkpt>
<trkpt lat="54.714298794" lon="-2.473017826"><ele>677.0</ele></trkpt>
<trkpt lat="54.714223516" lon="-2.473115516"><ele>683.7</ele></trkpt>
<trkpt lat="54.714040931" lon="-2.473292039"><ele>690.3</ele></trkpt>
<trkpt lat="54.713865502" lon="-2.473462484"><ele>697.0</ele></trkpt>
<trkpt lat="54.713786454" lon="-2.473535975"><ele>694.0</ele></trkpt>
<trkpt lat="54.71377309" lon="-2.473668931"><ele>691.0</ele></trkpt>
<trkpt lat="54.713766191" lon="-2.47379087"><ele>688.0</ele></trkpt>
<trkpt lat="54.713804074" lon="-2.473957705"><ele>688.0</ele></trkpt>
<trkpt lat="54.713848681" lon="-2.474046969"><ele>688.0</ele></trkpt>
<trkpt lat="54.713854756" lon="-2.474135783"><ele>688.0</ele></trkpt>
<trkpt lat="54.713853802" lon="-2.47437981"><ele>688.0</ele></trkpt>
<trkpt lat="54.71382412" lon="-2.474579136"><ele>688.0</ele></trkpt>
<trkpt lat="54.713784808" lon="-2.474778345"><ele>688.0</ele></trkpt>
<trkpt lat="54.713551878" lon="-2.475219331"><ele>691.0</ele></trkpt>
<trkpt lat="54.713435238" lon="-2.47548419"><ele>694.0</ele></trkpt>
<trkpt lat="54.71324566" lon="-2.476005601"><ele>697.0</ele></trkpt>
<trkpt lat="54.713208714" lon="-2.47633166"><ele>695.3</ele></trkpt>
<trkpt lat="54.713197046" lon="-2.476577933"><ele>693.7</ele></trkpt>
<trkpt lat="54.713142049" lon="-2.476959222"><ele>692.0</ele></trkpt>
<trkpt lat="54.713091052" lon="-2.477229674"><ele>691.0</ele></trkpt>
<trkpt lat="54.713085983" lon="-2.477611548"><ele>690.0</ele></trkpt>
<trkpt lat="54.713059949" lon="-2.477882291"><ele>689.0</ele></trkpt>
<trkpt lat="54.71304117" lon="-2.478122318"><ele>689.0</ele></trkpt>
<trkpt lat="54.713047818" lon="-2.478245602"><ele>689.0</ele></trkpt>
<trkpt lat="54.713085955" lon="-2.478523261"><ele>689.0</ele></trkpt>
<trkpt lat="54.71309578" lon="-2.478745145"><ele>688.7</ele></trkpt>
<trkpt lat="54.713105335" lon="-2.479034789"><ele>688.3</ele></trkpt>
<trkpt lat="54.713064741" lon="-2.479379282"><ele>688.0</ele></trkpt>
<trkpt lat="54.712896371" lon="-2.480467649"><ele>688.0</ele></trkpt>
<trkpt lat="54.712856139" lon="-2.480719741"><ele>688.0</ele></trkpt>
<trkpt lat="54.712855064" lon="-2.480990777"><ele>688.0</ele></trkpt>
<trkpt lat="54.712850838" lon="-2.481157052"><ele>689.0</ele></trkpt>
<trkpt lat="54.712760303" lon="-2.481333125"><ele>690.0</ele></trkpt>
<trkpt lat="54.712630497" lon="-2.481675452"><ele>691.0</ele></trkpt>
<trkpt lat="54.712513049" lon="-2.482139942"><ele>691.0</ele></trkpt>
<trkpt lat="54.712524351" lon="-2.48252831"><ele>691.0</ele></trkpt>
<trkpt lat="54.712555225" lon="-2.482839267"><ele>691.0</ele></trkpt>
<trkpt lat="54.712595907" lon="-2.48310597"><ele>691.0</ele></trkpt>
<trkpt lat="54.712621108" lon="-2.483228286"><ele>691.0</ele></trkpt>
<trkpt lat="54.71264609" lon="-2.48340606"><ele>691.0</ele></trkpt>
<trkpt lat="54.712624257" lon="-2.484049164"><ele>699.3</ele></trkpt>
<trkpt lat="54.712583731" lon="-2.48454784"><ele>707.7</ele></trkpt>
<trkpt lat="54.712485407" lon="-2.48504583"><ele>716.0</ele></trkpt>
<trkpt lat="54.712400101" lon="-2.485499604"><ele>717.7</ele></trkpt>
<trkpt lat="54.712249953" lon="-2.486107893"><ele>719.3</ele></trkpt>
<trkpt lat="54.712145287" lon="-2.486583612"><ele>721.0</ele></trkpt>
<trkpt lat="54.712066398" lon="-2.487037456"><ele>723.3</ele></trkpt>
<trkpt lat="54.712032639" lon="-2.487447466"><ele>725.7</ele></trkpt>
<trkpt lat="54.712015916" lon="-2.487613651"><ele>728.0</ele></trkpt>
<trkpt lat="54.712015068" lon="-2.487824397"><ele>730.3</ele></trkpt>
<trkpt lat="54.711916687" lon="-2.488333463"><ele>732.7</ele></trkpt>
<trkpt lat="54.711759071" lon="-2.48919677"><ele>735.0</ele></trkpt>
<trkpt lat="54.71160859" lon="-2.489882675"><ele>742.3</ele></trkpt>
<trkpt lat="54.711517024" lon="-2.490291985"><ele>749.7</ele></trkpt>
<trkpt lat="54.711387014" lon="-2.490678641"><ele>757.0</ele></trkpt>
<trkpt lat="54.711160585" lon="-2.491086316"><ele>759.0</ele></trkpt>
<trkpt lat="54.710998461" lon="-2.491472577"><ele>761.0</ele></trkpt>
<trkpt lat="54.710940034" lon="-2.491627159"><ele>763.0</ele></trkpt>
<trkpt lat="54.710920183" lon="-2.491771117"><ele>763.0</ele></trkpt>
<trkpt lat="54.71095438" lon="-2.49204883"><ele>763.0</ele></trkpt>
<trkpt lat="54.71098586" lon="-2.492204505"><ele>763.0</ele></trkpt>
<trkpt lat="54.711029508" lon="-2.492526705"><ele>765.3</ele></trkpt>
<trkpt lat="54.711034758" lon="-2.492815164"><ele>767.7</ele></trkpt>
<trkpt lat="54.711078362" lon="-2.493148454"><ele>770.0</ele></trkpt>
<trkpt lat="54.711051454" lon="-2.493447615"><ele>771.3</ele></trkpt>
<trkpt lat="54.711031556" lon="-2.493602663"><ele>772.7</ele></trkpt>
<trkpt lat="54.7109341" lon="-2.493878781"><ele>774.0</ele></trkpt>
<trkpt lat="54.710726878" lon="-2.494297757"><ele>776.3</ele></trkpt>
<trkpt lat="54.710519293" lon="-2.494805461"><ele>778.7</ele></trkpt>
<trkpt lat="54.71037032" lon="-2.495114218"><ele>781.0</ele></trkpt>
<trkpt lat="54.710002002" lon="-2.495664317"><ele>782.0</ele></trkpt>
<trkpt lat="54.709710516" lon="-2.49627081"><ele>783.0</ele></trkpt>
<trkpt lat="54.709253542" lon="-2.497296744"><ele>784.0</ele></trkpt>
<trkpt lat="54.709039066" lon="-2.497915246"><ele>783.3</ele></trkpt>
<trkpt lat="54.708915043" lon="-2.498401751"><ele>782.7</ele></trkpt>
<trkpt lat="54.708869041" lon="-2.498656293"><ele>782.0</ele></trkpt>
<trkpt lat="54.708829051" lon="-2.499010727"><ele>780.0</ele></trkpt>
<trkpt lat="54.708775939" lon="-2.499431555"><ele>778.0</ele></trkpt>
<trkpt lat="54.708735947" lon="-2.499785987"><ele>776.0</ele></trkpt>
<trkpt lat="54.708657558" lon="-2.500106675"><ele>772.3</ele></trkpt>
<trkpt lat="54.70851426" lon="-2.500592935"><ele>768.7</ele></trkpt>
<trkpt lat="54.708342474" lon="-2.500979012"><ele>765.0</ele></trkpt>
<trkpt lat="54.708062754" lon="-2.501840686"><ele>762.3</ele></trkpt>
<trkpt lat="54.708003945" lon="-2.502083968"><ele>759.7</ele></trkpt>
<trkpt lat="54.708002935" lon="-2.502327966"><ele>757.0</ele></trkpt>
<trkpt lat="54.708039952" lon="-2.502694435"><ele>755.0</ele></trkpt>
<trkpt lat="54.708052152" lon="-2.502849864"><ele>753.0</ele></trkpt>
<trkpt lat="54.708005681" lon="-2.5032153"><ele>751.0</ele></trkpt>
<trkpt lat="54.707985724" lon="-2.503381424"><ele>751.0</ele></trkpt>
<trkpt lat="54.708023889" lon="-2.503470628"><ele>751.0</ele></trkpt>
<trkpt lat="54.708061315" lon="-2.503737284"><ele>751.0</ele></trkpt>
<trkpt lat="54.70805915" lon="-2.504258547"><ele>747.0</ele></trkpt>
<trkpt lat="54.708057721" lon="-2.50460236"><ele>743.0</ele></trkpt>
<trkpt lat="54.708063985" lon="-2.505412106"><ele>739.0</ele></trkpt>
<trkpt lat="54.708061951" lon="-2.505900101"><ele>735.0</ele></trkpt>
<trkpt lat="54.7080224" lon="-2.506143614"><ele>731.0</ele></trkpt>
<trkpt lat="54.707983315" lon="-2.506276223"><ele>727.0</ele></trkpt>
<trkpt lat="54.707976012" lon="-2.50648687"><ele>727.0</ele></trkpt>
<trkpt lat="54.707948611" lon="-2.506896903"><ele>727.0</ele></trkpt>
<trkpt lat="54.707850334" lon="-2.507361511"><ele>727.0</ele></trkpt>
<trkpt lat="54.707732742" lon="-2.507836964"><ele>716.0</ele></trkpt>
<trkpt lat="54.707562565" lon="-2.508600128"><ele>705.0</ele></trkpt>
<trkpt lat="54.707451019" lon="-2.509164381"><ele>694.0</ele></trkpt>
<trkpt lat="54.707303219" lon="-2.509949995"><ele>687.3</ele></trkpt>
<trkpt lat="54.707191666" lon="-2.510514241"><ele>680.7</ele></trkpt>
<trkpt lat="54.707033755" lon="-2.511410629"><ele>674.0</ele></trkpt>
<trkpt lat="54.70686304" lon="-2.51229576"><ele>671.0</ele></trkpt>
<trkpt lat="54.706741047" lon="-2.513048409"><ele>668.0</ele></trkpt>
<trkpt lat="54.706629386" lon="-2.513634818"><ele>665.0</ele></trkpt>
<trkpt lat="54.7064986" lon="-2.514187707"><ele>657.7</ele></trkpt>
<trkpt lat="54.706406291" lon="-2.514752175"><ele>650.3</ele></trkpt>
<trkpt lat="54.706320453" lon="-2.515305628"><ele>643.0</ele></trkpt>
<trkpt lat="54.706247406" lon="-2.515870335"><ele>638.0</ele></trkpt>
<trkpt lat="54.706239476" lon="-2.516225138"><ele>633.0</ele></trkpt>
<trkpt lat="54.70623074" lon="-2.516768479"><ele>628.0</ele></trkpt>
<trkpt lat="54.706254538" lon="-2.517212414"><ele>623.7</ele></trkpt>
<trkpt lat="54.706285606" lon="-2.517456809"><ele>619.3</ele></trkpt>
<trkpt lat="54.706317243" lon="-2.517568122"><ele>615.0</ele></trkpt>
<trkpt lat="54.706323098" lon="-2.517701286"><ele>611.0</ele></trkpt>
<trkpt lat="54.706348776" lon="-2.518455793"><ele>607.0</ele></trkpt>
<trkpt lat="54.706364912" lon="-2.519187993"><ele>603.0</ele></trkpt>
<trkpt lat="54.706345124" lon="-2.519309743"><ele>603.0</ele></trkpt>
<trkpt lat="54.706325335" lon="-2.519431488"><ele>603.0</ele></trkpt>
<trkpt lat="54.70619546" lon="-2.519652442"><ele>603.0</ele></trkpt>
<trkpt lat="54.706061769" lon="-2.519778022"><ele>596.0</ele></trkpt>
<trkpt lat="54.705954019" lon="-2.519953207"><ele>589.0</ele></trkpt>
<trkpt lat="54.705829064" lon="-2.520259567"><ele>582.0</ele></trkpt>
<trkpt lat="54.70575564" lon="-2.520488908"><ele>576.7</ele></trkpt>
<trkpt lat="54.705702786" lon="-2.520873866"><ele>571.3</ele></trkpt>
<trkpt lat="54.705659703" lon="-2.521493336"><ele>566.0</ele></trkpt>
<trkpt lat="54.705640199" lon="-2.522158276"><ele>561.7</ele></trkpt>
<trkpt lat="54.705639411" lon="-2.522893259"><ele>557.3</ele></trkpt>
<trkpt lat="54.705628183" lon="-2.523291406"><ele>553.0</ele></trkpt>
<trkpt lat="54.705587945" lon="-2.523800045"><ele>547.7</ele></trkpt>
<trkpt lat="54.705544351" lon="-2.52406848"><ele>542.3</ele></trkpt>
<trkpt lat="54.705498104" lon="-2.524367331"><ele>537.0</ele></trkpt>
<trkpt lat="54.705381404" lon="-2.524620906"><ele>537.0</ele></trkpt>
<trkpt lat="54.705361562" lon="-2.524753738"><ele>537.0</ele></trkpt>
<trkpt lat="54.70543187" lon="-2.52483228"><ele>537.0</ele></trkpt>
<trkpt lat="54.705463644" lon="-2.524910325"><ele>529.3</ele></trkpt>
<trkpt lat="54.70547596" lon="-2.525032482"><ele>521.7</ele></trkpt>
<trkpt lat="54.705449838" lon="-2.52513196"><ele>514.0</ele></trkpt>
<trkpt lat="54.705300268" lon="-2.525442872"><ele>514.0</ele></trkpt>
<trkpt lat="54.705237898" lon="-2.525569353"><ele>514.0</ele></trkpt>
<trkpt lat="54.705230428" lon="-2.52564727"><ele>514.0</ele></trkpt>
<trkpt lat="54.70524668" lon="-2.525737815"><ele>514.0</ele></trkpt>
<trkpt lat="54.705299156" lon="-2.525817626"><ele>514.0</ele></trkpt>
<trkpt lat="54.705408186" lon="-2.52585231"><ele>514.0</ele></trkpt>
<trkpt lat="54.705497852" lon="-2.525908925"><ele>514.0</ele></trkpt>
<trkpt lat="54.705521308" lon="-2.526012372"><ele>514.0</ele></trkpt>
<trkpt lat="54.705496987" lon="-2.526108544"><ele>514.0</ele></trkpt>
<trkpt lat="54.705413502" lon="-2.526107462"><ele>514.0</ele></trkpt>
<trkpt lat="54.705328259" lon="-2.52611663"><ele>514.0</ele></trkpt>
<trkpt lat="54.705297011" lon="-2.526194241"><ele>514.0</ele></trkpt>
<trkpt lat="54.70538452" lon="-2.526302133"><ele>503.3</ele></trkpt>
<trkpt lat="54.705446338" lon="-2.526302934"><ele>492.7</ele></trkpt>
<trkpt lat="54.705655567" lon="-2.526305646"><ele>482.0</ele></trkpt>
<trkpt lat="54.705910327" lon="-2.526226824"><ele>474.7</ele></trkpt>
<trkpt lat="54.705948316" lon="-2.526239635"><ele>467.3</ele></trkpt>
<trkpt lat="54.705976722" lon="-2.526268745"><ele>460.0</ele></trkpt>
<trkpt lat="54.705976508" lon="-2.526318017"><ele>460.0</ele></trkpt>
<trkpt lat="54.705954628" lon="-2.526428599"><ele>460.0</ele></trkpt>
<trkpt lat="54.705880014" lon="-2.526637045"><ele>460.0</ele></trkpt>
<trkpt lat="54.705792625" lon="-2.526800001"><ele>467.3</ele></trkpt>
<trkpt lat="54.705671682" lon="-2.526975151"><ele>474.7</ele></trkpt>
<trkpt lat="54.705450383" lon="-2.527228093"><ele>482.0</ele></trkpt>
<trkpt lat="54.705043464" lon="-2.527636285"><ele>475.3</ele></trkpt>
<trkpt lat="54.704503802" lon="-2.528163054"><ele>468.7</ele></trkpt>
<trkpt lat="54.704367241" lon="-2.528399425"><ele>462.0</ele></trkpt>
<trkpt lat="54.704318903" lon="-2.52857946"><ele>455.0</ele></trkpt>
<trkpt lat="54.704247947" lon="-2.529038405"><ele>448.0</ele></trkpt>
<trkpt lat="54.704232554" lon="-2.529296881"><ele>441.0</ele></trkpt>
<trkpt lat="54.704231747" lon="-2.529481638"><ele>431.7</ele></trkpt>
<trkpt lat="54.704427978" lon="-2.529738767"><ele>422.3</ele></trkpt>
<trkpt lat="54.704409416" lon="-2.530177866"><ele>413.0</ele></trkpt>
<trkpt lat="54.704392001" lon="-2.530354196"><ele>413.0</ele></trkpt>
<trkpt lat="54.704353349" lon="-2.530493295"><ele>413.0</ele></trkpt>
<trkpt lat="54.704276493" lon="-2.530668848"><ele>413.0</ele></trkpt>
<trkpt lat="54.70418557" lon="-2.53079905"><ele>409.7</ele></trkpt>
<trkpt lat="54.70407802" lon="-2.530924929"><ele>406.3</ele></trkpt>
<trkpt lat="54.7035652" lon="-2.531291864"><ele>403.0</ele></trkpt>
<trkpt lat="54.703319444" lon="-2.531485731"><ele>404.3</ele></trkpt>
<trkpt lat="54.703202384" lon="-2.531611481"><ele>405.7</ele></trkpt>
<trkpt lat="54.703087592" lon="-2.531761895"><ele>407.0</ele></trkpt>
<trkpt lat="54.702963147" lon="-2.531945029"><ele>401.7</ele></trkpt>
<trkpt lat="54.702742391" lon="-2.53240199"><ele>396.3</ele></trkpt>
<trkpt lat="54.702658417" lon="-2.532573333"><ele>391.0</ele></trkpt>
<trkpt lat="54.702426294" lon="-2.53291107"><ele>391.3</ele></trkpt>
<trkpt lat="54.702041208" lon="-2.533427447"><ele>391.7</ele></trkpt>
<trkpt lat="54.701797464" lon="-2.533703435"><ele>392.0</ele></trkpt>
<trkpt lat="54.70160657" lon="-2.533856944"><ele>387.3</ele></trkpt>
<trkpt lat="54.701299407" lon="-2.533955549"><ele>382.7</ele></trkpt>
<trkpt lat="54.701123049" lon="-2.53404766"><ele>378.0</ele></trkpt>
<trkpt lat="54.700930156" lon="-2.53411492"><ele>376.0</ele></trkpt>
<trkpt lat="54.700620579" lon="-2.534221701"><ele>374.0</ele></trkpt>
<trkpt lat="54.700515743" lon="-2.534238721"><ele>372.0</ele></trkpt>
<trkpt lat="54.700427939" lon="-2.534231485"><ele>372.0</ele></trkpt>
<trkpt lat="54.700290526" lon="-2.534118827"><ele>372.0</ele></trkpt>
<trkpt lat="54.70005592" lon="-2.533939204"><ele>372.0</ele></trkpt>
<trkpt lat="54.69983041" lon="-2.533854129"><ele>372.3</ele></trkpt>
<trkpt lat="54.699614139" lon="-2.533830759"><ele>372.7</ele></trkpt>
<trkpt lat="54.699402858" lon="-2.533754084"><ele>373.0</ele></trkpt>
<trkpt lat="54.69920379" lon="-2.533603672"><ele>367.7</ele></trkpt>
<trkpt lat="54.698976479" lon="-2.533387203"><ele>362.3</ele></trkpt>
<trkpt lat="54.698723051" lon="-2.533162183"><ele>357.0</ele></trkpt>
<trkpt lat="54.698481204" lon="-2.53300711"><ele>352.0</ele></trkpt>
<trkpt lat="54.698161129" lon="-2.532797642"><ele>347.0</ele></trkpt>
<trkpt lat="54.697888643" lon="-2.532580591"><ele>342.0</ele></trkpt>
<trkpt lat="54.697555131" lon="-2.532182111"><ele>338.7</ele></trkpt>
<trkpt lat="54.697401631" lon="-2.531941994"><ele>335.3</ele></trkpt>
<trkpt lat="54.697337761" lon="-2.531867263"><ele>332.0</ele></trkpt>
<trkpt lat="54.697209514" lon="-2.531832741"><ele>332.0</ele></trkpt>
<trkpt lat="54.697083789" lon="-2.531765412"><ele>332.0</ele></trkpt>
<trkpt lat="54.697019648" lon="-2.531752256"><ele>332.0</ele></trkpt>
<trkpt lat="54.69696019" lon="-2.531755583"><ele>332.0</ele></trkpt>
<trkpt lat="54.696876758" lon="-2.531803754"><ele>332.0</ele></trkpt>
<trkpt lat="54.696752943" lon="-2.531843186"><ele>332.0</ele></trkpt>
<trkpt lat="54.696371753" lon="-2.532014718"><ele>320.3</ele></trkpt>
<trkpt lat="54.695904556" lon="-2.532279538"><ele>308.7</ele></trkpt>
<trkpt lat="54.695487268" lon="-2.532549111"><ele>297.0</ele></trkpt>
<trkpt lat="54.694890939" lon="-2.532980533"><ele>292.3</ele></trkpt>
<trkpt lat="54.693824759" lon="-2.533738272"><ele>287.7</ele></trkpt>
<trkpt lat="54.693256921" lon="-2.534178241"><ele>283.0</ele></trkpt>
<trkpt lat="54.693163796" lon="-2.534267323"><ele>283.0</ele></trkpt>
<trkpt lat="54.693085362" lon="-2.53430761"><ele>283.0</ele></trkpt>
<trkpt lat="54.692937461" lon="-2.534350012"><ele>283.0</ele></trkpt>
<trkpt lat="54.69269946" lon="-2.534435582"><ele>281.0</ele></trkpt>
<trkpt lat="54.692308918" lon="-2.534555731"><ele>279.0</ele></trkpt>
<trkpt lat="54.69212577" lon="-2.53456974"><ele>277.0</ele></trkpt>
<trkpt lat="54.6920068" lon="-2.534588699"><ele>275.7</ele></trkpt>
<trkpt lat="54.691853964" lon="-2.534738562"><ele>274.3</ele></trkpt>
<trkpt lat="54.691517438" lon="-2.535025567"><ele>273.0</ele></trkpt>
<trkpt lat="54.691178481" lon="-2.535324848"><ele>273.0</ele></trkpt>
<trkpt lat="54.691035245" lon="-2.53545431"><ele>273.0</ele></trkpt>
<trkpt lat="54.690949271" lon="-2.535539373"><ele>273.0</ele></trkpt>
<trkpt lat="54.690615104" lon="-2.535830501"><ele>270.7</ele></trkpt>
<trkpt lat="54.690304802" lon="-2.536101415"><ele>268.3</ele></trkpt>
<trkpt lat="54.69020683" lon="-2.536210945"><ele>266.0</ele></trkpt>
<trkpt lat="54.689826415" lon="-2.536743616"><ele>261.3</ele></trkpt>
<trkpt lat="54.689737681" lon="-2.536914834"><ele>256.7</ele></trkpt>
<trkpt lat="54.689680165" lon="-2.537016687"><ele>252.0</ele></trkpt>
<trkpt lat="54.689610614" lon="-2.537151215"><ele>255.3</ele></trkpt>
<trkpt lat="54.689462149" lon="-2.537387313"><ele>258.7</ele></trkpt>
<trkpt lat="54.689413707" lon="-2.537587792"><ele>262.0</ele></trkpt>
<trkpt lat="54.689351216" lon="-2.53773883"><ele>256.3</ele></trkpt>
<trkpt lat="54.689253261" lon="-2.53784425"><ele>250.7</ele></trkpt>
<trkpt lat="54.689109787" lon="-2.538027052"><ele>245.0</ele></trkpt>
<trkpt lat="54.689025533" lon="-2.538259888"><ele>245.0</ele></trkpt>
<trkpt lat="54.688948758" lon="-2.538414839"><ele>245.0</ele></trkpt>
<trkpt lat="54.688761866" lon="-2.538736611"><ele>245.0</ele></trkpt>
<trkpt lat="54.688702062" lon="-2.538817906"><ele>249.0</ele></trkpt>
<trkpt lat="54.688568278" lon="-2.538959787"><ele>253.0</ele></trkpt>
<trkpt lat="54.688475151" lon="-2.539048848"><ele>257.0</ele></trkpt>
<trkpt lat="54.688406" lon="-2.539093078"><ele>251.0</ele></trkpt>
<trkpt lat="54.688290396" lon="-2.53917209"><ele>245.0</ele></trkpt>
<trkpt lat="54.688222195" lon="-2.539248541"><ele>239.0</ele></trkpt>
<trkpt lat="54.688169308" lon="-2.539336247"><ele>239.0</ele></trkpt>
<trkpt lat="54.688121484" lon="-2.53943728"><ele>239.0</ele></trkpt>
<trkpt lat="54.68805933" lon="-2.539593378"><ele>239.0</ele></trkpt>
<trkpt lat="54.688025648" lon="-2.539681337"><ele>241.3</ele></trkpt>
<trkpt lat="54.68783634" lon="-2.540501002"><ele>243.7</ele></trkpt>
<trkpt lat="54.687795714" lon="-2.540710427"><ele>246.0</ele></trkpt>
<trkpt lat="54.687768532" lon="-2.54077637"><ele>241.7</ele></trkpt>
<trkpt lat="54.68746916" lon="-2.54129619"><ele>237.3</ele></trkpt>
<trkpt lat="54.687361985" lon="-2.541498094"><ele>233.0</ele></trkpt>
<trkpt lat="54.687305009" lon="-2.541640993"><ele>233.0</ele></trkpt>
<trkpt lat="54.687268252" lon="-2.541843836"><ele>233.0</ele></trkpt>
<trkpt lat="54.687235631" lon="-2.541980429"><ele>233.0</ele></trkpt>
<trkpt lat="54.687154468" lon="-2.542244547"><ele>233.0</ele></trkpt>
<trkpt lat="54.68708188" lon="-2.542445482"><ele>233.0</ele></trkpt>
<trkpt lat="54.687075183" lon="-2.542438862"><ele>233.0</ele></trkpt>
<trkpt lat="54.68695004" lon="-2.542307579"><ele>233.0</ele></trkpt>
<trkpt lat="54.68687207" lon="-2.542170899"><ele>233.0</ele></trkpt>
<trkpt lat="54.686803045" lon="-2.54198611"><ele>233.0</ele></trkpt>
<trkpt lat="54.686780903" lon="-2.541864034"><ele>233.0</ele></trkpt>
<trkpt lat="54.686755748" lon="-2.541631604"><ele>233.0</ele></trkpt>
<trkpt lat="54.686696166" lon="-2.54128719"><ele>233.0</ele></trkpt>
<trkpt lat="54.686639579" lon="-2.541054341"><ele>232.0</ele></trkpt>
<trkpt lat="54.68657054" lon="-2.540872571"><ele>231.0</ele></trkpt>
<trkpt lat="54.686476959" lon="-2.540711572"><ele>230.0</ele></trkpt>
<trkpt lat="54.686374635" lon="-2.540553473"><ele>230.7</ele></trkpt>
<trkpt lat="54.686272619" lon="-2.540326053"><ele>231.3</ele></trkpt>
<trkpt lat="54.686127661" lon="-2.539938312"><ele>232.0</ele></trkpt>
<trkpt lat="54.686036343" lon="-2.539657995"><ele>232.0</ele></trkpt>
<trkpt lat="54.685936051" lon="-2.539438432"><ele>232.0</ele></trkpt>
<trkpt lat="54.68583034" lon="-2.539256179"><ele>232.0</ele></trkpt>
<trkpt lat="54.685722923" lon="-2.539064863"><ele>231.7</ele></trkpt>
<trkpt lat="54.685591281" lon="-2.538820185"><ele>231.3</ele></trkpt>
<trkpt lat="54.685474958" lon="-2.538667937"><ele>231.0</ele></trkpt>
<trkpt lat="54.685361759" lon="-2.538601928"><ele>231.0</ele></trkpt>
<trkpt lat="54.685250058" lon="-2.53858839"><ele>231.0</ele></trkpt>
<trkpt lat="54.685180126" lon="-2.538603747"><ele>231.0</ele></trkpt>
<trkpt lat="54.68516113" lon="-2.538682423"><ele>230.0</ele></trkpt>
<trkpt lat="54.685119939" lon="-2.538786808"><ele>229.0</ele></trkpt>
<trkpt lat="54.685091332" lon="-2.538937134"><ele>228.0</ele></trkpt>
<trkpt lat="54.685071888" lon="-2.538992932"><ele>227.7</ele></trkpt>
<trkpt lat="54.684925868" lon="-2.538843305"><ele>227.3</ele></trkpt>
<trkpt lat="54.684640002" lon="-2.538333153"><ele>227.0</ele></trkpt>
<trkpt lat="54.684525705" lon="-2.538117642"><ele>227.0</ele></trkpt>
<trkpt lat="54.684418379" lon="-2.537905238"><ele>227.0</ele></trkpt>
<trkpt lat="54.684364034" lon="-2.537952743"><ele>227.0</ele></trkpt>
<trkpt lat="54.684281979" lon="-2.537948643"><ele>227.0</ele></trkpt>
<trkpt lat="54.684215491" lon="-2.537977904"><ele>227.0</ele></trkpt>
<trkpt lat="54.684161213" lon="-2.538010338"><ele>227.0</ele></trkpt>
<trkpt lat="54.684078916" lon="-2.538060488"><ele>224.7</ele></trkpt>
<trkpt lat="54.684000032" lon="-2.538128766"><ele>222.3</ele></trkpt>
<trkpt lat="54.683900046" lon="-2.538229918"><ele>220.0</ele></trkpt>
<trkpt lat="54.683842009" lon="-2.538322583"><ele>220.0</ele></trkpt>
<trkpt lat="54.683787356" lon="-2.538439405"><ele>220.0</ele></trkpt>
<trkpt lat="54.683747432" lon="-2.538418644"><ele>220.0</ele></trkpt>
<trkpt lat="54.683703727" lon="-2.538358145"><ele>220.0</ele></trkpt>
<trkpt lat="54.683655079" lon="-2.538368153"><ele>220.0</ele></trkpt>
<trkpt lat="54.683604617" lon="-2.538439388"><ele>220.0</ele></trkpt>
<trkpt lat="54.683557169" lon="-2.538526641"><ele>220.0</ele></trkpt>
<trkpt lat="54.683489593" lon="-2.538629606"><ele>220.0</ele></trkpt>
<trkpt lat="54.6833592" lon="-2.538806304"><ele>220.0</ele></trkpt>
<trkpt lat="54.683187232" lon="-2.538963808"><ele>218.3</ele></trkpt>
<trkpt lat="54.683107757" lon="-2.539053298"><ele>216.7</ele></trkpt>
<trkpt lat="54.683008304" lon="-2.539211762"><ele>215.0</ele></trkpt>
<trkpt lat="54.682896152" lon="-2.539449947"><ele>215.0</ele></trkpt>
<trkpt lat="54.682771968" lon="-2.539704616"><ele>215.0</ele></trkpt>
<trkpt lat="54.682726976" lon="-2.539759943"><ele>215.0</ele></trkpt>
<trkpt lat="54.682672869" lon="-2.539783191"><ele>215.0</ele></trkpt>
<trkpt lat="54.682617326" lon="-2.539782453"><ele>215.0</ele></trkpt>
<trkpt lat="54.682558898" lon="-2.539736406"><ele>215.0</ele></trkpt>
<trkpt lat="54.682411388" lon="-2.539598634"><ele>215.3</ele></trkpt>
<trkpt lat="54.682294593" lon="-2.539493226"><ele>215.7</ele></trkpt>
<trkpt lat="54.682179186" lon="-2.539422456"><ele>216.0</ele></trkpt>
<trkpt lat="54.681991371" lon="-2.539326759"><ele>216.0</ele></trkpt>
<trkpt lat="54.681795996" lon="-2.539196343"><ele>216.0</ele></trkpt>
<trkpt lat="54.68163454" lon="-2.539071705"><ele>216.0</ele></trkpt>
<trkpt lat="54.681459198" lon="-2.538946884"><ele>216.7</ele></trkpt>
<trkpt lat="54.680983036" lon="-2.538635665"><ele>217.3</ele></trkpt>
<trkpt lat="54.680849215" lon="-2.538542022"><ele>218.0</ele></trkpt>
<trkpt lat="54.680678507" lon="-2.538415935"><ele>217.3</ele></trkpt>
<trkpt lat="54.680484851" lon="-2.538245608"><ele>216.7</ele></trkpt>
<trkpt lat="54.680341844" lon="-2.538135867"><ele>216.0</ele></trkpt>
<trkpt lat="54.680240245" lon="-2.538082596"><ele>213.7</ele></trkpt>
<trkpt lat="54.680120168" lon="-2.538021092"><ele>211.3</ele></trkpt>
<trkpt lat="54.679933011" lon="-2.537950712"><ele>209.0</ele></trkpt>
<trkpt lat="54.679748168" lon="-2.537880363"><ele>209.0</ele></trkpt>
<trkpt lat="54.679583995" lon="-2.537846236"><ele>209.0</ele></trkpt>
<trkpt lat="54.67935253" lon="-2.537851162"><ele>209.0</ele></trkpt>
<trkpt lat="54.679197649" lon="-2.53780917"><ele>209.7</ele></trkpt>
<trkpt lat="54.679098985" lon="-2.537616144"><ele>210.3</ele></trkpt>
<trkpt lat="54.678969597" lon="-2.537566502"><ele>211.0</ele></trkpt>
<trkpt lat="54.678845281" lon="-2.537517502"><ele>214.0</ele></trkpt>
<trkpt lat="54.67872487" lon="-2.537325101"><ele>217.0</ele></trkpt>
<trkpt lat="54.678631054" lon="-2.537131332"><ele>220.0</ele></trkpt>
<trkpt lat="54.678472556" lon="-2.536953095"><ele>218.3</ele></trkpt>
<trkpt lat="54.678326548" lon="-2.536748336"><ele>216.7</ele></trkpt>
<trkpt lat="54.677638609" lon="-2.536433034"><ele>215.0</ele></trkpt>
<trkpt lat="54.676147059" lon="-2.535571699"><ele>214.0</ele></trkpt>
<trkpt lat="54.676134686" lon="-2.535551168"><ele>213.0</ele></trkpt>
<trkpt lat="54.6759834" lon="-2.53534023"><ele>212.0</ele></trkpt>
<trkpt lat="54.675927972" lon="-2.53535741"><ele>211.0</ele></trkpt>
<trkpt lat="54.675879569" lon="-2.535350802"><ele>210.0</ele></trkpt>
<trkpt lat="54.675768582" lon="-2.535415008"><ele>209.0</ele></trkpt>
<trkpt lat="54.67571075" lon="-2.535193364"><ele>210.0</ele></trkpt>
<trkpt lat="54.675656481" lon="-2.534947889"><ele>211.0</ele></trkpt>
<trkpt lat="54.675656613" lon="-2.534918041"><ele>212.0</ele></trkpt>
<trkpt lat="54.675677579" lon="-2.534870559"><ele>212.0</ele></trkpt>
<trkpt lat="54.675695034" lon="-2.534834969"><ele>212.0</ele></trkpt>
<trkpt lat="54.67570557" lon="-2.53479929"><ele>212.0</ele></trkpt>
<trkpt lat="54.675705754" lon="-2.534757503"><ele>211.7</ele></trkpt>
<trkpt lat="54.675688589" lon="-2.534727428"><ele>211.3</ele></trkpt>
<trkpt lat="54.674699288" lon="-2.534702475"><ele>211.0</ele></trkpt>
<trkpt lat="54.674073673" lon="-2.534441198"><ele>210.7</ele></trkpt>
<trkpt lat="54.67323968" lon="-2.534307148"><ele>210.3</ele></trkpt>
<trkpt lat="54.672697155" lon="-2.534398484"><ele>210.0</ele></trkpt>
<trkpt lat="54.672112591" lon="-2.534316949"><ele>212.7</ele></trkpt>
<trkpt lat="54.671337589" lon="-2.534339081"><ele>215.3</ele></trkpt>
<trkpt lat="54.670759725" lon="-2.534356103"><ele>218.0</ele></trkpt>
<trkpt lat="54.670445313" lon="-2.534481199"><ele>219.7</ele></trkpt>
<trkpt lat="54.670195638" lon="-2.534484071"><ele>221.3</ele></trkpt>
<trkpt lat="54.669967578" lon="-2.534437997"><ele>223.0</ele></trkpt>
<trkpt lat="54.669430556" lon="-2.534306318"><ele>223.7</ele></trkpt>
<trkpt lat="54.669060514" lon="-2.534293771"><ele>224.3</ele></trkpt>
<trkpt lat="54.668546845" lon="-2.534311635"><ele>225.0</ele></trkpt>
<trkpt lat="54.667989298" lon="-2.534385831"><ele>224.7</ele></trkpt>
<trkpt lat="54.667503834" lon="-2.534477906"><ele>224.3</ele></trkpt>
<trkpt lat="54.667061113" lon="-2.534582845"><ele>224.0</ele></trkpt>
<trkpt lat="54.666632549" lon="-2.534712585"><ele>223.7</ele></trkpt>
<trkpt lat="54.666482651" lon="-2.534735227"><ele>223.3</ele></trkpt>
<trkpt lat="54.66621928" lon="-2.534608699"><ele>223.0</ele></trkpt>
<trkpt lat="54.665905927" lon="-2.534493824"><ele>222.3</ele></trkpt>
<trkpt lat="54.665490554" lon="-2.534246866"><ele>221.7</ele></trkpt>
<trkpt lat="54.665332656" lon="-2.534466302"><ele>221.0</ele></trkpt>
<trkpt lat="54.664542019" lon="-2.535821868"><ele>218.3</ele></trkpt>
<trkpt lat="54.664201793" lon="-2.535331306"><ele>215.7</ele></trkpt>
<trkpt lat="54.663842538" lon="-2.535111229"><ele>213.0</ele></trkpt>
<trkpt lat="54.663838999" lon="-2.535105029"><ele>213.7</ele></trkpt>
<trkpt lat="54.663689754" lon="-2.53498001"><ele>214.3</ele></trkpt>
<trkpt lat="54.663526324" lon="-2.534836345"><ele>215.0</ele></trkpt>
<trkpt lat="54.663338201" lon="-2.53463083"><ele>214.3</ele></trkpt>
<trkpt lat="54.663136001" lon="-2.534382063"><ele>213.7</ele></trkpt>
<trkpt lat="54.66304238" lon="-2.534583873"><ele>213.0</ele></trkpt>
<trkpt lat="54.662339586" lon="-2.534434656"><ele>209.7</ele></trkpt>
<trkpt lat="54.660758525" lon="-2.534113912"><ele>206.3</ele></trkpt>
<trkpt lat="54.660501027" lon="-2.534137441"><ele>203.0</ele></trkpt>
<trkpt lat="54.660133329" lon="-2.534388248"><ele>201.7</ele></trkpt>
<trkpt lat="54.659976867" lon="-2.534493828"><ele>200.3</ele></trkpt>
<trkpt lat="54.659811225" lon="-2.534541412"><ele>199.0</ele></trkpt>
<trkpt lat="54.659725876" lon="-2.53448492"><ele>199.0</ele></trkpt>
<trkpt lat="54.659694266" lon="-2.534373766"><ele>199.0</ele></trkpt>
<trkpt lat="54.659649694" lon="-2.534319295"><ele>199.0</ele></trkpt>
<trkpt lat="54.659447458" lon="-2.534271604"><ele>197.7</ele></trkpt>
<trkpt lat="54.65903415" lon="-2.534252722"><ele>196.3</ele></trkpt>
<trkpt lat="54.658794169" lon="-2.534080425"><ele>195.0</ele></trkpt>
<trkpt lat="54.658743633" lon="-2.534076026"><ele>195.0</ele></trkpt>
<trkpt lat="54.658651575" lon="-2.534138818"><ele>195.0</ele></trkpt>
<trkpt lat="54.658535639" lon="-2.534302347"><ele>195.0</ele></trkpt>
<trkpt lat="54.658342626" lon="-2.534673703"><ele>194.0</ele></trkpt>
<trkpt lat="54.658133276" lon="-2.535206521"><ele>193.0</ele></trkpt>
<trkpt lat="54.657812495" lon="-2.535987124"><ele>192.0</ele></trkpt>
<trkpt lat="54.657812" lon="-2.535987"><ele>192.0</ele></trkpt>
<trkpt lat="54.657631" lon="-2.535668"><ele>192.3</ele></trkpt>
<trkpt lat="54.657608" lon="-2.535642"><ele>192.7</ele></trkpt>
<trkpt lat="54.65707" lon="-2.534815"><ele>193.0</ele></trkpt>
<trkpt lat="54.656546" lon="-2.534049"><ele>190.0</ele></trkpt>
<trkpt lat="54.655946" lon="-2.533068"><ele>187.0</ele></trkpt>
<trkpt lat="54.655574" lon="-2.532402"><ele>184.0</ele></trkpt>
<trkpt lat="54.655406" lon="-2.532128"><ele>184.0</ele></trkpt>
<trkpt lat="54.65537" lon="-2.532099"><ele>184.0</ele></trkpt>
<trkpt lat="54.654932" lon="-2.531609"><ele>184.0</ele></trkpt>
<trkpt lat="54.654484" lon="-2.531075"><ele>185.3</ele></trkpt>
<trkpt lat="54.653779" lon="-2.530206"><ele>186.7</ele></trkpt>
<trkpt lat="54.653277" lon="-2.529599"><ele>188.0</ele></trkpt>
<trkpt lat="54.652808" lon="-2.528874"><ele>187.7</ele></trkpt>
<trkpt lat="54.652447" lon="-2.528289"><ele>187.3</ele></trkpt>
<trkpt lat="54.652265" lon="-2.527938"><ele>187.0</ele></trkpt>
<trkpt lat="54.652202" lon="-2.527615"><ele>187.0</ele></trkpt>
<trkpt lat="54.65217" lon="-2.527625"><ele>187.0</ele></trkpt>
<trkpt lat="54.651794" lon="-2.527875"><ele>187.0</ele></trkpt>
<trkpt lat="54.651699" lon="-2.527966"><ele>186.3</ele></trkpt>
<trkpt lat="54.65162" lon="-2.52794"><ele>185.7</ele></trkpt>
<trkpt lat="54.651541" lon="-2.527784"><ele>185.0</ele></trkpt>
<trkpt lat="54.651512" lon="-2.527617"><ele>185.3</ele></trkpt>
<trkpt lat="54.651472" lon="-2.527244"><ele>185.7</ele></trkpt>
<trkpt lat="54.651437" lon="-2.527052"><ele>186.0</ele></trkpt>
<trkpt lat="54.651293" lon="-2.526483"><ele>187.3</ele></trkpt>
<trkpt lat="54.651192" lon="-2.52612"><ele>188.7</ele></trkpt>
<trkpt lat="54.651088" lon="-2.52579"><ele>190.0</ele></trkpt>
<trkpt lat="54.651003" lon="-2.525561"><ele>191.0</ele></trkpt>
<trkpt lat="54.650962" lon="-2.525463"><ele>192.0</ele></trkpt>
<trkpt lat="54.650642" lon="-2.524765"><ele>193.0</ele></trkpt>
<trkpt lat="54.650254" lon="-2.523932"><ele>193.0</ele></trkpt>
<trkpt lat="54.650015" lon="-2.52343"><ele>193.0</ele></trkpt>
<trkpt lat="54.64988" lon="-2.523027"><ele>193.0</ele></trkpt>
<trkpt lat="54.649544" lon="-2.522231"><ele>193.0</ele></trkpt>
<trkpt lat="54.649456" lon="-2.522149"><ele>193.0</ele></trkpt>
<trkpt lat="54.649423" lon="-2.522081"><ele>193.0</ele></trkpt>
<trkpt lat="54.649216" lon="-2.522061"><ele>193.7</ele></trkpt>
<trkpt lat="54.649189" lon="-2.521995"><ele>194.3</ele></trkpt>
<trkpt lat="54.649079" lon="-2.52177"><ele>195.0</ele></trkpt>
<trkpt lat="54.648998" lon="-2.521657"><ele>195.0</ele></trkpt>
<trkpt lat="54.648838" lon="-2.521647"><ele>195.0</ele></trkpt>
<trkpt lat="54.648566" lon="-2.521694"><ele>195.0</ele></trkpt>
<trkpt lat="54.648131" lon="-2.521726"><ele>194.3</ele></trkpt>
<trkpt lat="54.647945" lon="-2.521711"><ele>193.7</ele></trkpt>
<trkpt lat="54.647786" lon="-2.521193"><ele>193.0</ele></trkpt>
<trkpt lat="54.647586" lon="-2.520747"><ele>193.0</ele></trkpt>
<trkpt lat="54.647444" lon="-2.520536"><ele>193.0</ele></trkpt>
<trkpt lat="54.647317" lon="-2.520276"><ele>193.0</ele></trkpt>
<trkpt lat="54.647261" lon="-2.520066"><ele>192.7</ele></trkpt>
<trkpt lat="54.647198" lon="-2.519672"><ele>192.3</ele></trkpt>
<trkpt lat="54.647202" lon="-2.519429"><ele>192.0</ele></trkpt>
<trkpt lat="54.647224" lon="-2.519259"><ele>193.3</ele></trkpt>
<trkpt lat="54.647226" lon="-2.518778"><ele>194.7</ele></trkpt>
<trkpt lat="54.647075" lon="-2.516767"><ele>196.0</ele></trkpt>
<trkpt lat="54.646911" lon="-2.515006"><ele>197.3</ele></trkpt>
<trkpt lat="54.646626" lon="-2.513317"><ele>198.7</ele></trkpt>
<trkpt lat="54.646649" lon="-2.512973"><ele>200.0</ele></trkpt>
<trkpt lat="54.6468" lon="-2.512582"><ele>201.0</ele></trkpt>
<trkpt lat="54.646917" lon="-2.512254"><ele>202.0</ele></trkpt>
<trkpt lat="54.646949" lon="-2.511582"><ele>203.0</ele></trkpt>
<trkpt lat="54.646995" lon="-2.511063"><ele>204.0</ele></trkpt>
<trkpt lat="54.646867" lon="-2.510783"><ele>205.0</ele></trkpt>
<trkpt lat="54.646741" lon="-2.510774"><ele>206.0</ele></trkpt>
<trkpt lat="54.646605" lon="-2.510662"><ele>206.0</ele></trkpt>
<trkpt lat="54.646527" lon="-2.510501"><ele>206.0</ele></trkpt>
<trkpt lat="54.646456" lon="-2.510326"><ele>206.0</ele></trkpt>
<trkpt lat="54.646116" lon="-2.509401"><ele>207.3</ele></trkpt>
<trkpt lat="54.645969" lon="-2.50902"><ele>208.7</ele></trkpt>
<trkpt lat="54.645836" lon="-2.508281"><ele>210.0</ele></trkpt>
<trkpt lat="54.64581" lon="-2.507764"><ele>210.3</ele></trkpt>
<trkpt lat="54.645576" lon="-2.507503"><ele>210.7</ele></trkpt>
<trkpt lat="54.645207" lon="-2.507092"><ele>211.0</ele></trkpt>
<trkpt lat="54.64512" lon="-2.506984"><ele>211.7</ele></trkpt>
<trkpt lat="54.644831" lon="-2.50618"><ele>212.3</ele></trkpt>
<trkpt lat="54.644628" lon="-2.50567"><ele>213.0</ele></trkpt>
<trkpt lat="54.644416" lon="-2.505016"><ele>213.7</ele></trkpt>
<trkpt lat="54.644149" lon="-2.504213"><ele>214.3</ele></trkpt>
<trkpt lat="54.643937" lon="-2.503595"><ele>215.0</ele></trkpt>
<trkpt lat="54.643837" lon="-2.503222"><ele>215.0</ele></trkpt>
<trkpt lat="54.643796" lon="-2.502933"><ele>215.0</ele></trkpt>
<trkpt lat="54.643726" lon="-2.502581"><ele>215.0</ele></trkpt>
<trkpt lat="54.643626" lon="-2.501982"><ele>216.3</ele></trkpt>
<trkpt lat="54.643446" lon="-2.501456"><ele>217.7</ele></trkpt>
<trkpt lat="54.643406" lon="-2.501373"><ele>219.0</ele></trkpt>
<trkpt lat="54.643291" lon="-2.501353"><ele>218.7</ele></trkpt>
<trkpt lat="54.643167" lon="-2.501302"><ele>218.3</ele></trkpt>
<trkpt lat="54.643107" lon="-2.501319"><ele>218.0</ele></trkpt>
<trkpt lat="54.642786" lon="-2.500381"><ele>218.7</ele></trkpt>
<trkpt lat="54.642763" lon="-2.50033"><ele>219.3</ele></trkpt>
<trkpt lat="54.642548" lon="-2.500529"><ele>220.0</ele></trkpt>
<trkpt lat="54.642107" lon="-2.500958"><ele>219.0</ele></trkpt>
<trkpt lat="54.641741" lon="-2.501314"><ele>218.0</ele></trkpt>
<trkpt lat="54.641715" lon="-2.501246"><ele>217.0</ele></trkpt>
<trkpt lat="54.641485" lon="-2.500677"><ele>216.7</ele></trkpt>
<trkpt lat="54.641386" lon="-2.500522"><ele>216.3</ele></trkpt>
<trkpt lat="54.641251" lon="-2.500418"><ele>216.0</ele></trkpt>
<trkpt lat="54.640966" lon="-2.500316"><ele>213.3</ele></trkpt>
<trkpt lat="54.640418" lon="-2.500051"><ele>210.7</ele></trkpt>
<trkpt lat="54.639785" lon="-2.499703"><ele>208.0</ele></trkpt>
<trkpt lat="54.63955" lon="-2.499528"><ele>207.3</ele></trkpt>
<trkpt lat="54.639045" lon="-2.499227"><ele>206.7</ele></trkpt>
<trkpt lat="54.638814" lon="-2.499021"><ele>206.0</ele></trkpt>
<trkpt lat="54.638643" lon="-2.498988"><ele>206.0</ele></trkpt>
<trkpt lat="54.638536" lon="-2.498778"><ele>206.0</ele></trkpt>
<trkpt lat="54.638349" lon="-2.498351"><ele>206.0</ele></trkpt>
<trkpt lat="54.638183" lon="-2.497925"><ele>205.3</ele></trkpt>
<trkpt lat="54.638095" lon="-2.49769"><ele>204.7</ele></trkpt>
<trkpt lat="54.63792" lon="-2.497872"><ele>204.0</ele></trkpt>
<trkpt lat="54.637809" lon="-2.497988"><ele>205.0</ele></trkpt>
<trkpt lat="54.637756" lon="-2.49804"><ele>206.0</ele></trkpt>
<trkpt lat="54.637455" lon="-2.497142"><ele>207.0</ele></trkpt>
<trkpt lat="54.637204" lon="-2.496316"><ele>207.3</ele></trkpt>
<trkpt lat="54.637063" lon="-2.495638"><ele>207.7</ele></trkpt>
<trkpt lat="54.637" lon="-2.495283"><ele>208.0</ele></trkpt>
<trkpt lat="54.636797" lon="-2.49466"><ele>206.3</ele></trkpt>
<trkpt lat="54.63672" lon="-2.494598"><ele>204.7</ele></trkpt>
<trkpt lat="54.636548" lon="-2.49501"><ele>203.0</ele></trkpt>
<trkpt lat="54.63639" lon="-2.494998"><ele>203.7</ele></trkpt>
<trkpt lat="54.636182" lon="-2.494981"><ele>204.3</ele></trkpt>
<trkpt lat="54.636044" lon="-2.494898"><ele>205.0</ele></trkpt>
<trkpt lat="54.635699" lon="-2.494611"><ele>203.0</ele></trkpt>
<trkpt lat="54.635521" lon="-2.494503"><ele>201.0</ele></trkpt>
<trkpt lat="54.635163" lon="-2.494327"><ele>199.0</ele></trkpt>
<trkpt lat="54.634826" lon="-2.494217"><ele>197.3</ele></trkpt>
<trkpt lat="54.634336" lon="-2.494064"><ele>195.7</ele></trkpt>
<trkpt lat="54.633806" lon="-2.493891"><ele>194.0</ele></trkpt>
<trkpt lat="54.633385" lon="-2.493745"><ele>193.3</ele></trkpt>
<trkpt lat="54.632731" lon="-2.493464"><ele>192.7</ele></trkpt>
<trkpt lat="54.632609" lon="-2.493402"><ele>192.0</ele></trkpt>
<trkpt lat="54.6326" lon="-2.493341"><ele>190.0</ele></trkpt>
<trkpt lat="54.632458" lon="-2.49276"><ele>188.0</ele></trkpt>
<trkpt lat="54.63227" lon="-2.491787"><ele>186.0</ele></trkpt>
<trkpt lat="54.632165" lon="-2.491318"><ele>185.0</ele></trkpt>
<trkpt lat="54.632326" lon="-2.490896"><ele>184.0</ele></trkpt>
<trkpt lat="54.632276" lon="-2.490853"><ele>183.0</ele></trkpt>
<trkpt lat="54.63204" lon="-2.490769"><ele>181.3</ele></trkpt>
<trkpt lat="54.631951" lon="-2.490691"><ele>179.7</ele></trkpt>
<trkpt lat="54.631541" lon="-2.490562"><ele>178.0</ele></trkpt>
<trkpt lat="54.630993" lon="-2.490223"><ele>177.0</ele></trkpt>
<trkpt lat="54.630616" lon="-2.489948"><ele>176.0</ele></trkpt>
<trkpt lat="54.630276" lon="-2.489747"><ele>175.0</ele></trkpt>
<trkpt lat="54.630194" lon="-2.489925"><ele>175.0</ele></trkpt>
<trkpt lat="54.630042" lon="-2.490067"><ele>175.0</ele></trkpt>
<trkpt lat="54.629871" lon="-2.490106"><ele>175.0</ele></trkpt>
<trkpt lat="54.629776" lon="-2.490064"><ele>176.0</ele></trkpt>
<trkpt lat="54.629691" lon="-2.490005"><ele>177.0</ele></trkpt>
<trkpt lat="54.62953" lon="-2.489901"><ele>178.0</ele></trkpt>
<trkpt lat="54.629465" lon="-2.489778"><ele>178.0</ele></trkpt>
<trkpt lat="54.629455" lon="-2.4897"><ele>178.0</ele></trkpt>
<trkpt lat="54.629522" lon="-2.488939"><ele>178.0</ele></trkpt>
<trkpt lat="54.62949" lon="-2.488793"><ele>178.7</ele></trkpt>
<trkpt lat="54.629437" lon="-2.488631"><ele>179.3</ele></trkpt>
<trkpt lat="54.629267" lon="-2.488214"><ele>180.0</ele></trkpt>
<trkpt lat="54.62907" lon="-2.487774"><ele>180.0</ele></trkpt>
<trkpt lat="54.628839" lon="-2.487244"><ele>180.0</ele></trkpt>
<trkpt lat="54.628632" lon="-2.486825"><ele>180.0</ele></trkpt>
<trkpt lat="54.628423" lon="-2.486475"><ele>180.0</ele></trkpt>
<trkpt lat="54.628072" lon="-2.485944"><ele>180.0</ele></trkpt>
<trkpt lat="54.627725" lon="-2.485363"><ele>180.0</ele></trkpt>
<trkpt lat="54.627363" lon="-2.484681"><ele>179.7</ele></trkpt>
<trkpt lat="54.627146" lon="-2.484441"><ele>179.3</ele></trkpt>
<trkpt lat="54.627054" lon="-2.484362"><ele>179.0</ele></trkpt>
<trkpt lat="54.62678" lon="-2.484271"><ele>178.0</ele></trkpt>
<trkpt lat="54.626682" lon="-2.484215"><ele>177.0</ele></trkpt>
<trkpt lat="54.626502" lon="-2.48407"><ele>176.0</ele></trkpt>
<trkpt lat="54.626403" lon="-2.483938"><ele>176.3</ele></trkpt>
<trkpt lat="54.626304" lon="-2.483749"><ele>176.7</ele></trkpt>
<trkpt lat="54.626239" lon="-2.483543"><ele>177.0</ele></trkpt>
<trkpt lat="54.626166" lon="-2.483285"><ele>177.0</ele></trkpt>
<trkpt lat="54.626122" lon="-2.483121"><ele>177.0</ele></trkpt>
<trkpt lat="54.625887" lon="-2.482587"><ele>177.0</ele></trkpt>
<trkpt lat="54.625736" lon="-2.482262"><ele>176.7</ele></trkpt>
<trkpt lat="54.625437" lon="-2.481952"><ele>176.3</ele></trkpt>
<trkpt lat="54.625153" lon="-2.481663"><ele>176.0</ele></trkpt>
<trkpt lat="54.624992" lon="-2.481543"><ele>175.0</ele></trkpt>
<trkpt lat="54.624949" lon="-2.481574"><ele>174.0</ele></trkpt>
<trkpt lat="54.624861" lon="-2.4816"><ele>173.0</ele></trkpt>
<trkpt lat="54.624733" lon="-2.481662"><ele>173.0</ele></trkpt>
<trkpt lat="54.624675" lon="-2.481707"><ele>173.0</ele></trkpt>
<trkpt lat="54.624602" lon="-2.481792"><ele>173.0</ele></trkpt>
<trkpt lat="54.624435" lon="-2.482006"><ele>171.0</ele></trkpt>
<trkpt lat="54.624052" lon="-2.482285"><ele>169.0</ele></trkpt>
<trkpt lat="54.623957" lon="-2.482405"><ele>167.0</ele></trkpt>
<trkpt lat="54.623891" lon="-2.482479"><ele>166.3</ele></trkpt>
<trkpt lat="54.623816" lon="-2.482515"><ele>165.7</ele></trkpt>
<trkpt lat="54.623635" lon="-2.482651"><ele>165.0</ele></trkpt>
<trkpt lat="54.6235" lon="-2.482783"><ele>165.7</ele></trkpt>
<trkpt lat="54.623292" lon="-2.483011"><ele>166.3</ele></trkpt>
<trkpt lat="54.62323" lon="-2.483049"><ele>167.0</ele></trkpt>
<trkpt lat="54.623111" lon="-2.48306"><ele>167.0</ele></trkpt>
<trkpt lat="54.622893" lon="-2.483083"><ele>167.0</ele></trkpt>
<trkpt lat="54.622754" lon="-2.483116"><ele>167.0</ele></trkpt>
<trkpt lat="54.622595" lon="-2.48321"><ele>166.7</ele></trkpt>
<trkpt lat="54.62251" lon="-2.483269"><ele>166.3</ele></trkpt>
<trkpt lat="54.622361" lon="-2.483409"><ele>166.0</ele></trkpt>
<trkpt lat="54.622264" lon="-2.483507"><ele>166.0</ele></trkpt>
<trkpt lat="54.622222" lon="-2.483557"><ele>166.0</ele></trkpt>
<trkpt lat="54.622159" lon="-2.483683"><ele>166.0</ele></trkpt>
<trkpt lat="54.622113" lon="-2.483843"><ele>165.3</ele></trkpt>
<trkpt lat="54.622078" lon="-2.483955"><ele>164.7</ele></trkpt>
<trkpt lat="54.622025" lon="-2.484069"><ele>164.0</ele></trkpt>
<trkpt lat="54.621916" lon="-2.484176"><ele>165.7</ele></trkpt>
<trkpt lat="54.621646" lon="-2.484435"><ele>167.3</ele></trkpt>
<trkpt lat="54.621381" lon="-2.484553"><ele>169.0</ele></trkpt>
<trkpt lat="54.62112" lon="-2.484732"><ele>171.0</ele></trkpt>
<trkpt lat="54.620938" lon="-2.48474"><ele>173.0</ele></trkpt>
<trkpt lat="54.62072" lon="-2.484656"><ele>175.0</ele></trkpt>
<trkpt lat="54.620474" lon="-2.484123"><ele>175.0</ele></trkpt>
<trkpt lat="54.620443" lon="-2.484175"><ele>175.0</ele></trkpt>
<trkpt lat="54.620235" lon="-2.484536"><ele>175.0</ele></trkpt>
<trkpt lat="54.619944" lon="-2.484852"><ele>175.7</ele></trkpt>
<trkpt lat="54.619776" lon="-2.485028"><ele>176.3</ele></trkpt>
<trkpt lat="54.619619" lon="-2.4851"><ele>177.0</ele></trkpt>
<trkpt lat="54.619413" lon="-2.485118"><ele>178.7</ele></trkpt>
<trkpt lat="54.619316" lon="-2.485065"><ele>180.3</ele></trkpt>
<trkpt lat="54.619178" lon="-2.48483"><ele>182.0</ele></trkpt>
<trkpt lat="54.619089" lon="-2.484694"><ele>181.7</ele></trkpt>
<trkpt lat="54.619043" lon="-2.48464"><ele>181.3</ele></trkpt>
<trkpt lat="54.618979" lon="-2.484644"><ele>181.0</ele></trkpt>
<trkpt lat="54.618922" lon="-2.484743"><ele>181.0</ele></trkpt>
<trkpt lat="54.618842" lon="-2.484906"><ele>181.0</ele></trkpt>
<trkpt lat="54.618806" lon="-2.484918"><ele>181.0</ele></trkpt>
<trkpt lat="54.618714" lon="-2.484843"><ele>181.0</ele></trkpt>
<trkpt lat="54.618668" lon="-2.484836"><ele>181.0</ele></trkpt>
<trkpt lat="54.618565" lon="-2.484862"><ele>181.0</ele></trkpt>
<trkpt lat="54.618444" lon="-2.484885"><ele>181.0</ele></trkpt>
<trkpt lat="54.61838" lon="-2.484947"><ele>181.0</ele></trkpt>
<trkpt lat="54.618369" lon="-2.484959"><ele>181.0</ele></trkpt>
<trkpt lat="54.618369" lon="-2.484958"><ele>182.7</ele></trkpt>
<trkpt lat="54.61829" lon="-2.484605"><ele>184.3</ele></trkpt>
<trkpt lat="54.61822" lon="-2.484322"><ele>186.0</ele></trkpt>
<trkpt lat="54.618187" lon="-2.484197"><ele>186.0</ele></trkpt>
<trkpt lat="54.618164" lon="-2.484124"><ele>186.0</ele></trkpt>
<trkpt lat="54.61812" lon="-2.483972"><ele>186.0</ele></trkpt>
<trkpt lat="54.618088" lon="-2.483884"><ele>185.0</ele></trkpt>
<trkpt lat="54.618072" lon="-2.483805"><ele>184.0</ele></trkpt>
<trkpt lat="54.618052" lon="-2.483663"><ele>183.0</ele></trkpt>
<trkpt lat="54.618036" lon="-2.483592"><ele>183.0</ele></trkpt>
<trkpt lat="54.618004" lon="-2.483499"><ele>183.0</ele></trkpt>
<trkpt lat="54.617897" lon="-2.483343"><ele>183.0</ele></trkpt>
<trkpt lat="54.617684" lon="-2.483062"><ele>183.0</ele></trkpt>
<trkpt lat="54.617642" lon="-2.482979"><ele>183.0</ele></trkpt>
<trkpt lat="54.617582" lon="-2.482833"><ele>183.0</ele></trkpt>
<trkpt lat="54.617558" lon="-2.482714"><ele>183.7</ele></trkpt>
<trkpt lat="54.617529" lon="-2.4825"><ele>184.3</ele></trkpt>
<trkpt lat="54.617496" lon="-2.482364"><ele>185.0</ele></trkpt>
<trkpt lat="54.617448" lon="-2.482221"><ele>187.7</ele></trkpt>
<trkpt lat="54.617414" lon="-2.482142"><ele>190.3</ele></trkpt>
<trkpt lat="54.617403" lon="-2.482098"><ele>193.0</ele></trkpt>
<trkpt lat="54.617403" lon="-2.481841"><ele>193.0</ele></trkpt>
<trkpt lat="54.617412" lon="-2.481529"><ele>193.0</ele></trkpt>
<trkpt lat="54.617435" lon="-2.481309"><ele>193.0</ele></trkpt>
<trkpt lat="54.617482" lon="-2.480989"><ele>191.7</ele></trkpt>
<trkpt lat="54.617534" lon="-2.480799"><ele>190.3</ele></trkpt>
<trkpt lat="54.617594" lon="-2.480601"><ele>189.0</ele></trkpt>
<trkpt lat="54.617667" lon="-2.480447"><ele>189.0</ele></trkpt>
<trkpt lat="54.617729" lon="-2.480341"><ele>189.0</ele></trkpt>
<trkpt lat="54.617729" lon="-2.480338"><ele>189.0</ele></trkpt>
<trkpt lat="54.617827" lon="-2.480205"><ele>189.0</ele></trkpt>
<trkpt lat="54.617917" lon="-2.480206"><ele>189.0</ele></trkpt>
<trkpt lat="54.617987" lon="-2.480155"><ele>189.0</ele></trkpt>
<trkpt lat="54.618017" lon="-2.480022"><ele>187.7</ele></trkpt>
<trkpt lat="54.618026" lon="-2.479929"><ele>186.3</ele></trkpt>
<trkpt lat="54.618014" lon="-2.479847"><ele>185.0</ele></trkpt>
<trkpt lat="54.617992" lon="-2.479796"><ele>185.0</ele></trkpt>
<trkpt lat="54.617964" lon="-2.479765"><ele>185.0</ele></trkpt>
<trkpt lat="54.617922" lon="-2.479737"><ele>185.0</ele></trkpt>
<trkpt lat="54.618003" lon="-2.479314"><ele>185.0</ele></trkpt>
<trkpt lat="54.618031" lon="-2.479132"><ele>185.0</ele></trkpt>
<trkpt lat="54.61804" lon="-2.47901"><ele>185.0</ele></trkpt>
<trkpt lat="54.618039" lon="-2.478835"><ele>184.3</ele></trkpt>
<trkpt lat="54.617985" lon="-2.478666"><ele>183.7</ele></trkpt>
<trkpt lat="54.617887" lon="-2.478528"><ele>183.0</ele></trkpt>
<trkpt lat="54.61776" lon="-2.478325"><ele>186.0</ele></trkpt>
<trkpt lat="54.617668" lon="-2.478183"><ele>189.0</ele></trkpt>
<trkpt lat="54.617479" lon="-2.478101"><ele>192.0</ele></trkpt>
<trkpt lat="54.617399" lon="-2.478048"><ele>192.0</ele></trkpt>
<trkpt lat="54.617287" lon="-2.477902"><ele>192.0</ele></trkpt>
<trkpt lat="54.617213" lon="-2.477797"><ele>192.0</ele></trkpt>
<trkpt lat="54.616928" lon="-2.477578"><ele>193.3</ele></trkpt>
<trkpt lat="54.616651" lon="-2.47744"><ele>194.7</ele></trkpt>
<trkpt lat="54.616453" lon="-2.477226"><ele>196.0</ele></trkpt>
<trkpt lat="54.616249" lon="-2.477005"><ele>196.0</ele></trkpt>
<trkpt lat="54.615784" lon="-2.476508"><ele>196.0</ele></trkpt>
<trkpt lat="54.615599" lon="-2.476303"><ele>196.0</ele></trkpt>
<trkpt lat="54.615464" lon="-2.476215"><ele>194.7</ele></trkpt>
<trkpt lat="54.615269" lon="-2.475992"><ele>193.3</ele></trkpt>
<trkpt lat="54.615041" lon="-2.475842"><ele>192.0</ele></trkpt>
<trkpt lat="54.614852" lon="-2.475821"><ele>192.0</ele></trkpt>
<trkpt lat="54.614698" lon="-2.475644"><ele>192.0</ele></trkpt>
<trkpt lat="54.614661" lon="-2.475594"><ele>192.0</ele></trkpt>
<trkpt lat="54.614736" lon="-2.475371"><ele>192.0</ele></trkpt>
<trkpt lat="54.614712" lon="-2.475278"><ele>192.0</ele></trkpt>
<trkpt lat="54.614663" lon="-2.475044"><ele>192.0</ele></trkpt>
<trkpt lat="54.614472" lon="-2.474594"><ele>189.3</ele></trkpt>
<trkpt lat="54.614366" lon="-2.474377"><ele>186.7</ele></trkpt>
<trkpt lat="54.614192" lon="-2.474191"><ele>184.0</ele></trkpt>
<trkpt lat="54.61395" lon="-2.473998"><ele>185.0</ele></trkpt>
<trkpt lat="54.613783" lon="-2.473873"><ele>186.0</ele></trkpt>
<trkpt lat="54.613563" lon="-2.47363"><ele>187.0</ele></trkpt>
<trkpt lat="54.613442" lon="-2.473352"><ele>187.7</ele></trkpt>
<trkpt lat="54.61321" lon="-2.472936"><ele>188.3</ele></trkpt>
<trkpt lat="54.612715" lon="-2.472367"><ele>189.0</ele></trkpt>
<trkpt lat="54.61241" lon="-2.47197"><ele>189.3</ele></trkpt>
<trkpt lat="54.612129" lon="-2.471666"><ele>189.7</ele></trkpt>
<trkpt lat="54.612023" lon="-2.471572"><ele>190.0</ele></trkpt>
<trkpt lat="54.611527" lon="-2.471505"><ele>190.0</ele></trkpt>
<trkpt lat="54.611421" lon="-2.471387"><ele>190.0</ele></trkpt>
<trkpt lat="54.611265" lon="-2.47117"><ele>190.0</ele></trkpt>
<trkpt lat="54.611142" lon="-2.470982"><ele>190.3</ele></trkpt>
<trkpt lat="54.610796" lon="-2.470544"><ele>190.7</ele></trkpt>
<trkpt lat="54.610581" lon="-2.470373"><ele>191.0</ele></trkpt>
<trkpt lat="54.610089" lon="-2.469952"><ele>191.7</ele></trkpt>
<trkpt lat="54.609979" lon="-2.469804"><ele>192.3</ele></trkpt>
<trkpt lat="54.609772" lon="-2.469418"><ele>193.0</ele></trkpt>
<trkpt lat="54.609545" lon="-2.469108"><ele>193.3</ele></trkpt>
<trkpt lat="54.609282" lon="-2.468675"><ele>193.7</ele></trkpt>
<trkpt lat="54.609233" lon="-2.468527"><ele>194.0</ele></trkpt>
<trkpt lat="54.609184" lon="-2.468342"><ele>195.3</ele></trkpt>
<trkpt lat="54.608985" lon="-2.468008"><ele>196.7</ele></trkpt>
<trkpt lat="54.608666" lon="-2.467537"><ele>198.0</ele></trkpt>
<trkpt lat="54.608345" lon="-2.467173"><ele>199.7</ele></trkpt>
<trkpt lat="54.608185" lon="-2.467036"><ele>201.3</ele></trkpt>
<trkpt lat="54.608019" lon="-2.46694"><ele>203.0</ele></trkpt>
<trkpt lat="54.607749" lon="-2.466826"><ele>204.0</ele></trkpt>
<trkpt lat="54.607621" lon="-2.466739"><ele>205.0</ele></trkpt>
<trkpt lat="54.607372" lon="-2.466441"><ele>206.0</ele></trkpt>
<trkpt lat="54.607096" lon="-2.465946"><ele>205.7</ele></trkpt>
<trkpt lat="54.606835" lon="-2.465218"><ele>205.3</ele></trkpt>
<trkpt lat="54.606785" lon="-2.465033"><ele>205.0</ele></trkpt>
<trkpt lat="54.606745" lon="-2.46482"><ele>206.3</ele></trkpt>
<trkpt lat="54.606623" lon="-2.464528"><ele>207.7</ele></trkpt>
<trkpt lat="54.606553" lon="-2.464355"><ele>209.0</ele></trkpt>
<trkpt lat="54.606525" lon="-2.46417"><ele>208.7</ele></trkpt>
<trkpt lat="54.60654" lon="-2.463986"><ele>208.3</ele></trkpt>
<trkpt lat="54.606584" lon="-2.463728"><ele>208.0</ele></trkpt>
<trkpt lat="54.606663" lon="-2.46352"><ele>207.3</ele></trkpt>
<trkpt lat="54.606728" lon="-2.463239"><ele>206.7</ele></trkpt>
<trkpt lat="54.606743" lon="-2.463018"><ele>206.0</ele></trkpt>
<trkpt lat="54.60673" lon="-2.462796"><ele>206.0</ele></trkpt>
<trkpt lat="54.606695" lon="-2.462464"><ele>206.0</ele></trkpt>
<trkpt lat="54.606591" lon="-2.461787"><ele>206.0</ele></trkpt>
<trkpt lat="54.606487" lon="-2.460975"><ele>206.7</ele></trkpt>
<trkpt lat="54.606375" lon="-2.460507"><ele>207.3</ele></trkpt>
<trkpt lat="54.606279" lon="-2.460029"><ele>208.0</ele></trkpt>
<trkpt lat="54.606074" lon="-2.459437"><ele>210.3</ele></trkpt>
<trkpt lat="54.605959" lon="-2.459162"><ele>212.7</ele></trkpt>
<trkpt lat="54.605682" lon="-2.458455"><ele>215.0</ele></trkpt>
<trkpt lat="54.605222" lon="-2.457357"><ele>215.3</ele></trkpt>
<trkpt lat="54.6048" lon="-2.456787"><ele>215.7</ele></trkpt>
<trkpt lat="54.604514" lon="-2.456566"><ele>216.0</ele></trkpt>
<trkpt lat="54.604065" lon="-2.456241"><ele>217.7</ele></trkpt>
<trkpt lat="54.603923" lon="-2.456289"><ele>219.3</ele></trkpt>
<trkpt lat="54.603643" lon="-2.456544"><ele>221.0</ele></trkpt>
<trkpt lat="54.603522" lon="-2.456542"><ele>220.3</ele></trkpt>
<trkpt lat="54.603329" lon="-2.456639"><ele>219.7</ele></trkpt>
<trkpt lat="54.603158" lon="-2.456735"><ele>219.0</ele></trkpt>
<trkpt lat="54.602965" lon="-2.45677"><ele>219.0</ele></trkpt>
<trkpt lat="54.602806" lon="-2.456509"><ele>219.0</ele></trkpt>
<trkpt lat="54.602772" lon="-2.45644"><ele>219.0</ele></trkpt>
<trkpt lat="54.602709" lon="-2.456205"><ele>217.0</ele></trkpt>
<trkpt lat="54.602603" lon="-2.4562"><ele>215.0</ele></trkpt>
<trkpt lat="54.602433" lon="-2.456269"><ele>213.0</ele></trkpt>
<trkpt lat="54.602248" lon="-2.456417"><ele>214.0</ele></trkpt>
<trkpt lat="54.601928" lon="-2.457037"><ele>215.0</ele></trkpt>
<trkpt lat="54.601656" lon="-2.457627"><ele>216.0</ele></trkpt>
<trkpt lat="54.60078" lon="-2.459116"><ele>211.0</ele></trkpt>
<trkpt lat="54.600255" lon="-2.459972"><ele>206.0</ele></trkpt>
<trkpt lat="54.600136" lon="-2.460175"><ele>201.0</ele></trkpt>
<trkpt lat="54.599968" lon="-2.460381"><ele>199.7</ele></trkpt>
<trkpt lat="54.599662" lon="-2.460566"><ele>198.3</ele></trkpt>
<trkpt lat="54.59869" lon="-2.461009"><ele>197.0</ele></trkpt>
<trkpt lat="54.59838" lon="-2.46111"><ele>198.0</ele></trkpt>
<trkpt lat="54.598033" lon="-2.461206"><ele>199.0</ele></trkpt>
<trkpt lat="54.597976" lon="-2.461284"><ele>200.0</ele></trkpt>
<trkpt lat="54.59784" lon="-2.461467"><ele>198.0</ele></trkpt>
<trkpt lat="54.597675" lon="-2.461563"><ele>196.0</ele></trkpt>
<trkpt lat="54.597203" lon="-2.46173"><ele>194.0</ele></trkpt>
<trkpt lat="54.597089" lon="-2.461816"><ele>193.7</ele></trkpt>
<trkpt lat="54.596621" lon="-2.462098"><ele>193.3</ele></trkpt>
<trkpt lat="54.596566" lon="-2.462183"><ele>193.0</ele></trkpt>
<trkpt lat="54.596417" lon="-2.462286"><ele>193.7</ele></trkpt>
<trkpt lat="54.595973" lon="-2.462699"><ele>194.3</ele></trkpt>
<trkpt lat="54.595436" lon="-2.463221"><ele>195.0</ele></trkpt>
<trkpt lat="54.595194" lon="-2.463193"><ele>193.0</ele></trkpt>
<trkpt lat="54.594836" lon="-2.463423"><ele>191.0</ele></trkpt>
<trkpt lat="54.594615" lon="-2.463531"><ele>189.0</ele></trkpt>
<trkpt lat="54.594314" lon="-2.463749"><ele>180.0</ele></trkpt>
<trkpt lat="54.59415" lon="-2.463747"><ele>171.0</ele></trkpt>
<trkpt lat="54.593916" lon="-2.463823"><ele>162.0</ele></trkpt>
<trkpt lat="54.593857" lon="-2.463964"><ele>162.0</ele></trkpt>
<trkpt lat="54.593733" lon="-2.464179"><ele>162.0</ele></trkpt>
<trkpt lat="54.59382" lon="-2.464241"><ele>162.0</ele></trkpt>
<trkpt lat="54.593901" lon="-2.464348"><ele>162.0</ele></trkpt>
<trkpt lat="54.593953" lon="-2.464481"><ele>162.0</ele></trkpt>
<trkpt lat="54.594031" lon="-2.464847"><ele>162.0</ele></trkpt>
<trkpt lat="54.594059" lon="-2.465201"><ele>157.7</ele></trkpt>
<trkpt lat="54.59406" lon="-2.46547"><ele>153.3</ele></trkpt>
<trkpt lat="54.594059" lon="-2.465476"><ele>149.0</ele></trkpt>
<trkpt lat="54.594033" lon="-2.465602"><ele>147.0</ele></trkpt>
<trkpt lat="54.593962" lon="-2.466586"><ele>145.0</ele></trkpt>
<trkpt lat="54.593916" lon="-2.466833"><ele>143.0</ele></trkpt>
<trkpt lat="54.593847" lon="-2.467048"><ele>143.0</ele></trkpt>
<trkpt lat="54.593759" lon="-2.467252"><ele>143.0</ele></trkpt>
<trkpt lat="54.593689" lon="-2.467377"><ele>143.0</ele></trkpt>
<trkpt lat="54.593116" lon="-2.468028"><ele>143.0</ele></trkpt>
<trkpt lat="54.592623" lon="-2.468508"><ele>143.0</ele></trkpt>
<trkpt lat="54.592625" lon="-2.468508"><ele>143.0</ele></trkpt>
<trkpt lat="54.592591" lon="-2.46854"><ele>143.0</ele></trkpt>
<trkpt lat="54.592254" lon="-2.46886"><ele>143.0</ele></trkpt>
<trkpt lat="54.591804" lon="-2.469235"><ele>143.0</ele></trkpt>
<trkpt lat="54.591417" lon="-2.4696"><ele>144.0</ele></trkpt>
<trkpt lat="54.59121" lon="-2.469745"><ele>145.0</ele></trkpt>
<trkpt lat="54.591061" lon="-2.469935"><ele>146.0</ele></trkpt>
<trkpt lat="54.590957" lon="-2.470254"><ele>147.0</ele></trkpt>
<trkpt lat="54.590867" lon="-2.470461"><ele>148.0</ele></trkpt>
<trkpt lat="54.590545" lon="-2.471476"><ele>149.0</ele></trkpt>
<trkpt lat="54.590403" lon="-2.47175"><ele>152.3</ele></trkpt>
<trkpt lat="54.590172" lon="-2.472398"><ele>155.7</ele></trkpt>
<trkpt lat="54.58974" lon="-2.473363"><ele>159.0</ele></trkpt>
<trkpt lat="54.589453" lon="-2.473876"><ele>161.3</ele></trkpt>
<trkpt lat="54.589194" lon="-2.474487"><ele>163.7</ele></trkpt>
<trkpt lat="54.588727" lon="-2.475341"><ele>166.0</ele></trkpt>
<trkpt lat="54.588483" lon="-2.475756"><ele>167.3</ele></trkpt>
<trkpt lat="54.588086" lon="-2.476289"><ele>168.7</ele></trkpt>
<trkpt lat="54.58773" lon="-2.476755"><ele>170.0</ele></trkpt>
<trkpt lat="54.587436" lon="-2.477181"><ele>167.0</ele></trkpt>
<trkpt lat="54.587085" lon="-2.477658"><ele>164.0</ele></trkpt>
<trkpt lat="54.586656" lon="-2.478228"><ele>161.0</ele></trkpt>
<trkpt lat="54.586795" lon="-2.47859"><ele>160.7</ele></trkpt>
<trkpt lat="54.586684" lon="-2.478766"><ele>160.3</ele></trkpt>
<trkpt lat="54.586471" lon="-2.479144"><ele>160.0</ele></trkpt>
<trkpt lat="54.586282" lon="-2.479473"><ele>162.0</ele></trkpt>
<trkpt lat="54.585937" lon="-2.480059"><ele>164.0</ele></trkpt>
<trkpt lat="54.585729" lon="-2.480441"><ele>166.0</ele></trkpt>
<trkpt lat="54.585572" lon="-2.480423"><ele>166.0</ele></trkpt>
<trkpt lat="54.585415" lon="-2.480532"><ele>166.0</ele></trkpt>
<trkpt lat="54.585178" lon="-2.480922"><ele>166.0</ele></trkpt>
<trkpt lat="54.584919" lon="-2.481398"><ele>168.0</ele></trkpt>
<trkpt lat="54.584619" lon="-2.482041"><ele>170.0</ele></trkpt>
<trkpt lat="54.584596" lon="-2.482081"><ele>172.0</ele></trkpt>
<trkpt lat="54.584486" lon="-2.481981"><ele>172.7</ele></trkpt>
<trkpt lat="54.584335" lon="-2.481896"><ele>173.3</ele></trkpt>
<trkpt lat="54.584078" lon="-2.481833"><ele>174.0</ele></trkpt>
<trkpt lat="54.583824" lon="-2.481769"><ele>174.7</ele></trkpt>
<trkpt lat="54.583484" lon="-2.481705"><ele>175.3</ele></trkpt>
<trkpt lat="54.583295" lon="-2.481634"><ele>176.0</ele></trkpt>
<trkpt lat="54.582969" lon="-2.481407"><ele>176.0</ele></trkpt>
<trkpt lat="54.582645" lon="-2.481203"><ele>176.0</ele></trkpt>
<trkpt lat="54.582416" lon="-2.480943"><ele>176.0</ele></trkpt>
<trkpt lat="54.582326" lon="-2.480912"><ele>176.0</ele></trkpt>
<trkpt lat="54.582214" lon="-2.480941"><ele>176.0</ele></trkpt>
<trkpt lat="54.582133" lon="-2.48097"><ele>176.0</ele></trkpt>
<trkpt lat="54.582042" lon="-2.480708"><ele>176.0</ele></trkpt>
<trkpt lat="54.58192" lon="-2.480419"><ele>176.0</ele></trkpt>
<trkpt lat="54.581706" lon="-2.480174"><ele>176.0</ele></trkpt>
<trkpt lat="54.581529" lon="-2.480059"><ele>176.3</ele></trkpt>
<trkpt lat="54.581008" lon="-2.47992"><ele>176.7</ele></trkpt>
<trkpt lat="54.580885" lon="-2.479889"><ele>177.0</ele></trkpt>
<trkpt lat="54.580876" lon="-2.480032"><ele>177.7</ele></trkpt>
<trkpt lat="54.58101" lon="-2.480382"><ele>178.3</ele></trkpt>
<trkpt lat="54.581285" lon="-2.480915"><ele>179.0</ele></trkpt>
<trkpt lat="54.581568" lon="-2.48147"><ele>177.7</ele></trkpt>
<trkpt lat="54.58178" lon="-2.481976"><ele>176.3</ele></trkpt>
<trkpt lat="54.582088" lon="-2.482681"><ele>175.0</ele></trkpt>
<trkpt lat="54.582191" lon="-2.483083"><ele>175.0</ele></trkpt>
<trkpt lat="54.582212" lon="-2.483401"><ele>175.0</ele></trkpt>
<trkpt lat="54.582187" lon="-2.483734"><ele>175.0</ele></trkpt>
<trkpt lat="54.582117" lon="-2.483998"><ele>172.3</ele></trkpt>
<trkpt lat="54.581978" lon="-2.484321"><ele>169.7</ele></trkpt>
<trkpt lat="54.581799" lon="-2.484644"><ele>167.0</ele></trkpt>
<trkpt lat="54.581298" lon="-2.485624"><ele>163.3</ele></trkpt>
<trkpt lat="54.580897" lon="-2.486432"><ele>159.7</ele></trkpt>
<trkpt lat="54.58083" lon="-2.486715"><ele>156.0</ele></trkpt>
<trkpt lat="54.580824" lon="-2.487085"><ele>153.7</ele></trkpt>
<trkpt lat="54.580765" lon="-2.487603"><ele>151.3</ele></trkpt>
<trkpt lat="54.580675" lon="-2.488044"><ele>149.0</ele></trkpt>
<trkpt lat="54.580496" lon="-2.488528"><ele>147.0</ele></trkpt>
<trkpt lat="54.58025" lon="-2.489127"><ele>145.0</ele></trkpt>
<trkpt lat="54.580207" lon="-2.489387"><ele>143.0</ele></trkpt>
<trkpt lat="54.580245" lon="-2.489777"><ele>139.0</ele></trkpt>
<trkpt lat="54.580128" lon="-2.490435"><ele>135.0</ele></trkpt>
<trkpt lat="54.579922" lon="-2.49036"><ele>131.0</ele></trkpt>
<trkpt lat="54.579418" lon="-2.490116"><ele>130.0</ele></trkpt>
<trkpt lat="54.5783" lon="-2.489278"><ele>129.0</ele></trkpt>
<trkpt lat="54.578217" lon="-2.489376"><ele>128.0</ele></trkpt>
<trkpt lat="54.578113" lon="-2.489934"><ele>129.0</ele></trkpt>
<trkpt lat="54.57782" lon="-2.491124"><ele>130.0</ele></trkpt>
<trkpt lat="54.577764" lon="-2.491248"><ele>131.0</ele></trkpt>
<trkpt lat="54.577418" lon="-2.491005"><ele>135.7</ele></trkpt>
<trkpt lat="54.576596" lon="-2.490481"><ele>140.3</ele></trkpt>
<trkpt lat="54.57538" lon="-2.489748"><ele>145.0</ele></trkpt>
<trkpt lat="54.575212" lon="-2.489867"><ele>142.0</ele></trkpt>
<trkpt lat="54.575123" lon="-2.490191"><ele>139.0</ele></trkpt>
<trkpt lat="54.574994" lon="-2.49056"><ele>136.0</ele></trkpt>
<trkpt lat="54.574756" lon="-2.490799"><ele>137.7</ele></trkpt>
<trkpt lat="54.574554" lon="-2.490873"><ele>139.3</ele></trkpt>
<trkpt lat="54.574269" lon="-2.490824"><ele>141.0</ele></trkpt>
<trkpt lat="54.573633" lon="-2.490619"><ele>142.7</ele></trkpt>
<trkpt lat="54.573085" lon="-2.490363"><ele>144.3</ele></trkpt>
<trkpt lat="54.572714" lon="-2.490003"><ele>146.0</ele></trkpt>
<trkpt lat="54.572566" lon="-2.48976"><ele>147.3</ele></trkpt>
<trkpt lat="54.572366" lon="-2.48919"><ele>148.7</ele></trkpt>
<trkpt lat="54.572132" lon="-2.488408"><ele>150.0</ele></trkpt>
<trkpt lat="54.571727" lon="-2.487112"><ele>152.7</ele></trkpt>
<trkpt lat="54.571712" lon="-2.48662"><ele>155.3</ele></trkpt>
<trkpt lat="54.571739" lon="-2.486273"><ele>158.0</ele></trkpt>
<trkpt lat="54.571767" lon="-2.486163"><ele>152.0</ele></trkpt>
<trkpt lat="54.571548" lon="-2.485725"><ele>146.0</ele></trkpt>
<trkpt lat="54.571527" lon="-2.485704"><ele>140.0</ele></trkpt>
<trkpt lat="54.57135" lon="-2.485602"><ele>140.0</ele></trkpt>
<trkpt lat="54.571333" lon="-2.485581"><ele>140.0</ele></trkpt>
<trkpt lat="54.570968" lon="-2.485057"><ele>140.0</ele></trkpt>
<trkpt lat="54.570335" lon="-2.484187"><ele>139.3</ele></trkpt>
<trkpt lat="54.57008" lon="-2.483877"><ele>138.7</ele></trkpt>
<trkpt lat="54.569856" lon="-2.483678"><ele>138.0</ele></trkpt>
<trkpt lat="54.569674" lon="-2.483572"><ele>138.0</ele></trkpt>
<trkpt lat="54.569528" lon="-2.483509"><ele>138.0</ele></trkpt>
<trkpt lat="54.569243" lon="-2.483494"><ele>138.0</ele></trkpt>
<trkpt lat="54.568201" lon="-2.483519"><ele>134.7</ele></trkpt>
<trkpt lat="54.56645" lon="-2.483461"><ele>131.3</ele></trkpt>
<trkpt lat="54.565627" lon="-2.484127"><ele>128.0</ele></trkpt>
<trkpt lat="54.565051" lon="-2.484599"><ele>129.0</ele></trkpt>
<trkpt lat="54.564393" lon="-2.484996"><ele>130.0</ele></trkpt>
<trkpt lat="54.564015" lon="-2.485176"><ele>131.0</ele></trkpt>
<trkpt lat="54.563187" lon="-2.485129"><ele>131.7</ele></trkpt>
<trkpt lat="54.562464" lon="-2.484961"><ele>132.3</ele></trkpt>
<trkpt lat="54.56225" lon="-2.48497"><ele>133.0</ele></trkpt>
<trkpt lat="54.561911" lon="-2.48502"><ele>133.0</ele></trkpt>
<trkpt lat="54.561333" lon="-2.484993"><ele>133.0</ele></trkpt>
<trkpt lat="54.560983" lon="-2.48505"><ele>133.0</ele></trkpt>
<trkpt lat="54.560981" lon="-2.485049"><ele>133.0</ele></trkpt>
<trkpt lat="54.560749" lon="-2.484888"><ele>133.0</ele></trkpt>
<trkpt lat="54.560285" lon="-2.484858"><ele>133.0</ele></trkpt>
<trkpt lat="54.559772" lon="-2.484741"><ele>136.3</ele></trkpt>
<trkpt lat="54.559609" lon="-2.484641"><ele>139.7</ele></trkpt>
<trkpt lat="54.559473" lon="-2.484603"><ele>143.0</ele></trkpt>
<trkpt lat="54.559267" lon="-2.484465"><ele>144.7</ele></trkpt>
<trkpt lat="54.559096" lon="-2.484451"><ele>146.3</ele></trkpt>
<trkpt lat="54.558925" lon="-2.4844"><ele>148.0</ele></trkpt>
<trkpt lat="54.558583" lon="-2.484298"><ele>149.3</ele></trkpt>
<trkpt lat="54.558298" lon="-2.484233"><ele>150.7</ele></trkpt>
<trkpt lat="54.558148" lon="-2.484108"><ele>152.0</ele></trkpt>
<trkpt lat="54.558019" lon="-2.483993"><ele>152.0</ele></trkpt>
<trkpt lat="54.557836" lon="-2.483874"><ele>152.0</ele></trkpt>
<trkpt lat="54.557663" lon="-2.483785"><ele>152.0</ele></trkpt>
<trkpt lat="54.557515" lon="-2.483843"><ele>148.7</ele></trkpt>
<trkpt lat="54.557448" lon="-2.483796"><ele>145.3</ele></trkpt>
<trkpt lat="54.557384" lon="-2.483721"><ele>142.0</ele></trkpt>
<trkpt lat="54.557337" lon="-2.483571"><ele>142.0</ele></trkpt>
<trkpt lat="54.557202" lon="-2.483459"><ele>142.0</ele></trkpt>
<trkpt lat="54.557031" lon="-2.483316"><ele>142.0</ele></trkpt>
<trkpt lat="54.556831" lon="-2.483178"><ele>143.3</ele></trkpt>
<trkpt lat="54.55654" lon="-2.482945"><ele>144.7</ele></trkpt>
<trkpt lat="54.556377" lon="-2.482786"><ele>146.0</ele></trkpt>
<trkpt lat="54.556136" lon="-2.48255"><ele>140.7</ele></trkpt>
<trkpt lat="54.555689" lon="-2.481858"><ele>135.3</ele></trkpt>
<trkpt lat="54.555079" lon="-2.480881"><ele>130.0</ele></trkpt>
<trkpt lat="54.554704" lon="-2.480152"><ele>131.0</ele></trkpt>
<trkpt lat="54.55464" lon="-2.480066"><ele>132.0</ele></trkpt>
<trkpt lat="54.554491" lon="-2.479917"><ele>133.0</ele></trkpt>
<trkpt lat="54.554427" lon="-2.479879"><ele>133.0</ele></trkpt>
<trkpt lat="54.554313" lon="-2.47989"><ele>133.0</ele></trkpt>
<trkpt lat="54.554192" lon="-2.479913"><ele>133.0</ele></trkpt>
<trkpt lat="54.554106" lon="-2.479875"><ele>133.3</ele></trkpt>
<trkpt lat="54.553837" lon="-2.479443"><ele>133.7</ele></trkpt>
<trkpt lat="54.553362" lon="-2.478639"><ele>134.0</ele></trkpt>
<trkpt lat="54.553192" lon="-2.478343"><ele>138.0</ele></trkpt>
<trkpt lat="54.5531" lon="-2.478108"><ele>142.0</ele></trkpt>
<trkpt lat="54.552988" lon="-2.477727"><ele>146.0</ele></trkpt>
<trkpt lat="54.552868" lon="-2.477185"><ele>144.3</ele></trkpt>
<trkpt lat="54.552834" lon="-2.476768"><ele>142.7</ele></trkpt>
<trkpt lat="54.552808" lon="-2.476313"><ele>141.0</ele></trkpt>
<trkpt lat="54.552717" lon="-2.475907"><ele>139.3</ele></trkpt>
<trkpt lat="54.552632" lon="-2.475636"><ele>137.7</ele></trkpt>
<trkpt lat="54.55259" lon="-2.475452"><ele>136.0</ele></trkpt>
<trkpt lat="54.552577" lon="-2.475047"><ele>142.0</ele></trkpt>
<trkpt lat="54.552336" lon="-2.474737"><ele>148.0</ele></trkpt>
<trkpt lat="54.552087" lon="-2.474489"><ele>154.0</ele></trkpt>
<trkpt lat="54.55187" lon="-2.474122"><ele>151.7</ele></trkpt>
<trkpt lat="54.551708" lon="-2.473895"><ele>149.3</ele></trkpt>
<trkpt lat="54.551586" lon="-2.473614"><ele>147.0</ele></trkpt>
<trkpt lat="54.55145" lon="-2.4735"><ele>147.0</ele></trkpt>
<trkpt lat="54.551375" lon="-2.47331"><ele>147.0</ele></trkpt>
<trkpt lat="54.55137" lon="-2.473208"><ele>147.0</ele></trkpt>
<trkpt lat="54.55137" lon="-2.473102"><ele>147.0</ele></trkpt>
<trkpt lat="54.551372" lon="-2.473014"><ele>147.0</ele></trkpt>
<trkpt lat="54.551373" lon="-2.472963"><ele>147.0</ele></trkpt>
<trkpt lat="54.551215" lon="-2.472425"><ele>146.3</ele></trkpt>
<trkpt lat="54.551084" lon="-2.471966"><ele>145.7</ele></trkpt>
<trkpt lat="54.550976" lon="-2.471693"><ele>145.0</ele></trkpt>
<trkpt lat="54.550833" lon="-2.471396"><ele>145.7</ele></trkpt>
<trkpt lat="54.550619" lon="-2.47087"><ele>146.3</ele></trkpt>
<trkpt lat="54.550452" lon="-2.470501"><ele>147.0</ele></trkpt>
<trkpt lat="54.55051" lon="-2.470403"><ele>148.0</ele></trkpt>
<trkpt lat="54.550939" lon="-2.470069"><ele>149.0</ele></trkpt>
<trkpt lat="54.551147" lon="-2.469899"><ele>150.0</ele></trkpt>
<trkpt lat="54.551638" lon="-2.469441"><ele>148.0</ele></trkpt>
<trkpt lat="54.55174" lon="-2.469328"><ele>146.0</ele></trkpt>
<trkpt lat="54.551789" lon="-2.469235"><ele>144.0</ele></trkpt>
<trkpt lat="54.551796" lon="-2.469161"><ele>145.3</ele></trkpt>
<trkpt lat="54.551798" lon="-2.469062"><ele>146.7</ele></trkpt>
<trkpt lat="54.55175" lon="-2.468632"><ele>148.0</ele></trkpt>
<trkpt lat="54.551744" lon="-2.4684"><ele>148.0</ele></trkpt>
<trkpt lat="54.551755" lon="-2.468146"><ele>148.0</ele></trkpt>
<trkpt lat="54.551796" lon="-2.467537"><ele>148.0</ele></trkpt>
<trkpt lat="54.55179" lon="-2.467201"><ele>146.0</ele></trkpt>
<trkpt lat="54.551773" lon="-2.46705"><ele>144.0</ele></trkpt>
<trkpt lat="54.551667" lon="-2.466746"><ele>142.0</ele></trkpt>
<trkpt lat="54.551553" lon="-2.466436"><ele>140.7</ele></trkpt>
<trkpt lat="54.551399" lon="-2.466049"><ele>139.3</ele></trkpt>
<trkpt lat="54.551301" lon="-2.46583"><ele>138.0</ele></trkpt>
<trkpt lat="54.550941" lon="-2.465366"><ele>137.0</ele></trkpt>
<trkpt lat="54.550795" lon="-2.465029"><ele>136.0</ele></trkpt>
<trkpt lat="54.550333" lon="-2.464655"><ele>135.0</ele></trkpt>
<trkpt lat="54.550036" lon="-2.464383"><ele>134.7</ele></trkpt>
<trkpt lat="54.549976" lon="-2.463718"><ele>134.3</ele></trkpt>
<trkpt lat="54.550033" lon="-2.463537"><ele>134.0</ele></trkpt>
<trkpt lat="54.549633" lon="-2.463201"><ele>134.3</ele></trkpt>
<trkpt lat="54.549415" lon="-2.463131"><ele>134.7</ele></trkpt>
<trkpt lat="54.549189" lon="-2.463034"><ele>135.0</ele></trkpt>
<trkpt lat="54.548826" lon="-2.462878"><ele>136.3</ele></trkpt>
<trkpt lat="54.548662" lon="-2.462751"><ele>137.7</ele></trkpt>
<trkpt lat="54.548465" lon="-2.462551"><ele>139.0</ele></trkpt>
<trkpt lat="54.548408" lon="-2.462439"><ele>138.3</ele></trkpt>
<trkpt lat="54.548281" lon="-2.46233"><ele>137.7</ele></trkpt>
<trkpt lat="54.54809" lon="-2.462056"><ele>137.0</ele></trkpt>
<trkpt lat="54.547991" lon="-2.4615"><ele>137.7</ele></trkpt>
<trkpt lat="54.547991" lon="-2.461487"><ele>138.3</ele></trkpt>
<trkpt lat="54.547807" lon="-2.460708"><ele>139.0</ele></trkpt>
<trkpt lat="54.547565" lon="-2.459266"><ele>142.7</ele></trkpt>
<trkpt lat="54.547545" lon="-2.458574"><ele>146.3</ele></trkpt>
<trkpt lat="54.547511" lon="-2.458255"><ele>150.0</ele></trkpt>
<trkpt lat="54.547462" lon="-2.457886"><ele>148.0</ele></trkpt>
<trkpt lat="54.547464" lon="-2.457124"><ele>146.0</ele></trkpt>
<trkpt lat="54.546943" lon="-2.45543"><ele>144.0</ele></trkpt>
<trkpt lat="54.546551" lon="-2.454481"><ele>141.7</ele></trkpt>
<trkpt lat="54.546405" lon="-2.454295"><ele>139.3</ele></trkpt>
<trkpt lat="54.545949" lon="-2.454069"><ele>137.0</ele></trkpt>
<trkpt lat="54.545753" lon="-2.454039"><ele>137.0</ele></trkpt>
<trkpt lat="54.54546" lon="-2.454077"><ele>137.0</ele></trkpt>
<trkpt lat="54.545343" lon="-2.454035"><ele>137.0</ele></trkpt>
<trkpt lat="54.545215" lon="-2.453866"><ele>137.3</ele></trkpt>
<trkpt lat="54.545021" lon="-2.45348"><ele>137.7</ele></trkpt>
<trkpt lat="54.544881" lon="-2.452945"><ele>138.0</ele></trkpt>
<trkpt lat="54.544781" lon="-2.452406"><ele>137.7</ele></trkpt>
<trkpt lat="54.544712" lon="-2.452009"><ele>137.3</ele></trkpt>
<trkpt lat="54.544604" lon="-2.451759"><ele>137.0</ele></trkpt>
<trkpt lat="54.544418" lon="-2.451401"><ele>138.3</ele></trkpt>
<trkpt lat="54.544334" lon="-2.450944"><ele>139.7</ele></trkpt>
<trkpt lat="54.544088" lon="-2.449913"><ele>141.0</ele></trkpt>
<trkpt lat="54.544013" lon="-2.449553"><ele>141.0</ele></trkpt>
<trkpt lat="54.543975" lon="-2.449203"><ele>141.0</ele></trkpt>
<trkpt lat="54.543894" lon="-2.448866"><ele>141.0</ele></trkpt>
<trkpt lat="54.543758" lon="-2.448623"><ele>141.0</ele></trkpt>
<trkpt lat="54.543631" lon="-2.448272"><ele>141.0</ele></trkpt>
<trkpt lat="54.543261" lon="-2.446925"><ele>141.0</ele></trkpt>
<trkpt lat="54.543107" lon="-2.446338"><ele>139.3</ele></trkpt>
<trkpt lat="54.543078" lon="-2.445801"><ele>137.7</ele></trkpt>
<trkpt lat="54.542822" lon="-2.44476"><ele>136.0</ele></trkpt>
<trkpt lat="54.542597" lon="-2.444321"><ele>138.0</ele></trkpt>
<trkpt lat="54.542363" lon="-2.443886"><ele>140.0</ele></trkpt>
<trkpt lat="54.54221" lon="-2.443489"><ele>142.0</ele></trkpt>
<trkpt lat="54.54209" lon="-2.443157"><ele>145.0</ele></trkpt>
<trkpt lat="54.54201" lon="-2.442991"><ele>148.0</ele></trkpt>
<trkpt lat="54.541591" lon="-2.442463"><ele>151.0</ele></trkpt>
<trkpt lat="54.541399" lon="-2.442204"><ele>151.0</ele></trkpt>
<trkpt lat="54.541182" lon="-2.44182"><ele>151.0</ele></trkpt>
<trkpt lat="54.540884" lon="-2.441298"><ele>151.0</ele></trkpt>
<trkpt lat="54.540773" lon="-2.441108"><ele>152.0</ele></trkpt>
<trkpt lat="54.540636" lon="-2.440882"><ele>153.0</ele></trkpt>
<trkpt lat="54.540496" lon="-2.440639"><ele>154.0</ele></trkpt>
<trkpt lat="54.540416" lon="-2.440405"><ele>155.3</ele></trkpt>
<trkpt lat="54.54036" lon="-2.440184"><ele>156.7</ele></trkpt>
<trkpt lat="54.540323" lon="-2.43986"><ele>158.0</ele></trkpt>
<trkpt lat="54.540308" lon="-2.439574"><ele>157.0</ele></trkpt>
<trkpt lat="54.540321" lon="-2.439316"><ele>156.0</ele></trkpt>
<trkpt lat="54.540411" lon="-2.438524"><ele>155.0</ele></trkpt>
<trkpt lat="54.540427" lon="-2.438258"><ele>155.0</ele></trkpt>
<trkpt lat="54.54044" lon="-2.4378"><ele>155.0</ele></trkpt>
<trkpt lat="54.540432" lon="-2.437535"><ele>155.0</ele></trkpt>
<trkpt lat="54.540406" lon="-2.437403"><ele>155.7</ele></trkpt>
<trkpt lat="54.540312" lon="-2.437165"><ele>156.3</ele></trkpt>
<trkpt lat="54.539946" lon="-2.436361"><ele>157.0</ele></trkpt>
<trkpt lat="54.539649" lon="-2.435671"><ele>161.7</ele></trkpt>
<trkpt lat="54.539302" lon="-2.43495"><ele>166.3</ele></trkpt>
<trkpt lat="54.539122" lon="-2.434658"><ele>171.0</ele></trkpt>
<trkpt lat="54.538862" lon="-2.434287"><ele>170.0</ele></trkpt>
<trkpt lat="54.538661" lon="-2.43395"><ele>169.0</ele></trkpt>
<trkpt lat="54.538368" lon="-2.43344"><ele>168.0</ele></trkpt>
<trkpt lat="54.538132" lon="-2.433098"><ele>172.0</ele></trkpt>
<trkpt lat="54.537975" lon="-2.4329"><ele>176.0</ele></trkpt>
<trkpt lat="54.537883" lon="-2.432769"><ele>180.0</ele></trkpt>
<trkpt lat="54.53774" lon="-2.432594"><ele>182.0</ele></trkpt>
<trkpt lat="54.537557" lon="-2.432275"><ele>184.0</ele></trkpt>
<trkpt lat="54.537138" lon="-2.431427"><ele>186.0</ele></trkpt>
<trkpt lat="54.537038" lon="-2.431153"><ele>182.7</ele></trkpt>
<trkpt lat="54.536891" lon="-2.430839"><ele>179.3</ele></trkpt>
<trkpt lat="54.536739" lon="-2.430515"><ele>176.0</ele></trkpt>
<trkpt lat="54.536621" lon="-2.430231"><ele>174.7</ele></trkpt>
<trkpt lat="54.536503" lon="-2.429751"><ele>173.3</ele></trkpt>
<trkpt lat="54.536493" lon="-2.429379"><ele>172.0</ele></trkpt>
<trkpt lat="54.536518" lon="-2.428705"><ele>167.0</ele></trkpt>
<trkpt lat="54.536514" lon="-2.428227"><ele>162.0</ele></trkpt>
<trkpt lat="54.536538" lon="-2.427787"><ele>157.0</ele></trkpt>
<trkpt lat="54.536539" lon="-2.427553"><ele>154.3</ele></trkpt>
<trkpt lat="54.536535" lon="-2.427162"><ele>151.7</ele></trkpt>
<trkpt lat="54.536523" lon="-2.426877"><ele>149.0</ele></trkpt>
<trkpt lat="54.536472" lon="-2.42668"><ele>146.0</ele></trkpt>
<trkpt lat="54.536458" lon="-2.426572"><ele>143.0</ele></trkpt>
<trkpt lat="54.536514" lon="-2.426215"><ele>140.0</ele></trkpt>
<trkpt lat="54.536549" lon="-2.425813"><ele>138.0</ele></trkpt>
<trkpt lat="54.53658" lon="-2.42551"><ele>136.0</ele></trkpt>
<trkpt lat="54.536719" lon="-2.424702"><ele>134.0</ele></trkpt>
<trkpt lat="54.536754" lon="-2.424443"><ele>134.0</ele></trkpt>
<trkpt lat="54.536801" lon="-2.424007"><ele>134.0</ele></trkpt>
<trkpt lat="54.53684" lon="-2.423611"><ele>134.0</ele></trkpt>
<trkpt lat="54.536813" lon="-2.423611"><ele>134.0</ele></trkpt>
<trkpt lat="54.536749" lon="-2.423616"><ele>134.0</ele></trkpt>
<trkpt lat="54.536658" lon="-2.423574"><ele>134.0</ele></trkpt>
<trkpt lat="54.536638" lon="-2.423533"><ele>135.0</ele></trkpt>
<trkpt lat="54.536625" lon="-2.423452"><ele>136.0</ele></trkpt>
<trkpt lat="54.536599" lon="-2.423244"><ele>137.0</ele></trkpt>
<trkpt lat="54.536579" lon="-2.422774"><ele>141.7</ele></trkpt>
<trkpt lat="54.536355" lon="-2.4218"><ele>146.3</ele></trkpt>
<trkpt lat="54.535986" lon="-2.42047"><ele>151.0</ele></trkpt>
<trkpt lat="54.53561" lon="-2.419008"><ele>156.0</ele></trkpt>
<trkpt lat="54.535461" lon="-2.418399"><ele>161.0</ele></trkpt>
<trkpt lat="54.535262" lon="-2.417627"><ele>166.0</ele></trkpt>
<trkpt lat="54.535056" lon="-2.416625"><ele>169.7</ele></trkpt>
<trkpt lat="54.534694" lon="-2.415306"><ele>173.3</ele></trkpt>
<trkpt lat="54.534541" lon="-2.414725"><ele>177.0</ele></trkpt>
<trkpt lat="54.534455" lon="-2.4144"><ele>175.7</ele></trkpt>
<trkpt lat="54.534296" lon="-2.413716"><ele>174.3</ele></trkpt>
<trkpt lat="54.534219" lon="-2.413507"><ele>173.0</ele></trkpt>
<trkpt lat="54.534146" lon="-2.413309"><ele>170.7</ele></trkpt>
<trkpt lat="54.534043" lon="-2.412909"><ele>168.3</ele></trkpt>
<trkpt lat="54.534033" lon="-2.412787"><ele>166.0</ele></trkpt>
<trkpt lat="54.534101" lon="-2.412539"><ele>167.0</ele></trkpt>
<trkpt lat="54.534289" lon="-2.411887"><ele>168.0</ele></trkpt>
<trkpt lat="54.53436" lon="-2.411754"><ele>169.0</ele></trkpt>
<trkpt lat="54.534465" lon="-2.411576"><ele>167.3</ele></trkpt>
<trkpt lat="54.534563" lon="-2.411421"><ele>165.7</ele></trkpt>
<trkpt lat="54.534654" lon="-2.411219"><ele>164.0</ele></trkpt>
<trkpt lat="54.534682" lon="-2.411163"><ele>164.0</ele></trkpt>
<trkpt lat="54.534619" lon="-2.410892"><ele>164.0</ele></trkpt>
<trkpt lat="54.534535" lon="-2.410474"><ele>164.0</ele></trkpt>
<trkpt lat="54.534429" lon="-2.410169"><ele>166.3</ele></trkpt>
<trkpt lat="54.534226" lon="-2.409565"><ele>168.7</ele></trkpt>
<trkpt lat="54.534083" lon="-2.4091"><ele>171.0</ele></trkpt>
<trkpt lat="54.533983" lon="-2.408793"><ele>170.0</ele></trkpt>
<trkpt lat="54.533853" lon="-2.40848"><ele>169.0</ele></trkpt>
<trkpt lat="54.533768" lon="-2.408295"><ele>168.0</ele></trkpt>
<trkpt lat="54.533585" lon="-2.408013"><ele>167.3</ele></trkpt>
<trkpt lat="54.533458" lon="-2.40774"><ele>166.7</ele></trkpt>
<trkpt lat="54.53306" lon="-2.406873"><ele>166.0</ele></trkpt>
<trkpt lat="54.53282" lon="-2.406205"><ele>161.7</ele></trkpt>
<trkpt lat="54.532427" lon="-2.404917"><ele>157.3</ele></trkpt>
<trkpt lat="54.532343" lon="-2.404479"><ele>153.0</ele></trkpt>
<trkpt lat="54.532246" lon="-2.40377"><ele>151.0</ele></trkpt>
<trkpt lat="54.532224" lon="-2.403726"><ele>149.0</ele></trkpt>
<trkpt lat="54.532088" lon="-2.403646"><ele>147.0</ele></trkpt>
<trkpt lat="54.532014" lon="-2.403616"><ele>147.0</ele></trkpt>
<trkpt lat="54.531917" lon="-2.403551"><ele>147.0</ele></trkpt>
<trkpt lat="54.53184" lon="-2.403429"><ele>147.0</ele></trkpt>
<trkpt lat="54.531813" lon="-2.403296"><ele>147.0</ele></trkpt>
<trkpt lat="54.531784" lon="-2.402977"><ele>147.0</ele></trkpt>
<trkpt lat="54.531736" lon="-2.402584"><ele>147.0</ele></trkpt>
<trkpt lat="54.531702" lon="-2.402374"><ele>144.7</ele></trkpt>
<trkpt lat="54.531619" lon="-2.401969"><ele>142.3</ele></trkpt>
<trkpt lat="54.531546" lon="-2.401736"><ele>140.0</ele></trkpt>
<trkpt lat="54.531405" lon="-2.401434"><ele>139.0</ele></trkpt>
<trkpt lat="54.531278" lon="-2.401213"><ele>138.0</ele></trkpt>
<trkpt lat="54.531161" lon="-2.401067"><ele>137.0</ele></trkpt>
<trkpt lat="54.53097" lon="-2.40081"><ele>137.7</ele></trkpt>
<trkpt lat="54.530843" lon="-2.400612"><ele>138.3</ele></trkpt>
<trkpt lat="54.530772" lon="-2.400484"><ele>139.0</ele></trkpt>
<trkpt lat="54.530709" lon="-2.400342"><ele>139.0</ele></trkpt>
<trkpt lat="54.530565" lon="-2.399916"><ele>139.0</ele></trkpt>
<trkpt lat="54.530451" lon="-2.399185"><ele>139.0</ele></trkpt>
<trkpt lat="54.53037" lon="-2.398686"><ele>139.0</ele></trkpt>
<trkpt lat="54.530334" lon="-2.398457"><ele>139.0</ele></trkpt>
<trkpt lat="54.529898" lon="-2.39756"><ele>139.0</ele></trkpt>
<trkpt lat="54.529781" lon="-2.397291"><ele>139.7</ele></trkpt>
<trkpt lat="54.52954" lon="-2.39681"><ele>140.3</ele></trkpt>
<trkpt lat="54.529363" lon="-2.396465"><ele>141.0</ele></trkpt>
<trkpt lat="54.529214" lon="-2.396255"><ele>141.3</ele></trkpt>
<trkpt lat="54.529043" lon="-2.396094"><ele>141.7</ele></trkpt>
<trkpt lat="54.528823" lon="-2.395883"><ele>142.0</ele></trkpt>
<trkpt lat="54.528709" lon="-2.395858"><ele>143.3</ele></trkpt>
<trkpt lat="54.528609" lon="-2.395881"><ele>144.7</ele></trkpt>
<trkpt lat="54.528279" lon="-2.396021"><ele>146.0</ele></trkpt>
<trkpt lat="54.528059" lon="-2.396244"><ele>148.0</ele></trkpt>
<trkpt lat="54.527722" lon="-2.396523"><ele>150.0</ele></trkpt>
<trkpt lat="54.527594" lon="-2.396595"><ele>152.0</ele></trkpt>
<trkpt lat="54.527251" lon="-2.396653"><ele>150.3</ele></trkpt>
<trkpt lat="54.526998" lon="-2.396575"><ele>148.7</ele></trkpt>
<trkpt lat="54.526832" lon="-2.396495"><ele>147.0</ele></trkpt>
<trkpt lat="54.526655" lon="-2.396353"><ele>146.0</ele></trkpt>
<trkpt lat="54.526368" lon="-2.39624"><ele>145.0</ele></trkpt>
<trkpt lat="54.526276" lon="-2.396165"><ele>144.0</ele></trkpt>
<trkpt lat="54.525778" lon="-2.39571"><ele>143.3</ele></trkpt>
<trkpt lat="54.525531" lon="-2.395397"><ele>142.7</ele></trkpt>
<trkpt lat="54.52516" lon="-2.39487"><ele>142.0</ele></trkpt>
<trkpt lat="54.52503" lon="-2.394521"><ele>146.0</ele></trkpt>
<trkpt lat="54.524876" lon="-2.394093"><ele>150.0</ele></trkpt>
<trkpt lat="54.52482" lon="-2.393879"><ele>154.0</ele></trkpt>
<trkpt lat="54.524754" lon="-2.393549"><ele>152.0</ele></trkpt>
<trkpt lat="54.524687" lon="-2.393342"><ele>150.0</ele></trkpt>
<trkpt lat="54.524652" lon="-2.393238"><ele>148.0</ele></trkpt>
<trkpt lat="54.524585" lon="-2.393097"><ele>148.0</ele></trkpt>
<trkpt lat="54.524504" lon="-2.393005"><ele>148.0</ele></trkpt>
<trkpt lat="54.524385" lon="-2.392909"><ele>148.0</ele></trkpt>
<trkpt lat="54.524217" lon="-2.392764"><ele>151.7</ele></trkpt>
<trkpt lat="54.524087" lon="-2.392599"><ele>155.3</ele></trkpt>
<trkpt lat="54.523903" lon="-2.39231"><ele>159.0</ele></trkpt>
<trkpt lat="54.523759" lon="-2.392096"><ele>162.3</ele></trkpt>
<trkpt lat="54.523469" lon="-2.391758"><ele>165.7</ele></trkpt>
<trkpt lat="54.523276" lon="-2.391354"><ele>169.0</ele></trkpt>
<trkpt lat="54.523018" lon="-2.391016"><ele>167.3</ele></trkpt>
<trkpt lat="54.522683" lon="-2.390593"><ele>165.7</ele></trkpt>
<trkpt lat="54.522524" lon="-2.390402"><ele>164.0</ele></trkpt>
<trkpt lat="54.522262" lon="-2.390101"><ele>165.0</ele></trkpt>
<trkpt lat="54.521884" lon="-2.389758"><ele>166.0</ele></trkpt>
<trkpt lat="54.521683" lon="-2.389584"><ele>167.0</ele></trkpt>
<trkpt lat="54.521563" lon="-2.389516"><ele>162.7</ele></trkpt>
<trkpt lat="54.520855" lon="-2.389307"><ele>158.3</ele></trkpt>
<trkpt lat="54.520248" lon="-2.38913"><ele>154.0</ele></trkpt>
<trkpt lat="54.519743" lon="-2.38899"><ele>150.3</ele></trkpt>
<trkpt lat="54.519654" lon="-2.388986"><ele>146.7</ele></trkpt>
<trkpt lat="54.519569" lon="-2.388887"><ele>143.0</ele></trkpt>
<trkpt lat="54.519517" lon="-2.388418"><ele>143.3</ele></trkpt>
<trkpt lat="54.519476" lon="-2.387835"><ele>143.7</ele></trkpt>
<trkpt lat="54.519431" lon="-2.387753"><ele>144.0</ele></trkpt>
<trkpt lat="54.519287" lon="-2.387713"><ele>143.3</ele></trkpt>
<trkpt lat="54.519228" lon="-2.38776"><ele>142.7</ele></trkpt>
<trkpt lat="54.519063" lon="-2.387845"><ele>142.0</ele></trkpt>
<trkpt lat="54.518737" lon="-2.387945"><ele>142.0</ele></trkpt>
<trkpt lat="54.518462" lon="-2.388097"><ele>142.0</ele></trkpt>
<trkpt lat="54.518261" lon="-2.388156"><ele>142.0</ele></trkpt>
<trkpt lat="54.517988" lon="-2.388139"><ele>144.0</ele></trkpt>
<trkpt lat="54.517468" lon="-2.387852"><ele>146.0</ele></trkpt>
<trkpt lat="54.517126" lon="-2.387665"><ele>148.0</ele></trkpt>
<trkpt lat="54.517062" lon="-2.387591"><ele>146.3</ele></trkpt>
<trkpt lat="54.51692" lon="-2.387283"><ele>144.7</ele></trkpt>
<trkpt lat="54.516814" lon="-2.387184"><ele>143.0</ele></trkpt>
<trkpt lat="54.5165" lon="-2.387071"><ele>144.3</ele></trkpt>
<trkpt lat="54.516083" lon="-2.386895"><ele>145.7</ele></trkpt>
<trkpt lat="54.515804" lon="-2.38715"><ele>147.0</ele></trkpt>
<trkpt lat="54.515604" lon="-2.387381"><ele>149.0</ele></trkpt>
<trkpt lat="54.515539" lon="-2.387577"><ele>151.0</ele></trkpt>
<trkpt lat="54.51551" lon="-2.387834"><ele>153.0</ele></trkpt>
<trkpt lat="54.514986" lon="-2.388933"><ele>151.0</ele></trkpt>
<trkpt lat="54.514736" lon="-2.388918"><ele>149.0</ele></trkpt>
<trkpt lat="54.514529" lon="-2.388854"><ele>147.0</ele></trkpt>
<trkpt lat="54.513991" lon="-2.388629"><ele>146.3</ele></trkpt>
<trkpt lat="54.512856" lon="-2.388156"><ele>145.7</ele></trkpt>
<trkpt lat="54.511897" lon="-2.387824"><ele>145.0</ele></trkpt>
<trkpt lat="54.511533" lon="-2.387735"><ele>145.3</ele></trkpt>
<trkpt lat="54.511139" lon="-2.38756"><ele>145.7</ele></trkpt>
<trkpt lat="54.511329" lon="-2.386584"><ele>146.0</ele></trkpt>
<trkpt lat="54.511554" lon="-2.385436"><ele>145.7</ele></trkpt>
<trkpt lat="54.511703" lon="-2.384619"><ele>145.3</ele></trkpt>
<trkpt lat="54.511831" lon="-2.384279"><ele>145.0</ele></trkpt>
<trkpt lat="54.512012" lon="-2.383882"><ele>145.0</ele></trkpt>
<trkpt lat="54.512181" lon="-2.383535"><ele>145.0</ele></trkpt>
<trkpt lat="54.512311" lon="-2.38326"><ele>145.0</ele></trkpt>
<trkpt lat="54.512386" lon="-2.383009"><ele>145.0</ele></trkpt>
<trkpt lat="54.51245" lon="-2.382664"><ele>145.0</ele></trkpt>
<trkpt lat="54.51249" lon="-2.382341"><ele>145.0</ele></trkpt>
<trkpt lat="54.512503" lon="-2.382112"><ele>144.7</ele></trkpt>
<trkpt lat="54.512509" lon="-2.381594"><ele>144.3</ele></trkpt>
<trkpt lat="54.512504" lon="-2.381149"><ele>144.0</ele></trkpt>
<trkpt lat="54.512515" lon="-2.380758"><ele>144.0</ele></trkpt>
<trkpt lat="54.512556" lon="-2.380328"><ele>144.0</ele></trkpt>
<trkpt lat="54.512613" lon="-2.379941"><ele>144.0</ele></trkpt>
<trkpt lat="54.512673" lon="-2.379462"><ele>144.3</ele></trkpt>
<trkpt lat="54.512702" lon="-2.37904"><ele>144.7</ele></trkpt>
<trkpt lat="54.512753" lon="-2.377995"><ele>145.0</ele></trkpt>
<trkpt lat="54.512815" lon="-2.377233"><ele>145.0</ele></trkpt>
<trkpt lat="54.512851" lon="-2.376735"><ele>145.0</ele></trkpt>
<trkpt lat="54.512955" lon="-2.375723"><ele>145.0</ele></trkpt>
<trkpt lat="54.513018" lon="-2.375061"><ele>145.3</ele></trkpt>
<trkpt lat="54.513056" lon="-2.374692"><ele>145.7</ele></trkpt>
<trkpt lat="54.513066" lon="-2.374148"><ele>146.0</ele></trkpt>
<trkpt lat="54.513091" lon="-2.373545"><ele>146.0</ele></trkpt>
<trkpt lat="54.513104" lon="-2.372907"><ele>146.0</ele></trkpt>
<trkpt lat="54.513071" lon="-2.372526"><ele>146.0</ele></trkpt>
<trkpt lat="54.512955" lon="-2.371766"><ele>146.3</ele></trkpt>
<trkpt lat="54.512791" lon="-2.370844"><ele>146.7</ele></trkpt>
<trkpt lat="54.512705" lon="-2.370357"><ele>147.0</ele></trkpt>
<trkpt lat="54.512713" lon="-2.370247"><ele>146.7</ele></trkpt>
<trkpt lat="54.512719" lon="-2.369687"><ele>146.3</ele></trkpt>
<trkpt lat="54.512727" lon="-2.369095"><ele>146.0</ele></trkpt>
<trkpt lat="54.512705" lon="-2.368449"><ele>145.0</ele></trkpt>
<trkpt lat="54.512683" lon="-2.367977"><ele>144.0</ele></trkpt>
<trkpt lat="54.512636" lon="-2.367254"><ele>143.0</ele></trkpt>
<trkpt lat="54.512578" lon="-2.366608"><ele>143.7</ele></trkpt>
<trkpt lat="54.51254" lon="-2.365967"><ele>144.3</ele></trkpt>
<trkpt lat="54.512496" lon="-2.364844"><ele>145.0</ele></trkpt>
<trkpt lat="54.512536" lon="-2.364219"><ele>145.0</ele></trkpt>
<trkpt lat="54.512672" lon="-2.363286"><ele>145.0</ele></trkpt>
<trkpt lat="54.512707" lon="-2.363212"><ele>145.0</ele></trkpt>
<trkpt lat="54.51313" lon="-2.363403"><ele>145.0</ele></trkpt>
<trkpt lat="54.513222" lon="-2.363401"><ele>145.0</ele></trkpt>
<trkpt lat="54.513233" lon="-2.363314"><ele>145.0</ele></trkpt>
<trkpt lat="54.513476" lon="-2.361968"><ele>145.7</ele></trkpt>
<trkpt lat="54.513494" lon="-2.361805"><ele>146.3</ele></trkpt>
<trkpt lat="54.513597" lon="-2.36127"><ele>147.0</ele></trkpt>
<trkpt lat="54.513648" lon="-2.361031"><ele>148.0</ele></trkpt>
<trkpt lat="54.5137" lon="-2.360867"><ele>149.0</ele></trkpt>
<trkpt lat="54.513786" lon="-2.360836"><ele>150.0</ele></trkpt>
<trkpt lat="54.513932" lon="-2.360832"><ele>150.0</ele></trkpt>
<trkpt lat="54.513974" lon="-2.360789"><ele>150.0</ele></trkpt>
<trkpt lat="54.514011" lon="-2.360716"><ele>150.0</ele></trkpt>
<trkpt lat="54.514054" lon="-2.360551"><ele>153.3</ele></trkpt>
<trkpt lat="54.514441" lon="-2.360622"><ele>156.7</ele></trkpt>
<trkpt lat="54.514597" lon="-2.360638"><ele>160.0</ele></trkpt>
<trkpt lat="54.514963" lon="-2.360585"><ele>162.3</ele></trkpt>
<trkpt lat="54.515202" lon="-2.36052"><ele>164.7</ele></trkpt>
<trkpt lat="54.515367" lon="-2.360444"><ele>167.0</ele></trkpt>
<trkpt lat="54.515535" lon="-2.36025"><ele>167.0</ele></trkpt>
<trkpt lat="54.515634" lon="-2.360205"><ele>167.0</ele></trkpt>
<trkpt lat="54.515767" lon="-2.360046"><ele>167.0</ele></trkpt>
<trkpt lat="54.515974" lon="-2.359842"><ele>167.7</ele></trkpt>
<trkpt lat="54.515917" lon="-2.359614"><ele>168.3</ele></trkpt>
<trkpt lat="54.515864" lon="-2.359301"><ele>169.0</ele></trkpt>
<trkpt lat="54.515793" lon="-2.358626"><ele>172.0</ele></trkpt>
<trkpt lat="54.515765" lon="-2.357955"><ele>175.0</ele></trkpt>
<trkpt lat="54.515752" lon="-2.35751"><ele>178.0</ele></trkpt>
<trkpt lat="54.515783" lon="-2.356836"><ele>173.0</ele></trkpt>
<trkpt lat="54.515835" lon="-2.355904"><ele>168.0</ele></trkpt>
<trkpt lat="54.515873" lon="-2.355341"><ele>163.0</ele></trkpt>
<trkpt lat="54.515902" lon="-2.355096"><ele>160.7</ele></trkpt>
<trkpt lat="54.516039" lon="-2.354435"><ele>158.3</ele></trkpt>
<trkpt lat="54.516062" lon="-2.354067"><ele>156.0</ele></trkpt>
<trkpt lat="54.516113" lon="-2.353761"><ele>155.0</ele></trkpt>
<trkpt lat="54.516186" lon="-2.35294"><ele>154.0</ele></trkpt>
<trkpt lat="54.516303" lon="-2.352185"><ele>153.0</ele></trkpt>
<trkpt lat="54.516234" lon="-2.352001"><ele>153.0</ele></trkpt>
<trkpt lat="54.516174" lon="-2.351617"><ele>153.0</ele></trkpt>
<trkpt lat="54.516071" lon="-2.351575"><ele>153.0</ele></trkpt>
<trkpt lat="54.515795" lon="-2.35142"><ele>151.3</ele></trkpt>
<trkpt lat="54.51568" lon="-2.351338"><ele>149.7</ele></trkpt>
<trkpt lat="54.515458" lon="-2.35121"><ele>148.0</ele></trkpt>
<trkpt lat="54.515475" lon="-2.351"><ele>148.0</ele></trkpt>
<trkpt lat="54.515534" lon="-2.350669"><ele>148.0</ele></trkpt>
<trkpt lat="54.515599" lon="-2.350143"><ele>148.0</ele></trkpt>
<trkpt lat="54.515664" lon="-2.349812"><ele>148.7</ele></trkpt>
<trkpt lat="54.515715" lon="-2.349653"><ele>149.3</ele></trkpt>
<trkpt lat="54.515858" lon="-2.349336"><ele>150.0</ele></trkpt>
<trkpt lat="54.515945" lon="-2.349055"><ele>149.3</ele></trkpt>
<trkpt lat="54.516002" lon="-2.348883"><ele>148.7</ele></trkpt>
<trkpt lat="54.516053" lon="-2.348504"><ele>148.0</ele></trkpt>
<trkpt lat="54.516126" lon="-2.347916"><ele>148.0</ele></trkpt>
<trkpt lat="54.51622" lon="-2.347745"><ele>148.0</ele></trkpt>
<trkpt lat="54.516442" lon="-2.347465"><ele>148.0</ele></trkpt>
<trkpt lat="54.516656" lon="-2.347221"><ele>148.3</ele></trkpt>
<trkpt lat="54.517014" lon="-2.346906"><ele>148.7</ele></trkpt>
<trkpt lat="54.517164" lon="-2.34676"><ele>149.0</ele></trkpt>
<trkpt lat="54.517322" lon="-2.346553"><ele>149.3</ele></trkpt>
<trkpt lat="54.517551" lon="-2.346113"><ele>149.7</ele></trkpt>
<trkpt lat="54.517838" lon="-2.345625"><ele>150.0</ele></trkpt>
<trkpt lat="54.518003" lon="-2.345394"><ele>150.7</ele></trkpt>
<trkpt lat="54.518232" lon="-2.34515"><ele>151.3</ele></trkpt>
<trkpt lat="54.518546" lon="-2.344822"><ele>152.0</ele></trkpt>
<trkpt lat="54.518632" lon="-2.344626"><ele>152.0</ele></trkpt>
<trkpt lat="54.518698" lon="-2.344271"><ele>152.0</ele></trkpt>
<trkpt lat="54.518756" lon="-2.343867"><ele>152.0</ele></trkpt>
<trkpt lat="54.518778" lon="-2.343524"><ele>152.0</ele></trkpt>
<trkpt lat="54.518774" lon="-2.34329"><ele>152.0</ele></trkpt>
<trkpt lat="54.518814" lon="-2.342506"><ele>152.0</ele></trkpt>
<trkpt lat="54.518797" lon="-2.342016"><ele>152.3</ele></trkpt>
<trkpt lat="54.518784" lon="-2.34155"><ele>152.7</ele></trkpt>
<trkpt lat="54.518757" lon="-2.341047"><ele>153.0</ele></trkpt>
<trkpt lat="54.51873" lon="-2.340372"><ele>155.7</ele></trkpt>
<trkpt lat="54.518717" lon="-2.339845"><ele>158.3</ele></trkpt>
<trkpt lat="54.518741" lon="-2.339146"><ele>161.0</ele></trkpt>
<trkpt lat="54.518771" lon="-2.33846"><ele>164.3</ele></trkpt>
<trkpt lat="54.518795" lon="-2.338034"><ele>167.7</ele></trkpt>
<trkpt lat="54.518822" lon="-2.337556"><ele>171.0</ele></trkpt>
<trkpt lat="54.518834" lon="-2.337041"><ele>173.3</ele></trkpt>
<trkpt lat="54.518856" lon="-2.336655"><ele>175.7</ele></trkpt>
<trkpt lat="54.519147" lon="-2.335989"><ele>178.0</ele></trkpt>
<trkpt lat="54.51919" lon="-2.3358"><ele>176.0</ele></trkpt>
<trkpt lat="54.519216" lon="-2.335598"><ele>174.0</ele></trkpt>
<trkpt lat="54.519238" lon="-2.335248"><ele>172.0</ele></trkpt>
<trkpt lat="54.519243" lon="-2.334825"><ele>172.3</ele></trkpt>
<trkpt lat="54.51924" lon="-2.334672"><ele>172.7</ele></trkpt>
<trkpt lat="54.519174" lon="-2.333868"><ele>173.0</ele></trkpt>
<trkpt lat="54.51913" lon="-2.333249"><ele>174.7</ele></trkpt>
<trkpt lat="54.519132" lon="-2.332366"><ele>176.3</ele></trkpt>
<trkpt lat="54.519165" lon="-2.331894"><ele>178.0</ele></trkpt>
<trkpt lat="54.519236" lon="-2.331049"><ele>178.7</ele></trkpt>
<trkpt lat="54.519272" lon="-2.330712"><ele>179.3</ele></trkpt>
<trkpt lat="54.519316" lon="-2.330387"><ele>180.0</ele></trkpt>
<trkpt lat="54.519331" lon="-2.329934"><ele>180.3</ele></trkpt>
<trkpt lat="54.519344" lon="-2.329265"><ele>180.7</ele></trkpt>
<trkpt lat="54.519369" lon="-2.328052"><ele>181.0</ele></trkpt>
<trkpt lat="54.519386" lon="-2.326997"><ele>178.3</ele></trkpt>
<trkpt lat="54.51939" lon="-2.326734"><ele>175.7</ele></trkpt>
<trkpt lat="54.51941" lon="-2.325067"><ele>173.0</ele></trkpt>
<trkpt lat="54.519465" lon="-2.324758"><ele>170.0</ele></trkpt>
<trkpt lat="54.519548" lon="-2.324364"><ele>167.0</ele></trkpt>
<trkpt lat="54.519568" lon="-2.324084"><ele>164.0</ele></trkpt>
<trkpt lat="54.519608" lon="-2.323793"><ele>163.3</ele></trkpt>
<trkpt lat="54.519691" lon="-2.323481"><ele>162.7</ele></trkpt>
<trkpt lat="54.519752" lon="-2.323352"><ele>162.0</ele></trkpt>
<trkpt lat="54.52006" lon="-2.322797"><ele>167.0</ele></trkpt>
<trkpt lat="54.520118" lon="-2.322626"><ele>172.0</ele></trkpt>
<trkpt lat="54.520183" lon="-2.322332"><ele>177.0</ele></trkpt>
<trkpt lat="54.520219" lon="-2.322062"><ele>177.0</ele></trkpt>
<trkpt lat="54.520207" lon="-2.321979"><ele>177.0</ele></trkpt>
<trkpt lat="54.520116" lon="-2.321957"><ele>177.0</ele></trkpt>
<trkpt lat="54.519966" lon="-2.321895"><ele>173.0</ele></trkpt>
<trkpt lat="54.519878" lon="-2.321747"><ele>169.0</ele></trkpt>
<trkpt lat="54.519754" lon="-2.321495"><ele>165.0</ele></trkpt>
<trkpt lat="54.519573" lon="-2.321101"><ele>168.7</ele></trkpt>
<trkpt lat="54.519548" lon="-2.320935"><ele>172.3</ele></trkpt>
<trkpt lat="54.519552" lon="-2.32072"><ele>176.0</ele></trkpt>
<trkpt lat="54.519578" lon="-2.32042"><ele>177.3</ele></trkpt>
<trkpt lat="54.519654" lon="-2.319961"><ele>178.7</ele></trkpt>
<trkpt lat="54.51977" lon="-2.319429"><ele>180.0</ele></trkpt>
<trkpt lat="54.519849" lon="-2.319031"><ele>180.7</ele></trkpt>
<trkpt lat="54.519972" lon="-2.318406"><ele>181.3</ele></trkpt>
<trkpt lat="54.519896" lon="-2.318263"><ele>182.0</ele></trkpt>
<trkpt lat="54.519251" lon="-2.317918"><ele>183.0</ele></trkpt>
<trkpt lat="54.518843" lon="-2.317711"><ele>184.0</ele></trkpt>
<trkpt lat="54.518827" lon="-2.317046"><ele>185.0</ele></trkpt>
<trkpt lat="54.518722" lon="-2.31697"><ele>183.7</ele></trkpt>
<trkpt lat="54.518699" lon="-2.317219"><ele>182.3</ele></trkpt>
<trkpt lat="54.517707" lon="-2.317581"><ele>181.0</ele></trkpt>
<trkpt lat="54.517709" lon="-2.317296"><ele>186.7</ele></trkpt>
<trkpt lat="54.517575" lon="-2.316976"><ele>192.3</ele></trkpt>
<trkpt lat="54.517383" lon="-2.316754"><ele>198.0</ele></trkpt>
<trkpt lat="54.516998" lon="-2.316505"><ele>200.7</ele></trkpt>
<trkpt lat="54.516692" lon="-2.316221"><ele>203.3</ele></trkpt>
<trkpt lat="54.516493" lon="-2.316011"><ele>206.0</ele></trkpt>
<trkpt lat="54.516258" lon="-2.315641"><ele>204.7</ele></trkpt>
<trkpt lat="54.516034" lon="-2.315509"><ele>203.3</ele></trkpt>
<trkpt lat="54.51566" lon="-2.315318"><ele>202.0</ele></trkpt>
<trkpt lat="54.515311" lon="-2.315156"><ele>200.0</ele></trkpt>
<trkpt lat="54.515111" lon="-2.315118"><ele>198.0</ele></trkpt>
<trkpt lat="54.514727" lon="-2.314967"><ele>196.0</ele></trkpt>
<trkpt lat="54.514341" lon="-2.314832"><ele>193.3</ele></trkpt>
<trkpt lat="54.514142" lon="-2.314755"><ele>190.7</ele></trkpt>
<trkpt lat="54.514157" lon="-2.314608"><ele>188.0</ele></trkpt>
<trkpt lat="54.513843" lon="-2.314377"><ele>185.0</ele></trkpt>
<trkpt lat="54.51353" lon="-2.314125"><ele>182.0</ele></trkpt>
<trkpt lat="54.513224" lon="-2.313791"><ele>179.0</ele></trkpt>
<trkpt lat="54.51298" lon="-2.313396"><ele>180.3</ele></trkpt>
<trkpt lat="54.512889" lon="-2.31317"><ele>181.7</ele></trkpt>
<trkpt lat="54.512748" lon="-2.313019"><ele>183.0</ele></trkpt>
<trkpt lat="54.512593" lon="-2.312624"><ele>182.7</ele></trkpt>
<trkpt lat="54.512295" lon="-2.312522"><ele>182.3</ele></trkpt>
<trkpt lat="54.511844" lon="-2.3123"><ele>182.0</ele></trkpt>
<trkpt lat="54.511743" lon="-2.312205"><ele>179.3</ele></trkpt>
<trkpt lat="54.51164" lon="-2.312147"><ele>176.7</ele></trkpt>
<trkpt lat="54.511549" lon="-2.312117"><ele>174.0</ele></trkpt>
<trkpt lat="54.511351" lon="-2.312176"><ele>174.0</ele></trkpt>
<trkpt lat="54.511088" lon="-2.312238"><ele>174.0</ele></trkpt>
<trkpt lat="54.51105" lon="-2.312248"><ele>174.0</ele></trkpt>
<trkpt lat="54.510904" lon="-2.312246"><ele>176.3</ele></trkpt>
<trkpt lat="54.510757" lon="-2.312264"><ele>178.7</ele></trkpt>
<trkpt lat="54.51048" lon="-2.312292"><ele>181.0</ele></trkpt>
<trkpt lat="54.510382" lon="-2.312328"><ele>181.0</ele></trkpt>
<trkpt lat="54.510354" lon="-2.312387"><ele>181.0</ele></trkpt>
<trkpt lat="54.510338" lon="-2.312466"><ele>181.0</ele></trkpt>
<trkpt lat="54.510333" lon="-2.312676"><ele>180.3</ele></trkpt>
<trkpt lat="54.510332" lon="-2.312751"><ele>179.7</ele></trkpt>
<trkpt lat="54.510321" lon="-2.312886"><ele>179.0</ele></trkpt>
<trkpt lat="54.510298" lon="-2.312947"><ele>179.0</ele></trkpt>
<trkpt lat="54.510264" lon="-2.31299"><ele>179.0</ele></trkpt>
<trkpt lat="54.510006" lon="-2.313189"><ele>179.0</ele></trkpt>
<trkpt lat="54.50994" lon="-2.313268"><ele>183.7</ele></trkpt>
<trkpt lat="54.50982" lon="-2.313191"><ele>188.3</ele></trkpt>
<trkpt lat="54.509751" lon="-2.312469"><ele>193.0</ele></trkpt>
<trkpt lat="54.509643" lon="-2.311698"><ele>193.3</ele></trkpt>
<trkpt lat="54.509472" lon="-2.31063"><ele>193.7</ele></trkpt>
<trkpt lat="54.509427" lon="-2.310381"><ele>194.0</ele></trkpt>
<trkpt lat="54.50944" lon="-2.31009"><ele>192.7</ele></trkpt>
<trkpt lat="54.509465" lon="-2.309796"><ele>191.3</ele></trkpt>
<trkpt lat="54.509431" lon="-2.309367"><ele>190.0</ele></trkpt>
<trkpt lat="54.509354" lon="-2.308574"><ele>186.7</ele></trkpt>
<trkpt lat="54.509274" lon="-2.307778"><ele>183.3</ele></trkpt>
<trkpt lat="54.509206" lon="-2.306977"><ele>180.0</ele></trkpt>
<trkpt lat="54.509181" lon="-2.306475"><ele>180.3</ele></trkpt>
<trkpt lat="54.509165" lon="-2.305886"><ele>180.7</ele></trkpt>
<trkpt lat="54.509091" lon="-2.305331"><ele>181.0</ele></trkpt>
<trkpt lat="54.509051" lon="-2.30475"><ele>179.7</ele></trkpt>
<trkpt lat="54.509013" lon="-2.303941"><ele>178.3</ele></trkpt>
<trkpt lat="54.508973" lon="-2.303288"><ele>177.0</ele></trkpt>
<trkpt lat="54.508912" lon="-2.30314"><ele>178.0</ele></trkpt>
<trkpt lat="54.507239" lon="-2.302969"><ele>179.0</ele></trkpt>
<trkpt lat="54.507041" lon="-2.303417"><ele>180.0</ele></trkpt>
<trkpt lat="54.50688" lon="-2.30372"><ele>179.7</ele></trkpt>
<trkpt lat="54.506765" lon="-2.30405"><ele>179.3</ele></trkpt>
<trkpt lat="54.50671" lon="-2.304127"><ele>179.0</ele></trkpt>
<trkpt lat="54.506604" lon="-2.304188"><ele>176.7</ele></trkpt>
<trkpt lat="54.506529" lon="-2.304282"><ele>174.3</ele></trkpt>
<trkpt lat="54.5065" lon="-2.304379"><ele>172.0</ele></trkpt>
<trkpt lat="54.506499" lon="-2.304514"><ele>170.7</ele></trkpt>
<trkpt lat="54.506532" lon="-2.304744"><ele>169.3</ele></trkpt>
<trkpt lat="54.506555" lon="-2.305054"><ele>168.0</ele></trkpt>
<trkpt lat="54.506583" lon="-2.305274"><ele>168.0</ele></trkpt>
<trkpt lat="54.506589" lon="-2.305691"><ele>168.0</ele></trkpt>
<trkpt lat="54.506538" lon="-2.306071"><ele>168.0</ele></trkpt>
<trkpt lat="54.506476" lon="-2.306423"><ele>167.7</ele></trkpt>
<trkpt lat="54.506458" lon="-2.306695"><ele>167.3</ele></trkpt>
<trkpt lat="54.506464" lon="-2.307223"><ele>167.0</ele></trkpt>
<trkpt lat="54.506562" lon="-2.307861"><ele>168.7</ele></trkpt>
<trkpt lat="54.506646" lon="-2.308597"><ele>170.3</ele></trkpt>
<trkpt lat="54.506645" lon="-2.308891"><ele>172.0</ele></trkpt>
<trkpt lat="54.506566" lon="-2.309307"><ele>172.0</ele></trkpt>
<trkpt lat="54.506508" lon="-2.309723"><ele>172.0</ele></trkpt>
<trkpt lat="54.506507" lon="-2.30992"><ele>172.0</ele></trkpt>
<trkpt lat="54.5064" lon="-2.310261"><ele>171.7</ele></trkpt>
<trkpt lat="54.506285" lon="-2.310433"><ele>171.3</ele></trkpt>
<trkpt lat="54.50609" lon="-2.311179"><ele>171.0</ele></trkpt>
<trkpt lat="54.505974" lon="-2.311987"><ele>168.7</ele></trkpt>
<trkpt lat="54.505951" lon="-2.312551"><ele>166.3</ele></trkpt>
<trkpt lat="54.505886" lon="-2.312894"><ele>164.0</ele></trkpt>
<trkpt lat="54.505842" lon="-2.313286"><ele>164.0</ele></trkpt>
<trkpt lat="54.505798" lon="-2.313726"><ele>164.0</ele></trkpt>
<trkpt lat="54.505675" lon="-2.314449"><ele>164.0</ele></trkpt>
<trkpt lat="54.505632" lon="-2.314694"><ele>163.3</ele></trkpt>
<trkpt lat="54.505502" lon="-2.315085"><ele>162.7</ele></trkpt>
<trkpt lat="54.505359" lon="-2.315304"><ele>162.0</ele></trkpt>
<trkpt lat="54.505059" lon="-2.315572"><ele>161.7</ele></trkpt>
<trkpt lat="54.50473" lon="-2.315704"><ele>161.3</ele></trkpt>
<trkpt lat="54.504402" lon="-2.315922"><ele>161.0</ele></trkpt>
<trkpt lat="54.50433" lon="-2.316069"><ele>161.0</ele></trkpt>
<trkpt lat="54.504287" lon="-2.316252"><ele>161.0</ele></trkpt>
<trkpt lat="54.504272" lon="-2.31635"><ele>161.0</ele></trkpt>
<trkpt lat="54.504271" lon="-2.31662"><ele>161.3</ele></trkpt>
<trkpt lat="54.504206" lon="-2.316999"><ele>161.7</ele></trkpt>
<trkpt lat="54.504127" lon="-2.317415"><ele>162.0</ele></trkpt>
<trkpt lat="54.50401" lon="-2.318174"><ele>161.3</ele></trkpt>
<trkpt lat="54.503967" lon="-2.318456"><ele>160.7</ele></trkpt>
<trkpt lat="54.503916" lon="-2.318885"><ele>160.0</ele></trkpt>
<trkpt lat="54.503908" lon="-2.319301"><ele>160.0</ele></trkpt>
<trkpt lat="54.503857" lon="-2.319669"><ele>160.0</ele></trkpt>
<trkpt lat="54.503798" lon="-2.320232"><ele>160.0</ele></trkpt>
<trkpt lat="54.503801" lon="-2.320323"><ele>160.0</ele></trkpt>
<trkpt lat="54.503583" lon="-2.320201"><ele>160.0</ele></trkpt>
<trkpt lat="54.503517" lon="-2.32023"><ele>160.0</ele></trkpt>
<trkpt lat="54.503446" lon="-2.320475"><ele>160.0</ele></trkpt>
<trkpt lat="54.503365" lon="-2.320447"><ele>160.0</ele></trkpt>
<trkpt lat="54.503283" lon="-2.320093"><ele>160.0</ele></trkpt>
<trkpt lat="54.503224" lon="-2.319833"><ele>161.3</ele></trkpt>
<trkpt lat="54.503168" lon="-2.319489"><ele>162.7</ele></trkpt>
<trkpt lat="54.503169" lon="-2.319364"><ele>164.0</ele></trkpt>
<trkpt lat="54.50319" lon="-2.319257"><ele>164.0</ele></trkpt>
<trkpt lat="54.503276" lon="-2.319068"><ele>164.0</ele></trkpt>
<trkpt lat="54.503282" lon="-2.319005"><ele>164.0</ele></trkpt>
<trkpt lat="54.503262" lon="-2.31884"><ele>164.7</ele></trkpt>
<trkpt lat="54.503062" lon="-2.318777"><ele>165.3</ele></trkpt>
<trkpt lat="54.502756" lon="-2.318603"><ele>166.0</ele></trkpt>
<trkpt lat="54.502428" lon="-2.318442"><ele>166.3</ele></trkpt>
<trkpt lat="54.50216" lon="-2.318269"><ele>166.7</ele></trkpt>
<trkpt lat="54.501552" lon="-2.318006"><ele>167.0</ele></trkpt>
<trkpt lat="54.501032" lon="-2.31772"><ele>167.0</ele></trkpt>
<trkpt lat="54.500808" lon="-2.31751"><ele>167.0</ele></trkpt>
<trkpt lat="54.500594" lon="-2.317422"><ele>167.0</ele></trkpt>
<trkpt lat="54.500266" lon="-2.317309"><ele>166.3</ele></trkpt>
<trkpt lat="54.499966" lon="-2.317288"><ele>165.7</ele></trkpt>
<trkpt lat="54.499925" lon="-2.317269"><ele>165.0</ele></trkpt>
<trkpt lat="54.499857" lon="-2.31716"><ele>165.0</ele></trkpt>
<trkpt lat="54.499689" lon="-2.317048"><ele>165.0</ele></trkpt>
<trkpt lat="54.499509" lon="-2.317013"><ele>165.0</ele></trkpt>
<trkpt lat="54.499377" lon="-2.31701"><ele>165.0</ele></trkpt>
<trkpt lat="54.499297" lon="-2.317028"><ele>165.0</ele></trkpt>
<trkpt lat="54.499244" lon="-2.317099"><ele>165.0</ele></trkpt>
<trkpt lat="54.499131" lon="-2.317607"><ele>165.3</ele></trkpt>
<trkpt lat="54.499007" lon="-2.317943"><ele>165.7</ele></trkpt>
<trkpt lat="54.498819" lon="-2.318223"><ele>166.0</ele></trkpt>
<trkpt lat="54.498411" lon="-2.318613"><ele>166.7</ele></trkpt>
<trkpt lat="54.4981" lon="-2.318983"><ele>167.3</ele></trkpt>
<trkpt lat="54.498035" lon="-2.318959"><ele>168.0</ele></trkpt>
<trkpt lat="54.497663" lon="-2.318958"><ele>168.0</ele></trkpt>
<trkpt lat="54.49746" lon="-2.318895"><ele>168.0</ele></trkpt>
<trkpt lat="54.497339" lon="-2.31876"><ele>168.0</ele></trkpt>
<trkpt lat="54.497186" lon="-2.318599"><ele>168.0</ele></trkpt>
<trkpt lat="54.497097" lon="-2.318543"><ele>168.0</ele></trkpt>
<trkpt lat="54.497008" lon="-2.318524"><ele>168.0</ele></trkpt>
<trkpt lat="54.496587" lon="-2.318613"><ele>168.7</ele></trkpt>
<trkpt lat="54.49631" lon="-2.318737"><ele>169.3</ele></trkpt>
<trkpt lat="54.496008" lon="-2.318951"><ele>170.0</ele></trkpt>
<trkpt lat="54.495883" lon="-2.319042"><ele>170.3</ele></trkpt>
<trkpt lat="54.495759" lon="-2.319211"><ele>170.7</ele></trkpt>
<trkpt lat="54.495643" lon="-2.319347"><ele>171.0</ele></trkpt>
<trkpt lat="54.495529" lon="-2.319413"><ele>171.0</ele></trkpt>
<trkpt lat="54.495387" lon="-2.319539"><ele>171.0</ele></trkpt>
<trkpt lat="54.49518" lon="-2.319635"><ele>171.0</ele></trkpt>
<trkpt lat="54.495022" lon="-2.319928"><ele>170.7</ele></trkpt>
<trkpt lat="54.494857" lon="-2.320429"><ele>170.3</ele></trkpt>
<trkpt lat="54.494784" lon="-2.320762"><ele>170.0</ele></trkpt>
<trkpt lat="54.494706" lon="-2.320783"><ele>170.0</ele></trkpt>
<trkpt lat="54.494585" lon="-2.320709"><ele>170.0</ele></trkpt>
<trkpt lat="54.494428" lon="-2.320732"><ele>170.0</ele></trkpt>
<trkpt lat="54.494364" lon="-2.320842"><ele>170.3</ele></trkpt>
<trkpt lat="54.49427" lon="-2.321172"><ele>170.7</ele></trkpt>
<trkpt lat="54.49419" lon="-2.321686"><ele>171.0</ele></trkpt>
<trkpt lat="54.49414" lon="-2.32187"><ele>170.0</ele></trkpt>
<trkpt lat="54.49411" lon="-2.32208"><ele>169.0</ele></trkpt>
<trkpt lat="54.494089" lon="-2.322212"><ele>168.0</ele></trkpt>
<trkpt lat="54.493938" lon="-2.322775"><ele>168.3</ele></trkpt>
<trkpt lat="54.493858" lon="-2.323252"><ele>168.7</ele></trkpt>
<trkpt lat="54.4938" lon="-2.323668"><ele>169.0</ele></trkpt>
<trkpt lat="54.493766" lon="-2.323805"><ele>168.7</ele></trkpt>
<trkpt lat="54.493742" lon="-2.323925"><ele>168.3</ele></trkpt>
<trkpt lat="54.493698" lon="-2.324219"><ele>168.0</ele></trkpt>
<trkpt lat="54.493655" lon="-2.324413"><ele>168.0</ele></trkpt>
<trkpt lat="54.4936" lon="-2.324564"><ele>168.0</ele></trkpt>
<trkpt lat="54.493584" lon="-2.324561"><ele>168.0</ele></trkpt>
<trkpt lat="54.493566" lon="-2.324557"><ele>167.3</ele></trkpt>
<trkpt lat="54.493047" lon="-2.325163"><ele>166.7</ele></trkpt>
<trkpt lat="54.492732" lon="-2.325663"><ele>166.0</ele></trkpt>
<trkpt lat="54.492538" lon="-2.326066"><ele>166.7</ele></trkpt>
<trkpt lat="54.492366" lon="-2.326506"><ele>167.3</ele></trkpt>
<trkpt lat="54.492272" lon="-2.326665"><ele>168.0</ele></trkpt>
<trkpt lat="54.491836" lon="-2.327212"><ele>169.3</ele></trkpt>
<trkpt lat="54.491413" lon="-2.32781"><ele>170.7</ele></trkpt>
<trkpt lat="54.491263" lon="-2.328102"><ele>172.0</ele></trkpt>
<trkpt lat="54.491026" lon="-2.328725"><ele>173.3</ele></trkpt>
<trkpt lat="54.490746" lon="-2.329385"><ele>174.7</ele></trkpt>
<trkpt lat="54.490566" lon="-2.329653"><ele>176.0</ele></trkpt>
<trkpt lat="54.490316" lon="-2.329859"><ele>175.7</ele></trkpt>
<trkpt lat="54.490049" lon="-2.330016"><ele>175.3</ele></trkpt>
<trkpt lat="54.489996" lon="-2.330094"><ele>175.0</ele></trkpt>
<trkpt lat="54.489911" lon="-2.33069"><ele>173.7</ele></trkpt>
<trkpt lat="54.489892" lon="-2.330925"><ele>172.3</ele></trkpt>
<trkpt lat="54.489936" lon="-2.331718"><ele>171.0</ele></trkpt>
<trkpt lat="54.489991" lon="-2.332262"><ele>170.7</ele></trkpt>
<trkpt lat="54.489976" lon="-2.332834"><ele>170.3</ele></trkpt>
<trkpt lat="54.489896" lon="-2.333303"><ele>170.0</ele></trkpt>
<trkpt lat="54.48995" lon="-2.333898"><ele>169.0</ele></trkpt>
<trkpt lat="54.490054" lon="-2.334544"><ele>168.0</ele></trkpt>
<trkpt lat="54.490178" lon="-2.335025"><ele>167.0</ele></trkpt>
<trkpt lat="54.490254" lon="-2.335903"><ele>166.7</ele></trkpt>
<trkpt lat="54.490229" lon="-2.336819"><ele>166.3</ele></trkpt>
<trkpt lat="54.490138" lon="-2.338511"><ele>166.0</ele></trkpt>
<trkpt lat="54.49007" lon="-2.33938"><ele>167.0</ele></trkpt>
<trkpt lat="54.490027" lon="-2.339395"><ele>168.0</ele></trkpt>
<trkpt lat="54.489911" lon="-2.339369"><ele>169.0</ele></trkpt>
<trkpt lat="54.489567" lon="-2.339239"><ele>167.3</ele></trkpt>
<trkpt lat="54.489207" lon="-2.339151"><ele>165.7</ele></trkpt>
<trkpt lat="54.48885" lon="-2.339062"><ele>164.0</ele></trkpt>
<trkpt lat="54.488686" lon="-2.33906"><ele>164.0</ele></trkpt>
<trkpt lat="54.488535" lon="-2.339071"><ele>164.0</ele></trkpt>
<trkpt lat="54.488422" lon="-2.339093"><ele>164.0</ele></trkpt>
<trkpt lat="54.488395" lon="-2.339138"><ele>164.3</ele></trkpt>
<trkpt lat="54.488194" lon="-2.339601"><ele>164.7</ele></trkpt>
<trkpt lat="54.487804" lon="-2.340192"><ele>165.0</ele></trkpt>
<trkpt lat="54.487427" lon="-2.340881"><ele>167.0</ele></trkpt>
<trkpt lat="54.487295" lon="-2.34107"><ele>169.0</ele></trkpt>
<trkpt lat="54.486948" lon="-2.341404"><ele>171.0</ele></trkpt>
<trkpt lat="54.486748" lon="-2.341598"><ele>171.7</ele></trkpt>
<trkpt lat="54.486554" lon="-2.341903"><ele>172.3</ele></trkpt>
<trkpt lat="54.486396" lon="-2.342232"><ele>173.0</ele></trkpt>
<trkpt lat="54.486174" lon="-2.342586"><ele>172.7</ele></trkpt>
<trkpt lat="54.485959" lon="-2.342829"><ele>172.3</ele></trkpt>
<trkpt lat="54.485666" lon="-2.343182"><ele>172.0</ele></trkpt>
<trkpt lat="54.485516" lon="-2.343291"><ele>171.3</ele></trkpt>
<trkpt lat="54.485266" lon="-2.343509"><ele>170.7</ele></trkpt>
<trkpt lat="54.484793" lon="-2.344228"><ele>170.0</ele></trkpt>
<trkpt lat="54.484406" lon="-2.344776"><ele>169.3</ele></trkpt>
<trkpt lat="54.484077" lon="-2.34508"><ele>168.7</ele></trkpt>
<trkpt lat="54.483676" lon="-2.345444"><ele>168.0</ele></trkpt>
<trkpt lat="54.483254" lon="-2.345918"><ele>167.3</ele></trkpt>
<trkpt lat="54.483164" lon="-2.346058"><ele>166.7</ele></trkpt>
<trkpt lat="54.482835" lon="-2.347017"><ele>166.0</ele></trkpt>
<trkpt lat="54.482513" lon="-2.347784"><ele>167.0</ele></trkpt>
<trkpt lat="54.482249" lon="-2.348351"><ele>168.0</ele></trkpt>
<trkpt lat="54.482118" lon="-2.348616"><ele>169.0</ele></trkpt>
<trkpt lat="54.48202" lon="-2.348847"><ele>167.0</ele></trkpt>
<trkpt lat="54.481926" lon="-2.348999"><ele>165.0</ele></trkpt>
<trkpt lat="54.481809" lon="-2.349123"><ele>163.0</ele></trkpt>
<trkpt lat="54.481582" lon="-2.349293"><ele>163.3</ele></trkpt>
<trkpt lat="54.481345" lon="-2.34947"><ele>163.7</ele></trkpt>
<trkpt lat="54.480985" lon="-2.349735"><ele>164.0</ele></trkpt>
<trkpt lat="54.480694" lon="-2.349963"><ele>164.7</ele></trkpt>
<trkpt lat="54.480661" lon="-2.349955"><ele>165.3</ele></trkpt>
<trkpt lat="54.480368" lon="-2.349884"><ele>166.0</ele></trkpt>
<trkpt lat="54.480263" lon="-2.349819"><ele>165.0</ele></trkpt>
<trkpt lat="54.479938" lon="-2.349617"><ele>164.0</ele></trkpt>
<trkpt lat="54.479774" lon="-2.349503"><ele>163.0</ele></trkpt>
<trkpt lat="54.479556" lon="-2.349356"><ele>163.0</ele></trkpt>
<trkpt lat="54.479367" lon="-2.34926"><ele>163.0</ele></trkpt>
<trkpt lat="54.479167" lon="-2.349301"><ele>163.0</ele></trkpt>
<trkpt lat="54.478754" lon="-2.349439"><ele>163.3</ele></trkpt>
<trkpt lat="54.47851" lon="-2.349479"><ele>163.7</ele></trkpt>
<trkpt lat="54.478318" lon="-2.349499"><ele>164.0</ele></trkpt>
<trkpt lat="54.47817" lon="-2.349504"><ele>165.0</ele></trkpt>
<trkpt lat="54.477926" lon="-2.349325"><ele>166.0</ele></trkpt>
<trkpt lat="54.477355" lon="-2.348803"><ele>167.0</ele></trkpt>
<trkpt lat="54.476808" lon="-2.348444"><ele>166.3</ele></trkpt>
<trkpt lat="54.476645" lon="-2.348276"><ele>165.7</ele></trkpt>
<trkpt lat="54.476369" lon="-2.348008"><ele>165.0</ele></trkpt>
<trkpt lat="54.476212" lon="-2.347833"><ele>164.7</ele></trkpt>
<trkpt lat="54.475994" lon="-2.347461"><ele>164.3</ele></trkpt>
<trkpt lat="54.475868" lon="-2.347146"><ele>164.0</ele></trkpt>
<trkpt lat="54.475847" lon="-2.346965"><ele>165.0</ele></trkpt>
<trkpt lat="54.475725" lon="-2.346916"><ele>166.0</ele></trkpt>
<trkpt lat="54.475638" lon="-2.34684"><ele>167.0</ele></trkpt>
<trkpt lat="54.475552" lon="-2.346835"><ele>167.0</ele></trkpt>
<trkpt lat="54.475443" lon="-2.346744"><ele>167.0</ele></trkpt>
<trkpt lat="54.475133" lon="-2.346568"><ele>167.0</ele></trkpt>
<trkpt lat="54.474834" lon="-2.346344"><ele>168.3</ele></trkpt>
<trkpt lat="54.474556" lon="-2.346289"><ele>169.7</ele></trkpt>
<trkpt lat="54.47424" lon="-2.34629"><ele>171.0</ele></trkpt>
<trkpt lat="54.474132" lon="-2.346319"><ele>172.3</ele></trkpt>
<trkpt lat="54.474033" lon="-2.346383"><ele>173.7</ele></trkpt>
<trkpt lat="54.473951" lon="-2.346418"><ele>175.0</ele></trkpt>
<trkpt lat="54.473462" lon="-2.346417"><ele>175.0</ele></trkpt>
<trkpt lat="54.473449" lon="-2.346452"><ele>175.0</ele></trkpt>
<trkpt lat="54.473413" lon="-2.346525"><ele>175.0</ele></trkpt>
<trkpt lat="54.473333" lon="-2.346667"><ele>174.7</ele></trkpt>
<trkpt lat="54.473244" lon="-2.346883"><ele>174.3</ele></trkpt>
<trkpt lat="54.473253" lon="-2.34711"><ele>174.0</ele></trkpt>
<trkpt lat="54.473332" lon="-2.347186"><ele>174.0</ele></trkpt>
<trkpt lat="54.473332" lon="-2.347412"><ele>174.0</ele></trkpt>
<trkpt lat="54.473386" lon="-2.347685"><ele>174.0</ele></trkpt>
<trkpt lat="54.47341" lon="-2.347915"><ele>174.0</ele></trkpt>
<trkpt lat="54.473414" lon="-2.347986"><ele>174.0</ele></trkpt>
<trkpt lat="54.473431" lon="-2.34825"><ele>174.0</ele></trkpt>
<trkpt lat="54.473443" lon="-2.348428"><ele>173.7</ele></trkpt>
<trkpt lat="54.473298" lon="-2.348468"><ele>173.3</ele></trkpt>
<trkpt lat="54.473261" lon="-2.348833"><ele>173.0</ele></trkpt>
<trkpt lat="54.473261" lon="-2.348833"><ele>173.0</ele></trkpt>
<trkpt lat="54.472986" lon="-2.348755"><ele>173.7</ele></trkpt>
<trkpt lat="54.472629" lon="-2.348752"><ele>174.3</ele></trkpt>
<trkpt lat="54.472225" lon="-2.348782"><ele>175.0</ele></trkpt>
<trkpt lat="54.471951" lon="-2.348734"><ele>175.0</ele></trkpt>
<trkpt lat="54.47147" lon="-2.34864"><ele>175.0</ele></trkpt>
<trkpt lat="54.471352" lon="-2.348633"><ele>175.0</ele></trkpt>
<trkpt lat="54.471193" lon="-2.348705"><ele>175.7</ele></trkpt>
<trkpt lat="54.470941" lon="-2.348873"><ele>176.3</ele></trkpt>
<trkpt lat="54.470729" lon="-2.34912"><ele>177.0</ele></trkpt>
<trkpt lat="54.470504" lon="-2.349458"><ele>177.0</ele></trkpt>
<trkpt lat="54.470266" lon="-2.349801"><ele>177.0</ele></trkpt>
<trkpt lat="54.470213" lon="-2.34993"><ele>177.0</ele></trkpt>
<trkpt lat="54.470303" lon="-2.350132"><ele>177.3</ele></trkpt>
<trkpt lat="54.470387" lon="-2.350568"><ele>177.7</ele></trkpt>
<trkpt lat="54.470228" lon="-2.350827"><ele>178.0</ele></trkpt>
<trkpt lat="54.46993" lon="-2.351357"><ele>178.3</ele></trkpt>
<trkpt lat="54.469788" lon="-2.351638"><ele>178.7</ele></trkpt>
<trkpt lat="54.469504" lon="-2.351794"><ele>179.0</ele></trkpt>
<trkpt lat="54.469261" lon="-2.351985"><ele>180.0</ele></trkpt>
<trkpt lat="54.468741" lon="-2.352519"><ele>181.0</ele></trkpt>
<trkpt lat="54.468365" lon="-2.352826"><ele>182.0</ele></trkpt>
<trkpt lat="54.468007" lon="-2.353051"><ele>181.7</ele></trkpt>
<trkpt lat="54.467936" lon="-2.353138"><ele>181.3</ele></trkpt>
<trkpt lat="54.467741" lon="-2.353473"><ele>181.0</ele></trkpt>
<trkpt lat="54.467472" lon="-2.353921"><ele>184.3</ele></trkpt>
<trkpt lat="54.467145" lon="-2.354356"><ele>187.7</ele></trkpt>
<trkpt lat="54.466863" lon="-2.354735"><ele>191.0</ele></trkpt>
<trkpt lat="54.466729" lon="-2.35501"><ele>192.0</ele></trkpt>
<trkpt lat="54.466475" lon="-2.355572"><ele>193.0</ele></trkpt>
<trkpt lat="54.46642" lon="-2.355689"><ele>194.0</ele></trkpt>
<trkpt lat="54.466234" lon="-2.356243"><ele>196.0</ele></trkpt>
<trkpt lat="54.466162" lon="-2.356514"><ele>198.0</ele></trkpt>
<trkpt lat="54.466117" lon="-2.356747"><ele>200.0</ele></trkpt>
<trkpt lat="54.466013" lon="-2.357393"><ele>201.7</ele></trkpt>
<trkpt lat="54.465975" lon="-2.35758"><ele>203.3</ele></trkpt>
<trkpt lat="54.465863" lon="-2.357851"><ele>205.0</ele></trkpt>
<trkpt lat="54.465739" lon="-2.358109"><ele>203.7</ele></trkpt>
<trkpt lat="54.465649" lon="-2.358336"><ele>202.3</ele></trkpt>
<trkpt lat="54.465599" lon="-2.358519"><ele>201.0</ele></trkpt>
<trkpt lat="54.465549" lon="-2.35881"><ele>203.3</ele></trkpt>
<trkpt lat="54.465538" lon="-2.358925"><ele>205.7</ele></trkpt>
<trkpt lat="54.465544" lon="-2.359198"><ele>208.0</ele></trkpt>
<trkpt lat="54.46553" lon="-2.359313"><ele>208.0</ele></trkpt>
<trkpt lat="54.465441" lon="-2.359446"><ele>208.0</ele></trkpt>
<trkpt lat="54.465242" lon="-2.359754"><ele>208.0</ele></trkpt>
<trkpt lat="54.465121" lon="-2.359972"><ele>207.3</ele></trkpt>
<trkpt lat="54.464947" lon="-2.360377"><ele>206.7</ele></trkpt>
<trkpt lat="54.464818" lon="-2.360679"><ele>206.0</ele></trkpt>
<trkpt lat="54.464775" lon="-2.360818"><ele>206.0</ele></trkpt>
<trkpt lat="54.464729" lon="-2.361042"><ele>206.0</ele></trkpt>
<trkpt lat="54.464707" lon="-2.36117"><ele>206.0</ele></trkpt>
<trkpt lat="54.464717" lon="-2.3614"><ele>202.3</ele></trkpt>
<trkpt lat="54.464748" lon="-2.361589"><ele>198.7</ele></trkpt>
<trkpt lat="54.464794" lon="-2.361802"><ele>195.0</ele></trkpt>
<trkpt lat="54.46485" lon="-2.361948"><ele>197.3</ele></trkpt>
<trkpt lat="54.464952" lon="-2.362125"><ele>199.7</ele></trkpt>
<trkpt lat="54.465096" lon="-2.362296"><ele>202.0</ele></trkpt>
<trkpt lat="54.465209" lon="-2.362419"><ele>203.0</ele></trkpt>
<trkpt lat="54.465315" lon="-2.362583"><ele>204.0</ele></trkpt>
<trkpt lat="54.465343" lon="-2.362705"><ele>205.0</ele></trkpt>
<trkpt lat="54.465321" lon="-2.362917"><ele>205.0</ele></trkpt>
<trkpt lat="54.465295" lon="-2.363233"><ele>205.0</ele></trkpt>
<trkpt lat="54.46522" lon="-2.363572"><ele>205.0</ele></trkpt>
<trkpt lat="54.46515" lon="-2.363762"><ele>202.3</ele></trkpt>
<trkpt lat="54.465169" lon="-2.363788"><ele>199.7</ele></trkpt>
<trkpt lat="54.465193" lon="-2.364072"><ele>197.0</ele></trkpt>
<trkpt lat="54.465249" lon="-2.364748"><ele>197.0</ele></trkpt>
<trkpt lat="54.465287" lon="-2.365247"><ele>197.0</ele></trkpt>
<trkpt lat="54.465187" lon="-2.365487"><ele>197.0</ele></trkpt>
<trkpt lat="54.465162" lon="-2.365486"><ele>197.0</ele></trkpt>
<trkpt lat="54.465095" lon="-2.365447"><ele>197.0</ele></trkpt>
<trkpt lat="54.465003" lon="-2.365298"><ele>197.0</ele></trkpt>
<trkpt lat="54.46494" lon="-2.365223"><ele>198.0</ele></trkpt>
<trkpt lat="54.464895" lon="-2.365311"><ele>199.0</ele></trkpt>
<trkpt lat="54.464758" lon="-2.365598"><ele>200.0</ele></trkpt>
<trkpt lat="54.464403" lon="-2.366477"><ele>200.3</ele></trkpt>
<trkpt lat="54.46433" lon="-2.366856"><ele>200.7</ele></trkpt>
<trkpt lat="54.464365" lon="-2.367126"><ele>201.0</ele></trkpt>
<trkpt lat="54.464357" lon="-2.367395"><ele>203.3</ele></trkpt>
<trkpt lat="54.464306" lon="-2.367738"><ele>205.7</ele></trkpt>
<trkpt lat="54.46427" lon="-2.367958"><ele>208.0</ele></trkpt>
<trkpt lat="54.46424" lon="-2.368337"><ele>212.3</ele></trkpt>
<trkpt lat="54.464196" lon="-2.368667"><ele>216.7</ele></trkpt>
<trkpt lat="54.464153" lon="-2.368936"><ele>221.0</ele></trkpt>
<trkpt lat="54.464001" lon="-2.369462"><ele>223.3</ele></trkpt>
<trkpt lat="54.46402" lon="-2.370356"><ele>225.7</ele></trkpt>
<trkpt lat="54.463967" lon="-2.370966"><ele>228.0</ele></trkpt>
<trkpt lat="54.463853" lon="-2.371285"><ele>231.3</ele></trkpt>
<trkpt lat="54.463407" lon="-2.372444"><ele>234.7</ele></trkpt>
<trkpt lat="54.46309" lon="-2.373396"><ele>238.0</ele></trkpt>
<trkpt lat="54.462817" lon="-2.374251"><ele>241.0</ele></trkpt>
<trkpt lat="54.462679" lon="-2.374862"><ele>244.0</ele></trkpt>
<trkpt lat="54.462441" lon="-2.375644"><ele>247.0</ele></trkpt>
<trkpt lat="54.462318" lon="-2.376487"><ele>247.3</ele></trkpt>
<trkpt lat="54.46213" lon="-2.377208"><ele>247.7</ele></trkpt>
<trkpt lat="54.462099" lon="-2.3775"><ele>248.0</ele></trkpt>
<trkpt lat="54.46202" lon="-2.378429"><ele>245.7</ele></trkpt>
<trkpt lat="54.461987" lon="-2.379948"><ele>243.3</ele></trkpt>
<trkpt lat="54.461957" lon="-2.380315"><ele>241.0</ele></trkpt>
<trkpt lat="54.461835" lon="-2.380693"><ele>242.3</ele></trkpt>
<trkpt lat="54.461687" lon="-2.381028"><ele>243.7</ele></trkpt>
<trkpt lat="54.461614" lon="-2.381225"><ele>245.0</ele></trkpt>
<trkpt lat="54.461414" lon="-2.381524"><ele>245.0</ele></trkpt>
<trkpt lat="54.461268" lon="-2.381802"><ele>245.0</ele></trkpt>
<trkpt lat="54.460952" lon="-2.382534"><ele>245.0</ele></trkpt>
<trkpt lat="54.460753" lon="-2.383016"><ele>247.0</ele></trkpt>
<trkpt lat="54.460407" lon="-2.384091"><ele>249.0</ele></trkpt>
<trkpt lat="54.460544" lon="-2.384414"><ele>251.0</ele></trkpt>
<trkpt lat="54.460638" lon="-2.384693"><ele>251.7</ele></trkpt>
<trkpt lat="54.4607" lon="-2.385225"><ele>252.3</ele></trkpt>
<trkpt lat="54.460698" lon="-2.385899"><ele>253.0</ele></trkpt>
<trkpt lat="54.460661" lon="-2.38629"><ele>254.0</ele></trkpt>
<trkpt lat="54.460588" lon="-2.386791"><ele>255.0</ele></trkpt>
<trkpt lat="54.460528" lon="-2.387165"><ele>256.0</ele></trkpt>
<trkpt lat="54.460543" lon="-2.387599"><ele>257.3</ele></trkpt>
<trkpt lat="54.460535" lon="-2.387979"><ele>258.7</ele></trkpt>
<trkpt lat="54.460533" lon="-2.38853"><ele>260.0</ele></trkpt>
<trkpt lat="54.460513" lon="-2.389063"><ele>261.0</ele></trkpt>
<trkpt lat="54.460485" lon="-2.389164"><ele>262.0</ele></trkpt>
<trkpt lat="54.460127" lon="-2.389424"><ele>263.0</ele></trkpt>
<trkpt lat="54.459079" lon="-2.390171"><ele>266.0</ele></trkpt>
<trkpt lat="54.459155" lon="-2.390297"><ele>269.0</ele></trkpt>
<trkpt lat="54.459742" lon="-2.391004"><ele>272.0</ele></trkpt>
<trkpt lat="54.459923" lon="-2.391232"><ele>274.0</ele></trkpt>
<trkpt lat="54.460045" lon="-2.39151"><ele>276.0</ele></trkpt>
<trkpt lat="54.460173" lon="-2.391823"><ele>278.0</ele></trkpt>
<trkpt lat="54.460223" lon="-2.391894"><ele>278.0</ele></trkpt>
<trkpt lat="54.460176" lon="-2.391973"><ele>278.0</ele></trkpt>
<trkpt lat="54.460077" lon="-2.392434"><ele>278.0</ele></trkpt>
<trkpt lat="54.459993" lon="-2.392743"><ele>285.0</ele></trkpt>
<trkpt lat="54.459832" lon="-2.393248"><ele>292.0</ele></trkpt>
<trkpt lat="54.45957" lon="-2.393992"><ele>299.0</ele></trkpt>
<trkpt lat="54.459405" lon="-2.394505"><ele>301.3</ele></trkpt>
<trkpt lat="54.459141" lon="-2.395192"><ele>303.7</ele></trkpt>
<trkpt lat="54.458974" lon="-2.395451"><ele>306.0</ele></trkpt>
<trkpt lat="54.458682" lon="-2.39593"><ele>307.0</ele></trkpt>
<trkpt lat="54.458488" lon="-2.396247"><ele>308.0</ele></trkpt>
<trkpt lat="54.458366" lon="-2.396429"><ele>309.0</ele></trkpt>
<trkpt lat="54.458246" lon="-2.396728"><ele>312.3</ele></trkpt>
<trkpt lat="54.458008" lon="-2.39746"><ele>315.7</ele></trkpt>
<trkpt lat="54.457978" lon="-2.397864"><ele>319.0</ele></trkpt>
<trkpt lat="54.457995" lon="-2.398083"><ele>321.3</ele></trkpt>
<trkpt lat="54.457974" lon="-2.399303"><ele>323.7</ele></trkpt>
<trkpt lat="54.45797" lon="-2.399796"><ele>326.0</ele></trkpt>
<trkpt lat="54.457949" lon="-2.400117"><ele>327.0</ele></trkpt>
<trkpt lat="54.457948" lon="-2.400337"><ele>328.0</ele></trkpt>
<trkpt lat="54.457948" lon="-2.40078"><ele>329.0</ele></trkpt>
<trkpt lat="54.457914" lon="-2.401086"><ele>329.3</ele></trkpt>
<trkpt lat="54.457845" lon="-2.401462"><ele>329.7</ele></trkpt>
<trkpt lat="54.457779" lon="-2.401902"><ele>330.0</ele></trkpt>
<trkpt lat="54.457756" lon="-2.402331"><ele>331.3</ele></trkpt>
<trkpt lat="54.457791" lon="-2.402649"><ele>332.7</ele></trkpt>
<trkpt lat="54.457832" lon="-2.403225"><ele>334.0</ele></trkpt>
<trkpt lat="54.457838" lon="-2.403568"><ele>333.7</ele></trkpt>
<trkpt lat="54.457823" lon="-2.403788"><ele>333.3</ele></trkpt>
<trkpt lat="54.457821" lon="-2.404241"><ele>333.0</ele></trkpt>
<trkpt lat="54.457741" lon="-2.404877"><ele>331.3</ele></trkpt>
<trkpt lat="54.457589" lon="-2.405304"><ele>329.7</ele></trkpt>
<trkpt lat="54.457151" lon="-2.406353"><ele>328.0</ele></trkpt>
<trkpt lat="54.456871" lon="-2.406828"><ele>329.3</ele></trkpt>
<trkpt lat="54.456714" lon="-2.406936"><ele>330.7</ele></trkpt>
<trkpt lat="54.456542" lon="-2.407057"><ele>332.0</ele></trkpt>
<trkpt lat="54.456442" lon="-2.407154"><ele>328.3</ele></trkpt>
<trkpt lat="54.45627" lon="-2.407483"><ele>324.7</ele></trkpt>
<trkpt lat="54.456111" lon="-2.407824"><ele>321.0</ele></trkpt>
<trkpt lat="54.456025" lon="-2.40797"><ele>317.7</ele></trkpt>
<trkpt lat="54.455954" lon="-2.408092"><ele>314.3</ele></trkpt>
<trkpt lat="54.45543" lon="-2.408931"><ele>311.0</ele></trkpt>
<trkpt lat="54.455279" lon="-2.409199"><ele>311.7</ele></trkpt>
<trkpt lat="54.455021" lon="-2.409699"><ele>312.3</ele></trkpt>
<trkpt lat="54.454878" lon="-2.409933"><ele>313.0</ele></trkpt>
<trkpt lat="54.454752" lon="-2.41009"><ele>313.0</ele></trkpt>
<trkpt lat="54.454489" lon="-2.410573"><ele>313.0</ele></trkpt>
<trkpt lat="54.45445" lon="-2.410634"><ele>313.0</ele></trkpt>
<trkpt lat="54.454309" lon="-2.41084"><ele>315.7</ele></trkpt>
<trkpt lat="54.454178" lon="-2.411067"><ele>318.3</ele></trkpt>
<trkpt lat="54.454096" lon="-2.411267"><ele>321.0</ele></trkpt>
<trkpt lat="54.453889" lon="-2.412117"><ele>321.3</ele></trkpt>
<trkpt lat="54.453781" lon="-2.412463"><ele>321.7</ele></trkpt>
<trkpt lat="54.453647" lon="-2.412735"><ele>322.0</ele></trkpt>
<trkpt lat="54.45359" lon="-2.412916"><ele>322.0</ele></trkpt>
<trkpt lat="54.453524" lon="-2.413032"><ele>322.0</ele></trkpt>
<trkpt lat="54.453436" lon="-2.413215"><ele>322.0</ele></trkpt>
<trkpt lat="54.453359" lon="-2.413279"><ele>321.7</ele></trkpt>
<trkpt lat="54.453122" lon="-2.413722"><ele>321.3</ele></trkpt>
<trkpt lat="54.453015" lon="-2.413916"><ele>321.0</ele></trkpt>
<trkpt lat="54.452897" lon="-2.414148"><ele>321.0</ele></trkpt>
<trkpt lat="54.452727" lon="-2.414546"><ele>321.0</ele></trkpt>
<trkpt lat="54.452682" lon="-2.414627"><ele>321.0</ele></trkpt>
<trkpt lat="54.452492" lon="-2.414803"><ele>322.0</ele></trkpt>
<trkpt lat="54.452381" lon="-2.414971"><ele>323.0</ele></trkpt>
<trkpt lat="54.452123" lon="-2.415352"><ele>324.0</ele></trkpt>
<trkpt lat="54.452034" lon="-2.41549"><ele>324.0</ele></trkpt>
<trkpt lat="54.451924" lon="-2.415709"><ele>324.0</ele></trkpt>
<trkpt lat="54.451859" lon="-2.415892"><ele>324.0</ele></trkpt>
<trkpt lat="54.451737" lon="-2.416213"><ele>321.0</ele></trkpt>
<trkpt lat="54.451642" lon="-2.416808"><ele>318.0</ele></trkpt>
<trkpt lat="54.451608" lon="-2.416961"><ele>315.0</ele></trkpt>
<trkpt lat="54.451551" lon="-2.417097"><ele>315.0</ele></trkpt>
<trkpt lat="54.451484" lon="-2.417235"><ele>315.0</ele></trkpt>
<trkpt lat="54.451424" lon="-2.417467"><ele>315.0</ele></trkpt>
<trkpt lat="54.451377" lon="-2.417631"><ele>312.7</ele></trkpt>
<trkpt lat="54.451305" lon="-2.4179"><ele>310.3</ele></trkpt>
<trkpt lat="54.451245" lon="-2.418212"><ele>308.0</ele></trkpt>
<trkpt lat="54.451168" lon="-2.418578"><ele>306.0</ele></trkpt>
<trkpt lat="54.451126" lon="-2.418823"><ele>304.0</ele></trkpt>
<trkpt lat="54.451075" lon="-2.419357"><ele>302.0</ele></trkpt>
<trkpt lat="54.450983" lon="-2.419698"><ele>300.0</ele></trkpt>
<trkpt lat="54.450889" lon="-2.420134"><ele>298.0</ele></trkpt>
<trkpt lat="54.450868" lon="-2.420332"><ele>296.0</ele></trkpt>
<trkpt lat="54.450837" lon="-2.420614"><ele>296.3</ele></trkpt>
<trkpt lat="54.450803" lon="-2.420921"><ele>296.7</ele></trkpt>
<trkpt lat="54.450821" lon="-2.421235"><ele>297.0</ele></trkpt>
<trkpt lat="54.450792" lon="-2.421333"><ele>294.3</ele></trkpt>
<trkpt lat="54.450737" lon="-2.421373"><ele>291.7</ele></trkpt>
<trkpt lat="54.450489" lon="-2.421554"><ele>289.0</ele></trkpt>
<trkpt lat="54.450332" lon="-2.421716"><ele>289.0</ele></trkpt>
<trkpt lat="54.450282" lon="-2.421793"><ele>289.0</ele></trkpt>
<trkpt lat="54.450223" lon="-2.422102"><ele>289.0</ele></trkpt>
<trkpt lat="54.450048" lon="-2.422488"><ele>285.7</ele></trkpt>
<trkpt lat="54.449947" lon="-2.422819"><ele>282.3</ele></trkpt>
<trkpt lat="54.449628" lon="-2.423614"><ele>279.0</ele></trkpt>
<trkpt lat="54.449439" lon="-2.423991"><ele>275.7</ele></trkpt>
<trkpt lat="54.449315" lon="-2.424174"><ele>272.3</ele></trkpt>
<trkpt lat="54.448988" lon="-2.424538"><ele>269.0</ele></trkpt>
<trkpt lat="54.448764" lon="-2.424784"><ele>266.0</ele></trkpt>
<trkpt lat="54.448467" lon="-2.425132"><ele>263.0</ele></trkpt>
<trkpt lat="54.448291" lon="-2.425395"><ele>260.0</ele></trkpt>
<trkpt lat="54.448087" lon="-2.425683"><ele>260.0</ele></trkpt>
<trkpt lat="54.448071" lon="-2.425736"><ele>260.0</ele></trkpt>
<trkpt lat="54.44807" lon="-2.425834"><ele>260.0</ele></trkpt>
<trkpt lat="54.448116" lon="-2.426179"><ele>258.0</ele></trkpt>
<trkpt lat="54.448157" lon="-2.426316"><ele>256.0</ele></trkpt>
<trkpt lat="54.448208" lon="-2.426476"><ele>254.0</ele></trkpt>
<trkpt lat="54.448322" lon="-2.426685"><ele>246.3</ele></trkpt>
<trkpt lat="54.448414" lon="-2.426845"><ele>238.7</ele></trkpt>
<trkpt lat="54.448496" lon="-2.42716"><ele>231.0</ele></trkpt>
<trkpt lat="54.448495" lon="-2.427474"><ele>227.3</ele></trkpt>
<trkpt lat="54.448479" lon="-2.427862"><ele>223.7</ele></trkpt>
<trkpt lat="54.448465" lon="-2.428429"><ele>220.0</ele></trkpt>
<trkpt lat="54.448451" lon="-2.428572"><ele>219.7</ele></trkpt>
<trkpt lat="54.448373" lon="-2.428901"><ele>219.3</ele></trkpt>
<trkpt lat="54.448356" lon="-2.428999"><ele>219.0</ele></trkpt>
<trkpt lat="54.448369" lon="-2.429362"><ele>219.0</ele></trkpt>
<trkpt lat="54.448364" lon="-2.429632"><ele>219.0</ele></trkpt>
<trkpt lat="54.448384" lon="-2.429848"><ele>219.0</ele></trkpt>
<trkpt lat="54.448442" lon="-2.430187"><ele>220.0</ele></trkpt>
<trkpt lat="54.448469" lon="-2.430399"><ele>221.0</ele></trkpt>
<trkpt lat="54.448484" lon="-2.430616"><ele>222.0</ele></trkpt>
<trkpt lat="54.448478" lon="-2.430747"><ele>222.0</ele></trkpt>
<trkpt lat="54.44846" lon="-2.431018"><ele>222.0</ele></trkpt>
<trkpt lat="54.44846" lon="-2.431215"><ele>222.0</ele></trkpt>
<trkpt lat="54.448453" lon="-2.431288"><ele>221.7</ele></trkpt>
<trkpt lat="54.448436" lon="-2.431355"><ele>221.3</ele></trkpt>
<trkpt lat="54.448319" lon="-2.431639"><ele>221.0</ele></trkpt>
<trkpt lat="54.448255" lon="-2.431774"><ele>221.0</ele></trkpt>
<trkpt lat="54.448223" lon="-2.431976"><ele>221.0</ele></trkpt>
<trkpt lat="54.448227" lon="-2.432129"><ele>221.0</ele></trkpt>
<trkpt lat="54.448242" lon="-2.432388"><ele>223.3</ele></trkpt>
<trkpt lat="54.448253" lon="-2.432563"><ele>225.7</ele></trkpt>
<trkpt lat="54.448228" lon="-2.432941"><ele>228.0</ele></trkpt>
<trkpt lat="54.448229" lon="-2.433181"><ele>228.0</ele></trkpt>
<trkpt lat="54.448244" lon="-2.433329"><ele>228.0</ele></trkpt>
<trkpt lat="54.448232" lon="-2.43361"><ele>228.0</ele></trkpt>
<trkpt lat="54.448206" lon="-2.433665"><ele>230.0</ele></trkpt>
<trkpt lat="54.448025" lon="-2.433726"><ele>232.0</ele></trkpt>
<trkpt lat="54.447925" lon="-2.433787"><ele>234.0</ele></trkpt>
<trkpt lat="54.447696" lon="-2.43376"><ele>236.7</ele></trkpt>
<trkpt lat="54.447397" lon="-2.433757"><ele>239.3</ele></trkpt>
<trkpt lat="54.447247" lon="-2.433755"><ele>242.0</ele></trkpt>
<trkpt lat="54.44704" lon="-2.433765"><ele>243.7</ele></trkpt>
<trkpt lat="54.446668" lon="-2.433969"><ele>245.3</ele></trkpt>
<trkpt lat="54.446518" lon="-2.434041"><ele>247.0</ele></trkpt>
<trkpt lat="54.446275" lon="-2.43415"><ele>247.0</ele></trkpt>
<trkpt lat="54.446037" lon="-2.43425"><ele>247.0</ele></trkpt>
<trkpt lat="54.445853" lon="-2.434438"><ele>247.0</ele></trkpt>
<trkpt lat="54.445639" lon="-2.434693"><ele>247.7</ele></trkpt>
<trkpt lat="54.445346" lon="-2.434836"><ele>248.3</ele></trkpt>
<trkpt lat="54.445074" lon="-2.43498"><ele>249.0</ele></trkpt>
<trkpt lat="54.444771" lon="-2.435244"><ele>255.3</ele></trkpt>
<trkpt lat="54.444645" lon="-2.435319"><ele>261.7</ele></trkpt>
<trkpt lat="54.444545" lon="-2.435367"><ele>268.0</ele></trkpt>
<trkpt lat="54.444316" lon="-2.435425"><ele>267.3</ele></trkpt>
<trkpt lat="54.444052" lon="-2.435477"><ele>266.7</ele></trkpt>
<trkpt lat="54.443759" lon="-2.435531"><ele>266.0</ele></trkpt>
<trkpt lat="54.443598" lon="-2.435575"><ele>264.3</ele></trkpt>
<trkpt lat="54.443376" lon="-2.435637"><ele>262.7</ele></trkpt>
<trkpt lat="54.443195" lon="-2.435695"><ele>261.0</ele></trkpt>
<trkpt lat="54.443086" lon="-2.435675"><ele>261.0</ele></trkpt>
<trkpt lat="54.442984" lon="-2.435629"><ele>261.0</ele></trkpt>
<trkpt lat="54.442863" lon="-2.435636"><ele>261.0</ele></trkpt>
<trkpt lat="54.442691" lon="-2.435691"><ele>260.3</ele></trkpt>
<trkpt lat="54.442536" lon="-2.435755"><ele>259.7</ele></trkpt>
<trkpt lat="54.442265" lon="-2.43583"><ele>259.0</ele></trkpt>
<trkpt lat="54.442023" lon="-2.435778"><ele>259.0</ele></trkpt>
<trkpt lat="54.441811" lon="-2.435792"><ele>259.0</ele></trkpt>
<trkpt lat="54.441668" lon="-2.435823"><ele>259.0</ele></trkpt>
<trkpt lat="54.441573" lon="-2.435818"><ele>258.0</ele></trkpt>
<trkpt lat="54.441369" lon="-2.435773"><ele>257.0</ele></trkpt>
<trkpt lat="54.441241" lon="-2.435748"><ele>256.0</ele></trkpt>
<trkpt lat="54.440905" lon="-2.435707"><ele>254.3</ele></trkpt>
<trkpt lat="54.440663" lon="-2.435729"><ele>252.7</ele></trkpt>
<trkpt lat="54.440306" lon="-2.435713"><ele>251.0</ele></trkpt>
<trkpt lat="54.440192" lon="-2.4357"><ele>245.3</ele></trkpt>
<trkpt lat="54.440057" lon="-2.435527"><ele>239.7</ele></trkpt>
<trkpt lat="54.439979" lon="-2.43533"><ele>234.0</ele></trkpt>
<trkpt lat="54.439895" lon="-2.435048"><ele>234.0</ele></trkpt>
<trkpt lat="54.439852" lon="-2.434988"><ele>234.0</ele></trkpt>
<trkpt lat="54.439771" lon="-2.435023"><ele>234.0</ele></trkpt>
<trkpt lat="54.439581" lon="-2.435179"><ele>236.0</ele></trkpt>
<trkpt lat="54.439337" lon="-2.43536"><ele>238.0</ele></trkpt>
<trkpt lat="54.438989" lon="-2.435611"><ele>240.0</ele></trkpt>
<trkpt lat="54.438916" lon="-2.435588"><ele>240.0</ele></trkpt>
<trkpt lat="54.43875" lon="-2.435503"><ele>240.0</ele></trkpt>
<trkpt lat="54.438609" lon="-2.435448"><ele>240.0</ele></trkpt>
<trkpt lat="54.43845" lon="-2.435438"><ele>243.7</ele></trkpt>
<trkpt lat="54.438272" lon="-2.435494"><ele>247.3</ele></trkpt>
<trkpt lat="54.438179" lon="-2.435505"><ele>251.0</ele></trkpt>
<trkpt lat="54.438117" lon="-2.435488"><ele>251.0</ele></trkpt>
<trkpt lat="54.437994" lon="-2.435417"><ele>251.0</ele></trkpt>
<trkpt lat="54.437889" lon="-2.435387"><ele>251.0</ele></trkpt>
<trkpt lat="54.437761" lon="-2.435221"><ele>247.7</ele></trkpt>
<trkpt lat="54.437542" lon="-2.434815"><ele>244.3</ele></trkpt>
<trkpt lat="54.437322" lon="-2.434458"><ele>241.0</ele></trkpt>
<trkpt lat="54.43718" lon="-2.43434"><ele>241.0</ele></trkpt>
<trkpt lat="54.437081" lon="-2.434094"><ele>241.0</ele></trkpt>
<trkpt lat="54.436949" lon="-2.433791"><ele>241.0</ele></trkpt>
<trkpt lat="54.436882" lon="-2.433651"><ele>241.3</ele></trkpt>
<trkpt lat="54.436674" lon="-2.433482"><ele>241.7</ele></trkpt>
<trkpt lat="54.436594" lon="-2.433326"><ele>242.0</ele></trkpt>
<trkpt lat="54.436358" lon="-2.432716"><ele>241.3</ele></trkpt>
<trkpt lat="54.436288" lon="-2.432379"><ele>240.7</ele></trkpt>
<trkpt lat="54.43621" lon="-2.432084"><ele>240.0</ele></trkpt>
<trkpt lat="54.43604" lon="-2.431764"><ele>241.0</ele></trkpt>
<trkpt lat="54.435832" lon="-2.431531"><ele>242.0</ele></trkpt>
<trkpt lat="54.435618" lon="-2.431378"><ele>243.0</ele></trkpt>
<trkpt lat="54.435497" lon="-2.431328"><ele>243.0</ele></trkpt>
<trkpt lat="54.435332" lon="-2.431293"><ele>243.0</ele></trkpt>
<trkpt lat="54.435199" lon="-2.431305"><ele>243.0</ele></trkpt>
<trkpt lat="54.435022" lon="-2.431362"><ele>244.7</ele></trkpt>
<trkpt lat="54.434817" lon="-2.431462"><ele>246.3</ele></trkpt>
<trkpt lat="54.434522" lon="-2.4315"><ele>248.0</ele></trkpt>
<trkpt lat="54.434388" lon="-2.431599"><ele>247.3</ele></trkpt>
<trkpt lat="54.433954" lon="-2.431905"><ele>246.7</ele></trkpt>
<trkpt lat="54.4339" lon="-2.431785"><ele>246.0</ele></trkpt>
<trkpt lat="54.433922" lon="-2.431454"><ele>245.7</ele></trkpt>
<trkpt lat="54.433779" lon="-2.431194"><ele>245.3</ele></trkpt>
<trkpt lat="54.433576" lon="-2.430794"><ele>245.0</ele></trkpt>
<trkpt lat="54.433388" lon="-2.430442"><ele>245.0</ele></trkpt>
<trkpt lat="54.433219" lon="-2.430105"><ele>245.0</ele></trkpt>
<trkpt lat="54.433097" lon="-2.429856"><ele>245.0</ele></trkpt>
<trkpt lat="54.432995" lon="-2.429848"><ele>245.0</ele></trkpt>
<trkpt lat="54.432904" lon="-2.429755"><ele>245.0</ele></trkpt>
<trkpt lat="54.432798" lon="-2.429565"><ele>245.0</ele></trkpt>
<trkpt lat="54.432643" lon="-2.429439"><ele>248.0</ele></trkpt>
<trkpt lat="54.432449" lon="-2.429277"><ele>251.0</ele></trkpt>
<trkpt lat="54.432372" lon="-2.429203"><ele>254.0</ele></trkpt>
<trkpt lat="54.432235" lon="-2.429085"><ele>254.7</ele></trkpt>
<trkpt lat="54.43208" lon="-2.42902"><ele>255.3</ele></trkpt>
<trkpt lat="54.431473" lon="-2.428808"><ele>256.0</ele></trkpt>
<trkpt lat="54.431196" lon="-2.428398"><ele>255.7</ele></trkpt>
<trkpt lat="54.431015" lon="-2.428069"><ele>255.3</ele></trkpt>
<trkpt lat="54.430908" lon="-2.427571"><ele>255.0</ele></trkpt>
<trkpt lat="54.430807" lon="-2.427268"><ele>254.7</ele></trkpt>
<trkpt lat="54.43046" lon="-2.427611"><ele>254.3</ele></trkpt>
<trkpt lat="54.430236" lon="-2.428001"><ele>254.0</ele></trkpt>
<trkpt lat="54.429953" lon="-2.42845"><ele>258.0</ele></trkpt>
<trkpt lat="54.429354" lon="-2.429117"><ele>262.0</ele></trkpt>
<trkpt lat="54.429075" lon="-2.42933"><ele>266.0</ele></trkpt>
<trkpt lat="54.428708" lon="-2.429575"><ele>266.0</ele></trkpt>
<trkpt lat="54.428417" lon="-2.429944"><ele>266.0</ele></trkpt>
<trkpt lat="54.428232" lon="-2.430032"><ele>266.0</ele></trkpt>
<trkpt lat="54.42798" lon="-2.4301"><ele>265.3</ele></trkpt>
<trkpt lat="54.427728" lon="-2.430178"><ele>264.7</ele></trkpt>
<trkpt lat="54.427344" lon="-2.430269"><ele>264.0</ele></trkpt>
<trkpt lat="54.427219" lon="-2.430397"><ele>264.0</ele></trkpt>
<trkpt lat="54.426865" lon="-2.430498"><ele>264.0</ele></trkpt>
<trkpt lat="54.42673" lon="-2.43074"><ele>264.0</ele></trkpt>
<trkpt lat="54.42635" lon="-2.43053"><ele>262.7</ele></trkpt>
<trkpt lat="54.425988" lon="-2.430315"><ele>261.3</ele></trkpt>
<trkpt lat="54.425646" lon="-2.430231"><ele>260.0</ele></trkpt>
<trkpt lat="54.425304" lon="-2.430223"><ele>262.3</ele></trkpt>
<trkpt lat="54.424797" lon="-2.430293"><ele>264.7</ele></trkpt>
<trkpt lat="54.424453" lon="-2.430389"><ele>267.0</ele></trkpt>
<trkpt lat="54.424167" lon="-2.430507"><ele>267.3</ele></trkpt>
<trkpt lat="54.423917" lon="-2.430587"><ele>267.7</ele></trkpt>
<trkpt lat="54.42378" lon="-2.430597"><ele>268.0</ele></trkpt>
<trkpt lat="54.423622" lon="-2.430558"><ele>267.3</ele></trkpt>
<trkpt lat="54.423478" lon="-2.430466"><ele>266.7</ele></trkpt>
<trkpt lat="54.42328" lon="-2.430268"><ele>266.0</ele></trkpt>
<trkpt lat="54.423113" lon="-2.430119"><ele>266.0</ele></trkpt>
<trkpt lat="54.422878" lon="-2.430109"><ele>266.0</ele></trkpt>
<trkpt lat="54.422672" lon="-2.430118"><ele>266.0</ele></trkpt>
<trkpt lat="54.422417" lon="-2.430202"><ele>268.0</ele></trkpt>
<trkpt lat="54.422232" lon="-2.430242"><ele>270.0</ele></trkpt>
<trkpt lat="54.421962" lon="-2.430224"><ele>272.0</ele></trkpt>
<trkpt lat="54.421778" lon="-2.430203"><ele>273.0</ele></trkpt>
<trkpt lat="54.421403" lon="-2.43009"><ele>274.0</ele></trkpt>
<trkpt lat="54.420945" lon="-2.429931"><ele>275.0</ele></trkpt>
<trkpt lat="54.420626" lon="-2.429811"><ele>277.0</ele></trkpt>
<trkpt lat="54.420145" lon="-2.42973"><ele>279.0</ele></trkpt>
<trkpt lat="54.42001" lon="-2.429684"><ele>281.0</ele></trkpt>
<trkpt lat="54.419752" lon="-2.429523"><ele>282.0</ele></trkpt>
<trkpt lat="54.41955" lon="-2.429426"><ele>283.0</ele></trkpt>
<trkpt lat="54.418998" lon="-2.429293"><ele>284.0</ele></trkpt>
<trkpt lat="54.418548" lon="-2.429194"><ele>284.3</ele></trkpt>
<trkpt lat="54.418298" lon="-2.429093"><ele>284.7</ele></trkpt>
<trkpt lat="54.418053" lon="-2.428947"><ele>285.0</ele></trkpt>
<trkpt lat="54.417777" lon="-2.428892"><ele>286.0</ele></trkpt>
<trkpt lat="54.417518" lon="-2.428799"><ele>287.0</ele></trkpt>
<trkpt lat="54.417233" lon="-2.428619"><ele>288.0</ele></trkpt>
<trkpt lat="54.416964" lon="-2.428314"><ele>288.7</ele></trkpt>
<trkpt lat="54.416752" lon="-2.428015"><ele>289.3</ele></trkpt>
<trkpt lat="54.416653" lon="-2.427875"><ele>290.0</ele></trkpt>
<trkpt lat="54.416301" lon="-2.427525"><ele>290.3</ele></trkpt>
<trkpt lat="54.416111" lon="-2.427395"><ele>290.7</ele></trkpt>
<trkpt lat="54.415834" lon="-2.42732"><ele>291.0</ele></trkpt>
<trkpt lat="54.415535" lon="-2.427265"><ele>293.3</ele></trkpt>
<trkpt lat="54.415148" lon="-2.427234"><ele>295.7</ele></trkpt>
<trkpt lat="54.4149" lon="-2.427235"><ele>298.0</ele></trkpt>
<trkpt lat="54.414704" lon="-2.427282"><ele>301.0</ele></trkpt>
<trkpt lat="54.414493" lon="-2.427363"><ele>304.0</ele></trkpt>
<trkpt lat="54.41414" lon="-2.42757"><ele>307.0</ele></trkpt>
<trkpt lat="54.413914" lon="-2.427726"><ele>310.7</ele></trkpt>
<trkpt lat="54.413652" lon="-2.427814"><ele>314.3</ele></trkpt>
<trkpt lat="54.413193" lon="-2.427967"><ele>318.0</ele></trkpt>
<trkpt lat="54.413019" lon="-2.428056"><ele>318.0</ele></trkpt>
<trkpt lat="54.412895" lon="-2.428186"><ele>318.0</ele></trkpt>
<trkpt lat="54.412738" lon="-2.428467"><ele>318.0</ele></trkpt>
<trkpt lat="54.412511" lon="-2.428851"><ele>321.3</ele></trkpt>
<trkpt lat="54.412076" lon="-2.429419"><ele>324.7</ele></trkpt>
<trkpt lat="54.411845" lon="-2.429767"><ele>328.0</ele></trkpt>
<trkpt lat="54.411733" lon="-2.429935"><ele>333.0</ele></trkpt>
<trkpt lat="54.411514" lon="-2.430343"><ele>338.0</ele></trkpt>
<trkpt lat="54.41116" lon="-2.430634"><ele>343.0</ele></trkpt>
<trkpt lat="54.41093" lon="-2.430937"><ele>349.7</ele></trkpt>
<trkpt lat="54.410518" lon="-2.431302"><ele>356.3</ele></trkpt>
<trkpt lat="54.409971" lon="-2.431862"><ele>363.0</ele></trkpt>
<trkpt lat="54.409554" lon="-2.432253"><ele>366.7</ele></trkpt>
<trkpt lat="54.409321" lon="-2.432565"><ele>370.3</ele></trkpt>
<trkpt lat="54.408896" lon="-2.432847"><ele>374.0</ele></trkpt>
<trkpt lat="54.40859" lon="-2.433092"><ele>373.3</ele></trkpt>
<trkpt lat="54.408117" lon="-2.433253"><ele>372.7</ele></trkpt>
<trkpt lat="54.407726" lon="-2.43335"><ele>372.0</ele></trkpt>
<trkpt lat="54.407359" lon="-2.433467"><ele>377.3</ele></trkpt>
<trkpt lat="54.40715" lon="-2.433604"><ele>382.7</ele></trkpt>
<trkpt lat="54.406951" lon="-2.433892"><ele>388.0</ele></trkpt>
<trkpt lat="54.406579" lon="-2.434167"><ele>386.3</ele></trkpt>
<trkpt lat="54.406295" lon="-2.434371"><ele>384.7</ele></trkpt>
<trkpt lat="54.406133" lon="-2.434483"><ele>383.0</ele></trkpt>
<trkpt lat="54.405865" lon="-2.434559"><ele>386.0</ele></trkpt>
<trkpt lat="54.405627" lon="-2.434862"><ele>389.0</ele></trkpt>
<trkpt lat="54.405351" lon="-2.435594"><ele>392.0</ele></trkpt>
<trkpt lat="54.405216" lon="-2.435868"><ele>397.7</ele></trkpt>
<trkpt lat="54.405098" lon="-2.4363"><ele>403.3</ele></trkpt>
<trkpt lat="54.405023" lon="-2.436515"><ele>409.0</ele></trkpt>
<trkpt lat="54.404888" lon="-2.436687"><ele>406.3</ele></trkpt>
<trkpt lat="54.404567" lon="-2.437392"><ele>403.7</ele></trkpt>
<trkpt lat="54.40446" lon="-2.437797"><ele>401.0</ele></trkpt>
<trkpt lat="54.404451" lon="-2.437895"><ele>401.0</ele></trkpt>
<trkpt lat="54.40433" lon="-2.437954"><ele>401.0</ele></trkpt>
<trkpt lat="54.404277" lon="-2.437856"><ele>401.0</ele></trkpt>
<trkpt lat="54.404246" lon="-2.437562"><ele>394.3</ele></trkpt>
<trkpt lat="54.404164" lon="-2.437504"><ele>387.7</ele></trkpt>
<trkpt lat="54.404052" lon="-2.437688"><ele>381.0</ele></trkpt>
<trkpt lat="54.403728" lon="-2.43811"><ele>381.0</ele></trkpt>
<trkpt lat="54.403691" lon="-2.438424"><ele>381.0</ele></trkpt>
<trkpt lat="54.403681" lon="-2.438695"><ele>381.0</ele></trkpt>
<trkpt lat="54.403363" lon="-2.439121"><ele>387.3</ele></trkpt>
<trkpt lat="54.403091" lon="-2.439562"><ele>393.7</ele></trkpt>
<trkpt lat="54.402784" lon="-2.439899"><ele>400.0</ele></trkpt>
<trkpt lat="54.40239" lon="-2.440143"><ele>400.3</ele></trkpt>
<trkpt lat="54.402017" lon="-2.440538"><ele>400.7</ele></trkpt>
<trkpt lat="54.401824" lon="-2.440585"><ele>401.0</ele></trkpt>
<trkpt lat="54.401705" lon="-2.44064"><ele>402.7</ele></trkpt>
<trkpt lat="54.401515" lon="-2.441"><ele>404.3</ele></trkpt>
<trkpt lat="54.401356" lon="-2.44129"><ele>406.0</ele></trkpt>
<trkpt lat="54.401158" lon="-2.441514"><ele>405.0</ele></trkpt>
<trkpt lat="54.400935" lon="-2.441662"><ele>404.0</ele></trkpt>
<trkpt lat="54.400688" lon="-2.442017"><ele>403.0</ele></trkpt>
<trkpt lat="54.400461" lon="-2.442348"><ele>408.7</ele></trkpt>
<trkpt lat="54.400236" lon="-2.442575"><ele>414.3</ele></trkpt>
<trkpt lat="54.400005" lon="-2.442678"><ele>420.0</ele></trkpt>
<trkpt lat="54.399844" lon="-2.442725"><ele>409.3</ele></trkpt>
<trkpt lat="54.399267" lon="-2.443118"><ele>398.7</ele></trkpt>
<trkpt lat="54.398921" lon="-2.443329"><ele>388.0</ele></trkpt>
<trkpt lat="54.398712" lon="-2.443583"><ele>384.7</ele></trkpt>
<trkpt lat="54.398321" lon="-2.444302"><ele>381.3</ele></trkpt>
<trkpt lat="54.398029" lon="-2.444807"><ele>378.0</ele></trkpt>
<trkpt lat="54.397749" lon="-2.445276"><ele>376.3</ele></trkpt>
<trkpt lat="54.397599" lon="-2.445395"><ele>374.7</ele></trkpt>
<trkpt lat="54.397316" lon="-2.445531"><ele>373.0</ele></trkpt>
<trkpt lat="54.396919" lon="-2.445866"><ele>373.0</ele></trkpt>
<trkpt lat="54.396791" lon="-2.44603"><ele>373.0</ele></trkpt>
<trkpt lat="54.396683" lon="-2.446247"><ele>373.0</ele></trkpt>
<trkpt lat="54.396604" lon="-2.446307"><ele>370.7</ele></trkpt>
<trkpt lat="54.396515" lon="-2.446592"><ele>368.3</ele></trkpt>
<trkpt lat="54.396442" lon="-2.446751"><ele>366.0</ele></trkpt>
<trkpt lat="54.396109" lon="-2.447132"><ele>359.3</ele></trkpt>
<trkpt lat="54.396034" lon="-2.447248"><ele>352.7</ele></trkpt>
<trkpt lat="54.395657" lon="-2.447481"><ele>346.0</ele></trkpt>
<trkpt lat="54.395191" lon="-2.447717"><ele>348.0</ele></trkpt>
<trkpt lat="54.395008" lon="-2.447978"><ele>350.0</ele></trkpt>
<trkpt lat="54.39485" lon="-2.448127"><ele>352.0</ele></trkpt>
<trkpt lat="54.394714" lon="-2.448212"><ele>352.0</ele></trkpt>
<trkpt lat="54.394489" lon="-2.448319"><ele>352.0</ele></trkpt>
<trkpt lat="54.394394" lon="-2.448261"><ele>352.0</ele></trkpt>
<trkpt lat="54.394311" lon="-2.448021"><ele>345.0</ele></trkpt>
<trkpt lat="54.394197" lon="-2.447927"><ele>338.0</ele></trkpt>
<trkpt lat="54.393901" lon="-2.447715"><ele>331.0</ele></trkpt>
<trkpt lat="54.393834" lon="-2.447648"><ele>331.0</ele></trkpt>
<trkpt lat="54.393657" lon="-2.447581"><ele>331.0</ele></trkpt>
<trkpt lat="54.393424" lon="-2.447579"><ele>331.0</ele></trkpt>
<trkpt lat="54.393207" lon="-2.44744"><ele>328.3</ele></trkpt>
<trkpt lat="54.392964" lon="-2.447297"><ele>325.7</ele></trkpt>
<trkpt lat="54.392836" lon="-2.447268"><ele>323.0</ele></trkpt>
<trkpt lat="54.39271" lon="-2.447291"><ele>324.0</ele></trkpt>
<trkpt lat="54.392542" lon="-2.447391"><ele>325.0</ele></trkpt>
<trkpt lat="54.392438" lon="-2.447454"><ele>326.0</ele></trkpt>
<trkpt lat="54.392226" lon="-2.447672"><ele>332.3</ele></trkpt>
<trkpt lat="54.391985" lon="-2.447889"><ele>338.7</ele></trkpt>
<trkpt lat="54.39176" lon="-2.448157"><ele>345.0</ele></trkpt>
<trkpt lat="54.391477" lon="-2.448296"><ele>343.0</ele></trkpt>
<trkpt lat="54.391333" lon="-2.44835"><ele>341.0</ele></trkpt>
<trkpt lat="54.390834" lon="-2.448487"><ele>339.0</ele></trkpt>
<trkpt lat="54.390361" lon="-2.448767"><ele>336.0</ele></trkpt>
<trkpt lat="54.390269" lon="-2.44877"><ele>333.0</ele></trkpt>
<trkpt lat="54.390141" lon="-2.448728"><ele>330.0</ele></trkpt>
<trkpt lat="54.389801" lon="-2.448838"><ele>334.7</ele></trkpt>
<trkpt lat="54.389531" lon="-2.448977"><ele>339.3</ele></trkpt>
<trkpt lat="54.389204" lon="-2.449133"><ele>344.0</ele></trkpt>
<trkpt lat="54.389079" lon="-2.449122"><ele>343.0</ele></trkpt>
<trkpt lat="54.388897" lon="-2.449034"><ele>342.0</ele></trkpt>
<trkpt lat="54.388449" lon="-2.448795"><ele>341.0</ele></trkpt>
<trkpt lat="54.388044" lon="-2.448677"><ele>336.3</ele></trkpt>
<trkpt lat="54.387672" lon="-2.448615"><ele>331.7</ele></trkpt>
<trkpt lat="54.387287" lon="-2.448635"><ele>327.0</ele></trkpt>
<trkpt lat="54.386875" lon="-2.448714"><ele>338.7</ele></trkpt>
<trkpt lat="54.386502" lon="-2.448835"><ele>350.3</ele></trkpt>
<trkpt lat="54.386091" lon="-2.448968"><ele>362.0</ele></trkpt>
<trkpt lat="54.385886" lon="-2.449055"><ele>359.7</ele></trkpt>
<trkpt lat="54.3857" lon="-2.44917"><ele>357.3</ele></trkpt>
<trkpt lat="54.385476" lon="-2.449338"><ele>355.0</ele></trkpt>
<trkpt lat="54.385273" lon="-2.449443"><ele>362.7</ele></trkpt>
<trkpt lat="54.384982" lon="-2.449602"><ele>370.3</ele></trkpt>
<trkpt lat="54.384499" lon="-2.450066"><ele>378.0</ele></trkpt>
<trkpt lat="54.383738" lon="-2.450618"><ele>374.0</ele></trkpt>
<trkpt lat="54.383334" lon="-2.450975"><ele>370.0</ele></trkpt>
<trkpt lat="54.382933" lon="-2.451387"><ele>366.0</ele></trkpt>
<trkpt lat="54.382619" lon="-2.451757"><ele>357.0</ele></trkpt>
<trkpt lat="54.382373" lon="-2.45215"><ele>348.0</ele></trkpt>
<trkpt lat="54.382115" lon="-2.452502"><ele>339.0</ele></trkpt>
<trkpt lat="54.381778" lon="-2.452933"><ele>339.7</ele></trkpt>
<trkpt lat="54.381644" lon="-2.453081"><ele>340.3</ele></trkpt>
<trkpt lat="54.381369" lon="-2.453447"><ele>341.0</ele></trkpt>
<trkpt lat="54.38129" lon="-2.453652"><ele>350.7</ele></trkpt>
<trkpt lat="54.380923" lon="-2.454223"><ele>360.3</ele></trkpt>
<trkpt lat="54.380869" lon="-2.454244"><ele>370.0</ele></trkpt>
<trkpt lat="54.380611" lon="-2.454411"><ele>362.3</ele></trkpt>
<trkpt lat="54.380428" lon="-2.45458"><ele>354.7</ele></trkpt>
<trkpt lat="54.380192" lon="-2.454627"><ele>347.0</ele></trkpt>
<trkpt lat="54.379993" lon="-2.454682"><ele>351.3</ele></trkpt>
<trkpt lat="54.379686" lon="-2.454813"><ele>355.7</ele></trkpt>
<trkpt lat="54.379324" lon="-2.455065"><ele>360.0</ele></trkpt>
<trkpt lat="54.379029" lon="-2.455381"><ele>362.0</ele></trkpt>
<trkpt lat="54.378493" lon="-2.455969"><ele>364.0</ele></trkpt>
<trkpt lat="54.377863" lon="-2.456475"><ele>366.0</ele></trkpt>
<trkpt lat="54.377046" lon="-2.4569"><ele>351.7</ele></trkpt>
<trkpt lat="54.376476" lon="-2.457284"><ele>337.3</ele></trkpt>
<trkpt lat="54.376165" lon="-2.457387"><ele>323.0</ele></trkpt>
<trkpt lat="54.375969" lon="-2.457505"><ele>326.3</ele></trkpt>
<trkpt lat="54.375621" lon="-2.457672"><ele>329.7</ele></trkpt>
<trkpt lat="54.375247" lon="-2.457916"><ele>333.0</ele></trkpt>
<trkpt lat="54.374736" lon="-2.458337"><ele>326.7</ele></trkpt>
<trkpt lat="54.374495" lon="-2.458469"><ele>320.3</ele></trkpt>
<trkpt lat="54.374357" lon="-2.458737"><ele>314.0</ele></trkpt>
<trkpt lat="54.374128" lon="-2.458884"><ele>313.0</ele></trkpt>
<trkpt lat="54.373908" lon="-2.459083"><ele>312.0</ele></trkpt>
<trkpt lat="54.373718" lon="-2.459281"><ele>311.0</ele></trkpt>
<trkpt lat="54.373579" lon="-2.459446"><ele>304.3</ele></trkpt>
<trkpt lat="54.37349" lon="-2.459511"><ele>297.7</ele></trkpt>
<trkpt lat="54.373176" lon="-2.459682"><ele>291.0</ele></trkpt>
<trkpt lat="54.37301" lon="-2.45983"><ele>287.7</ele></trkpt>
<trkpt lat="54.372926" lon="-2.459956"><ele>284.3</ele></trkpt>
<trkpt lat="54.372662" lon="-2.460303"><ele>281.0</ele></trkpt>
<trkpt lat="54.372589" lon="-2.460379"><ele>275.3</ele></trkpt>
<trkpt lat="54.371995" lon="-2.460855"><ele>269.7</ele></trkpt>
<trkpt lat="54.371837" lon="-2.460974"><ele>264.0</ele></trkpt>
<trkpt lat="54.371616" lon="-2.461078"><ele>259.0</ele></trkpt>
<trkpt lat="54.371488" lon="-2.461055"><ele>254.0</ele></trkpt>
<trkpt lat="54.371357" lon="-2.46092"><ele>249.0</ele></trkpt>
<trkpt lat="54.37129" lon="-2.461097"><ele>242.3</ele></trkpt>
<trkpt lat="54.371221" lon="-2.461307"><ele>235.7</ele></trkpt>
<trkpt lat="54.371176" lon="-2.461405"><ele>229.0</ele></trkpt>
<trkpt lat="54.371139" lon="-2.461454"><ele>229.0</ele></trkpt>
<trkpt lat="54.37109" lon="-2.461505"><ele>229.0</ele></trkpt>
<trkpt lat="54.37101" lon="-2.461555"><ele>229.0</ele></trkpt>
<trkpt lat="54.371025" lon="-2.461728"><ele>229.0</ele></trkpt>
<trkpt lat="54.371103" lon="-2.461941"><ele>229.0</ele></trkpt>
<trkpt lat="54.371167" lon="-2.462172"><ele>229.0</ele></trkpt>
<trkpt lat="54.371227" lon="-2.462307"><ele>225.7</ele></trkpt>
<trkpt lat="54.371288" lon="-2.462456"><ele>222.3</ele></trkpt>
<trkpt lat="54.371679" lon="-2.462808"><ele>219.0</ele></trkpt>
<trkpt lat="54.371873" lon="-2.463023"><ele>219.0</ele></trkpt>
<trkpt lat="54.371944" lon="-2.463089"><ele>219.0</ele></trkpt>
<trkpt lat="54.372034" lon="-2.463204"><ele>219.0</ele></trkpt>
<trkpt lat="54.372145" lon="-2.463385"><ele>219.0</ele></trkpt>
<trkpt lat="54.372181" lon="-2.463463"><ele>219.0</ele></trkpt>
<trkpt lat="54.372192" lon="-2.463585"><ele>219.0</ele></trkpt>
<trkpt lat="54.372189" lon="-2.463728"><ele>226.3</ele></trkpt>
<trkpt lat="54.372165" lon="-2.463852"><ele>233.7</ele></trkpt>
<trkpt lat="54.372124" lon="-2.463907"><ele>241.0</ele></trkpt>
<trkpt lat="54.371892" lon="-2.4639"><ele>233.3</ele></trkpt>
<trkpt lat="54.371579" lon="-2.463905"><ele>225.7</ele></trkpt>
<trkpt lat="54.37123" lon="-2.463709"><ele>218.0</ele></trkpt>
<trkpt lat="54.371078" lon="-2.463661"><ele>224.7</ele></trkpt>
<trkpt lat="54.370859" lon="-2.46365"><ele>231.3</ele></trkpt>
<trkpt lat="54.37032" lon="-2.463755"><ele>238.0</ele></trkpt>
<trkpt lat="54.370036" lon="-2.463726"><ele>233.7</ele></trkpt>
<trkpt lat="54.369607" lon="-2.463764"><ele>229.3</ele></trkpt>
<trkpt lat="54.369407" lon="-2.463804"><ele>225.0</ele></trkpt>
<trkpt lat="54.369125" lon="-2.464031"><ele>221.0</ele></trkpt>
<trkpt lat="54.368784" lon="-2.464442"><ele>217.0</ele></trkpt>
<trkpt lat="54.368552" lon="-2.464809"><ele>213.0</ele></trkpt>
<trkpt lat="54.368133" lon="-2.46546"><ele>209.7</ele></trkpt>
<trkpt lat="54.367868" lon="-2.46588"><ele>206.3</ele></trkpt>
<trkpt lat="54.367783" lon="-2.466047"><ele>203.0</ele></trkpt>
<trkpt lat="54.367716" lon="-2.466254"><ele>198.7</ele></trkpt>
<trkpt lat="54.367677" lon="-2.466562"><ele>194.3</ele></trkpt>
<trkpt lat="54.367481" lon="-2.466821"><ele>190.0</ele></trkpt>
<trkpt lat="54.367414" lon="-2.467015"><ele>192.7</ele></trkpt>
<trkpt lat="54.367214" lon="-2.467628"><ele>195.3</ele></trkpt>
<trkpt lat="54.367137" lon="-2.4679"><ele>198.0</ele></trkpt>
<trkpt lat="54.367024" lon="-2.468253"><ele>197.7</ele></trkpt>
<trkpt lat="54.3669" lon="-2.468919"><ele>197.3</ele></trkpt>
<trkpt lat="54.366816" lon="-2.469232"><ele>197.0</ele></trkpt>
<trkpt lat="54.366787" lon="-2.469411"><ele>197.0</ele></trkpt>
<trkpt lat="54.366774" lon="-2.469582"><ele>197.0</ele></trkpt>
<trkpt lat="54.366717" lon="-2.470066"><ele>197.0</ele></trkpt>
<trkpt lat="54.366568" lon="-2.470638"><ele>191.7</ele></trkpt>
<trkpt lat="54.366541" lon="-2.470862"><ele>186.3</ele></trkpt>
<trkpt lat="54.366466" lon="-2.47115"><ele>181.0</ele></trkpt>
<trkpt lat="54.366285" lon="-2.471783"><ele>181.3</ele></trkpt>
<trkpt lat="54.366097" lon="-2.472579"><ele>181.7</ele></trkpt>
<trkpt lat="54.366076" lon="-2.472788"><ele>182.0</ele></trkpt>
<trkpt lat="54.366113" lon="-2.473052"><ele>182.0</ele></trkpt>
<trkpt lat="54.36622" lon="-2.473573"><ele>182.0</ele></trkpt>
<trkpt lat="54.366313" lon="-2.474006"><ele>182.0</ele></trkpt>
<trkpt lat="54.366264" lon="-2.474119"><ele>182.0</ele></trkpt>
<trkpt lat="54.366045" lon="-2.47406"><ele>182.0</ele></trkpt>
<trkpt lat="54.365963" lon="-2.474045"><ele>182.0</ele></trkpt>
<trkpt lat="54.365794" lon="-2.473891"><ele>180.0</ele></trkpt>
<trkpt lat="54.365546" lon="-2.473786"><ele>178.0</ele></trkpt>
<trkpt lat="54.365347" lon="-2.473671"><ele>176.0</ele></trkpt>
<trkpt lat="54.365243" lon="-2.473848"><ele>178.3</ele></trkpt>
<trkpt lat="54.365181" lon="-2.473908"><ele>180.7</ele></trkpt>
<trkpt lat="54.365126" lon="-2.47394"><ele>183.0</ele></trkpt>
<trkpt lat="54.365009" lon="-2.47398"><ele>187.0</ele></trkpt>
<trkpt lat="54.364902" lon="-2.473974"><ele>191.0</ele></trkpt>
<trkpt lat="54.364769" lon="-2.473932"><ele>195.0</ele></trkpt>
<trkpt lat="54.364467" lon="-2.473949"><ele>206.0</ele></trkpt>
<trkpt lat="54.363614" lon="-2.473874"><ele>217.0</ele></trkpt>
<trkpt lat="54.36282" lon="-2.473796"><ele>228.0</ele></trkpt>
<trkpt lat="54.362444" lon="-2.473832"><ele>228.7</ele></trkpt>
<trkpt lat="54.361807" lon="-2.473861"><ele>229.3</ele></trkpt>
<trkpt lat="54.361459" lon="-2.473906"><ele>230.0</ele></trkpt>
<trkpt lat="54.361133" lon="-2.474098"><ele>229.0</ele></trkpt>
<trkpt lat="54.360778" lon="-2.474208"><ele>228.0</ele></trkpt>
<trkpt lat="54.360283" lon="-2.474332"><ele>227.0</ele></trkpt>
<trkpt lat="54.359883" lon="-2.474401"><ele>224.3</ele></trkpt>
<trkpt lat="54.359284" lon="-2.474305"><ele>221.7</ele></trkpt>
<trkpt lat="54.359175" lon="-2.474332"><ele>219.0</ele></trkpt>
<trkpt lat="54.35901" lon="-2.474558"><ele>215.3</ele></trkpt>
<trkpt lat="54.358769" lon="-2.474649"><ele>211.7</ele></trkpt>
<trkpt lat="54.358617" lon="-2.474814"><ele>208.0</ele></trkpt>
<trkpt lat="54.358373" lon="-2.474941"><ele>213.3</ele></trkpt>
<trkpt lat="54.358045" lon="-2.4751"><ele>218.7</ele></trkpt>
<trkpt lat="54.357723" lon="-2.475333"><ele>224.0</ele></trkpt>
<trkpt lat="54.357246" lon="-2.475539"><ele>220.3</ele></trkpt>
<trkpt lat="54.357052" lon="-2.476025"><ele>216.7</ele></trkpt>
<trkpt lat="54.35667" lon="-2.475785"><ele>213.0</ele></trkpt>
<trkpt lat="54.356591" lon="-2.47577"><ele>215.7</ele></trkpt>
<trkpt lat="54.356541" lon="-2.475808"><ele>218.3</ele></trkpt>
<trkpt lat="54.356327" lon="-2.476591"><ele>221.0</ele></trkpt>
<trkpt lat="54.356033" lon="-2.477569"><ele>226.3</ele></trkpt>
<trkpt lat="54.355744" lon="-2.477716"><ele>231.7</ele></trkpt>
<trkpt lat="54.355485" lon="-2.477843"><ele>237.0</ele></trkpt>
<trkpt lat="54.355258" lon="-2.477955"><ele>234.0</ele></trkpt>
<trkpt lat="54.35497" lon="-2.478232"><ele>231.0</ele></trkpt>
<trkpt lat="54.354876" lon="-2.478364"><ele>228.0</ele></trkpt>
<trkpt lat="54.354806" lon="-2.478605"><ele>228.0</ele></trkpt>
<trkpt lat="54.35449" lon="-2.478544"><ele>228.0</ele></trkpt>
<trkpt lat="54.354262" lon="-2.478525"><ele>228.0</ele></trkpt>
<trkpt lat="54.353639" lon="-2.478481"><ele>224.3</ele></trkpt>
<trkpt lat="54.35318" lon="-2.47859"><ele>220.7</ele></trkpt>
<trkpt lat="54.352766" lon="-2.478606"><ele>217.0</ele></trkpt>
<trkpt lat="54.352469" lon="-2.478659"><ele>224.3</ele></trkpt>
<trkpt lat="54.352126" lon="-2.478765"><ele>231.7</ele></trkpt>
<trkpt lat="54.351614" lon="-2.478934"><ele>239.0</ele></trkpt>
<trkpt lat="54.351102" lon="-2.479262"><ele>234.3</ele></trkpt>
<trkpt lat="54.350847" lon="-2.479414"><ele>229.7</ele></trkpt>
<trkpt lat="54.350295" lon="-2.479387"><ele>225.0</ele></trkpt>
<trkpt lat="54.349927" lon="-2.479324"><ele>220.3</ele></trkpt>
<trkpt lat="54.349609" lon="-2.479611"><ele>215.7</ele></trkpt>
<trkpt lat="54.349311" lon="-2.479872"><ele>211.0</ele></trkpt>
<trkpt lat="54.348825" lon="-2.480072"><ele>220.3</ele></trkpt>
<trkpt lat="54.348718" lon="-2.480207"><ele>229.7</ele></trkpt>
<trkpt lat="54.348511" lon="-2.480293"><ele>239.0</ele></trkpt>
<trkpt lat="54.348139" lon="-2.480408"><ele>233.3</ele></trkpt>
<trkpt lat="54.347744" lon="-2.480474"><ele>227.7</ele></trkpt>
<trkpt lat="54.347611" lon="-2.480491"><ele>222.0</ele></trkpt>
<trkpt lat="54.347465" lon="-2.480574"><ele>215.3</ele></trkpt>
<trkpt lat="54.347304" lon="-2.480682"><ele>208.7</ele></trkpt>
<trkpt lat="54.346989" lon="-2.480845"><ele>202.0</ele></trkpt>
<trkpt lat="54.346519" lon="-2.481375"><ele>208.3</ele></trkpt>
<trkpt lat="54.346364" lon="-2.48149"><ele>214.7</ele></trkpt>
<trkpt lat="54.346144" lon="-2.481587"><ele>221.0</ele></trkpt>
<trkpt lat="54.345809" lon="-2.481728"><ele>214.7</ele></trkpt>
<trkpt lat="54.345688" lon="-2.481829"><ele>208.3</ele></trkpt>
<trkpt lat="54.345585" lon="-2.481947"><ele>202.0</ele></trkpt>
<trkpt lat="54.345441" lon="-2.482051"><ele>212.0</ele></trkpt>
<trkpt lat="54.345098" lon="-2.482529"><ele>222.0</ele></trkpt>
<trkpt lat="54.344994" lon="-2.482644"><ele>232.0</ele></trkpt>
<trkpt lat="54.344809" lon="-2.482831"><ele>226.0</ele></trkpt>
<trkpt lat="54.344696" lon="-2.483013"><ele>220.0</ele></trkpt>
<trkpt lat="54.344611" lon="-2.483125"><ele>214.0</ele></trkpt>
<trkpt lat="54.344515" lon="-2.48322"><ele>214.0</ele></trkpt>
<trkpt lat="54.344421" lon="-2.483299"><ele>214.0</ele></trkpt>
<trkpt lat="54.344308" lon="-2.48341"><ele>214.0</ele></trkpt>
<trkpt lat="54.344218" lon="-2.48353"><ele>208.7</ele></trkpt>
<trkpt lat="54.344183" lon="-2.483569"><ele>203.3</ele></trkpt>
<trkpt lat="54.344119" lon="-2.483617"><ele>198.0</ele></trkpt>
<trkpt lat="54.344008" lon="-2.483716"><ele>204.0</ele></trkpt>
<trkpt lat="54.343906" lon="-2.48382"><ele>210.0</ele></trkpt>
<trkpt lat="54.343859" lon="-2.483858"><ele>216.0</ele></trkpt>
<trkpt lat="54.343812" lon="-2.483918"><ele>216.0</ele></trkpt>
<trkpt lat="54.343754" lon="-2.483969"><ele>216.0</ele></trkpt>
<trkpt lat="54.343663" lon="-2.484061"><ele>216.0</ele></trkpt>
<trkpt lat="54.3434" lon="-2.484275"><ele>211.0</ele></trkpt>
<trkpt lat="54.343095" lon="-2.484386"><ele>206.0</ele></trkpt>
<trkpt lat="54.342935" lon="-2.484535"><ele>201.0</ele></trkpt>
<trkpt lat="54.342596" lon="-2.484849"><ele>200.7</ele></trkpt>
<trkpt lat="54.342419" lon="-2.484991"><ele>200.3</ele></trkpt>
<trkpt lat="54.342055" lon="-2.485317"><ele>200.0</ele></trkpt>
<trkpt lat="54.341989" lon="-2.485394"><ele>194.7</ele></trkpt>
<trkpt lat="54.341817" lon="-2.485579"><ele>189.3</ele></trkpt>
<trkpt lat="54.341655" lon="-2.485734"><ele>184.0</ele></trkpt>
<trkpt lat="54.341532" lon="-2.485929"><ele>184.0</ele></trkpt>
<trkpt lat="54.341449" lon="-2.486034"><ele>184.0</ele></trkpt>
<trkpt lat="54.341374" lon="-2.486155"><ele>184.0</ele></trkpt>
<trkpt lat="54.341336" lon="-2.486199"><ele>188.7</ele></trkpt>
<trkpt lat="54.34103" lon="-2.486457"><ele>193.3</ele></trkpt>
<trkpt lat="54.340959" lon="-2.486508"><ele>198.0</ele></trkpt>
<trkpt lat="54.340897" lon="-2.486527"><ele>193.7</ele></trkpt>
<trkpt lat="54.340821" lon="-2.486506"><ele>189.3</ele></trkpt>
<trkpt lat="54.340705" lon="-2.486431"><ele>185.0</ele></trkpt>
<trkpt lat="54.340645" lon="-2.486516"><ele>185.0</ele></trkpt>
<trkpt lat="54.34058" lon="-2.486617"><ele>185.0</ele></trkpt>
<trkpt lat="54.340466" lon="-2.486721"><ele>185.0</ele></trkpt>
<trkpt lat="54.340416" lon="-2.486749"><ele>185.0</ele></trkpt>
<trkpt lat="54.340286" lon="-2.4868"><ele>185.0</ele></trkpt>
<trkpt lat="54.340109" lon="-2.48694"><ele>185.0</ele></trkpt>
<trkpt lat="54.339987" lon="-2.487046"><ele>179.3</ele></trkpt>
<trkpt lat="54.339922" lon="-2.487074"><ele>173.7</ele></trkpt>
<trkpt lat="54.339849" lon="-2.487102"><ele>168.0</ele></trkpt>
<trkpt lat="54.339529" lon="-2.487094"><ele>168.0</ele></trkpt>
<trkpt lat="54.339404" lon="-2.487143"><ele>168.0</ele></trkpt>
<trkpt lat="54.339346" lon="-2.487192"><ele>168.0</ele></trkpt>
<trkpt lat="54.339304" lon="-2.48727"><ele>167.0</ele></trkpt>
<trkpt lat="54.339276" lon="-2.487406"><ele>166.0</ele></trkpt>
<trkpt lat="54.339254" lon="-2.487652"><ele>165.0</ele></trkpt>
<trkpt lat="54.339249" lon="-2.487807"><ele>165.0</ele></trkpt>
<trkpt lat="54.339239" lon="-2.487848"><ele>165.0</ele></trkpt>
<trkpt lat="54.339193" lon="-2.487905"><ele>165.0</ele></trkpt>
<trkpt lat="54.339164" lon="-2.487906"><ele>167.0</ele></trkpt>
<trkpt lat="54.338974" lon="-2.48772"><ele>169.0</ele></trkpt>
<trkpt lat="54.338847" lon="-2.487696"><ele>171.0</ele></trkpt>
<trkpt lat="54.338746" lon="-2.487635"><ele>171.0</ele></trkpt>
<trkpt lat="54.338669" lon="-2.487675"><ele>171.0</ele></trkpt>
<trkpt lat="54.338549" lon="-2.48785"><ele>171.0</ele></trkpt>
<trkpt lat="54.338439" lon="-2.48806"><ele>170.0</ele></trkpt>
<trkpt lat="54.338365" lon="-2.488265"><ele>169.0</ele></trkpt>
<trkpt lat="54.338303" lon="-2.488344"><ele>168.0</ele></trkpt>
<trkpt lat="54.338206" lon="-2.488361"><ele>168.0</ele></trkpt>
<trkpt lat="54.3381" lon="-2.488383"><ele>168.0</ele></trkpt>
<trkpt lat="54.337996" lon="-2.488524"><ele>168.0</ele></trkpt>
<trkpt lat="54.337873" lon="-2.488621"><ele>171.7</ele></trkpt>
<trkpt lat="54.337624" lon="-2.488742"><ele>175.3</ele></trkpt>
<trkpt lat="54.337281" lon="-2.488926"><ele>179.0</ele></trkpt>
<trkpt lat="54.337127" lon="-2.48907"><ele>179.0</ele></trkpt>
<trkpt lat="54.337087" lon="-2.489085"><ele>179.0</ele></trkpt>
<trkpt lat="54.33694" lon="-2.489102"><ele>179.0</ele></trkpt>
<trkpt lat="54.336831" lon="-2.489143"><ele>176.3</ele></trkpt>
<trkpt lat="54.336717" lon="-2.489239"><ele>173.7</ele></trkpt>
<trkpt lat="54.336563" lon="-2.489406"><ele>171.0</ele></trkpt>
<trkpt lat="54.336413" lon="-2.489591"><ele>171.0</ele></trkpt>
<trkpt lat="54.336211" lon="-2.489837"><ele>171.0</ele></trkpt>
<trkpt lat="54.336131" lon="-2.489895"><ele>171.0</ele></trkpt>
<trkpt lat="54.335996" lon="-2.489936"><ele>170.7</ele></trkpt>
<trkpt lat="54.335918" lon="-2.490005"><ele>170.3</ele></trkpt>
<trkpt lat="54.335722" lon="-2.490401"><ele>170.0</ele></trkpt>
<trkpt lat="54.335435" lon="-2.490981"><ele>171.3</ele></trkpt>
<trkpt lat="54.335269" lon="-2.491276"><ele>172.7</ele></trkpt>
<trkpt lat="54.335156" lon="-2.491568"><ele>174.0</ele></trkpt>
<trkpt lat="54.335013" lon="-2.491943"><ele>170.0</ele></trkpt>
<trkpt lat="54.334852" lon="-2.492222"><ele>166.0</ele></trkpt>
<trkpt lat="54.334822" lon="-2.492357"><ele>162.0</ele></trkpt>
<trkpt lat="54.334733" lon="-2.492512"><ele>162.3</ele></trkpt>
<trkpt lat="54.334534" lon="-2.492773"><ele>162.7</ele></trkpt>
<trkpt lat="54.334337" lon="-2.493096"><ele>163.0</ele></trkpt>
<trkpt lat="54.334175" lon="-2.493397"><ele>159.7</ele></trkpt>
<trkpt lat="54.334091" lon="-2.4935"><ele>156.3</ele></trkpt>
<trkpt lat="54.334007" lon="-2.49358"><ele>153.0</ele></trkpt>
<trkpt lat="54.333894" lon="-2.493635"><ele>157.7</ele></trkpt>
<trkpt lat="54.333661" lon="-2.493784"><ele>162.3</ele></trkpt>
<trkpt lat="54.333601" lon="-2.493891"><ele>167.0</ele></trkpt>
<trkpt lat="54.33349" lon="-2.494126"><ele>165.0</ele></trkpt>
<trkpt lat="54.333342" lon="-2.494382"><ele>163.0</ele></trkpt>
<trkpt lat="54.333089" lon="-2.494769"><ele>161.0</ele></trkpt>
<trkpt lat="54.332977" lon="-2.494891"><ele>161.0</ele></trkpt>
<trkpt lat="54.332906" lon="-2.494913"><ele>161.0</ele></trkpt>
<trkpt lat="54.332812" lon="-2.494901"><ele>161.0</ele></trkpt>
<trkpt lat="54.332593" lon="-2.49483"><ele>160.3</ele></trkpt>
<trkpt lat="54.332348" lon="-2.494818"><ele>159.7</ele></trkpt>
<trkpt lat="54.332063" lon="-2.49491"><ele>159.0</ele></trkpt>
<trkpt lat="54.331672" lon="-2.494957"><ele>158.7</ele></trkpt>
<trkpt lat="54.331413" lon="-2.494965"><ele>158.3</ele></trkpt>
<trkpt lat="54.331302" lon="-2.495018"><ele>158.0</ele></trkpt>
<trkpt lat="54.331144" lon="-2.495154"><ele>156.7</ele></trkpt>
<trkpt lat="54.330932" lon="-2.495375"><ele>155.3</ele></trkpt>
<trkpt lat="54.330788" lon="-2.495505"><ele>154.0</ele></trkpt>
<trkpt lat="54.330715" lon="-2.495494"><ele>154.0</ele></trkpt>
<trkpt lat="54.330541" lon="-2.49521"><ele>154.0</ele></trkpt>
<trkpt lat="54.330438" lon="-2.495138"><ele>154.0</ele></trkpt>
<trkpt lat="54.330355" lon="-2.495278"><ele>154.0</ele></trkpt>
<trkpt lat="54.330189" lon="-2.495558"><ele>154.0</ele></trkpt>
<trkpt lat="54.330056" lon="-2.495556"><ele>154.0</ele></trkpt>
<trkpt lat="54.329881" lon="-2.495448"><ele>151.7</ele></trkpt>
<trkpt lat="54.329564" lon="-2.495057"><ele>149.3</ele></trkpt>
<trkpt lat="54.329223" lon="-2.495229"><ele>147.0</ele></trkpt>
<trkpt lat="54.328925" lon="-2.49519"><ele>147.0</ele></trkpt>
<trkpt lat="54.328678" lon="-2.495293"><ele>147.0</ele></trkpt>
<trkpt lat="54.328471" lon="-2.495361"><ele>147.0</ele></trkpt>
<trkpt lat="54.328163" lon="-2.495216"><ele>145.0</ele></trkpt>
<trkpt lat="54.32806" lon="-2.495286"><ele>143.0</ele></trkpt>
<trkpt lat="54.327657" lon="-2.495721"><ele>141.0</ele></trkpt>
<trkpt lat="54.327554" lon="-2.495667"><ele>136.0</ele></trkpt>
<trkpt lat="54.327305" lon="-2.496087"><ele>131.0</ele></trkpt>
<trkpt lat="54.326593" lon="-2.496659"><ele>126.0</ele></trkpt>
<trkpt lat="54.325838" lon="-2.497513"><ele>125.0</ele></trkpt>
<trkpt lat="54.32572" lon="-2.497596"><ele>124.0</ele></trkpt>
<trkpt lat="54.325351" lon="-2.49823"><ele>123.0</ele></trkpt>
<trkpt lat="54.324885" lon="-2.499051"><ele>122.3</ele></trkpt>
<trkpt lat="54.324826" lon="-2.499193"><ele>121.7</ele></trkpt>
<trkpt lat="54.32478" lon="-2.499454"><ele>121.0</ele></trkpt>
<trkpt lat="54.324782" lon="-2.500396"><ele>121.3</ele></trkpt>
<trkpt lat="54.324764" lon="-2.500525"><ele>121.7</ele></trkpt>
<trkpt lat="54.324696" lon="-2.500669"><ele>122.0</ele></trkpt>
<trkpt lat="54.324628" lon="-2.500851"><ele>122.0</ele></trkpt>
<trkpt lat="54.324472" lon="-2.501343"><ele>122.0</ele></trkpt>
<trkpt lat="54.324383" lon="-2.501683"><ele>122.0</ele></trkpt>
<trkpt lat="54.32437" lon="-2.501716"><ele>122.0</ele></trkpt>
<trkpt lat="54.324235" lon="-2.501967"><ele>122.0</ele></trkpt>
<trkpt lat="54.324175" lon="-2.502175"><ele>122.0</ele></trkpt>
<trkpt lat="54.323972" lon="-2.503107"><ele>120.7</ele></trkpt>
<trkpt lat="54.323743" lon="-2.504172"><ele>119.3</ele></trkpt>
<trkpt lat="54.323637" lon="-2.504619"><ele>118.0</ele></trkpt>
<trkpt lat="54.323389" lon="-2.505318"><ele>117.7</ele></trkpt>
<trkpt lat="54.323019" lon="-2.506197"><ele>117.3</ele></trkpt>
<trkpt lat="54.322679" lon="-2.506884"><ele>117.0</ele></trkpt>
<trkpt lat="54.322532" lon="-2.507372"><ele>115.7</ele></trkpt>
<trkpt lat="54.32238" lon="-2.507738"><ele>114.3</ele></trkpt>
<trkpt lat="54.322329" lon="-2.507982"><ele>113.0</ele></trkpt>
<trkpt lat="54.322307" lon="-2.508127"><ele>113.0</ele></trkpt>
<trkpt lat="54.322282" lon="-2.508438"><ele>113.0</ele></trkpt>
<trkpt lat="54.322289" lon="-2.50878"><ele>113.0</ele></trkpt>
<trkpt lat="54.322321" lon="-2.509026"><ele>113.3</ele></trkpt>
<trkpt lat="54.322437" lon="-2.509811"><ele>113.7</ele></trkpt>
<trkpt lat="54.322538" lon="-2.510204"><ele>114.0</ele></trkpt>
<trkpt lat="54.322577" lon="-2.510523"><ele>114.0</ele></trkpt>
<trkpt lat="54.322613" lon="-2.510808"><ele>114.0</ele></trkpt>
<trkpt lat="54.322618" lon="-2.511027"><ele>114.0</ele></trkpt>
<trkpt lat="54.322739" lon="-2.511738"><ele>113.7</ele></trkpt>
<trkpt lat="54.322728" lon="-2.512299"><ele>113.3</ele></trkpt>
<trkpt lat="54.322737" lon="-2.513298"><ele>113.0</ele></trkpt>
<trkpt lat="54.322719" lon="-2.513431"><ele>113.0</ele></trkpt>
<trkpt lat="54.322707" lon="-2.513594"><ele>113.0</ele></trkpt>
<trkpt lat="54.322685" lon="-2.513754"><ele>113.0</ele></trkpt>
<trkpt lat="54.322608" lon="-2.514165"><ele>113.3</ele></trkpt>
<trkpt lat="54.322492" lon="-2.514837"><ele>113.7</ele></trkpt>
<trkpt lat="54.322458" lon="-2.515032"><ele>114.0</ele></trkpt>
<trkpt lat="54.322419" lon="-2.515117"><ele>114.0</ele></trkpt>
<trkpt lat="54.322392" lon="-2.515254"><ele>114.0</ele></trkpt>
<trkpt lat="54.32235" lon="-2.515495"><ele>114.0</ele></trkpt>
<trkpt lat="54.322305" lon="-2.515672"><ele>114.0</ele></trkpt>
<trkpt lat="54.322259" lon="-2.515921"><ele>114.0</ele></trkpt>
<trkpt lat="54.322236" lon="-2.516065"><ele>114.0</ele></trkpt>
<trkpt lat="54.322227" lon="-2.516214"><ele>114.0</ele></trkpt>
<trkpt lat="54.322218" lon="-2.516273"><ele>114.0</ele></trkpt>
<trkpt lat="54.322185" lon="-2.516436"><ele>114.0</ele></trkpt>
<trkpt lat="54.322294" lon="-2.516909"><ele>114.0</ele></trkpt>
<trkpt lat="54.322295" lon="-2.517054"><ele>114.0</ele></trkpt>
<trkpt lat="54.322195" lon="-2.516994"><ele>114.0</ele></trkpt>
<trkpt lat="54.322128" lon="-2.517"><ele>114.0</ele></trkpt>
<trkpt lat="54.322075" lon="-2.517029"><ele>114.0</ele></trkpt>
<trkpt lat="54.32213" lon="-2.517085"><ele>114.0</ele></trkpt>
<trkpt lat="54.3222" lon="-2.517206"><ele>115.3</ele></trkpt>
<trkpt lat="54.322258" lon="-2.517307"><ele>116.7</ele></trkpt>
<trkpt lat="54.322478" lon="-2.517543"><ele>118.0</ele></trkpt>
<trkpt lat="54.322507" lon="-2.517633"><ele>119.0</ele></trkpt>
<trkpt lat="54.32251" lon="-2.517711"><ele>120.0</ele></trkpt>
<trkpt lat="54.322495" lon="-2.51779"><ele>121.0</ele></trkpt>
<trkpt lat="54.322427" lon="-2.518077"><ele>120.0</ele></trkpt>
<trkpt lat="54.322377" lon="-2.518232"><ele>119.0</ele></trkpt>
<trkpt lat="54.322348" lon="-2.518349"><ele>118.0</ele></trkpt>
<trkpt lat="54.322344" lon="-2.51848"><ele>118.0</ele></trkpt>
<trkpt lat="54.322355" lon="-2.518552"><ele>118.0</ele></trkpt>
<trkpt lat="54.322357" lon="-2.518623"><ele>118.0</ele></trkpt>
<trkpt lat="54.322383" lon="-2.518717"><ele>118.0</ele></trkpt>
<trkpt lat="54.32242" lon="-2.518781"><ele>118.0</ele></trkpt>
<trkpt lat="54.322458" lon="-2.518862"><ele>118.0</ele></trkpt>
<trkpt lat="54.322479" lon="-2.518899"><ele>119.0</ele></trkpt>
<trkpt lat="54.322514" lon="-2.518944"><ele>120.0</ele></trkpt>
<trkpt lat="54.322563" lon="-2.51897"><ele>121.0</ele></trkpt>
<trkpt lat="54.322595" lon="-2.519009"><ele>121.0</ele></trkpt>
<trkpt lat="54.322615" lon="-2.519081"><ele>121.0</ele></trkpt>
<trkpt lat="54.322622" lon="-2.519188"><ele>121.0</ele></trkpt>
<trkpt lat="54.32262" lon="-2.51929"><ele>121.0</ele></trkpt>
<trkpt lat="54.32261" lon="-2.519432"><ele>121.0</ele></trkpt>
<trkpt lat="54.322559" lon="-2.519499"><ele>121.0</ele></trkpt>
<trkpt lat="54.322356" lon="-2.519921"><ele>120.3</ele></trkpt>
<trkpt lat="54.322284" lon="-2.520142"><ele>119.7</ele></trkpt>
<trkpt lat="54.322177" lon="-2.520376"><ele>119.0</ele></trkpt>
<trkpt lat="54.32206" lon="-2.520608"><ele>119.7</ele></trkpt>
<trkpt lat="54.321825" lon="-2.521204"><ele>120.3</ele></trkpt>
<trkpt lat="54.321771" lon="-2.521338"><ele>121.0</ele></trkpt>
<trkpt lat="54.32176" lon="-2.521339"><ele>121.0</ele></trkpt>
<trkpt lat="54.321638" lon="-2.521531"><ele>121.0</ele></trkpt>
<trkpt lat="54.321532" lon="-2.521666"><ele>121.0</ele></trkpt>
<trkpt lat="54.321524" lon="-2.521684"><ele>121.0</ele></trkpt>
<trkpt lat="54.32153" lon="-2.521837"><ele>121.0</ele></trkpt>
<trkpt lat="54.321552" lon="-2.521984"><ele>121.0</ele></trkpt>
<trkpt lat="54.321675" lon="-2.522709"><ele>122.0</ele></trkpt>
<trkpt lat="54.321728" lon="-2.523042"><ele>123.0</ele></trkpt>
<trkpt lat="54.321816" lon="-2.5235"><ele>124.0</ele></trkpt>
<trkpt lat="54.321816" lon="-2.5235"><ele>124.0</ele></trkpt>
<trkpt lat="54.321336" lon="-2.52354"><ele>124.0</ele></trkpt>
<trkpt lat="54.321012" lon="-2.523536"><ele>124.0</ele></trkpt>
<trkpt lat="54.320852" lon="-2.523508"><ele>124.0</ele></trkpt>
<trkpt lat="54.320739" lon="-2.523477"><ele>127.0</ele></trkpt>
<trkpt lat="54.32021" lon="-2.523259"><ele>130.0</ele></trkpt>
<trkpt lat="54.320084" lon="-2.523242"><ele>133.0</ele></trkpt>
<trkpt lat="54.319841" lon="-2.523338"><ele>130.3</ele></trkpt>
<trkpt lat="54.319418" lon="-2.523702"><ele>127.7</ele></trkpt>
<trkpt lat="54.318995" lon="-2.523961"><ele>125.0</ele></trkpt>
<trkpt lat="54.318695" lon="-2.524186"><ele>123.0</ele></trkpt>
<trkpt lat="54.318363" lon="-2.52431"><ele>121.0</ele></trkpt>
<trkpt lat="54.318267" lon="-2.524283"><ele>119.0</ele></trkpt>
<trkpt lat="54.317416" lon="-2.522994"><ele>117.0</ele></trkpt>
<trkpt lat="54.317115" lon="-2.522434"><ele>115.0</ele></trkpt>
<trkpt lat="54.317033" lon="-2.522407"><ele>113.0</ele></trkpt>
<trkpt lat="54.316991" lon="-2.52249"><ele>113.7</ele></trkpt>
<trkpt lat="54.316905" lon="-2.522594"><ele>114.3</ele></trkpt>
<trkpt lat="54.316786" lon="-2.522728"><ele>115.0</ele></trkpt>
<trkpt lat="54.316748" lon="-2.522799"><ele>115.0</ele></trkpt>
<trkpt lat="54.316727" lon="-2.522891"><ele>115.0</ele></trkpt>
<trkpt lat="54.316689" lon="-2.523014"><ele>115.0</ele></trkpt>
<trkpt lat="54.316641" lon="-2.523174"><ele>115.0</ele></trkpt>
<trkpt lat="54.316608" lon="-2.523322"><ele>115.0</ele></trkpt>
<trkpt lat="54.316587" lon="-2.523587"><ele>115.0</ele></trkpt>
<trkpt lat="54.31656" lon="-2.523923"><ele>116.7</ele></trkpt>
<trkpt lat="54.316553" lon="-2.5243"><ele>118.3</ele></trkpt>
<trkpt lat="54.316513" lon="-2.524812"><ele>120.0</ele></trkpt>
<trkpt lat="54.316464" lon="-2.525252"><ele>122.3</ele></trkpt>
<trkpt lat="54.316558" lon="-2.525542"><ele>124.7</ele></trkpt>
<trkpt lat="54.316602" lon="-2.525641"><ele>127.0</ele></trkpt>
<trkpt lat="54.316696" lon="-2.52587"><ele>125.3</ele></trkpt>
<trkpt lat="54.316765" lon="-2.526062"><ele>123.7</ele></trkpt>
<trkpt lat="54.316813" lon="-2.526227"><ele>122.0</ele></trkpt>
<trkpt lat="54.316828" lon="-2.526355"><ele>120.0</ele></trkpt>
<trkpt lat="54.31684" lon="-2.526504"><ele>118.0</ele></trkpt>
<trkpt lat="54.31685" lon="-2.526664"><ele>116.0</ele></trkpt>
<trkpt lat="54.316862" lon="-2.526839"><ele>116.0</ele></trkpt>
<trkpt lat="54.316874" lon="-2.526992"><ele>116.0</ele></trkpt>
<trkpt lat="54.316881" lon="-2.52714"><ele>116.0</ele></trkpt>
<trkpt lat="54.316886" lon="-2.527323"><ele>116.0</ele></trkpt>
<trkpt lat="54.316872" lon="-2.527396"><ele>116.0</ele></trkpt>
<trkpt lat="54.316858" lon="-2.527453"><ele>116.0</ele></trkpt>
<trkpt lat="54.316843" lon="-2.527498"><ele>114.3</ele></trkpt>
<trkpt lat="54.316794" lon="-2.527635"><ele>112.7</ele></trkpt>
<trkpt lat="54.316769" lon="-2.52772"><ele>111.0</ele></trkpt>
<trkpt lat="54.316732" lon="-2.527879"><ele>111.0</ele></trkpt>
<trkpt lat="54.31672" lon="-2.527961"><ele>111.0</ele></trkpt>
<trkpt lat="54.31669" lon="-2.528127"><ele>111.0</ele></trkpt>
<trkpt lat="54.316472" lon="-2.528881"><ele>112.0</ele></trkpt>
<trkpt lat="54.31643" lon="-2.529064"><ele>113.0</ele></trkpt>
<trkpt lat="54.316344" lon="-2.529491"><ele>114.0</ele></trkpt>
<trkpt lat="54.316299" lon="-2.529826"><ele>112.0</ele></trkpt>
<trkpt lat="54.3163" lon="-2.530288"><ele>110.0</ele></trkpt>
<trkpt lat="54.316359" lon="-2.530906"><ele>108.0</ele></trkpt>
<trkpt lat="54.316435" lon="-2.53252"><ele>107.0</ele></trkpt>
<trkpt lat="54.316503" lon="-2.532949"><ele>106.0</ele></trkpt>
<trkpt lat="54.316714" lon="-2.533844"><ele>105.0</ele></trkpt>
<trkpt lat="54.317056" lon="-2.535192"><ele>107.7</ele></trkpt>
<trkpt lat="54.317124" lon="-2.535426"><ele>110.3</ele></trkpt>
<trkpt lat="54.317222" lon="-2.535597"><ele>113.0</ele></trkpt>
<trkpt lat="54.317339" lon="-2.536006"><ele>113.0</ele></trkpt>
<trkpt lat="54.317357" lon="-2.536043"><ele>113.0</ele></trkpt>
<trkpt lat="54.317426" lon="-2.536143"><ele>113.0</ele></trkpt>
<trkpt lat="54.317535" lon="-2.53624"><ele>110.7</ele></trkpt>
<trkpt lat="54.317704" lon="-2.536923"><ele>108.3</ele></trkpt>
<trkpt lat="54.317692" lon="-2.536989"><ele>106.0</ele></trkpt>
<trkpt lat="54.317498" lon="-2.537193"><ele>107.7</ele></trkpt>
<trkpt lat="54.317423" lon="-2.537346"><ele>109.3</ele></trkpt>
<trkpt lat="54.317378" lon="-2.537545"><ele>111.0</ele></trkpt>
<trkpt lat="54.317414" lon="-2.537793"><ele>111.0</ele></trkpt>
<trkpt lat="54.317424" lon="-2.538"><ele>111.0</ele></trkpt>
<trkpt lat="54.317349" lon="-2.538183"><ele>111.0</ele></trkpt>
<trkpt lat="54.317229" lon="-2.53837"><ele>108.7</ele></trkpt>
<trkpt lat="54.316951" lon="-2.538762"><ele>106.3</ele></trkpt>
<trkpt lat="54.31661" lon="-2.539209"><ele>104.0</ele></trkpt>
<trkpt lat="54.316448" lon="-2.539237"><ele>104.0</ele></trkpt>
<trkpt lat="54.316281" lon="-2.53919"><ele>104.0</ele></trkpt>
<trkpt lat="54.316092" lon="-2.539097"><ele>104.0</ele></trkpt>
<trkpt lat="54.316072" lon="-2.538766"><ele>104.3</ele></trkpt>
<trkpt lat="54.31599" lon="-2.538378"><ele>104.7</ele></trkpt>
<trkpt lat="54.315887" lon="-2.538277"><ele>105.0</ele></trkpt>
<trkpt lat="54.315606" lon="-2.537924"><ele>104.7</ele></trkpt>
<trkpt lat="54.315356" lon="-2.537647"><ele>104.3</ele></trkpt>
<trkpt lat="54.315194" lon="-2.537514"><ele>104.0</ele></trkpt>
<trkpt lat="54.315068" lon="-2.537482"><ele>102.7</ele></trkpt>
<trkpt lat="54.314961" lon="-2.537518"><ele>101.3</ele></trkpt>
<trkpt lat="54.314888" lon="-2.537711"><ele>100.0</ele></trkpt>
<trkpt lat="54.314714" lon="-2.537982"><ele>100.0</ele></trkpt>
<trkpt lat="54.314648" lon="-2.538019"><ele>100.0</ele></trkpt>
<trkpt lat="54.314342" lon="-2.538278"><ele>100.0</ele></trkpt>
<trkpt lat="54.314291" lon="-2.53838"><ele>100.3</ele></trkpt>
<trkpt lat="54.314259" lon="-2.538514"><ele>100.7</ele></trkpt>
<trkpt lat="54.31413" lon="-2.539275"><ele>101.0</ele></trkpt>
<trkpt lat="54.314123" lon="-2.539447"><ele>100.0</ele></trkpt>
<trkpt lat="54.314113" lon="-2.539683"><ele>99.0</ele></trkpt>
<trkpt lat="54.314069" lon="-2.540135"><ele>98.0</ele></trkpt>
<trkpt lat="54.314021" lon="-2.540514"><ele>98.0</ele></trkpt>
<trkpt lat="54.314008" lon="-2.540659"><ele>98.0</ele></trkpt>
<trkpt lat="54.314001" lon="-2.540826"><ele>98.0</ele></trkpt>
<trkpt lat="54.313997" lon="-2.541003"><ele>101.7</ele></trkpt>
<trkpt lat="54.314008" lon="-2.541347"><ele>105.3</ele></trkpt>
<trkpt lat="54.314017" lon="-2.541524"><ele>109.0</ele></trkpt>
<trkpt lat="54.314016" lon="-2.541637"><ele>109.0</ele></trkpt>
<trkpt lat="54.314006" lon="-2.541777"><ele>109.0</ele></trkpt>
<trkpt lat="54.313929" lon="-2.542291"><ele>109.0</ele></trkpt>
<trkpt lat="54.313901" lon="-2.542738"><ele>105.7</ele></trkpt>
<trkpt lat="54.313755" lon="-2.543329"><ele>102.3</ele></trkpt>
<trkpt lat="54.313686" lon="-2.544"><ele>99.0</ele></trkpt>
<trkpt lat="54.313681" lon="-2.545174"><ele>98.3</ele></trkpt>
<trkpt lat="54.313618" lon="-2.546163"><ele>97.7</ele></trkpt>
<trkpt lat="54.313617" lon="-2.546242"><ele>97.0</ele></trkpt>
<trkpt lat="54.313528" lon="-2.547136"><ele>98.0</ele></trkpt>
<trkpt lat="54.313441" lon="-2.547705"><ele>99.0</ele></trkpt>
<trkpt lat="54.313248" lon="-2.548362"><ele>100.0</ele></trkpt>
<trkpt lat="54.313036" lon="-2.548997"><ele>98.7</ele></trkpt>
<trkpt lat="54.312903" lon="-2.549432"><ele>97.3</ele></trkpt>
<trkpt lat="54.312807" lon="-2.549969"><ele>96.0</ele></trkpt>
<trkpt lat="54.312551" lon="-2.550314"><ele>95.0</ele></trkpt>
<trkpt lat="54.312449" lon="-2.550576"><ele>94.0</ele></trkpt>
<trkpt lat="54.312392" lon="-2.551014"><ele>93.0</ele></trkpt>
<trkpt lat="54.312341" lon="-2.551665"><ele>91.7</ele></trkpt>
<trkpt lat="54.312339" lon="-2.551928"><ele>90.3</ele></trkpt>
<trkpt lat="54.31237" lon="-2.552192"><ele>89.0</ele></trkpt>
<trkpt lat="54.312431" lon="-2.552429"><ele>88.7</ele></trkpt>
<trkpt lat="54.312537" lon="-2.55264"><ele>88.3</ele></trkpt>
<trkpt lat="54.31294" lon="-2.553226"><ele>88.0</ele></trkpt>
<trkpt lat="54.313189" lon="-2.55361"><ele>89.7</ele></trkpt>
<trkpt lat="54.313541" lon="-2.554163"><ele>91.3</ele></trkpt>
<trkpt lat="54.31394" lon="-2.55484"><ele>93.0</ele></trkpt>
<trkpt lat="54.314248" lon="-2.555553"><ele>92.7</ele></trkpt>
<trkpt lat="54.314623" lon="-2.556531"><ele>92.3</ele></trkpt>
<trkpt lat="54.314986" lon="-2.55742"><ele>92.0</ele></trkpt>
<trkpt lat="54.315049" lon="-2.557891"><ele>92.0</ele></trkpt>
<trkpt lat="54.315138" lon="-2.558351"><ele>92.0</ele></trkpt>
<trkpt lat="54.315167" lon="-2.559123"><ele>92.0</ele></trkpt>
<trkpt lat="54.315229" lon="-2.559343"><ele>92.0</ele></trkpt>
<trkpt lat="54.31544" lon="-2.559904"><ele>92.0</ele></trkpt>
<trkpt lat="54.315509" lon="-2.55999"><ele>92.0</ele></trkpt>
<trkpt lat="54.315515" lon="-2.560764"><ele>91.7</ele></trkpt>
<trkpt lat="54.315517" lon="-2.56123"><ele>91.3</ele></trkpt>
<trkpt lat="54.315444" lon="-2.561695"><ele>91.0</ele></trkpt>
<trkpt lat="54.315284" lon="-2.562137"><ele>90.3</ele></trkpt>
<trkpt lat="54.315049" lon="-2.562599"><ele>89.7</ele></trkpt>
<trkpt lat="54.314969" lon="-2.562756"><ele>89.0</ele></trkpt>
<trkpt lat="54.314817" lon="-2.563333"><ele>88.7</ele></trkpt>
<trkpt lat="54.314532" lon="-2.564133"><ele>88.3</ele></trkpt>
<trkpt lat="54.314353" lon="-2.564833"><ele>88.0</ele></trkpt>
<trkpt lat="54.314175" lon="-2.565424"><ele>87.7</ele></trkpt>
<trkpt lat="54.314107" lon="-2.565844"><ele>87.3</ele></trkpt>
<trkpt lat="54.314134" lon="-2.566521"><ele>87.0</ele></trkpt>
<trkpt lat="54.314123" lon="-2.567085"><ele>87.0</ele></trkpt>
<trkpt lat="54.314022" lon="-2.567485"><ele>87.0</ele></trkpt>
<trkpt lat="54.313871" lon="-2.567942"><ele>87.0</ele></trkpt>
<trkpt lat="54.313868" lon="-2.568072"><ele>87.3</ele></trkpt>
<trkpt lat="54.313965" lon="-2.568536"><ele>87.7</ele></trkpt>
<trkpt lat="54.314125" lon="-2.569235"><ele>88.0</ele></trkpt>
<trkpt lat="54.314344" lon="-2.570056"><ele>90.0</ele></trkpt>
<trkpt lat="54.314439" lon="-2.57033"><ele>92.0</ele></trkpt>
<trkpt lat="54.314504" lon="-2.570585"><ele>94.0</ele></trkpt>
<trkpt lat="54.314515" lon="-2.570743"><ele>94.0</ele></trkpt>
<trkpt lat="54.314488" lon="-2.570814"><ele>94.0</ele></trkpt>
<trkpt lat="54.314381" lon="-2.570899"><ele>94.0</ele></trkpt>
<trkpt lat="54.314291" lon="-2.571051"><ele>93.7</ele></trkpt>
<trkpt lat="54.31422" lon="-2.571221"><ele>93.3</ele></trkpt>
<trkpt lat="54.314129" lon="-2.571556"><ele>93.0</ele></trkpt>
<trkpt lat="54.314074" lon="-2.571809"><ele>93.0</ele></trkpt>
<trkpt lat="54.314016" lon="-2.572175"><ele>93.0</ele></trkpt>
<trkpt lat="54.313998" lon="-2.572506"><ele>93.0</ele></trkpt>
<trkpt lat="54.314253" lon="-2.572921"><ele>93.0</ele></trkpt>
<trkpt lat="54.314538" lon="-2.573474"><ele>93.0</ele></trkpt>
<trkpt lat="54.314066" lon="-2.574059"><ele>93.0</ele></trkpt>
<trkpt lat="54.313855" lon="-2.574266"><ele>93.0</ele></trkpt>
<trkpt lat="54.313812" lon="-2.574354"><ele>93.0</ele></trkpt>
<trkpt lat="54.313829" lon="-2.574422"><ele>93.0</ele></trkpt>
<trkpt lat="54.31388" lon="-2.57456"><ele>93.0</ele></trkpt>
<trkpt lat="54.313774" lon="-2.574745"><ele>93.0</ele></trkpt>
<trkpt lat="54.313797" lon="-2.574791"><ele>93.0</ele></trkpt>
<trkpt lat="54.313828" lon="-2.574882"><ele>96.0</ele></trkpt>
<trkpt lat="54.31386" lon="-2.575101"><ele>99.0</ele></trkpt>
<trkpt lat="54.3139" lon="-2.575187"><ele>102.0</ele></trkpt>
<trkpt lat="54.314027" lon="-2.575187"><ele>102.0</ele></trkpt>
<trkpt lat="54.314095" lon="-2.575216"><ele>102.0</ele></trkpt>
<trkpt lat="54.314148" lon="-2.575231"><ele>102.0</ele></trkpt>
<trkpt lat="54.314187" lon="-2.575243"><ele>102.0</ele></trkpt>
<trkpt lat="54.314387" lon="-2.575289"><ele>102.0</ele></trkpt>
<trkpt lat="54.314904" lon="-2.575448"><ele>102.0</ele></trkpt>
<trkpt lat="54.314996" lon="-2.575555"><ele>99.7</ele></trkpt>
<trkpt lat="54.315335" lon="-2.575902"><ele>97.3</ele></trkpt>
<trkpt lat="54.315727" lon="-2.576328"><ele>95.0</ele></trkpt>
<trkpt lat="54.31598" lon="-2.576114"><ele>97.0</ele></trkpt>
<trkpt lat="54.316437" lon="-2.57562"><ele>99.0</ele></trkpt>
<trkpt lat="54.316715" lon="-2.575271"><ele>101.0</ele></trkpt>
<trkpt lat="54.317538" lon="-2.574466"><ele>103.7</ele></trkpt>
<trkpt lat="54.317711" lon="-2.574224"><ele>106.3</ele></trkpt>
<trkpt lat="54.318094" lon="-2.573677"><ele>109.0</ele></trkpt>
<trkpt lat="54.318161" lon="-2.573516"><ele>110.3</ele></trkpt>
<trkpt lat="54.318253" lon="-2.57329"><ele>111.7</ele></trkpt>
<trkpt lat="54.31843" lon="-2.572886"><ele>113.0</ele></trkpt>
<trkpt lat="54.318528" lon="-2.572669"><ele>112.3</ele></trkpt>
<trkpt lat="54.318633" lon="-2.572478"><ele>111.7</ele></trkpt>
<trkpt lat="54.318869" lon="-2.572171"><ele>111.0</ele></trkpt>
<trkpt lat="54.318913" lon="-2.572089"><ele>111.0</ele></trkpt>
<trkpt lat="54.318983" lon="-2.57165"><ele>111.0</ele></trkpt>
<trkpt lat="54.319024" lon="-2.571605"><ele>111.0</ele></trkpt>
<trkpt lat="54.3192" lon="-2.571518"><ele>110.0</ele></trkpt>
<trkpt lat="54.319361" lon="-2.571375"><ele>109.0</ele></trkpt>
<trkpt lat="54.319742" lon="-2.571107"><ele>108.0</ele></trkpt>
<trkpt lat="54.320068" lon="-2.570935"><ele>106.7</ele></trkpt>
<trkpt lat="54.32018" lon="-2.570936"><ele>105.3</ele></trkpt>
<trkpt lat="54.320385" lon="-2.570997"><ele>104.0</ele></trkpt>
<trkpt lat="54.320479" lon="-2.571099"><ele>104.0</ele></trkpt>
<trkpt lat="54.32058" lon="-2.571091"><ele>104.0</ele></trkpt>
<trkpt lat="54.320659" lon="-2.571194"><ele>104.0</ele></trkpt>
<trkpt lat="54.320713" lon="-2.571225"><ele>102.7</ele></trkpt>
<trkpt lat="54.320851" lon="-2.571333"><ele>101.3</ele></trkpt>
<trkpt lat="54.321147" lon="-2.57111"><ele>100.0</ele></trkpt>
<trkpt lat="54.322172" lon="-2.570386"><ele>100.0</ele></trkpt>
<trkpt lat="54.322486" lon="-2.570176"><ele>100.0</ele></trkpt>
<trkpt lat="54.322729" lon="-2.569775"><ele>100.0</ele></trkpt>
<trkpt lat="54.32339" lon="-2.568827"><ele>100.3</ele></trkpt>
<trkpt lat="54.323626" lon="-2.568353"><ele>100.7</ele></trkpt>
<trkpt lat="54.323953" lon="-2.567702"><ele>101.0</ele></trkpt>
<trkpt lat="54.324083" lon="-2.567568"><ele>100.7</ele></trkpt>
<trkpt lat="54.324173" lon="-2.567484"><ele>100.3</ele></trkpt>
<trkpt lat="54.324581" lon="-2.567375"><ele>100.0</ele></trkpt>
<trkpt lat="54.324728" lon="-2.567279"><ele>101.3</ele></trkpt>
<trkpt lat="54.325129" lon="-2.567233"><ele>102.7</ele></trkpt>
<trkpt lat="54.325368" lon="-2.567258"><ele>104.0</ele></trkpt>
<trkpt lat="54.325562" lon="-2.56732"><ele>106.3</ele></trkpt>
<trkpt lat="54.325725" lon="-2.567386"><ele>108.7</ele></trkpt>
<trkpt lat="54.325904" lon="-2.567478"><ele>111.0</ele></trkpt>
<trkpt lat="54.326234" lon="-2.567725"><ele>108.7</ele></trkpt>
<trkpt lat="54.326574" lon="-2.567983"><ele>106.3</ele></trkpt>
<trkpt lat="54.326685" lon="-2.568085"><ele>104.0</ele></trkpt>
<trkpt lat="54.326829" lon="-2.568146"><ele>103.7</ele></trkpt>
<trkpt lat="54.327125" lon="-2.568215"><ele>103.3</ele></trkpt>
<trkpt lat="54.327582" lon="-2.568306"><ele>103.0</ele></trkpt>
<trkpt lat="54.327706" lon="-2.568354"><ele>103.0</ele></trkpt>
<trkpt lat="54.327877" lon="-2.568463"><ele>103.0</ele></trkpt>
<trkpt lat="54.328259" lon="-2.568728"><ele>103.0</ele></trkpt>
<trkpt lat="54.328775" lon="-2.569118"><ele>104.3</ele></trkpt>
<trkpt lat="54.329232" lon="-2.56932"><ele>105.7</ele></trkpt>
<trkpt lat="54.329705" lon="-2.569473"><ele>107.0</ele></trkpt>
<trkpt lat="54.329974" lon="-2.569489"><ele>107.0</ele></trkpt>
<trkpt lat="54.330085" lon="-2.569247"><ele>107.0</ele></trkpt>
<trkpt lat="54.330322" lon="-2.569242"><ele>107.0</ele></trkpt>
<trkpt lat="54.330931" lon="-2.569254"><ele>108.3</ele></trkpt>
<trkpt lat="54.331155" lon="-2.56924"><ele>109.7</ele></trkpt>
<trkpt lat="54.331235" lon="-2.569195"><ele>111.0</ele></trkpt>
<trkpt lat="54.331295" lon="-2.56914"><ele>111.0</ele></trkpt>
<trkpt lat="54.331398" lon="-2.569029"><ele>111.0</ele></trkpt>
<trkpt lat="54.33143" lon="-2.568967"><ele>111.0</ele></trkpt>
<trkpt lat="54.331486" lon="-2.568826"><ele>111.0</ele></trkpt>
<trkpt lat="54.331514" lon="-2.568691"><ele>111.0</ele></trkpt>
<trkpt lat="54.331553" lon="-2.568637"><ele>111.0</ele></trkpt>
<trkpt lat="54.33166" lon="-2.568542"><ele>111.3</ele></trkpt>
<trkpt lat="54.331838" lon="-2.568412"><ele>111.7</ele></trkpt>
<trkpt lat="54.332047" lon="-2.568276"><ele>112.0</ele></trkpt>
<trkpt lat="54.332153" lon="-2.568208"><ele>112.0</ele></trkpt>
<trkpt lat="54.332169" lon="-2.568163"><ele>112.0</ele></trkpt>
<trkpt lat="54.332156" lon="-2.568099"><ele>112.0</ele></trkpt>
<trkpt lat="54.332127" lon="-2.568069"><ele>117.7</ele></trkpt>
<trkpt lat="54.332082" lon="-2.567771"><ele>123.3</ele></trkpt>
<trkpt lat="54.332101" lon="-2.566518"><ele>129.0</ele></trkpt>
<trkpt lat="54.332279" lon="-2.566011"><ele>130.7</ele></trkpt>
<trkpt lat="54.332628" lon="-2.565422"><ele>132.3</ele></trkpt>
<trkpt lat="54.332977" lon="-2.56477"><ele>134.0</ele></trkpt>
<trkpt lat="54.333106" lon="-2.564674"><ele>134.0</ele></trkpt>
<trkpt lat="54.333258" lon="-2.564749"><ele>134.0</ele></trkpt>
<trkpt lat="54.333307" lon="-2.564758"><ele>134.0</ele></trkpt>
<trkpt lat="54.333312" lon="-2.564723"><ele>134.0</ele></trkpt>
<trkpt lat="54.333279" lon="-2.564569"><ele>134.0</ele></trkpt>
<trkpt lat="54.333272" lon="-2.564469"><ele>134.0</ele></trkpt>
<trkpt lat="54.333285" lon="-2.564353"><ele>133.7</ele></trkpt>
<trkpt lat="54.333361" lon="-2.564444"><ele>133.3</ele></trkpt>
<trkpt lat="54.333513" lon="-2.564626"><ele>133.0</ele></trkpt>
<trkpt lat="54.333626" lon="-2.564711"><ele>133.0</ele></trkpt>
<trkpt lat="54.333714" lon="-2.564766"><ele>133.0</ele></trkpt>
<trkpt lat="54.333799" lon="-2.564811"><ele>133.0</ele></trkpt>
<trkpt lat="54.333893" lon="-2.564827"><ele>133.0</ele></trkpt>
<trkpt lat="54.33395" lon="-2.564794"><ele>133.0</ele></trkpt>
<trkpt lat="54.334002" lon="-2.564736"><ele>133.0</ele></trkpt>
<trkpt lat="54.334088" lon="-2.564649"><ele>135.7</ele></trkpt>
<trkpt lat="54.334168" lon="-2.564504"><ele>138.3</ele></trkpt>
<trkpt lat="54.334338" lon="-2.564111"><ele>141.0</ele></trkpt>
<trkpt lat="54.334431" lon="-2.563917"><ele>141.0</ele></trkpt>
<trkpt lat="54.334465" lon="-2.563869"><ele>141.0</ele></trkpt>
<trkpt lat="54.334531" lon="-2.563777"><ele>141.0</ele></trkpt>
<trkpt lat="54.3346" lon="-2.563705"><ele>142.3</ele></trkpt>
<trkpt lat="54.334657" lon="-2.563662"><ele>143.7</ele></trkpt>
<trkpt lat="54.33472" lon="-2.563634"><ele>145.0</ele></trkpt>
<trkpt lat="54.33478" lon="-2.563659"><ele>143.7</ele></trkpt>
<trkpt lat="54.334902" lon="-2.563889"><ele>142.3</ele></trkpt>
<trkpt lat="54.334946" lon="-2.563939"><ele>141.0</ele></trkpt>
<trkpt lat="54.335121" lon="-2.564019"><ele>145.0</ele></trkpt>
<trkpt lat="54.335406" lon="-2.564244"><ele>149.0</ele></trkpt>
<trkpt lat="54.335535" lon="-2.564279"><ele>153.0</ele></trkpt>
<trkpt lat="54.335615" lon="-2.56428"><ele>154.0</ele></trkpt>
<trkpt lat="54.335869" lon="-2.564098"><ele>155.0</ele></trkpt>
<trkpt lat="54.336004" lon="-2.564022"><ele>156.0</ele></trkpt>
<trkpt lat="54.336254" lon="-2.563874"><ele>156.0</ele></trkpt>
<trkpt lat="54.336254" lon="-2.563873"><ele>156.0</ele></trkpt>
<trkpt lat="54.336275" lon="-2.563911"><ele>156.0</ele></trkpt>
<trkpt lat="54.336509" lon="-2.564248"><ele>154.7</ele></trkpt>
<trkpt lat="54.336709" lon="-2.564633"><ele>153.3</ele></trkpt>
<trkpt lat="54.337083" lon="-2.565284"><ele>152.0</ele></trkpt>
<trkpt lat="54.337449" lon="-2.565892"><ele>147.3</ele></trkpt>
<trkpt lat="54.337848" lon="-2.566572"><ele>142.7</ele></trkpt>
<trkpt lat="54.33809" lon="-2.566905"><ele>138.0</ele></trkpt>
<trkpt lat="54.338899" lon="-2.567162"><ele>137.3</ele></trkpt>
<trkpt lat="54.339233" lon="-2.567287"><ele>136.7</ele></trkpt>
<trkpt lat="54.339516" lon="-2.567439"><ele>136.0</ele></trkpt>
<trkpt lat="54.33991" lon="-2.567668"><ele>138.3</ele></trkpt>
<trkpt lat="54.340002" lon="-2.567714"><ele>140.7</ele></trkpt>
<trkpt lat="54.340497" lon="-2.567754"><ele>143.0</ele></trkpt>
<trkpt lat="54.340827" lon="-2.567795"><ele>142.7</ele></trkpt>
<trkpt lat="54.340905" lon="-2.567938"><ele>142.3</ele></trkpt>
<trkpt lat="54.341023" lon="-2.56807"><ele>142.0</ele></trkpt>
<trkpt lat="54.3412" lon="-2.568132"><ele>142.0</ele></trkpt>
<trkpt lat="54.341469" lon="-2.568093"><ele>142.0</ele></trkpt>
<trkpt lat="54.341592" lon="-2.568013"><ele>142.0</ele></trkpt>
<trkpt lat="54.341755" lon="-2.567867"><ele>141.0</ele></trkpt>
<trkpt lat="54.342065" lon="-2.567829"><ele>140.0</ele></trkpt>
<trkpt lat="54.342142" lon="-2.567794"><ele>139.0</ele></trkpt>
<trkpt lat="54.342255" lon="-2.567724"><ele>138.7</ele></trkpt>
<trkpt lat="54.342267" lon="-2.56771"><ele>138.3</ele></trkpt>
<trkpt lat="54.343137" lon="-2.569346"><ele>138.0</ele></trkpt>
<trkpt lat="54.343317" lon="-2.569638"><ele>134.3</ele></trkpt>
<trkpt lat="54.343456" lon="-2.569868"><ele>130.7</ele></trkpt>
<trkpt lat="54.344403" lon="-2.570342"><ele>127.0</ele></trkpt>
<trkpt lat="54.344466" lon="-2.570434"><ele>127.0</ele></trkpt>
<trkpt lat="54.344492" lon="-2.570473"><ele>127.0</ele></trkpt>
<trkpt lat="54.34458" lon="-2.570611"><ele>127.0</ele></trkpt>
<trkpt lat="54.344723" lon="-2.57081"><ele>127.0</ele></trkpt>
<trkpt lat="54.344775" lon="-2.570831"><ele>127.0</ele></trkpt>
<trkpt lat="54.344897" lon="-2.571111"><ele>127.0</ele></trkpt>
<trkpt lat="54.344996" lon="-2.571271"><ele>128.3</ele></trkpt>
<trkpt lat="54.345014" lon="-2.571296"><ele>129.7</ele></trkpt>
<trkpt lat="54.345092" lon="-2.571363"><ele>131.0</ele></trkpt>
<trkpt lat="54.345165" lon="-2.571403"><ele>131.0</ele></trkpt>
<trkpt lat="54.345198" lon="-2.571422"><ele>131.0</ele></trkpt>
<trkpt lat="54.34522" lon="-2.57143"><ele>131.0</ele></trkpt>
<trkpt lat="54.345268" lon="-2.571697"><ele>131.0</ele></trkpt>
<trkpt lat="54.345214" lon="-2.571796"><ele>131.0</ele></trkpt>
<trkpt lat="54.345191" lon="-2.571914"><ele>131.0</ele></trkpt>
<trkpt lat="54.345127" lon="-2.572116"><ele>125.3</ele></trkpt>
<trkpt lat="54.345065" lon="-2.57253"><ele>119.7</ele></trkpt>
<trkpt lat="54.344986" lon="-2.572822"><ele>114.0</ele></trkpt>
<trkpt lat="54.344988" lon="-2.573209"><ele>114.3</ele></trkpt>
<trkpt lat="54.345029" lon="-2.573321"><ele>114.7</ele></trkpt>
<trkpt lat="54.345286" lon="-2.573632"><ele>115.0</ele></trkpt>
<trkpt lat="54.345553" lon="-2.574023"><ele>123.7</ele></trkpt>
<trkpt lat="54.3459" lon="-2.574516"><ele>132.3</ele></trkpt>
<trkpt lat="54.346475" lon="-2.575102"><ele>141.0</ele></trkpt>
<trkpt lat="54.346734" lon="-2.575179"><ele>138.0</ele></trkpt>
<trkpt lat="54.34696" lon="-2.575129"><ele>135.0</ele></trkpt>
<trkpt lat="54.347125" lon="-2.57505"><ele>132.0</ele></trkpt>
<trkpt lat="54.347376" lon="-2.574879"><ele>126.7</ele></trkpt>
<trkpt lat="54.347624" lon="-2.574699"><ele>121.3</ele></trkpt>
<trkpt lat="54.347777" lon="-2.57462"><ele>116.0</ele></trkpt>
<trkpt lat="54.347901" lon="-2.574483"><ele>115.7</ele></trkpt>
<trkpt lat="54.348124" lon="-2.574046"><ele>115.3</ele></trkpt>
<trkpt lat="54.348306" lon="-2.573618"><ele>115.0</ele></trkpt>
<trkpt lat="54.348496" lon="-2.573209"><ele>115.3</ele></trkpt>
<trkpt lat="54.348652" lon="-2.572926"><ele>115.7</ele></trkpt>
<trkpt lat="54.348712" lon="-2.572817"><ele>116.0</ele></trkpt>
<trkpt lat="54.348758" lon="-2.572693"><ele>116.0</ele></trkpt>
<trkpt lat="54.348895" lon="-2.572469"><ele>116.0</ele></trkpt>
<trkpt lat="54.348975" lon="-2.572392"><ele>116.0</ele></trkpt>
<trkpt lat="54.349396" lon="-2.5721"><ele>117.3</ele></trkpt>
<trkpt lat="54.349603" lon="-2.572068"><ele>118.7</ele></trkpt>
<trkpt lat="54.349812" lon="-2.572071"><ele>120.0</ele></trkpt>
<trkpt lat="54.350128" lon="-2.572156"><ele>120.0</ele></trkpt>
<trkpt lat="54.350519" lon="-2.572317"><ele>120.0</ele></trkpt>
<trkpt lat="54.35084" lon="-2.572415"><ele>120.0</ele></trkpt>
<trkpt lat="54.35098" lon="-2.572547"><ele>119.3</ele></trkpt>
<trkpt lat="54.351216" lon="-2.57288"><ele>118.7</ele></trkpt>
<trkpt lat="54.35134" lon="-2.573187"><ele>118.0</ele></trkpt>
<trkpt lat="54.351451" lon="-2.573482"><ele>119.3</ele></trkpt>
<trkpt lat="54.351716" lon="-2.574458"><ele>120.7</ele></trkpt>
<trkpt lat="54.35196" lon="-2.575273"><ele>122.0</ele></trkpt>
<trkpt lat="54.352133" lon="-2.575864"><ele>127.0</ele></trkpt>
<trkpt lat="54.352432" lon="-2.576565"><ele>132.0</ele></trkpt>
<trkpt lat="54.352723" lon="-2.577093"><ele>137.0</ele></trkpt>
<trkpt lat="54.352821" lon="-2.577453"><ele>135.3</ele></trkpt>
<trkpt lat="54.352976" lon="-2.577855"><ele>133.7</ele></trkpt>
<trkpt lat="54.353162" lon="-2.578061"><ele>132.0</ele></trkpt>
<trkpt lat="54.353306" lon="-2.578266"><ele>135.3</ele></trkpt>
<trkpt lat="54.353341" lon="-2.578405"><ele>138.7</ele></trkpt>
<trkpt lat="54.353336" lon="-2.578638"><ele>142.0</ele></trkpt>
<trkpt lat="54.35323" lon="-2.579234"><ele>138.7</ele></trkpt>
<trkpt lat="54.353241" lon="-2.579434"><ele>135.3</ele></trkpt>
<trkpt lat="54.353339" lon="-2.579772"><ele>132.0</ele></trkpt>
<trkpt lat="54.353504" lon="-2.58032"><ele>129.3</ele></trkpt>
<trkpt lat="54.353702" lon="-2.580897"><ele>126.7</ele></trkpt>
<trkpt lat="54.353933" lon="-2.581536"><ele>124.0</ele></trkpt>
<trkpt lat="54.354092" lon="-2.581735"><ele>125.3</ele></trkpt>
<trkpt lat="54.354498" lon="-2.581949"><ele>126.7</ele></trkpt>
<trkpt lat="54.35495" lon="-2.582142"><ele>128.0</ele></trkpt>
<trkpt lat="54.35527" lon="-2.582336"><ele>129.3</ele></trkpt>
<trkpt lat="54.355594" lon="-2.582582"><ele>130.7</ele></trkpt>
<trkpt lat="54.356095" lon="-2.583077"><ele>132.0</ele></trkpt>
<trkpt lat="54.356419" lon="-2.583685"><ele>132.7</ele></trkpt>
<trkpt lat="54.356526" lon="-2.58406"><ele>133.3</ele></trkpt>
<trkpt lat="54.356759" lon="-2.584523"><ele>134.0</ele></trkpt>
<trkpt lat="54.357066" lon="-2.585101"><ele>132.0</ele></trkpt>
<trkpt lat="54.357356" lon="-2.585566"><ele>130.0</ele></trkpt>
<trkpt lat="54.357465" lon="-2.585661"><ele>128.0</ele></trkpt>
<trkpt lat="54.357558" lon="-2.585703"><ele>127.7</ele></trkpt>
<trkpt lat="54.357715" lon="-2.585734"><ele>127.3</ele></trkpt>
<trkpt lat="54.3579" lon="-2.5857"><ele>127.0</ele></trkpt>
<trkpt lat="54.358145" lon="-2.585748"><ele>127.3</ele></trkpt>
<trkpt lat="54.35835" lon="-2.58571"><ele>127.7</ele></trkpt>
<trkpt lat="54.358469" lon="-2.5857"><ele>128.0</ele></trkpt>
<trkpt lat="54.358539" lon="-2.585711"><ele>128.0</ele></trkpt>
<trkpt lat="54.358644" lon="-2.585763"><ele>128.0</ele></trkpt>
<trkpt lat="54.358739" lon="-2.585826"><ele>128.0</ele></trkpt>
<trkpt lat="54.358893" lon="-2.585881"><ele>127.7</ele></trkpt>
<trkpt lat="54.359015" lon="-2.585879"><ele>127.3</ele></trkpt>
<trkpt lat="54.359479" lon="-2.585747"><ele>127.0</ele></trkpt>
<trkpt lat="54.359748" lon="-2.58573"><ele>126.0</ele></trkpt>
<trkpt lat="54.360036" lon="-2.585649"><ele>125.0</ele></trkpt>
<trkpt lat="54.360167" lon="-2.585591"><ele>124.0</ele></trkpt>
<trkpt lat="54.360265" lon="-2.585617"><ele>124.0</ele></trkpt>
<trkpt lat="54.360548" lon="-2.585559"><ele>124.0</ele></trkpt>
<trkpt lat="54.36072" lon="-2.58555"><ele>124.0</ele></trkpt>
<trkpt lat="54.360818" lon="-2.585619"><ele>126.0</ele></trkpt>
<trkpt lat="54.360982" lon="-2.585898"><ele>128.0</ele></trkpt>
<trkpt lat="54.361011" lon="-2.586056"><ele>130.0</ele></trkpt>
<trkpt lat="54.360937" lon="-2.58623"><ele>133.7</ele></trkpt>
<trkpt lat="54.360862" lon="-2.586387"><ele>137.3</ele></trkpt>
<trkpt lat="54.360845" lon="-2.58659"><ele>141.0</ele></trkpt>
<trkpt lat="54.36091" lon="-2.586813"><ele>141.0</ele></trkpt>
<trkpt lat="54.361052" lon="-2.587044"><ele>141.0</ele></trkpt>
<trkpt lat="54.361239" lon="-2.587457"><ele>141.0</ele></trkpt>
<trkpt lat="54.361381" lon="-2.587651"><ele>143.3</ele></trkpt>
<trkpt lat="54.3614" lon="-2.587849"><ele>145.7</ele></trkpt>
<trkpt lat="54.361372" lon="-2.58827"><ele>148.0</ele></trkpt>
<trkpt lat="54.36137" lon="-2.588713"><ele>146.0</ele></trkpt>
<trkpt lat="54.361431" lon="-2.589181"><ele>144.0</ele></trkpt>
<trkpt lat="54.36151" lon="-2.589603"><ele>142.0</ele></trkpt>
<trkpt lat="54.361502" lon="-2.589844"><ele>142.7</ele></trkpt>
<trkpt lat="54.361475" lon="-2.590005"><ele>143.3</ele></trkpt>
<trkpt lat="54.361505" lon="-2.590326"><ele>144.0</ele></trkpt>
<trkpt lat="54.36162" lon="-2.590538"><ele>144.7</ele></trkpt>
<trkpt lat="54.361715" lon="-2.590655"><ele>145.3</ele></trkpt>
<trkpt lat="54.361785" lon="-2.590773"><ele>146.0</ele></trkpt>
<trkpt lat="54.361863" lon="-2.590988"><ele>144.3</ele></trkpt>
<trkpt lat="54.36195" lon="-2.591181"><ele>142.7</ele></trkpt>
<trkpt lat="54.362191" lon="-2.591407"><ele>141.0</ele></trkpt>
<trkpt lat="54.362361" lon="-2.592124"><ele>142.7</ele></trkpt>
<trkpt lat="54.362927" lon="-2.592316"><ele>144.3</ele></trkpt>
<trkpt lat="54.362885" lon="-2.592767"><ele>146.0</ele></trkpt>
<trkpt lat="54.362843" lon="-2.593169"><ele>146.0</ele></trkpt>
<trkpt lat="54.362898" lon="-2.593727"><ele>146.0</ele></trkpt>
<trkpt lat="54.362867" lon="-2.593736"><ele>146.0</ele></trkpt>
<trkpt lat="54.362781" lon="-2.593763"><ele>146.7</ele></trkpt>
<trkpt lat="54.362679" lon="-2.593814"><ele>147.3</ele></trkpt>
<trkpt lat="54.362593" lon="-2.593912"><ele>148.0</ele></trkpt>
<trkpt lat="54.362435" lon="-2.594102"><ele>149.7</ele></trkpt>
<trkpt lat="54.362321" lon="-2.594219"><ele>151.3</ele></trkpt>
<trkpt lat="54.362224" lon="-2.594463"><ele>153.0</ele></trkpt>
<trkpt lat="54.362063" lon="-2.594709"><ele>156.7</ele></trkpt>
<trkpt lat="54.361929" lon="-2.594932"><ele>160.3</ele></trkpt>
<trkpt lat="54.361754" lon="-2.595157"><ele>164.0</ele></trkpt>
<trkpt lat="54.361559" lon="-2.595486"><ele>165.0</ele></trkpt>
<trkpt lat="54.361428" lon="-2.595678"><ele>166.0</ele></trkpt>
<trkpt lat="54.361286" lon="-2.595937"><ele>167.0</ele></trkpt>
<trkpt lat="54.361224" lon="-2.596064"><ele>168.3</ele></trkpt>
<trkpt lat="54.361105" lon="-2.596495"><ele>169.7</ele></trkpt>
<trkpt lat="54.361085" lon="-2.596648"><ele>171.0</ele></trkpt>
<trkpt lat="54.361072" lon="-2.597165"><ele>173.7</ele></trkpt>
<trkpt lat="54.361031" lon="-2.597607"><ele>176.3</ele></trkpt>
<trkpt lat="54.360867" lon="-2.59845"><ele>179.0</ele></trkpt>
<trkpt lat="54.360693" lon="-2.598814"><ele>177.0</ele></trkpt>
<trkpt lat="54.360195" lon="-2.599595"><ele>175.0</ele></trkpt>
<trkpt lat="54.359706" lon="-2.600405"><ele>173.0</ele></trkpt>
<trkpt lat="54.359248" lon="-2.601304"><ele>175.3</ele></trkpt>
<trkpt lat="54.359094" lon="-2.601895"><ele>177.7</ele></trkpt>
<trkpt lat="54.35883" lon="-2.602893"><ele>180.0</ele></trkpt>
<trkpt lat="54.358741" lon="-2.603517"><ele>180.3</ele></trkpt>
<trkpt lat="54.358564" lon="-2.604317"><ele>180.7</ele></trkpt>
<trkpt lat="54.358214" lon="-2.605325"><ele>181.0</ele></trkpt>
<trkpt lat="54.358022" lon="-2.605914"><ele>181.0</ele></trkpt>
<trkpt lat="54.357877" lon="-2.606369"><ele>181.0</ele></trkpt>
<trkpt lat="54.357858" lon="-2.606512"><ele>181.0</ele></trkpt>
<trkpt lat="54.35781" lon="-2.606521"><ele>184.0</ele></trkpt>
<trkpt lat="54.357602" lon="-2.606601"><ele>187.0</ele></trkpt>
<trkpt lat="54.357317" lon="-2.606732"><ele>190.0</ele></trkpt>
<trkpt lat="54.357283" lon="-2.606778"><ele>190.0</ele></trkpt>
<trkpt lat="54.357246" lon="-2.606852"><ele>190.0</ele></trkpt>
<trkpt lat="54.357251" lon="-2.60696"><ele>190.0</ele></trkpt>
<trkpt lat="54.357359" lon="-2.608652"><ele>194.3</ele></trkpt>
<trkpt lat="54.357339" lon="-2.608821"><ele>198.7</ele></trkpt>
<trkpt lat="54.357241" lon="-2.609355"><ele>203.0</ele></trkpt>
<trkpt lat="54.357075" lon="-2.610242"><ele>203.0</ele></trkpt>
<trkpt lat="54.357008" lon="-2.611123"><ele>203.0</ele></trkpt>
<trkpt lat="54.35693" lon="-2.612052"><ele>203.0</ele></trkpt>
<trkpt lat="54.356883" lon="-2.612267"><ele>206.3</ele></trkpt>
<trkpt lat="54.356572" lon="-2.612947"><ele>209.7</ele></trkpt>
<trkpt lat="54.356522" lon="-2.613174"><ele>213.0</ele></trkpt>
<trkpt lat="54.356462" lon="-2.613596"><ele>212.0</ele></trkpt>
<trkpt lat="54.356431" lon="-2.614079"><ele>211.0</ele></trkpt>
<trkpt lat="54.356426" lon="-2.614978"><ele>210.0</ele></trkpt>
<trkpt lat="54.355923" lon="-2.615944"><ele>207.0</ele></trkpt>
<trkpt lat="54.355863" lon="-2.61627"><ele>204.0</ele></trkpt>
<trkpt lat="54.355869" lon="-2.61638"><ele>201.0</ele></trkpt>
<trkpt lat="54.355901" lon="-2.616475"><ele>201.0</ele></trkpt>
<trkpt lat="54.356284" lon="-2.617465"><ele>201.0</ele></trkpt>
<trkpt lat="54.356222" lon="-2.617503"><ele>201.0</ele></trkpt>
<trkpt lat="54.355959" lon="-2.617698"><ele>199.0</ele></trkpt>
<trkpt lat="54.355716" lon="-2.617933"><ele>197.0</ele></trkpt>
<trkpt lat="54.355611" lon="-2.618275"><ele>195.0</ele></trkpt>
<trkpt lat="54.355575" lon="-2.618496"><ele>194.3</ele></trkpt>
<trkpt lat="54.355529" lon="-2.618612"><ele>193.7</ele></trkpt>
<trkpt lat="54.354985" lon="-2.619473"><ele>193.0</ele></trkpt>
<trkpt lat="54.354915" lon="-2.619645"><ele>193.0</ele></trkpt>
<trkpt lat="54.354892" lon="-2.619798"><ele>193.0</ele></trkpt>
<trkpt lat="54.354887" lon="-2.61993"><ele>193.0</ele></trkpt>
<trkpt lat="54.354711" lon="-2.620136"><ele>193.0</ele></trkpt>
<trkpt lat="54.354431" lon="-2.620333"><ele>193.0</ele></trkpt>
<trkpt lat="54.354389" lon="-2.621214"><ele>193.0</ele></trkpt>
<trkpt lat="54.354247" lon="-2.621912"><ele>194.3</ele></trkpt>
<trkpt lat="54.354017" lon="-2.623025"><ele>195.7</ele></trkpt>
<trkpt lat="54.354082" lon="-2.623437"><ele>197.0</ele></trkpt>
<trkpt lat="54.354121" lon="-2.623633"><ele>195.3</ele></trkpt>
<trkpt lat="54.354218" lon="-2.624041"><ele>193.7</ele></trkpt>
<trkpt lat="54.354242" lon="-2.624255"><ele>192.0</ele></trkpt>
<trkpt lat="54.354247" lon="-2.624299"><ele>195.0</ele></trkpt>
<trkpt lat="54.354223" lon="-2.624611"><ele>198.0</ele></trkpt>
<trkpt lat="54.354086" lon="-2.625729"><ele>201.0</ele></trkpt>
<trkpt lat="54.354014" lon="-2.626334"><ele>201.3</ele></trkpt>
<trkpt lat="54.353956" lon="-2.626549"><ele>201.7</ele></trkpt>
<trkpt lat="54.35401" lon="-2.626672"><ele>202.0</ele></trkpt>
<trkpt lat="54.35405" lon="-2.626811"><ele>202.0</ele></trkpt>
<trkpt lat="54.354082" lon="-2.626987"><ele>202.0</ele></trkpt>
<trkpt lat="54.354112" lon="-2.627178"><ele>202.0</ele></trkpt>
<trkpt lat="54.354143" lon="-2.627269"><ele>200.3</ele></trkpt>
<trkpt lat="54.354149" lon="-2.627338"><ele>198.7</ele></trkpt>
<trkpt lat="54.354674" lon="-2.628926"><ele>197.0</ele></trkpt>
<trkpt lat="54.354913" lon="-2.629819"><ele>196.3</ele></trkpt>
<trkpt lat="54.355476" lon="-2.631918"><ele>195.7</ele></trkpt>
<trkpt lat="54.355756" lon="-2.632957"><ele>195.0</ele></trkpt>
<trkpt lat="54.356099" lon="-2.634001"><ele>191.0</ele></trkpt>
<trkpt lat="54.356318" lon="-2.634575"><ele>187.0</ele></trkpt>
<trkpt lat="54.356379" lon="-2.634769"><ele>183.0</ele></trkpt>
<trkpt lat="54.356429" lon="-2.635015"><ele>184.7</ele></trkpt>
<trkpt lat="54.35646" lon="-2.63516"><ele>186.3</ele></trkpt>
<trkpt lat="54.356545" lon="-2.635607"><ele>188.0</ele></trkpt>
<trkpt lat="54.356597" lon="-2.636145"><ele>189.7</ele></trkpt>
<trkpt lat="54.356628" lon="-2.636343"><ele>191.3</ele></trkpt>
<trkpt lat="54.356727" lon="-2.636825"><ele>193.0</ele></trkpt>
<trkpt lat="54.356756" lon="-2.637012"><ele>193.0</ele></trkpt>
<trkpt lat="54.356781" lon="-2.637249"><ele>193.0</ele></trkpt>
<trkpt lat="54.356812" lon="-2.637436"><ele>193.0</ele></trkpt>
<trkpt lat="54.35684" lon="-2.637665"><ele>194.3</ele></trkpt>
<trkpt lat="54.356985" lon="-2.637809"><ele>195.7</ele></trkpt>
<trkpt lat="54.357232" lon="-2.63814"><ele>197.0</ele></trkpt>
<trkpt lat="54.357567" lon="-2.638906"><ele>190.3</ele></trkpt>
<trkpt lat="54.357587" lon="-2.639153"><ele>183.7</ele></trkpt>
<trkpt lat="54.357657" lon="-2.639963"><ele>177.0</ele></trkpt>
<trkpt lat="54.357673" lon="-2.640318"><ele>179.0</ele></trkpt>
<trkpt lat="54.357737" lon="-2.641105"><ele>181.0</ele></trkpt>
<trkpt lat="54.35776" lon="-2.641719"><ele>183.0</ele></trkpt>
<trkpt lat="54.357869" lon="-2.642085"><ele>182.0</ele></trkpt>
<trkpt lat="54.358056" lon="-2.642495"><ele>181.0</ele></trkpt>
<trkpt lat="54.358095" lon="-2.642582"><ele>180.0</ele></trkpt>
<trkpt lat="54.358248" lon="-2.642899"><ele>176.0</ele></trkpt>
<trkpt lat="54.358792" lon="-2.643982"><ele>172.0</ele></trkpt>
<trkpt lat="54.359089" lon="-2.644396"><ele>168.0</ele></trkpt>
<trkpt lat="54.359631" lon="-2.645225"><ele>168.3</ele></trkpt>
<trkpt lat="54.359633" lon="-2.645352"><ele>168.7</ele></trkpt>
<trkpt lat="54.359659" lon="-2.645493"><ele>169.0</ele></trkpt>
<trkpt lat="54.359656" lon="-2.645629"><ele>168.0</ele></trkpt>
<trkpt lat="54.359606" lon="-2.645963"><ele>167.0</ele></trkpt>
<trkpt lat="54.35956" lon="-2.646483"><ele>166.0</ele></trkpt>
<trkpt lat="54.359564" lon="-2.647069"><ele>164.7</ele></trkpt>
<trkpt lat="54.359558" lon="-2.647905"><ele>163.3</ele></trkpt>
<trkpt lat="54.359646" lon="-2.6479"><ele>162.0</ele></trkpt>
<trkpt lat="54.359905" lon="-2.647908"><ele>162.0</ele></trkpt>
<trkpt lat="54.359907" lon="-2.647958"><ele>162.0</ele></trkpt>
<trkpt lat="54.359867" lon="-2.648437"><ele>162.0</ele></trkpt>
<trkpt lat="54.359774" lon="-2.649662"><ele>158.0</ele></trkpt>
<trkpt lat="54.359638" lon="-2.650877"><ele>154.0</ele></trkpt>
<trkpt lat="54.359487" lon="-2.651916"><ele>150.0</ele></trkpt>
<trkpt lat="54.359366" lon="-2.652628"><ele>151.0</ele></trkpt>
<trkpt lat="54.359116" lon="-2.653874"><ele>152.0</ele></trkpt>
<trkpt lat="54.358909" lon="-2.654888"><ele>153.0</ele></trkpt>
<trkpt lat="54.359083" lon="-2.655089"><ele>150.0</ele></trkpt>
<trkpt lat="54.359423" lon="-2.655498"><ele>147.0</ele></trkpt>
<trkpt lat="54.359977" lon="-2.655848"><ele>144.0</ele></trkpt>
<trkpt lat="54.360344" lon="-2.655945"><ele>144.3</ele></trkpt>
<trkpt lat="54.360979" lon="-2.655979"><ele>144.7</ele></trkpt>
<trkpt lat="54.361388" lon="-2.656019"><ele>145.0</ele></trkpt>
<trkpt lat="54.361769" lon="-2.656082"><ele>146.0</ele></trkpt>
<trkpt lat="54.361849" lon="-2.656162"><ele>147.0</ele></trkpt>
<trkpt lat="54.361902" lon="-2.656247"><ele>148.0</ele></trkpt>
<trkpt lat="54.361921" lon="-2.656311"><ele>150.3</ele></trkpt>
<trkpt lat="54.361935" lon="-2.656401"><ele>152.7</ele></trkpt>
<trkpt lat="54.361934" lon="-2.656571"><ele>155.0</ele></trkpt>
<trkpt lat="54.361896" lon="-2.657101"><ele>152.7</ele></trkpt>
<trkpt lat="54.361879" lon="-2.657322"><ele>150.3</ele></trkpt>
<trkpt lat="54.361832" lon="-2.658115"><ele>148.0</ele></trkpt>
<trkpt lat="54.361838" lon="-2.658196"><ele>148.0</ele></trkpt>
<trkpt lat="54.361891" lon="-2.658267"><ele>148.0</ele></trkpt>
<trkpt lat="54.362126" lon="-2.658414"><ele>148.0</ele></trkpt>
<trkpt lat="54.36259" lon="-2.658748"><ele>148.3</ele></trkpt>
<trkpt lat="54.362627" lon="-2.658786"><ele>148.7</ele></trkpt>
<trkpt lat="54.362653" lon="-2.658836"><ele>149.0</ele></trkpt>
<trkpt lat="54.362676" lon="-2.65893"><ele>149.0</ele></trkpt>
<trkpt lat="54.362692" lon="-2.659017"><ele>149.0</ele></trkpt>
<trkpt lat="54.362704" lon="-2.659127"><ele>149.0</ele></trkpt>
<trkpt lat="54.362704" lon="-2.659234"><ele>149.0</ele></trkpt>
<trkpt lat="54.362695" lon="-2.659323"><ele>149.0</ele></trkpt>
<trkpt lat="54.362662" lon="-2.659431"><ele>149.0</ele></trkpt>
<trkpt lat="54.362628" lon="-2.659562"><ele>149.0</ele></trkpt>
<trkpt lat="54.362595" lon="-2.659733"><ele>149.0</ele></trkpt>
<trkpt lat="54.362552" lon="-2.659894"><ele>149.0</ele></trkpt>
<trkpt lat="54.362522" lon="-2.65999"><ele>146.0</ele></trkpt>
<trkpt lat="54.36228" lon="-2.660241"><ele>143.0</ele></trkpt>
<trkpt lat="54.36223" lon="-2.6603"><ele>140.0</ele></trkpt>
<trkpt lat="54.362191" lon="-2.660354"><ele>140.0</ele></trkpt>
<trkpt lat="54.362096" lon="-2.660512"><ele>140.0</ele></trkpt>
<trkpt lat="54.361931" lon="-2.660889"><ele>140.0</ele></trkpt>
<trkpt lat="54.361765" lon="-2.661265"><ele>136.3</ele></trkpt>
<trkpt lat="54.361721" lon="-2.661435"><ele>132.7</ele></trkpt>
<trkpt lat="54.361699" lon="-2.661643"><ele>129.0</ele></trkpt>
<trkpt lat="54.36169" lon="-2.661948"><ele>129.0</ele></trkpt>
<trkpt lat="54.361765" lon="-2.662166"><ele>129.0</ele></trkpt>
<trkpt lat="54.361823" lon="-2.662231"><ele>129.0</ele></trkpt>
<trkpt lat="54.36192" lon="-2.662366"><ele>129.0</ele></trkpt>
<trkpt lat="54.361981" lon="-2.662449"><ele>129.0</ele></trkpt>
<trkpt lat="54.36201" lon="-2.662483"><ele>129.0</ele></trkpt>
<trkpt lat="54.362042" lon="-2.662508"><ele>129.7</ele></trkpt>
<trkpt lat="54.362086" lon="-2.66252"><ele>130.3</ele></trkpt>
<trkpt lat="54.362188" lon="-2.662538"><ele>131.0</ele></trkpt>
<trkpt lat="54.362357" lon="-2.662575"><ele>128.3</ele></trkpt>
<trkpt lat="54.362461" lon="-2.66261"><ele>125.7</ele></trkpt>
<trkpt lat="54.36251" lon="-2.662615"><ele>123.0</ele></trkpt>
<trkpt lat="54.362605" lon="-2.662615"><ele>123.0</ele></trkpt>
<trkpt lat="54.362651" lon="-2.662642"><ele>123.0</ele></trkpt>
<trkpt lat="54.362692" lon="-2.662668"><ele>123.0</ele></trkpt>
<trkpt lat="54.36276" lon="-2.662725"><ele>123.0</ele></trkpt>
<trkpt lat="54.362851" lon="-2.662796"><ele>123.0</ele></trkpt>
<trkpt lat="54.362931" lon="-2.662709"><ele>123.0</ele></trkpt>
<trkpt lat="54.362939" lon="-2.66272"><ele>123.0</ele></trkpt>
<trkpt lat="54.362962" lon="-2.662749"><ele>123.0</ele></trkpt>
<trkpt lat="54.362984" lon="-2.662779"><ele>123.0</ele></trkpt>
<trkpt lat="54.363103" lon="-2.66346"><ele>122.3</ele></trkpt>
<trkpt lat="54.363158" lon="-2.663748"><ele>121.7</ele></trkpt>
<trkpt lat="54.363157" lon="-2.663901"><ele>121.0</ele></trkpt>
<trkpt lat="54.363174" lon="-2.664123"><ele>121.0</ele></trkpt>
<trkpt lat="54.36322" lon="-2.664436"><ele>121.0</ele></trkpt>
<trkpt lat="54.36324" lon="-2.664745"><ele>121.0</ele></trkpt>
<trkpt lat="54.363249" lon="-2.665308"><ele>119.0</ele></trkpt>
<trkpt lat="54.363385" lon="-2.66628"><ele>117.0</ele></trkpt>
<trkpt lat="54.363395" lon="-2.666487"><ele>115.0</ele></trkpt>
<trkpt lat="54.363641" lon="-2.66658"><ele>114.0</ele></trkpt>
<trkpt lat="54.364032" lon="-2.666618"><ele>113.0</ele></trkpt>
<trkpt lat="54.36432" lon="-2.666498"><ele>112.0</ele></trkpt>
<trkpt lat="54.36451" lon="-2.666397"><ele>114.7</ele></trkpt>
<trkpt lat="54.36468" lon="-2.666289"><ele>117.3</ele></trkpt>
<trkpt lat="54.364901" lon="-2.666195"><ele>120.0</ele></trkpt>
<trkpt lat="54.365036" lon="-2.666078"><ele>118.3</ele></trkpt>
<trkpt lat="54.36521" lon="-2.665934"><ele>116.7</ele></trkpt>
<trkpt lat="54.36532" lon="-2.665944"><ele>115.0</ele></trkpt>
<trkpt lat="54.365386" lon="-2.665974"><ele>115.0</ele></trkpt>
<trkpt lat="54.365443" lon="-2.666024"><ele>115.0</ele></trkpt>
<trkpt lat="54.365591" lon="-2.66625"><ele>115.0</ele></trkpt>
<trkpt lat="54.365681" lon="-2.666369"><ele>116.3</ele></trkpt>
<trkpt lat="54.365616" lon="-2.666674"><ele>117.7</ele></trkpt>
<trkpt lat="54.365551" lon="-2.667057"><ele>119.0</ele></trkpt>
<trkpt lat="54.365471" lon="-2.667602"><ele>124.7</ele></trkpt>
<trkpt lat="54.36538" lon="-2.668137"><ele>130.3</ele></trkpt>
<trkpt lat="54.365368" lon="-2.668292"><ele>136.0</ele></trkpt>
<trkpt lat="54.365485" lon="-2.668476"><ele>136.3</ele></trkpt>
<trkpt lat="54.36554" lon="-2.668623"><ele>136.7</ele></trkpt>
<trkpt lat="54.365573" lon="-2.668899"><ele>137.0</ele></trkpt>
<trkpt lat="54.365595" lon="-2.669296"><ele>133.3</ele></trkpt>
<trkpt lat="54.365592" lon="-2.669954"><ele>129.7</ele></trkpt>
<trkpt lat="54.365597" lon="-2.670156"><ele>126.0</ele></trkpt>
<trkpt lat="54.365622" lon="-2.670388"><ele>126.0</ele></trkpt>
<trkpt lat="54.365663" lon="-2.670597"><ele>126.0</ele></trkpt>
<trkpt lat="54.365703" lon="-2.670723"><ele>126.0</ele></trkpt>
<trkpt lat="54.365784" lon="-2.670913"><ele>126.3</ele></trkpt>
<trkpt lat="54.365889" lon="-2.671048"><ele>126.7</ele></trkpt>
<trkpt lat="54.366055" lon="-2.671189"><ele>127.0</ele></trkpt>
<trkpt lat="54.366178" lon="-2.671265"><ele>124.0</ele></trkpt>
<trkpt lat="54.366249" lon="-2.671286"><ele>121.0</ele></trkpt>
<trkpt lat="54.366335" lon="-2.671267"><ele>118.0</ele></trkpt>
<trkpt lat="54.366382" lon="-2.671284"><ele>118.0</ele></trkpt>
<trkpt lat="54.366463" lon="-2.671366"><ele>118.0</ele></trkpt>
<trkpt lat="54.366572" lon="-2.672346"><ele>118.0</ele></trkpt>
<trkpt lat="54.366662" lon="-2.673231"><ele>118.0</ele></trkpt>
<trkpt lat="54.366677" lon="-2.673503"><ele>118.0</ele></trkpt>
<trkpt lat="54.366665" lon="-2.673747"><ele>118.0</ele></trkpt>
<trkpt lat="54.36657" lon="-2.674145"><ele>116.7</ele></trkpt>
<trkpt lat="54.36642" lon="-2.674536"><ele>115.3</ele></trkpt>
<trkpt lat="54.366314" lon="-2.675337"><ele>114.0</ele></trkpt>
<trkpt lat="54.366258" lon="-2.67543"><ele>115.3</ele></trkpt>
<trkpt lat="54.365915" lon="-2.675819"><ele>116.7</ele></trkpt>
<trkpt lat="54.365511" lon="-2.676378"><ele>118.0</ele></trkpt>
<trkpt lat="54.365354" lon="-2.676814"><ele>118.0</ele></trkpt>
<trkpt lat="54.365353" lon="-2.677105"><ele>118.0</ele></trkpt>
<trkpt lat="54.365363" lon="-2.67733"><ele>118.0</ele></trkpt>
<trkpt lat="54.365362" lon="-2.677625"><ele>120.0</ele></trkpt>
<trkpt lat="54.365325" lon="-2.677858"><ele>122.0</ele></trkpt>
<trkpt lat="54.365159" lon="-2.678452"><ele>124.0</ele></trkpt>
<trkpt lat="54.36511" lon="-2.678626"><ele>123.7</ele></trkpt>
<trkpt lat="54.3651" lon="-2.678773"><ele>123.3</ele></trkpt>
<trkpt lat="54.365208" lon="-2.679125"><ele>123.0</ele></trkpt>
<trkpt lat="54.365254" lon="-2.679421"><ele>126.3</ele></trkpt>
<trkpt lat="54.365316" lon="-2.679645"><ele>129.7</ele></trkpt>
<trkpt lat="54.365464" lon="-2.680019"><ele>133.0</ele></trkpt>
<trkpt lat="54.365525" lon="-2.680111"><ele>133.0</ele></trkpt>
<trkpt lat="54.365626" lon="-2.680231"><ele>133.0</ele></trkpt>
<trkpt lat="54.365755" lon="-2.680354"><ele>133.0</ele></trkpt>
<trkpt lat="54.36595" lon="-2.680479"><ele>133.0</ele></trkpt>
<trkpt lat="54.36624" lon="-2.680745"><ele>133.0</ele></trkpt>
<trkpt lat="54.366365" lon="-2.6808"><ele>133.0</ele></trkpt>
<trkpt lat="54.36657" lon="-2.68085"><ele>131.3</ele></trkpt>
<trkpt lat="54.366738" lon="-2.681015"><ele>129.7</ele></trkpt>
<trkpt lat="54.367035" lon="-2.681219"><ele>128.0</ele></trkpt>
<trkpt lat="54.367242" lon="-2.681366"><ele>130.3</ele></trkpt>
<trkpt lat="54.367495" lon="-2.681548"><ele>132.7</ele></trkpt>
<trkpt lat="54.367564" lon="-2.681673"><ele>135.0</ele></trkpt>
<trkpt lat="54.367628" lon="-2.681951"><ele>138.0</ele></trkpt>
<trkpt lat="54.367678" lon="-2.682267"><ele>141.0</ele></trkpt>
<trkpt lat="54.367758" lon="-2.682589"><ele>144.0</ele></trkpt>
<trkpt lat="54.367801" lon="-2.682801"><ele>144.0</ele></trkpt>
<trkpt lat="54.367882" lon="-2.683329"><ele>144.0</ele></trkpt>
<trkpt lat="54.368027" lon="-2.683689"><ele>144.0</ele></trkpt>
<trkpt lat="54.368116" lon="-2.683952"><ele>146.7</ele></trkpt>
<trkpt lat="54.368176" lon="-2.684286"><ele>149.3</ele></trkpt>
<trkpt lat="54.368247" lon="-2.684605"><ele>152.0</ele></trkpt>
<trkpt lat="54.368308" lon="-2.684728"><ele>147.7</ele></trkpt>
<trkpt lat="54.368415" lon="-2.684801"><ele>143.3</ele></trkpt>
<trkpt lat="54.3685" lon="-2.684779"><ele>139.0</ele></trkpt>
<trkpt lat="54.368698" lon="-2.684936"><ele>141.7</ele></trkpt>
<trkpt lat="54.368791" lon="-2.685105"><ele>144.3</ele></trkpt>
<trkpt lat="54.368833" lon="-2.685292"><ele>147.0</ele></trkpt>
<trkpt lat="54.368881" lon="-2.685761"><ele>148.7</ele></trkpt>
<trkpt lat="54.368887" lon="-2.686135"><ele>150.3</ele></trkpt>
<trkpt lat="54.368845" lon="-2.686857"><ele>152.0</ele></trkpt>
<trkpt lat="54.368765" lon="-2.687499"><ele>155.7</ele></trkpt>
<trkpt lat="54.368715" lon="-2.688828"><ele>159.3</ele></trkpt>
<trkpt lat="54.368813" lon="-2.690191"><ele>163.0</ele></trkpt>
<trkpt lat="54.368849" lon="-2.690693"><ele>164.7</ele></trkpt>
<trkpt lat="54.368855" lon="-2.691054"><ele>166.3</ele></trkpt>
<trkpt lat="54.368811" lon="-2.691359"><ele>168.0</ele></trkpt>
<trkpt lat="54.368707" lon="-2.691693"><ele>169.7</ele></trkpt>
<trkpt lat="54.368381" lon="-2.692583"><ele>171.3</ele></trkpt>
<trkpt lat="54.368294" lon="-2.692942"><ele>173.0</ele></trkpt>
<trkpt lat="54.368064" lon="-2.693583"><ele>173.0</ele></trkpt>
<trkpt lat="54.367753" lon="-2.694264"><ele>173.0</ele></trkpt>
<trkpt lat="54.367666" lon="-2.694657"><ele>173.0</ele></trkpt>
<trkpt lat="54.367664" lon="-2.694847"><ele>173.3</ele></trkpt>
<trkpt lat="54.368136" lon="-2.695981"><ele>173.7</ele></trkpt>
<trkpt lat="54.368143" lon="-2.6962"><ele>174.0</ele></trkpt>
<trkpt lat="54.368048" lon="-2.696491"><ele>171.7</ele></trkpt>
<trkpt lat="54.368046" lon="-2.696707"><ele>169.3</ele></trkpt>
<trkpt lat="54.368084" lon="-2.699441"><ele>167.0</ele></trkpt>
<trkpt lat="54.367993" lon="-2.699901"><ele>165.7</ele></trkpt>
<trkpt lat="54.368052" lon="-2.700319"><ele>164.3</ele></trkpt>
<trkpt lat="54.368076" lon="-2.701357"><ele>163.0</ele></trkpt>
<trkpt lat="54.368036" lon="-2.702"><ele>163.3</ele></trkpt>
<trkpt lat="54.368017" lon="-2.702903"><ele>163.7</ele></trkpt>
<trkpt lat="54.367993" lon="-2.704209"><ele>164.0</ele></trkpt>
<trkpt lat="54.367997" lon="-2.705205"><ele>164.3</ele></trkpt>
<trkpt lat="54.367976" lon="-2.705782"><ele>164.7</ele></trkpt>
<trkpt lat="54.367892" lon="-2.706229"><ele>165.0</ele></trkpt>
<trkpt lat="54.367681" lon="-2.706889"><ele>170.7</ele></trkpt>
<trkpt lat="54.367181" lon="-2.708466"><ele>176.3</ele></trkpt>
<trkpt lat="54.366754" lon="-2.70983"><ele>182.0</ele></trkpt>
<trkpt lat="54.366613" lon="-2.710189"><ele>180.3</ele></trkpt>
<trkpt lat="54.366497" lon="-2.710436"><ele>178.7</ele></trkpt>
<trkpt lat="54.366464" lon="-2.710494"><ele>177.0</ele></trkpt>
<trkpt lat="54.366247" lon="-2.710761"><ele>177.0</ele></trkpt>
<trkpt lat="54.366193" lon="-2.710812"><ele>177.0</ele></trkpt>
<trkpt lat="54.36611" lon="-2.710864"><ele>177.0</ele></trkpt>
<trkpt lat="54.366048" lon="-2.710882"><ele>177.0</ele></trkpt>
<trkpt lat="54.365946" lon="-2.710913"><ele>177.0</ele></trkpt>
<trkpt lat="54.3659" lon="-2.710949"><ele>177.0</ele></trkpt>
<trkpt lat="54.365749" lon="-2.711122"><ele>172.7</ele></trkpt>
<trkpt lat="54.365574" lon="-2.711332"><ele>168.3</ele></trkpt>
<trkpt lat="54.36546" lon="-2.711491"><ele>164.0</ele></trkpt>
<trkpt lat="54.365427" lon="-2.711547"><ele>164.0</ele></trkpt>
<trkpt lat="54.365384" lon="-2.711668"><ele>164.0</ele></trkpt>
<trkpt lat="54.365306" lon="-2.711923"><ele>164.0</ele></trkpt>
<trkpt lat="54.365214" lon="-2.712169"><ele>164.0</ele></trkpt>
<trkpt lat="54.365175" lon="-2.712244"><ele>164.0</ele></trkpt>
<trkpt lat="54.365122" lon="-2.712306"><ele>164.0</ele></trkpt>
<trkpt lat="54.365063" lon="-2.712354"><ele>160.0</ele></trkpt>
<trkpt lat="54.36493" lon="-2.712398"><ele>156.0</ele></trkpt>
<trkpt lat="54.364843" lon="-2.712455"><ele>152.0</ele></trkpt>
<trkpt lat="54.364785" lon="-2.712481"><ele>152.0</ele></trkpt>
<trkpt lat="54.3646" lon="-2.712423"><ele>152.0</ele></trkpt>
<trkpt lat="54.364537" lon="-2.71249"><ele>152.0</ele></trkpt>
<trkpt lat="54.364486" lon="-2.712692"><ele>144.7</ele></trkpt>
<trkpt lat="54.364256" lon="-2.713207"><ele>137.3</ele></trkpt>
<trkpt lat="54.364008" lon="-2.713903"><ele>130.0</ele></trkpt>
<trkpt lat="54.363849" lon="-2.714538"><ele>126.3</ele></trkpt>
<trkpt lat="54.363768" lon="-2.714942"><ele>122.7</ele></trkpt>
<trkpt lat="54.36375" lon="-2.715089"><ele>119.0</ele></trkpt>
<trkpt lat="54.363562" lon="-2.715706"><ele>118.7</ele></trkpt>
<trkpt lat="54.36339" lon="-2.716392"><ele>118.3</ele></trkpt>
<trkpt lat="54.363176" lon="-2.716913"><ele>118.0</ele></trkpt>
<trkpt lat="54.36294" lon="-2.717281"><ele>117.7</ele></trkpt>
<trkpt lat="54.362638" lon="-2.717665"><ele>117.3</ele></trkpt>
<trkpt lat="54.362525" lon="-2.717786"><ele>117.0</ele></trkpt>
<trkpt lat="54.362354" lon="-2.717881"><ele>117.0</ele></trkpt>
<trkpt lat="54.362235" lon="-2.718056"><ele>117.0</ele></trkpt>
<trkpt lat="54.36202" lon="-2.718484"><ele>117.0</ele></trkpt>
<trkpt lat="54.36176" lon="-2.718979"><ele>116.7</ele></trkpt>
<trkpt lat="54.361621" lon="-2.719282"><ele>116.3</ele></trkpt>
<trkpt lat="54.361526" lon="-2.719814"><ele>116.0</ele></trkpt>
<trkpt lat="54.36152" lon="-2.719987"><ele>118.0</ele></trkpt>
<trkpt lat="54.36143" lon="-2.720159"><ele>120.0</ele></trkpt>
<trkpt lat="54.361348" lon="-2.720226"><ele>122.0</ele></trkpt>
<trkpt lat="54.361217" lon="-2.720642"><ele>122.0</ele></trkpt>
<trkpt lat="54.36117" lon="-2.720919"><ele>122.0</ele></trkpt>
<trkpt lat="54.361064" lon="-2.721213"><ele>122.0</ele></trkpt>
<trkpt lat="54.360862" lon="-2.721502"><ele>120.7</ele></trkpt>
<trkpt lat="54.360792" lon="-2.721708"><ele>119.3</ele></trkpt>
<trkpt lat="54.360788" lon="-2.721953"><ele>118.0</ele></trkpt>
<trkpt lat="54.360882" lon="-2.722357"><ele>119.0</ele></trkpt>
<trkpt lat="54.361012" lon="-2.722804"><ele>120.0</ele></trkpt>
<trkpt lat="54.361234" lon="-2.723522"><ele>121.0</ele></trkpt>
<trkpt lat="54.361441" lon="-2.724401"><ele>112.0</ele></trkpt>
<trkpt lat="54.361585" lon="-2.725111"><ele>103.0</ele></trkpt>
<trkpt lat="54.361604" lon="-2.725297"><ele>94.0</ele></trkpt>
<trkpt lat="54.361719" lon="-2.725503"><ele>93.0</ele></trkpt>
<trkpt lat="54.361812" lon="-2.725669"><ele>92.0</ele></trkpt>
<trkpt lat="54.361798" lon="-2.725834"><ele>91.0</ele></trkpt>
<trkpt lat="54.361013" lon="-2.726012"><ele>90.0</ele></trkpt>
<trkpt lat="54.361004" lon="-2.726191"><ele>89.0</ele></trkpt>
<trkpt lat="54.361067" lon="-2.726455"><ele>88.0</ele></trkpt>
<trkpt lat="54.361045" lon="-2.726498"><ele>88.0</ele></trkpt>
<trkpt lat="54.36104" lon="-2.72657"><ele>88.0</ele></trkpt>
<trkpt lat="54.361074" lon="-2.726709"><ele>88.0</ele></trkpt>
<trkpt lat="54.361095" lon="-2.726821"><ele>88.0</ele></trkpt>
<trkpt lat="54.361108" lon="-2.726925"><ele>88.0</ele></trkpt>
<trkpt lat="54.361106" lon="-2.726965"><ele>88.0</ele></trkpt>
<trkpt lat="54.361103" lon="-2.726997"><ele>88.0</ele></trkpt>
<trkpt lat="54.361081" lon="-2.72705"><ele>88.0</ele></trkpt>
<trkpt lat="54.361041" lon="-2.727094"><ele>88.0</ele></trkpt>
<trkpt lat="54.360994" lon="-2.727115"><ele>88.0</ele></trkpt>
<trkpt lat="54.360956" lon="-2.727135"><ele>88.0</ele></trkpt>
<trkpt lat="54.360922" lon="-2.727163"><ele>88.0</ele></trkpt>
<trkpt lat="54.36089" lon="-2.727201"><ele>89.3</ele></trkpt>
<trkpt lat="54.360831" lon="-2.727278"><ele>90.7</ele></trkpt>
<trkpt lat="54.360775" lon="-2.727353"><ele>92.0</ele></trkpt>
<trkpt lat="54.360705" lon="-2.727447"><ele>89.0</ele></trkpt>
<trkpt lat="54.360662" lon="-2.727514"><ele>86.0</ele></trkpt>
<trkpt lat="54.360623" lon="-2.727545"><ele>83.0</ele></trkpt>
<trkpt lat="54.36055" lon="-2.727588"><ele>83.0</ele></trkpt>
<trkpt lat="54.36052" lon="-2.727639"><ele>83.0</ele></trkpt>
<trkpt lat="54.360517" lon="-2.727715"><ele>83.0</ele></trkpt>
<trkpt lat="54.36053" lon="-2.72781"><ele>83.0</ele></trkpt>
<trkpt lat="54.360562" lon="-2.727954"><ele>83.0</ele></trkpt>
<trkpt lat="54.360596" lon="-2.728106"><ele>83.0</ele></trkpt>
<trkpt lat="54.360648" lon="-2.728302"><ele>83.0</ele></trkpt>
<trkpt lat="54.360696" lon="-2.728467"><ele>83.0</ele></trkpt>
<trkpt lat="54.360726" lon="-2.728575"><ele>83.0</ele></trkpt>
<trkpt lat="54.360742" lon="-2.728651"><ele>83.3</ele></trkpt>
<trkpt lat="54.360735" lon="-2.728726"><ele>83.7</ele></trkpt>
<trkpt lat="54.36067" lon="-2.728877"><ele>84.0</ele></trkpt>
<trkpt lat="54.360523" lon="-2.729013"><ele>84.3</ele></trkpt>
<trkpt lat="54.360411" lon="-2.729135"><ele>84.7</ele></trkpt>
<trkpt lat="54.359912" lon="-2.729659"><ele>85.0</ele></trkpt>
<trkpt lat="54.359664" lon="-2.729918"><ele>85.3</ele></trkpt>
<trkpt lat="54.359622" lon="-2.729993"><ele>85.7</ele></trkpt>
<trkpt lat="54.35956" lon="-2.730258"><ele>86.0</ele></trkpt>
<trkpt lat="54.359534" lon="-2.730379"><ele>86.0</ele></trkpt>
<trkpt lat="54.359534" lon="-2.730623"><ele>86.0</ele></trkpt>
<trkpt lat="54.359583" lon="-2.730622"><ele>86.0</ele></trkpt>
<trkpt lat="54.359549" lon="-2.730771"><ele>86.0</ele></trkpt>
<trkpt lat="54.359559" lon="-2.731057"><ele>86.0</ele></trkpt>
<trkpt lat="54.359579" lon="-2.731319"><ele>86.0</ele></trkpt>
<trkpt lat="54.359625" lon="-2.731549"><ele>86.0</ele></trkpt>
<trkpt lat="54.359713" lon="-2.731859"><ele>86.0</ele></trkpt>
<trkpt lat="54.35973" lon="-2.73198"><ele>86.0</ele></trkpt>
<trkpt lat="54.359725" lon="-2.732073"><ele>83.7</ele></trkpt>
<trkpt lat="54.359596" lon="-2.732558"><ele>81.3</ele></trkpt>
<trkpt lat="54.359557" lon="-2.732669"><ele>79.0</ele></trkpt>
<trkpt lat="54.359305" lon="-2.733128"><ele>79.3</ele></trkpt>
<trkpt lat="54.358897" lon="-2.733856"><ele>79.7</ele></trkpt>
<trkpt lat="54.358479" lon="-2.734557"><ele>80.0</ele></trkpt>
<trkpt lat="54.358173" lon="-2.735131"><ele>81.7</ele></trkpt>
<trkpt lat="54.35803" lon="-2.735661"><ele>83.3</ele></trkpt>
<trkpt lat="54.357925" lon="-2.735956"><ele>85.0</ele></trkpt>
<trkpt lat="54.35778" lon="-2.736499"><ele>83.0</ele></trkpt>
<trkpt lat="54.35774" lon="-2.736852"><ele>81.0</ele></trkpt>
<trkpt lat="54.357711" lon="-2.73737"><ele>79.0</ele></trkpt>
<trkpt lat="54.357702" lon="-2.738067"><ele>76.0</ele></trkpt>
<trkpt lat="54.357657" lon="-2.738426"><ele>73.0</ele></trkpt>
<trkpt lat="54.357621" lon="-2.738577"><ele>70.0</ele></trkpt>
<trkpt lat="54.357271" lon="-2.739107"><ele>69.3</ele></trkpt>
<trkpt lat="54.35725" lon="-2.740054"><ele>68.7</ele></trkpt>
<trkpt lat="54.357219" lon="-2.740611"><ele>68.0</ele></trkpt>
<trkpt lat="54.357912" lon="-2.741153"><ele>68.3</ele></trkpt>
<trkpt lat="54.358191" lon="-2.741305"><ele>68.7</ele></trkpt>
<trkpt lat="54.358464" lon="-2.741372"><ele>69.0</ele></trkpt>
<trkpt lat="54.358874" lon="-2.74165"><ele>69.0</ele></trkpt>
<trkpt lat="54.35887" lon="-2.741708"><ele>69.0</ele></trkpt>
<trkpt lat="54.358805" lon="-2.742302"><ele>69.0</ele></trkpt>
<trkpt lat="54.358682" lon="-2.743692"><ele>69.3</ele></trkpt>
<trkpt lat="54.358641" lon="-2.743951"><ele>69.7</ele></trkpt>
<trkpt lat="54.358603" lon="-2.744155"><ele>70.0</ele></trkpt>
<trkpt lat="54.35855" lon="-2.744186"><ele>70.0</ele></trkpt>
<trkpt lat="54.358504" lon="-2.744336"><ele>70.0</ele></trkpt>
<trkpt lat="54.358477" lon="-2.744506"><ele>70.0</ele></trkpt>
<trkpt lat="54.358478" lon="-2.744804"><ele>70.3</ele></trkpt>
<trkpt lat="54.35848" lon="-2.745533"><ele>70.7</ele></trkpt>
<trkpt lat="54.358456" lon="-2.745662"><ele>71.0</ele></trkpt>
<trkpt lat="54.358402" lon="-2.745795"><ele>69.3</ele></trkpt>
<trkpt lat="54.358323" lon="-2.745924"><ele>67.7</ele></trkpt>
<trkpt lat="54.358284" lon="-2.746066"><ele>66.0</ele></trkpt>
<trkpt lat="54.358248" lon="-2.746522"><ele>66.7</ele></trkpt>
<trkpt lat="54.358264" lon="-2.746512"><ele>67.3</ele></trkpt>
<trkpt lat="54.358399" lon="-2.746454"><ele>68.0</ele></trkpt>
<trkpt lat="54.358473" lon="-2.746427"><ele>68.0</ele></trkpt>
<trkpt lat="54.358642" lon="-2.746361"><ele>68.0</ele></trkpt>
<trkpt lat="54.358842" lon="-2.746346"><ele>68.0</ele></trkpt>
<trkpt lat="54.359244" lon="-2.746575"><ele>68.3</ele></trkpt>
<trkpt lat="54.359336" lon="-2.746637"><ele>68.7</ele></trkpt>
<trkpt lat="54.359522" lon="-2.747009"><ele>69.0</ele></trkpt>
<trkpt lat="54.359759" lon="-2.747401"><ele>69.0</ele></trkpt>
<trkpt lat="54.36008" lon="-2.747874"><ele>69.0</ele></trkpt>
<trkpt lat="54.360353" lon="-2.748195"><ele>69.0</ele></trkpt>
<trkpt lat="54.360425" lon="-2.748292"><ele>67.7</ele></trkpt>
<trkpt lat="54.360628" lon="-2.74913"><ele>66.3</ele></trkpt>
<trkpt lat="54.360787" lon="-2.749864"><ele>65.0</ele></trkpt>
<trkpt lat="54.360861" lon="-2.749899"><ele>67.7</ele></trkpt>
<trkpt lat="54.360988" lon="-2.749941"><ele>70.3</ele></trkpt>
<trkpt lat="54.361089" lon="-2.750043"><ele>73.0</ele></trkpt>
<trkpt lat="54.361293" lon="-2.750175"><ele>73.0</ele></trkpt>
<trkpt lat="54.361352" lon="-2.750215"><ele>73.0</ele></trkpt>
<trkpt lat="54.361474" lon="-2.750435"><ele>73.0</ele></trkpt>
<trkpt lat="54.361535" lon="-2.75057"><ele>73.0</ele></trkpt>
<trkpt lat="54.361573" lon="-2.750722"><ele>73.0</ele></trkpt>
<trkpt lat="54.361596" lon="-2.750845"><ele>73.0</ele></trkpt>
<trkpt lat="54.361614" lon="-2.751024"><ele>72.0</ele></trkpt>
<trkpt lat="54.361626" lon="-2.75122"><ele>71.0</ele></trkpt>
<trkpt lat="54.361617" lon="-2.75151"><ele>70.0</ele></trkpt>
<trkpt lat="54.361243" lon="-2.751719"><ele>69.7</ele></trkpt>
<trkpt lat="54.360871" lon="-2.752209"><ele>69.3</ele></trkpt>
<trkpt lat="54.360552" lon="-2.752497"><ele>69.0</ele></trkpt>
<trkpt lat="54.360386" lon="-2.752765"><ele>67.0</ele></trkpt>
<trkpt lat="54.359923" lon="-2.753038"><ele>65.0</ele></trkpt>
<trkpt lat="54.359314" lon="-2.753422"><ele>63.0</ele></trkpt>
<trkpt lat="54.35912" lon="-2.753892"><ele>62.7</ele></trkpt>
<trkpt lat="54.358893" lon="-2.754328"><ele>62.3</ele></trkpt>
<trkpt lat="54.358614" lon="-2.75473"><ele>62.0</ele></trkpt>
<trkpt lat="54.358143" lon="-2.755229"><ele>62.0</ele></trkpt>
<trkpt lat="54.358043" lon="-2.755374"><ele>62.0</ele></trkpt>
<trkpt lat="54.35809" lon="-2.756221"><ele>62.0</ele></trkpt>
<trkpt lat="54.357859" lon="-2.756409"><ele>61.0</ele></trkpt>
<trkpt lat="54.357242" lon="-2.75695"><ele>60.0</ele></trkpt>
<trkpt lat="54.356738" lon="-2.757265"><ele>59.0</ele></trkpt>
<trkpt lat="54.356557" lon="-2.757457"><ele>59.0</ele></trkpt>
<trkpt lat="54.356349" lon="-2.757797"><ele>59.0</ele></trkpt>
<trkpt lat="54.356194" lon="-2.758018"><ele>59.0</ele></trkpt>
<trkpt lat="54.356233" lon="-2.758064"><ele>59.3</ele></trkpt>
<trkpt lat="54.356909" lon="-2.759077"><ele>59.7</ele></trkpt>
<trkpt lat="54.356945" lon="-2.75907"><ele>60.0</ele></trkpt>
<trkpt lat="54.357557" lon="-2.758941"><ele>60.0</ele></trkpt>
<trkpt lat="54.358203" lon="-2.75994"><ele>60.0</ele></trkpt>
<trkpt lat="54.357966" lon="-2.760572"><ele>60.0</ele></trkpt>
<trkpt lat="54.357768" lon="-2.761093"><ele>60.0</ele></trkpt>
<trkpt lat="54.357693" lon="-2.761289"><ele>60.0</ele></trkpt>
<trkpt lat="54.357638" lon="-2.761402"><ele>60.0</ele></trkpt>
<trkpt lat="54.357606" lon="-2.761473"><ele>60.0</ele></trkpt>
<trkpt lat="54.357614" lon="-2.761485"><ele>60.0</ele></trkpt>
<trkpt lat="54.357802" lon="-2.761785"><ele>60.0</ele></trkpt>
<trkpt lat="54.358061" lon="-2.762091"><ele>60.7</ele></trkpt>
<trkpt lat="54.358227" lon="-2.762564"><ele>61.3</ele></trkpt>
<trkpt lat="54.358396" lon="-2.763122"><ele>62.0</ele></trkpt>
<trkpt lat="54.35851" lon="-2.763357"><ele>60.3</ele></trkpt>
<trkpt lat="54.358594" lon="-2.76356"><ele>58.7</ele></trkpt>
<trkpt lat="54.358843" lon="-2.764276"><ele>57.0</ele></trkpt>
<trkpt lat="54.358975" lon="-2.764592"><ele>57.0</ele></trkpt>
<trkpt lat="54.359351" lon="-2.765165"><ele>57.0</ele></trkpt>
<trkpt lat="54.359728" lon="-2.765763"><ele>57.0</ele></trkpt>
<trkpt lat="54.360293" lon="-2.766485"><ele>59.0</ele></trkpt>
<trkpt lat="54.360643" lon="-2.766913"><ele>61.0</ele></trkpt>
<trkpt lat="54.360915" lon="-2.76734"><ele>63.0</ele></trkpt>
<trkpt lat="54.361325" lon="-2.768204"><ele>62.0</ele></trkpt>
<trkpt lat="54.361484" lon="-2.768569"><ele>61.0</ele></trkpt>
<trkpt lat="54.361597" lon="-2.769656"><ele>60.0</ele></trkpt>
<trkpt lat="54.361691" lon="-2.770417"><ele>61.3</ele></trkpt>
<trkpt lat="54.361746" lon="-2.770744"><ele>62.7</ele></trkpt>
<trkpt lat="54.361836" lon="-2.771296"><ele>64.0</ele></trkpt>
<trkpt lat="54.361917" lon="-2.771503"><ele>65.0</ele></trkpt>
<trkpt lat="54.362119" lon="-2.771869"><ele>66.0</ele></trkpt>
<trkpt lat="54.362622" lon="-2.772731"><ele>67.0</ele></trkpt>
<trkpt lat="54.362616" lon="-2.772807"><ele>67.0</ele></trkpt>
<trkpt lat="54.362466" lon="-2.773137"><ele>67.0</ele></trkpt>
<trkpt lat="54.362526" lon="-2.773465"><ele>67.0</ele></trkpt>
<trkpt lat="54.362554" lon="-2.773833"><ele>67.0</ele></trkpt>
<trkpt lat="54.36271" lon="-2.774056"><ele>67.0</ele></trkpt>
<trkpt lat="54.362924" lon="-2.774703"><ele>67.0</ele></trkpt>
<trkpt lat="54.363179" lon="-2.775024"><ele>67.3</ele></trkpt>
<trkpt lat="54.363444" lon="-2.775263"><ele>67.7</ele></trkpt>
<trkpt lat="54.363585" lon="-2.775394"><ele>68.0</ele></trkpt>
<trkpt lat="54.363848" lon="-2.775484"><ele>68.0</ele></trkpt>
<trkpt lat="54.363952" lon="-2.775528"><ele>68.0</ele></trkpt>
<trkpt lat="54.364029" lon="-2.775614"><ele>68.0</ele></trkpt>
<trkpt lat="54.36418" lon="-2.775891"><ele>67.7</ele></trkpt>
<trkpt lat="54.36432" lon="-2.776131"><ele>67.3</ele></trkpt>
<trkpt lat="54.36465" lon="-2.776846"><ele>67.0</ele></trkpt>
<trkpt lat="54.364774" lon="-2.777236"><ele>67.3</ele></trkpt>
<trkpt lat="54.365158" lon="-2.778529"><ele>67.7</ele></trkpt>
<trkpt lat="54.365417" lon="-2.77936"><ele>68.0</ele></trkpt>
<trkpt lat="54.365519" lon="-2.779583"><ele>68.0</ele></trkpt>
<trkpt lat="54.365596" lon="-2.779769"><ele>68.0</ele></trkpt>
<trkpt lat="54.365674" lon="-2.779876"><ele>68.0</ele></trkpt>
<trkpt lat="54.365845" lon="-2.780091"><ele>69.0</ele></trkpt>
<trkpt lat="54.366339" lon="-2.780605"><ele>70.0</ele></trkpt>
<trkpt lat="54.366902" lon="-2.781094"><ele>71.0</ele></trkpt>
<trkpt lat="54.367296" lon="-2.78146"><ele>72.7</ele></trkpt>
<trkpt lat="54.367682" lon="-2.781819"><ele>74.3</ele></trkpt>
<trkpt lat="54.36793" lon="-2.782006"><ele>76.0</ele></trkpt>
<trkpt lat="54.368132" lon="-2.78221"><ele>77.7</ele></trkpt>
<trkpt lat="54.368393" lon="-2.782723"><ele>79.3</ele></trkpt>
<trkpt lat="54.368574" lon="-2.783077"><ele>81.0</ele></trkpt>
<trkpt lat="54.368585" lon="-2.783396"><ele>81.0</ele></trkpt>
<trkpt lat="54.368795" lon="-2.783743"><ele>81.0</ele></trkpt>
<trkpt lat="54.36887" lon="-2.783861"><ele>81.0</ele></trkpt>
<trkpt lat="54.369181" lon="-2.784215"><ele>80.3</ele></trkpt>
<trkpt lat="54.369345" lon="-2.784283"><ele>79.7</ele></trkpt>
<trkpt lat="54.369556" lon="-2.784272"><ele>79.0</ele></trkpt>
<trkpt lat="54.369859" lon="-2.784215"><ele>79.3</ele></trkpt>
<trkpt lat="54.370243" lon="-2.784304"><ele>79.7</ele></trkpt>
<trkpt lat="54.370481" lon="-2.784373"><ele>80.0</ele></trkpt>
<trkpt lat="54.370633" lon="-2.784421"><ele>80.3</ele></trkpt>
<trkpt lat="54.371081" lon="-2.784641"><ele>80.7</ele></trkpt>
<trkpt lat="54.371135" lon="-2.78463"><ele>81.0</ele></trkpt>
<trkpt lat="54.37127" lon="-2.784454"><ele>79.7</ele></trkpt>
<trkpt lat="54.371554" lon="-2.784339"><ele>78.3</ele></trkpt>
<trkpt lat="54.371801" lon="-2.784297"><ele>77.0</ele></trkpt>
<trkpt lat="54.371953" lon="-2.78434"><ele>77.7</ele></trkpt>
<trkpt lat="54.372119" lon="-2.784421"><ele>78.3</ele></trkpt>
<trkpt lat="54.372516" lon="-2.784727"><ele>79.0</ele></trkpt>
<trkpt lat="54.372755" lon="-2.784885"><ele>80.3</ele></trkpt>
<trkpt lat="54.372971" lon="-2.78502"><ele>81.7</ele></trkpt>
<trkpt lat="54.373265" lon="-2.78516"><ele>83.0</ele></trkpt>
<trkpt lat="54.373414" lon="-2.785289"><ele>83.7</ele></trkpt>
<trkpt lat="54.373514" lon="-2.785416"><ele>84.3</ele></trkpt>
<trkpt lat="54.373734" lon="-2.786136"><ele>85.0</ele></trkpt>
<trkpt lat="54.373889" lon="-2.78676"><ele>85.7</ele></trkpt>
<trkpt lat="54.374144" lon="-2.787388"><ele>86.3</ele></trkpt>
<trkpt lat="54.374268" lon="-2.787712"><ele>87.0</ele></trkpt>
<trkpt lat="54.374341" lon="-2.787948"><ele>87.7</ele></trkpt>
<trkpt lat="54.374349" lon="-2.788137"><ele>88.3</ele></trkpt>
<trkpt lat="54.37433" lon="-2.788346"><ele>89.0</ele></trkpt>
<trkpt lat="54.374275" lon="-2.78857"><ele>90.3</ele></trkpt>
<trkpt lat="54.37425" lon="-2.788702"><ele>91.7</ele></trkpt>
<trkpt lat="54.374271" lon="-2.788808"><ele>93.0</ele></trkpt>
<trkpt lat="54.374304" lon="-2.788888"><ele>92.3</ele></trkpt>
<trkpt lat="54.374738" lon="-2.789391"><ele>91.7</ele></trkpt>
<trkpt lat="54.374859" lon="-2.789607"><ele>91.0</ele></trkpt>
<trkpt lat="54.374918" lon="-2.789794"><ele>91.0</ele></trkpt>
<trkpt lat="54.374958" lon="-2.78998"><ele>91.0</ele></trkpt>
<trkpt lat="54.374961" lon="-2.79019"><ele>91.0</ele></trkpt>
<trkpt lat="54.374931" lon="-2.790456"><ele>90.3</ele></trkpt>
<trkpt lat="54.374794" lon="-2.791001"><ele>89.7</ele></trkpt>
<trkpt lat="54.374664" lon="-2.79154"><ele>89.0</ele></trkpt>
<trkpt lat="54.374595" lon="-2.791893"><ele>89.0</ele></trkpt>
<trkpt lat="54.374572" lon="-2.792162"><ele>89.0</ele></trkpt>
<trkpt lat="54.374594" lon="-2.792476"><ele>89.0</ele></trkpt>
<trkpt lat="54.374545" lon="-2.792753"><ele>89.7</ele></trkpt>
<trkpt lat="54.374373" lon="-2.793107"><ele>90.3</ele></trkpt>
<trkpt lat="54.374176" lon="-2.793405"><ele>91.0</ele></trkpt>
<trkpt lat="54.374154" lon="-2.793526"><ele>91.0</ele></trkpt>
<trkpt lat="54.374173" lon="-2.793574"><ele>91.0</ele></trkpt>
<trkpt lat="54.374186" lon="-2.793747"><ele>91.0</ele></trkpt>
<trkpt lat="54.374211" lon="-2.793938"><ele>90.7</ele></trkpt>
<trkpt lat="54.374253" lon="-2.794096"><ele>90.3</ele></trkpt>
<trkpt lat="54.374335" lon="-2.794285"><ele>90.0</ele></trkpt>
<trkpt lat="54.374438" lon="-2.79452"><ele>89.3</ele></trkpt>
<trkpt lat="54.37457" lon="-2.794708"><ele>88.7</ele></trkpt>
<trkpt lat="54.374758" lon="-2.794893"><ele>88.0</ele></trkpt>
<trkpt lat="54.374912" lon="-2.795047"><ele>87.3</ele></trkpt>
<trkpt lat="54.374963" lon="-2.79515"><ele>86.7</ele></trkpt>
<trkpt lat="54.374991" lon="-2.795275"><ele>86.0</ele></trkpt>
<trkpt lat="54.375006" lon="-2.795436"><ele>87.0</ele></trkpt>
<trkpt lat="54.375009" lon="-2.795686"><ele>88.0</ele></trkpt>
<trkpt lat="54.374982" lon="-2.796147"><ele>89.0</ele></trkpt>
<trkpt lat="54.374974" lon="-2.796589"><ele>91.7</ele></trkpt>
<trkpt lat="54.374961" lon="-2.796733"><ele>94.3</ele></trkpt>
<trkpt lat="54.374864" lon="-2.797515"><ele>97.0</ele></trkpt>
<trkpt lat="54.374879" lon="-2.798163"><ele>94.0</ele></trkpt>
<trkpt lat="54.374936" lon="-2.798781"><ele>91.0</ele></trkpt>
<trkpt lat="54.374952" lon="-2.799189"><ele>88.0</ele></trkpt>
<trkpt lat="54.37496" lon="-2.799309"><ele>88.0</ele></trkpt>
<trkpt lat="54.374942" lon="-2.799398"><ele>88.0</ele></trkpt>
<trkpt lat="54.374915" lon="-2.799487"><ele>88.0</ele></trkpt>
<trkpt lat="54.374843" lon="-2.799547"><ele>88.0</ele></trkpt>
<trkpt lat="54.374806" lon="-2.799577"><ele>88.0</ele></trkpt>
<trkpt lat="54.374726" lon="-2.799627"><ele>88.0</ele></trkpt>
<trkpt lat="54.374419" lon="-2.799708"><ele>88.3</ele></trkpt>
<trkpt lat="54.374153" lon="-2.799791"><ele>88.7</ele></trkpt>
<trkpt lat="54.373964" lon="-2.799806"><ele>89.0</ele></trkpt>
<trkpt lat="54.373834" lon="-2.799835"><ele>89.0</ele></trkpt>
<trkpt lat="54.373788" lon="-2.799942"><ele>89.0</ele></trkpt>
<trkpt lat="54.373769" lon="-2.800141"><ele>89.0</ele></trkpt>
<trkpt lat="54.37372" lon="-2.800603"><ele>89.3</ele></trkpt>
<trkpt lat="54.373615" lon="-2.801293"><ele>89.7</ele></trkpt>
<trkpt lat="54.373522" lon="-2.80192"><ele>90.0</ele></trkpt>
<trkpt lat="54.373392" lon="-2.802635"><ele>90.0</ele></trkpt>
<trkpt lat="54.373302" lon="-2.803057"><ele>90.0</ele></trkpt>
<trkpt lat="54.373182" lon="-2.803409"><ele>90.0</ele></trkpt>
<trkpt lat="54.37305" lon="-2.80379"><ele>90.7</ele></trkpt>
<trkpt lat="54.37288" lon="-2.804145"><ele>91.3</ele></trkpt>
<trkpt lat="54.372751" lon="-2.804272"><ele>92.0</ele></trkpt>
<trkpt lat="54.372637" lon="-2.804347"><ele>92.7</ele></trkpt>
<trkpt lat="54.372516" lon="-2.804415"><ele>93.3</ele></trkpt>
<trkpt lat="54.372366" lon="-2.804515"><ele>94.0</ele></trkpt>
<trkpt lat="54.372229" lon="-2.804485"><ele>94.3</ele></trkpt>
<trkpt lat="54.372192" lon="-2.80448"><ele>94.7</ele></trkpt>
<trkpt lat="54.372081" lon="-2.804495"><ele>95.0</ele></trkpt>
<trkpt lat="54.372007" lon="-2.804519"><ele>94.7</ele></trkpt>
<trkpt lat="54.371854" lon="-2.804513"><ele>94.3</ele></trkpt>
<trkpt lat="54.371719" lon="-2.804467"><ele>94.0</ele></trkpt>
<trkpt lat="54.371649" lon="-2.804464"><ele>94.7</ele></trkpt>
<trkpt lat="54.371157" lon="-2.805299"><ele>95.3</ele></trkpt>
<trkpt lat="54.371173" lon="-2.805358"><ele>96.0</ele></trkpt>
<trkpt lat="54.371173" lon="-2.805835"><ele>95.7</ele></trkpt>
<trkpt lat="54.371196" lon="-2.806366"><ele>95.3</ele></trkpt>
<trkpt lat="54.37117" lon="-2.806798"><ele>95.0</ele></trkpt>
<trkpt lat="54.371115" lon="-2.807187"><ele>95.3</ele></trkpt>
<trkpt lat="54.371062" lon="-2.807345"><ele>95.7</ele></trkpt>
<trkpt lat="54.371286" lon="-2.807567"><ele>96.0</ele></trkpt>
<trkpt lat="54.371596" lon="-2.807968"><ele>96.3</ele></trkpt>
<trkpt lat="54.371802" lon="-2.808285"><ele>96.7</ele></trkpt>
<trkpt lat="54.372106" lon="-2.808874"><ele>97.0</ele></trkpt>
<trkpt lat="54.372413" lon="-2.809663"><ele>97.0</ele></trkpt>
<trkpt lat="54.372684" lon="-2.810413"><ele>97.0</ele></trkpt>
<trkpt lat="54.372728" lon="-2.811159"><ele>97.0</ele></trkpt>
<trkpt lat="54.372848" lon="-2.811606"><ele>97.0</ele></trkpt>
<trkpt lat="54.373028" lon="-2.812204"><ele>97.0</ele></trkpt>
<trkpt lat="54.37301" lon="-2.812301"><ele>97.0</ele></trkpt>
<trkpt lat="54.372888" lon="-2.812418"><ele>97.3</ele></trkpt>
<trkpt lat="54.372726" lon="-2.812434"><ele>97.7</ele></trkpt>
<trkpt lat="54.372536" lon="-2.812397"><ele>98.0</ele></trkpt>
<trkpt lat="54.372436" lon="-2.812422"><ele>98.7</ele></trkpt>
<trkpt lat="54.372273" lon="-2.812628"><ele>99.3</ele></trkpt>
<trkpt lat="54.372287" lon="-2.812672"><ele>100.0</ele></trkpt>
<trkpt lat="54.372325" lon="-2.812794"><ele>100.3</ele></trkpt>
<trkpt lat="54.372793" lon="-2.813607"><ele>100.7</ele></trkpt>
<trkpt lat="54.372808" lon="-2.813716"><ele>101.0</ele></trkpt>
<trkpt lat="54.372795" lon="-2.813844"><ele>103.0</ele></trkpt>
<trkpt lat="54.372757" lon="-2.814013"><ele>105.0</ele></trkpt>
<trkpt lat="54.372279" lon="-2.815396"><ele>107.0</ele></trkpt>
<trkpt lat="54.372155" lon="-2.81579"><ele>108.0</ele></trkpt>
<trkpt lat="54.372121" lon="-2.815937"><ele>109.0</ele></trkpt>
<trkpt lat="54.37211" lon="-2.815999"><ele>110.0</ele></trkpt>
<trkpt lat="54.372109" lon="-2.816046"><ele>110.0</ele></trkpt>
<trkpt lat="54.372113" lon="-2.81609"><ele>110.0</ele></trkpt>
<trkpt lat="54.372124" lon="-2.816125"><ele>110.0</ele></trkpt>
<trkpt lat="54.372137" lon="-2.816161"><ele>109.7</ele></trkpt>
<trkpt lat="54.372156" lon="-2.816198"><ele>109.3</ele></trkpt>
<trkpt lat="54.372175" lon="-2.816259"><ele>109.0</ele></trkpt>
<trkpt lat="54.372202" lon="-2.81639"><ele>108.7</ele></trkpt>
<trkpt lat="54.372208" lon="-2.816463"><ele>108.3</ele></trkpt>
<trkpt lat="54.372187" lon="-2.816777"><ele>108.0</ele></trkpt>
<trkpt lat="54.372188" lon="-2.817029"><ele>108.0</ele></trkpt>
<trkpt lat="54.372228" lon="-2.817253"><ele>108.0</ele></trkpt>
<trkpt lat="54.372336" lon="-2.817468"><ele>108.0</ele></trkpt>
<trkpt lat="54.372359" lon="-2.817586"><ele>108.3</ele></trkpt>
<trkpt lat="54.372375" lon="-2.817963"><ele>108.7</ele></trkpt>
<trkpt lat="54.372389" lon="-2.818462"><ele>109.0</ele></trkpt>
<trkpt lat="54.372362" lon="-2.818651"><ele>109.3</ele></trkpt>
<trkpt lat="54.37235" lon="-2.818847"><ele>109.7</ele></trkpt>
<trkpt lat="54.372375" lon="-2.818972"><ele>110.0</ele></trkpt>
<trkpt lat="54.372338" lon="-2.819088"><ele>111.3</ele></trkpt>
<trkpt lat="54.37183" lon="-2.819462"><ele>112.7</ele></trkpt>
<trkpt lat="54.371494" lon="-2.819756"><ele>114.0</ele></trkpt>
<trkpt lat="54.371524" lon="-2.819922"><ele>114.7</ele></trkpt>
<trkpt lat="54.371395" lon="-2.82007"><ele>115.3</ele></trkpt>
<trkpt lat="54.371197" lon="-2.820217"><ele>116.0</ele></trkpt>
<trkpt lat="54.371153" lon="-2.820324"><ele>118.3</ele></trkpt>
<trkpt lat="54.371" lon="-2.82104"><ele>120.7</ele></trkpt>
<trkpt lat="54.370867" lon="-2.821614"><ele>123.0</ele></trkpt>
<trkpt lat="54.37083" lon="-2.821776"><ele>123.7</ele></trkpt>
<trkpt lat="54.370737" lon="-2.821798"><ele>124.3</ele></trkpt>
<trkpt lat="54.370575" lon="-2.821877"><ele>125.0</ele></trkpt>
<trkpt lat="54.370477" lon="-2.822006"><ele>127.3</ele></trkpt>
<trkpt lat="54.370318" lon="-2.822217"><ele>129.7</ele></trkpt>
<trkpt lat="54.370187" lon="-2.822391"><ele>132.0</ele></trkpt>
<trkpt lat="54.370042" lon="-2.82242"><ele>135.0</ele></trkpt>
<trkpt lat="54.369853" lon="-2.822426"><ele>138.0</ele></trkpt>
<trkpt lat="54.369721" lon="-2.822463"><ele>141.0</ele></trkpt>
<trkpt lat="54.369625" lon="-2.822551"><ele>144.3</ele></trkpt>
<trkpt lat="54.369568" lon="-2.822767"><ele>147.7</ele></trkpt>
<trkpt lat="54.369514" lon="-2.823084"><ele>151.0</ele></trkpt>
<trkpt lat="54.369224" lon="-2.824099"><ele>153.3</ele></trkpt>
<trkpt lat="54.369026" lon="-2.824773"><ele>155.7</ele></trkpt>
<trkpt lat="54.368933" lon="-2.825066"><ele>158.0</ele></trkpt>
<trkpt lat="54.368717" lon="-2.825502"><ele>155.7</ele></trkpt>
<trkpt lat="54.368434" lon="-2.826048"><ele>153.3</ele></trkpt>
<trkpt lat="54.368019" lon="-2.826801"><ele>151.0</ele></trkpt>
<trkpt lat="54.367943" lon="-2.826937"><ele>150.7</ele></trkpt>
<trkpt lat="54.368002" lon="-2.827041"><ele>150.3</ele></trkpt>
<trkpt lat="54.368142" lon="-2.827403"><ele>150.0</ele></trkpt>
<trkpt lat="54.368271" lon="-2.827588"><ele>150.0</ele></trkpt>
<trkpt lat="54.368329" lon="-2.827734"><ele>150.0</ele></trkpt>
<trkpt lat="54.368333" lon="-2.827864"><ele>150.0</ele></trkpt>
<trkpt lat="54.368358" lon="-2.828148"><ele>150.0</ele></trkpt>
<trkpt lat="54.368387" lon="-2.828356"><ele>150.0</ele></trkpt>
<trkpt lat="54.36833" lon="-2.828599"><ele>150.0</ele></trkpt>
<trkpt lat="54.368253" lon="-2.828946"><ele>151.3</ele></trkpt>
<trkpt lat="54.368247" lon="-2.829097"><ele>152.7</ele></trkpt>
<trkpt lat="54.368268" lon="-2.82932"><ele>154.0</ele></trkpt>
<trkpt lat="54.368353" lon="-2.829604"><ele>155.7</ele></trkpt>
<trkpt lat="54.368413" lon="-2.829994"><ele>157.3</ele></trkpt>
<trkpt lat="54.36842" lon="-2.830275"><ele>159.0</ele></trkpt>
<trkpt lat="54.368334" lon="-2.831022"><ele>164.7</ele></trkpt>
<trkpt lat="54.368183" lon="-2.832181"><ele>170.3</ele></trkpt>
<trkpt lat="54.368107" lon="-2.83236"><ele>176.0</ele></trkpt>
<trkpt lat="54.367929" lon="-2.832673"><ele>180.3</ele></trkpt>
<trkpt lat="54.367522" lon="-2.833395"><ele>184.7</ele></trkpt>
<trkpt lat="54.367395" lon="-2.833591"><ele>189.0</ele></trkpt>
<trkpt lat="54.367268" lon="-2.833912"><ele>191.3</ele></trkpt>
<trkpt lat="54.367093" lon="-2.834402"><ele>193.7</ele></trkpt>
<trkpt lat="54.366974" lon="-2.834849"><ele>196.0</ele></trkpt>
<trkpt lat="54.366902" lon="-2.835071"><ele>197.7</ele></trkpt>
<trkpt lat="54.366847" lon="-2.835214"><ele>199.3</ele></trkpt>
<trkpt lat="54.366797" lon="-2.835302"><ele>201.0</ele></trkpt>
<trkpt lat="54.366751" lon="-2.835352"><ele>202.0</ele></trkpt>
<trkpt lat="54.366681" lon="-2.835399"><ele>203.0</ele></trkpt>
<trkpt lat="54.366544" lon="-2.835487"><ele>204.0</ele></trkpt>
<trkpt lat="54.366378" lon="-2.835598"><ele>205.3</ele></trkpt>
<trkpt lat="54.365964" lon="-2.835859"><ele>206.7</ele></trkpt>
<trkpt lat="54.365566" lon="-2.836108"><ele>208.0</ele></trkpt>
<trkpt lat="54.364038" lon="-2.837159"><ele>203.0</ele></trkpt>
<trkpt lat="54.362697" lon="-2.838069"><ele>198.0</ele></trkpt>
<trkpt lat="54.362265" lon="-2.83859"><ele>193.0</ele></trkpt>
<trkpt lat="54.361741" lon="-2.83911"><ele>189.0</ele></trkpt>
<trkpt lat="54.361678" lon="-2.839188"><ele>185.0</ele></trkpt>
<trkpt lat="54.361226" lon="-2.839378"><ele>181.0</ele></trkpt>
<trkpt lat="54.36079" lon="-2.839535"><ele>178.7</ele></trkpt>
<trkpt lat="54.360699" lon="-2.839665"><ele>176.3</ele></trkpt>
<trkpt lat="54.36057" lon="-2.839827"><ele>174.0</ele></trkpt>
<trkpt lat="54.360045" lon="-2.840745"><ele>169.3</ele></trkpt>
<trkpt lat="54.359529" lon="-2.841649"><ele>164.7</ele></trkpt>
<trkpt lat="54.359682" lon="-2.842024"><ele>160.0</ele></trkpt>
<trkpt lat="54.359868" lon="-2.842453"><ele>161.7</ele></trkpt>
<trkpt lat="54.360105" lon="-2.842785"><ele>163.3</ele></trkpt>
<trkpt lat="54.360303" lon="-2.843034"><ele>165.0</ele></trkpt>
<trkpt lat="54.360368" lon="-2.843227"><ele>166.7</ele></trkpt>
<trkpt lat="54.360416" lon="-2.843558"><ele>168.3</ele></trkpt>
<trkpt lat="54.360448" lon="-2.843724"><ele>170.0</ele></trkpt>
<trkpt lat="54.360543" lon="-2.843937"><ele>171.7</ele></trkpt>
<trkpt lat="54.360729" lon="-2.844197"><ele>173.3</ele></trkpt>
<trkpt lat="54.360781" lon="-2.844371"><ele>175.0</ele></trkpt>
<trkpt lat="54.360788" lon="-2.844521"><ele>176.7</ele></trkpt>
<trkpt lat="54.36077" lon="-2.844901"><ele>178.3</ele></trkpt>
<trkpt lat="54.36081" lon="-2.845184"><ele>180.0</ele></trkpt>
<trkpt lat="54.360901" lon="-2.845641"><ele>183.7</ele></trkpt>
<trkpt lat="54.360999" lon="-2.84614"><ele>187.3</ele></trkpt>
<trkpt lat="54.361037" lon="-2.846455"><ele>191.0</ele></trkpt>
<trkpt lat="54.36111" lon="-2.846806"><ele>194.3</ele></trkpt>
<trkpt lat="54.361233" lon="-2.84732"><ele>197.7</ele></trkpt>
<trkpt lat="54.361279" lon="-2.847709"><ele>201.0</ele></trkpt>
<trkpt lat="54.361308" lon="-2.847946"><ele>203.7</ele></trkpt>
<trkpt lat="54.361361" lon="-2.848148"><ele>206.3</ele></trkpt>
<trkpt lat="54.361481" lon="-2.848531"><ele>209.0</ele></trkpt>
<trkpt lat="54.361515" lon="-2.848693"><ele>210.3</ele></trkpt>
<trkpt lat="54.361559" lon="-2.849055"><ele>211.7</ele></trkpt>
<trkpt lat="54.361629" lon="-2.849388"><ele>213.0</ele></trkpt>
<trkpt lat="54.361714" lon="-2.849773"><ele>213.7</ele></trkpt>
<trkpt lat="54.36168" lon="-2.850108"><ele>214.3</ele></trkpt>
<trkpt lat="54.361721" lon="-2.850131"><ele>215.0</ele></trkpt>
<trkpt lat="54.361739" lon="-2.850179"><ele>210.0</ele></trkpt>
<trkpt lat="54.361565" lon="-2.851691"><ele>205.0</ele></trkpt>
<trkpt lat="54.360356" lon="-2.85531"><ele>200.0</ele></trkpt>
<trkpt lat="54.360359" lon="-2.855697"><ele>200.0</ele></trkpt>
<trkpt lat="54.360383" lon="-2.85596"><ele>200.0</ele></trkpt>
<trkpt lat="54.360375" lon="-2.856159"><ele>200.0</ele></trkpt>
<trkpt lat="54.360353" lon="-2.856406"><ele>199.7</ele></trkpt>
<trkpt lat="54.360133" lon="-2.857231"><ele>199.3</ele></trkpt>
<trkpt lat="54.360089" lon="-2.857505"><ele>199.0</ele></trkpt>
<trkpt lat="54.360077" lon="-2.85777"><ele>198.7</ele></trkpt>
<trkpt lat="54.360078" lon="-2.858044"><ele>198.3</ele></trkpt>
<trkpt lat="54.360016" lon="-2.85844"><ele>198.0</ele></trkpt>
<trkpt lat="54.359927" lon="-2.858787"><ele>197.0</ele></trkpt>
<trkpt lat="54.359885" lon="-2.858965"><ele>196.0</ele></trkpt>
<trkpt lat="54.359789" lon="-2.859136"><ele>195.0</ele></trkpt>
<trkpt lat="54.359731" lon="-2.859349"><ele>195.3</ele></trkpt>
<trkpt lat="54.359742" lon="-2.859533"><ele>195.7</ele></trkpt>
<trkpt lat="54.359816" lon="-2.859697"><ele>196.0</ele></trkpt>
<trkpt lat="54.359886" lon="-2.859789"><ele>196.0</ele></trkpt>
<trkpt lat="54.360364" lon="-2.860188"><ele>196.0</ele></trkpt>
<trkpt lat="54.360541" lon="-2.860324"><ele>196.0</ele></trkpt>
<trkpt lat="54.360592" lon="-2.860464"><ele>195.0</ele></trkpt>
<trkpt lat="54.360749" lon="-2.860938"><ele>194.0</ele></trkpt>
<trkpt lat="54.360855" lon="-2.861185"><ele>193.0</ele></trkpt>
<trkpt lat="54.360939" lon="-2.86125"><ele>192.3</ele></trkpt>
<trkpt lat="54.360959" lon="-2.861247"><ele>191.7</ele></trkpt>
<trkpt lat="54.360914" lon="-2.861462"><ele>191.0</ele></trkpt>
<trkpt lat="54.36089" lon="-2.861875"><ele>188.3</ele></trkpt>
<trkpt lat="54.360865" lon="-2.862209"><ele>185.7</ele></trkpt>
<trkpt lat="54.360811" lon="-2.862572"><ele>183.0</ele></trkpt>
<trkpt lat="54.360723" lon="-2.863061"><ele>181.0</ele></trkpt>
<trkpt lat="54.360646" lon="-2.863404"><ele>179.0</ele></trkpt>
<trkpt lat="54.360516" lon="-2.863955"><ele>177.0</ele></trkpt>
<trkpt lat="54.360478" lon="-2.864222"><ele>176.7</ele></trkpt>
<trkpt lat="54.360512" lon="-2.864357"><ele>176.3</ele></trkpt>
<trkpt lat="54.360552" lon="-2.864517"><ele>176.0</ele></trkpt>
<trkpt lat="54.360608" lon="-2.864772"><ele>174.0</ele></trkpt>
<trkpt lat="54.360726" lon="-2.865212"><ele>172.0</ele></trkpt>
<trkpt lat="54.360843" lon="-2.865459"><ele>170.0</ele></trkpt>
<trkpt lat="54.360933" lon="-2.865682"><ele>169.7</ele></trkpt>
<trkpt lat="54.361085" lon="-2.866078"><ele>169.3</ele></trkpt>
<trkpt lat="54.36109" lon="-2.866086"><ele>169.0</ele></trkpt>
<trkpt lat="54.361145" lon="-2.866281"><ele>171.0</ele></trkpt>
<trkpt lat="54.361279" lon="-2.866847"><ele>173.0</ele></trkpt>
<trkpt lat="54.361361" lon="-2.867187"><ele>175.0</ele></trkpt>
<trkpt lat="54.361394" lon="-2.867351"><ele>176.0</ele></trkpt>
<trkpt lat="54.361399" lon="-2.867561"><ele>177.0</ele></trkpt>
<trkpt lat="54.361311" lon="-2.868132"><ele>178.0</ele></trkpt>
<trkpt lat="54.361258" lon="-2.868515"><ele>180.7</ele></trkpt>
<trkpt lat="54.361225" lon="-2.8689"><ele>183.3</ele></trkpt>
<trkpt lat="54.361225" lon="-2.868998"><ele>186.0</ele></trkpt>
<trkpt lat="54.361214" lon="-2.869025"><ele>187.7</ele></trkpt>
<trkpt lat="54.361263" lon="-2.86908"><ele>189.3</ele></trkpt>
<trkpt lat="54.36157" lon="-2.869335"><ele>191.0</ele></trkpt>
<trkpt lat="54.361687" lon="-2.869451"><ele>192.7</ele></trkpt>
<trkpt lat="54.361817" lon="-2.869628"><ele>194.3</ele></trkpt>
<trkpt lat="54.361917" lon="-2.869723"><ele>196.0</ele></trkpt>
<trkpt lat="54.361994" lon="-2.869721"><ele>196.7</ele></trkpt>
<trkpt lat="54.362368" lon="-2.869714"><ele>197.3</ele></trkpt>
<trkpt lat="54.362565" lon="-2.869702"><ele>198.0</ele></trkpt>
<trkpt lat="54.362812" lon="-2.869805"><ele>196.7</ele></trkpt>
<trkpt lat="54.363022" lon="-2.869929"><ele>195.3</ele></trkpt>
<trkpt lat="54.363175" lon="-2.870108"><ele>194.0</ele></trkpt>
<trkpt lat="54.363296" lon="-2.870343"><ele>192.7</ele></trkpt>
<trkpt lat="54.363356" lon="-2.870508"><ele>191.3</ele></trkpt>
<trkpt lat="54.363466" lon="-2.870742"><ele>190.0</ele></trkpt>
<trkpt lat="54.363672" lon="-2.870796"><ele>189.0</ele></trkpt>
<trkpt lat="54.363838" lon="-2.870804"><ele>188.0</ele></trkpt>
<trkpt lat="54.363926" lon="-2.870738"><ele>187.0</ele></trkpt>
<trkpt lat="54.364021" lon="-2.870661"><ele>186.3</ele></trkpt>
<trkpt lat="54.364107" lon="-2.87064"><ele>185.7</ele></trkpt>
<trkpt lat="54.364167" lon="-2.870653"><ele>185.0</ele></trkpt>
<trkpt lat="54.364209" lon="-2.870693"><ele>185.0</ele></trkpt>
<trkpt lat="54.364369" lon="-2.870575"><ele>185.0</ele></trkpt>
<trkpt lat="54.364432" lon="-2.870503"><ele>185.0</ele></trkpt>
<trkpt lat="54.364567" lon="-2.870551"><ele>184.3</ele></trkpt>
<trkpt lat="54.364705" lon="-2.870618"><ele>183.7</ele></trkpt>
<trkpt lat="54.364978" lon="-2.87065"><ele>183.0</ele></trkpt>
<trkpt lat="54.365139" lon="-2.870763"><ele>183.0</ele></trkpt>
<trkpt lat="54.365348" lon="-2.870861"><ele>183.0</ele></trkpt>
<trkpt lat="54.365478" lon="-2.871016"><ele>183.0</ele></trkpt>
<trkpt lat="54.365506" lon="-2.87112"><ele>184.0</ele></trkpt>
<trkpt lat="54.365485" lon="-2.871306"><ele>185.0</ele></trkpt>
<trkpt lat="54.365575" lon="-2.871834"><ele>186.0</ele></trkpt>
<trkpt lat="54.365593" lon="-2.871996"><ele>187.3</ele></trkpt>
<trkpt lat="54.365596" lon="-2.872443"><ele>188.7</ele></trkpt>
<trkpt lat="54.365586" lon="-2.872763"><ele>190.0</ele></trkpt>
<trkpt lat="54.365558" lon="-2.873016"><ele>190.3</ele></trkpt>
<trkpt lat="54.365535" lon="-2.873461"><ele>190.7</ele></trkpt>
<trkpt lat="54.365541" lon="-2.873538"><ele>191.0</ele></trkpt>
<trkpt lat="54.365621" lon="-2.873721"><ele>191.0</ele></trkpt>
<trkpt lat="54.365601" lon="-2.873886"><ele>191.0</ele></trkpt>
<trkpt lat="54.365574" lon="-2.873916"><ele>191.0</ele></trkpt>
<trkpt lat="54.365475" lon="-2.874136"><ele>190.7</ele></trkpt>
<trkpt lat="54.365431" lon="-2.874157"><ele>190.3</ele></trkpt>
<trkpt lat="54.365348" lon="-2.874441"><ele>190.0</ele></trkpt>
<trkpt lat="54.365337" lon="-2.874761"><ele>190.7</ele></trkpt>
<trkpt lat="54.365318" lon="-2.874943"><ele>191.3</ele></trkpt>
<trkpt lat="54.365299" lon="-2.875116"><ele>192.0</ele></trkpt>
<trkpt lat="54.365303" lon="-2.875559"><ele>193.7</ele></trkpt>
<trkpt lat="54.365306" lon="-2.875566"><ele>195.3</ele></trkpt>
<trkpt lat="54.365284" lon="-2.875959"><ele>197.0</ele></trkpt>
<trkpt lat="54.365354" lon="-2.876205"><ele>199.3</ele></trkpt>
<trkpt lat="54.36537" lon="-2.876459"><ele>201.7</ele></trkpt>
<trkpt lat="54.36537" lon="-2.876741"><ele>204.0</ele></trkpt>
<trkpt lat="54.365297" lon="-2.877025"><ele>205.0</ele></trkpt>
<trkpt lat="54.365214" lon="-2.877402"><ele>206.0</ele></trkpt>
<trkpt lat="54.365127" lon="-2.877555"><ele>207.0</ele></trkpt>
<trkpt lat="54.365047" lon="-2.877835"><ele>207.7</ele></trkpt>
<trkpt lat="54.365018" lon="-2.878045"><ele>208.3</ele></trkpt>
<trkpt lat="54.364999" lon="-2.87831"><ele>209.0</ele></trkpt>
<trkpt lat="54.364983" lon="-2.879115"><ele>210.3</ele></trkpt>
<trkpt lat="54.364996" lon="-2.879327"><ele>211.7</ele></trkpt>
<trkpt lat="54.364981" lon="-2.879627"><ele>213.0</ele></trkpt>
<trkpt lat="54.364955" lon="-2.879848"><ele>214.0</ele></trkpt>
<trkpt lat="54.364824" lon="-2.880553"><ele>215.0</ele></trkpt>
<trkpt lat="54.364777" lon="-2.880747"><ele>216.0</ele></trkpt>
<trkpt lat="54.364781" lon="-2.880926"><ele>216.0</ele></trkpt>
<trkpt lat="54.364839" lon="-2.881086"><ele>216.0</ele></trkpt>
<trkpt lat="54.36492" lon="-2.881312"><ele>216.0</ele></trkpt>
<trkpt lat="54.365021" lon="-2.881416"><ele>216.3</ele></trkpt>
<trkpt lat="54.365162" lon="-2.881582"><ele>216.7</ele></trkpt>
<trkpt lat="54.365339" lon="-2.881789"><ele>217.0</ele></trkpt>
<trkpt lat="54.36558" lon="-2.882064"><ele>216.0</ele></trkpt>
<trkpt lat="54.365657" lon="-2.882156"><ele>215.0</ele></trkpt>
<trkpt lat="54.36571" lon="-2.882286"><ele>214.0</ele></trkpt>
<trkpt lat="54.365726" lon="-2.882449"><ele>212.3</ele></trkpt>
<trkpt lat="54.365715" lon="-2.882727"><ele>210.7</ele></trkpt>
<trkpt lat="54.365705" lon="-2.882911"><ele>209.0</ele></trkpt>
<trkpt lat="54.365691" lon="-2.883171"><ele>205.3</ele></trkpt>
<trkpt lat="54.36573" lon="-2.88363"><ele>201.7</ele></trkpt>
<trkpt lat="54.36578" lon="-2.884028"><ele>198.0</ele></trkpt>
<trkpt lat="54.365836" lon="-2.884638"><ele>195.3</ele></trkpt>
<trkpt lat="54.365907" lon="-2.88531"><ele>192.7</ele></trkpt>
<trkpt lat="54.365749" lon="-2.885699"><ele>190.0</ele></trkpt>
<trkpt lat="54.365654" lon="-2.88598"><ele>188.7</ele></trkpt>
<trkpt lat="54.365528" lon="-2.88646"><ele>187.3</ele></trkpt>
<trkpt lat="54.36548" lon="-2.886758"><ele>186.0</ele></trkpt>
<trkpt lat="54.365553" lon="-2.887003"><ele>185.3</ele></trkpt>
<trkpt lat="54.365575" lon="-2.887171"><ele>184.7</ele></trkpt>
<trkpt lat="54.365623" lon="-2.887503"><ele>184.0</ele></trkpt>
<trkpt lat="54.365642" lon="-2.887707"><ele>183.3</ele></trkpt>
<trkpt lat="54.365607" lon="-2.887957"><ele>182.7</ele></trkpt>
<trkpt lat="54.365566" lon="-2.888214"><ele>182.0</ele></trkpt>
<trkpt lat="54.365545" lon="-2.888491"><ele>178.3</ele></trkpt>
<trkpt lat="54.365669" lon="-2.889874"><ele>174.7</ele></trkpt>
<trkpt lat="54.365714" lon="-2.890089"><ele>171.0</ele></trkpt>
<trkpt lat="54.365807" lon="-2.890372"><ele>170.0</ele></trkpt>
<trkpt lat="54.365925" lon="-2.890757"><ele>169.0</ele></trkpt>
<trkpt lat="54.365859" lon="-2.890663"><ele>168.0</ele></trkpt>
<trkpt lat="54.365691" lon="-2.890426"><ele>168.0</ele></trkpt>
<trkpt lat="54.365624" lon="-2.890309"><ele>168.0</ele></trkpt>
<trkpt lat="54.365557" lon="-2.890172"><ele>168.0</ele></trkpt>
<trkpt lat="54.365478" lon="-2.890063"><ele>168.0</ele></trkpt>
<trkpt lat="54.36533" lon="-2.889899"><ele>168.0</ele></trkpt>
<trkpt lat="54.365215" lon="-2.889745"><ele>168.0</ele></trkpt>
<trkpt lat="54.36513" lon="-2.889552"><ele>168.3</ele></trkpt>
<trkpt lat="54.365032" lon="-2.88927"><ele>168.7</ele></trkpt>
<trkpt lat="54.364956" lon="-2.889153"><ele>169.0</ele></trkpt>
<trkpt lat="54.364915" lon="-2.889113"><ele>169.0</ele></trkpt>
<trkpt lat="54.364847" lon="-2.889065"><ele>169.0</ele></trkpt>
<trkpt lat="54.364802" lon="-2.889056"><ele>169.0</ele></trkpt>
<trkpt lat="54.364639" lon="-2.889071"><ele>168.7</ele></trkpt>
<trkpt lat="54.364429" lon="-2.889126"><ele>168.3</ele></trkpt>
<trkpt lat="54.364353" lon="-2.889169"><ele>168.0</ele></trkpt>
<trkpt lat="54.364291" lon="-2.889209"><ele>167.3</ele></trkpt>
<trkpt lat="54.364103" lon="-2.889399"><ele>166.7</ele></trkpt>
<trkpt lat="54.364008" lon="-2.889516"><ele>166.0</ele></trkpt>
<trkpt lat="54.363937" lon="-2.889623"><ele>165.7</ele></trkpt>
<trkpt lat="54.363843" lon="-2.889717"><ele>165.3</ele></trkpt>
<trkpt lat="54.363747" lon="-2.88982"><ele>165.0</ele></trkpt>
<trkpt lat="54.363614" lon="-2.889916"><ele>164.7</ele></trkpt>
<trkpt lat="54.363566" lon="-2.889934"><ele>164.3</ele></trkpt>
<trkpt lat="54.363495" lon="-2.889945"><ele>164.0</ele></trkpt>
<trkpt lat="54.363443" lon="-2.88994"><ele>164.3</ele></trkpt>
<trkpt lat="54.363315" lon="-2.889904"><ele>164.7</ele></trkpt>
<trkpt lat="54.363236" lon="-2.889899"><ele>165.0</ele></trkpt>
<trkpt lat="54.363158" lon="-2.889929"><ele>165.3</ele></trkpt>
<trkpt lat="54.363074" lon="-2.889933"><ele>165.7</ele></trkpt>
<trkpt lat="54.36304" lon="-2.889921"><ele>166.0</ele></trkpt>
<trkpt lat="54.362947" lon="-2.889854"><ele>166.3</ele></trkpt>
<trkpt lat="54.362798" lon="-2.889773"><ele>166.7</ele></trkpt>
<trkpt lat="54.362764" lon="-2.889767"><ele>167.0</ele></trkpt>
<trkpt lat="54.362614" lon="-2.889769"><ele>167.0</ele></trkpt>
<trkpt lat="54.362197" lon="-2.889797"><ele>167.0</ele></trkpt>
<trkpt lat="54.36205" lon="-2.889773"><ele>167.0</ele></trkpt>
<trkpt lat="54.361927" lon="-2.889736"><ele>166.7</ele></trkpt>
<trkpt lat="54.361847" lon="-2.889721"><ele>166.3</ele></trkpt>
<trkpt lat="54.361708" lon="-2.889756"><ele>166.0</ele></trkpt>
<trkpt lat="54.361576" lon="-2.889822"><ele>165.3</ele></trkpt>
<trkpt lat="54.361496" lon="-2.889868"><ele>164.7</ele></trkpt>
<trkpt lat="54.361423" lon="-2.889932"><ele>164.0</ele></trkpt>
<trkpt lat="54.361341" lon="-2.890038"><ele>164.0</ele></trkpt>
<trkpt lat="54.36129" lon="-2.890082"><ele>164.0</ele></trkpt>
<trkpt lat="54.361266" lon="-2.890091"><ele>164.0</ele></trkpt>
<trkpt lat="54.361234" lon="-2.890093"><ele>165.3</ele></trkpt>
<trkpt lat="54.361089" lon="-2.890049"><ele>166.7</ele></trkpt>
<trkpt lat="54.360928" lon="-2.890035"><ele>168.0</ele></trkpt>
<trkpt lat="54.360826" lon="-2.890024"><ele>169.3</ele></trkpt>
<trkpt lat="54.360762" lon="-2.890028"><ele>170.7</ele></trkpt>
<trkpt lat="54.360649" lon="-2.89008"><ele>172.0</ele></trkpt>
<trkpt lat="54.360596" lon="-2.890091"><ele>173.0</ele></trkpt>
<trkpt lat="54.360407" lon="-2.890109"><ele>174.0</ele></trkpt>
<trkpt lat="54.360167" lon="-2.890104"><ele>175.0</ele></trkpt>
<trkpt lat="54.359996" lon="-2.890165"><ele>175.0</ele></trkpt>
<trkpt lat="54.359818" lon="-2.890184"><ele>175.0</ele></trkpt>
<trkpt lat="54.359637" lon="-2.890168"><ele>175.0</ele></trkpt>
<trkpt lat="54.35942" lon="-2.890096"><ele>173.7</ele></trkpt>
<trkpt lat="54.359329" lon="-2.88988"><ele>172.3</ele></trkpt>
<trkpt lat="54.359156" lon="-2.889639"><ele>171.0</ele></trkpt>
<trkpt lat="54.35897" lon="-2.889516"><ele>171.0</ele></trkpt>
<trkpt lat="54.358654" lon="-2.88938"><ele>171.0</ele></trkpt>
<trkpt lat="54.358424" lon="-2.889307"><ele>171.0</ele></trkpt>
<trkpt lat="54.35831" lon="-2.889299"><ele>171.0</ele></trkpt>
<trkpt lat="54.358171" lon="-2.889392"><ele>171.0</ele></trkpt>
<trkpt lat="54.358005" lon="-2.889586"><ele>171.0</ele></trkpt>
<trkpt lat="54.357888" lon="-2.889809"><ele>171.0</ele></trkpt>
<trkpt lat="54.357841" lon="-2.889976"><ele>171.0</ele></trkpt>
<trkpt lat="54.357848" lon="-2.889993"><ele>171.0</ele></trkpt>
<trkpt lat="54.357845" lon="-2.89"><ele>171.0</ele></trkpt>
<trkpt lat="54.357821" lon="-2.890074"><ele>171.0</ele></trkpt>
<trkpt lat="54.357808" lon="-2.890169"><ele>171.0</ele></trkpt>
<trkpt lat="54.357813" lon="-2.890281"><ele>170.3</ele></trkpt>
<trkpt lat="54.357838" lon="-2.890453"><ele>169.7</ele></trkpt>
<trkpt lat="54.357923" lon="-2.890806"><ele>169.0</ele></trkpt>
<trkpt lat="54.358013" lon="-2.891214"><ele>169.3</ele></trkpt>
<trkpt lat="54.358094" lon="-2.891607"><ele>169.7</ele></trkpt>
<trkpt lat="54.358112" lon="-2.891703"><ele>170.0</ele></trkpt>
<trkpt lat="54.35811" lon="-2.891743"><ele>170.0</ele></trkpt>
<trkpt lat="54.358181" lon="-2.892002"><ele>170.0</ele></trkpt>
<trkpt lat="54.358331" lon="-2.892223"><ele>170.0</ele></trkpt>
<trkpt lat="54.358454" lon="-2.892435"><ele>170.0</ele></trkpt>
<trkpt lat="54.358638" lon="-2.892599"><ele>170.0</ele></trkpt>
<trkpt lat="54.358825" lon="-2.892785"><ele>170.0</ele></trkpt>
<trkpt lat="54.358953" lon="-2.893173"><ele>168.3</ele></trkpt>
<trkpt lat="54.359121" lon="-2.893519"><ele>166.7</ele></trkpt>
<trkpt lat="54.359315" lon="-2.893808"><ele>165.0</ele></trkpt>
<trkpt lat="54.359374" lon="-2.894038"><ele>163.0</ele></trkpt>
<trkpt lat="54.35938" lon="-2.894146"><ele>161.0</ele></trkpt>
<trkpt lat="54.359403" lon="-2.894273"><ele>159.0</ele></trkpt>
<trkpt lat="54.359459" lon="-2.894551"><ele>157.0</ele></trkpt>
<trkpt lat="54.359491" lon="-2.894703"><ele>155.0</ele></trkpt>
<trkpt lat="54.359536" lon="-2.894967"><ele>153.0</ele></trkpt>
<trkpt lat="54.359554" lon="-2.895057"><ele>152.3</ele></trkpt>
<trkpt lat="54.359583" lon="-2.895174"><ele>151.7</ele></trkpt>
<trkpt lat="54.359613" lon="-2.89529"><ele>151.0</ele></trkpt>
<trkpt lat="54.35963" lon="-2.895359"><ele>150.7</ele></trkpt>
<trkpt lat="54.359681" lon="-2.895435"><ele>150.3</ele></trkpt>
<trkpt lat="54.359692" lon="-2.895476"><ele>150.0</ele></trkpt>
<trkpt lat="54.359828" lon="-2.895561"><ele>153.0</ele></trkpt>
<trkpt lat="54.360241" lon="-2.895809"><ele>156.0</ele></trkpt>
<trkpt lat="54.360403" lon="-2.895892"><ele>159.0</ele></trkpt>
<trkpt lat="54.360518" lon="-2.895958"><ele>158.0</ele></trkpt>
<trkpt lat="54.360647" lon="-2.896128"><ele>157.0</ele></trkpt>
<trkpt lat="54.360855" lon="-2.896374"><ele>156.0</ele></trkpt>
<trkpt lat="54.361108" lon="-2.89666"><ele>153.3</ele></trkpt>
<trkpt lat="54.361136" lon="-2.896727"><ele>150.7</ele></trkpt>
<trkpt lat="54.361237" lon="-2.896814"><ele>148.0</ele></trkpt>
<trkpt lat="54.361346" lon="-2.896856"><ele>147.0</ele></trkpt>
<trkpt lat="54.361523" lon="-2.897081"><ele>146.0</ele></trkpt>
<trkpt lat="54.361621" lon="-2.89726"><ele>145.0</ele></trkpt>
<trkpt lat="54.36167" lon="-2.897348"><ele>145.0</ele></trkpt>
<trkpt lat="54.361744" lon="-2.897485"><ele>145.0</ele></trkpt>
<trkpt lat="54.361811" lon="-2.897619"><ele>145.0</ele></trkpt>
<trkpt lat="54.361856" lon="-2.897674"><ele>145.0</ele></trkpt>
<trkpt lat="54.361891" lon="-2.897691"><ele>145.0</ele></trkpt>
<trkpt lat="54.36193" lon="-2.897696"><ele>145.0</ele></trkpt>
<trkpt lat="54.362027" lon="-2.897694"><ele>145.3</ele></trkpt>
<trkpt lat="54.36206" lon="-2.897707"><ele>145.7</ele></trkpt>
<trkpt lat="54.362099" lon="-2.897733"><ele>146.0</ele></trkpt>
<trkpt lat="54.362124" lon="-2.897765"><ele>145.7</ele></trkpt>
<trkpt lat="54.362231" lon="-2.897941"><ele>145.3</ele></trkpt>
<trkpt lat="54.362295" lon="-2.898038"><ele>145.0</ele></trkpt>
<trkpt lat="54.36232" lon="-2.898184"><ele>144.3</ele></trkpt>
<trkpt lat="54.362329" lon="-2.898325"><ele>143.7</ele></trkpt>
<trkpt lat="54.362341" lon="-2.89863"><ele>143.0</ele></trkpt>
<trkpt lat="54.362371" lon="-2.899356"><ele>141.7</ele></trkpt>
<trkpt lat="54.36242" lon="-2.900241"><ele>140.3</ele></trkpt>
<trkpt lat="54.362415" lon="-2.900274"><ele>139.0</ele></trkpt>
<trkpt lat="54.362247" lon="-2.901136"><ele>138.7</ele></trkpt>
<trkpt lat="54.362215" lon="-2.901442"><ele>138.3</ele></trkpt>
<trkpt lat="54.362117" lon="-2.90197"><ele>138.0</ele></trkpt>
<trkpt lat="54.361987" lon="-2.902391"><ele>137.7</ele></trkpt>
<trkpt lat="54.361892" lon="-2.902774"><ele>137.3</ele></trkpt>
<trkpt lat="54.361838" lon="-2.902874"><ele>137.0</ele></trkpt>
<trkpt lat="54.361693" lon="-2.902896"><ele>136.3</ele></trkpt>
<trkpt lat="54.361625" lon="-2.903559"><ele>135.7</ele></trkpt>
<trkpt lat="54.361616" lon="-2.903955"><ele>135.0</ele></trkpt>
<trkpt lat="54.361524" lon="-2.904511"><ele>134.3</ele></trkpt>
<trkpt lat="54.361484" lon="-2.904984"><ele>133.7</ele></trkpt>
<trkpt lat="54.361492" lon="-2.90538"><ele>133.0</ele></trkpt>
<trkpt lat="54.361465" lon="-2.906351"><ele>133.0</ele></trkpt>
<trkpt lat="54.361471" lon="-2.907279"><ele>133.0</ele></trkpt>
<trkpt lat="54.361442" lon="-2.907679"><ele>133.0</ele></trkpt>
<trkpt lat="54.361437" lon="-2.907732"><ele>133.7</ele></trkpt>
<trkpt lat="54.361382" lon="-2.908397"><ele>134.3</ele></trkpt>
<trkpt lat="54.361282" lon="-2.90896"><ele>135.0</ele></trkpt>
<trkpt lat="54.361213" lon="-2.90925"><ele>135.0</ele></trkpt>
<trkpt lat="54.361212" lon="-2.909251"><ele>135.0</ele></trkpt>
<trkpt lat="54.361131" lon="-2.909387"><ele>135.0</ele></trkpt>
<trkpt lat="54.361075" lon="-2.909611"><ele>136.0</ele></trkpt>
<trkpt lat="54.36093" lon="-2.910146"><ele>137.0</ele></trkpt>
<trkpt lat="54.360908" lon="-2.910394"><ele>138.0</ele></trkpt>
<trkpt lat="54.360952" lon="-2.910575"><ele>138.0</ele></trkpt>
<trkpt lat="54.360964" lon="-2.91082"><ele>138.0</ele></trkpt>
<trkpt lat="54.360962" lon="-2.911071"><ele>138.0</ele></trkpt>
<trkpt lat="54.361087" lon="-2.911332"><ele>137.0</ele></trkpt>
<trkpt lat="54.361227" lon="-2.911456"><ele>136.0</ele></trkpt>
<trkpt lat="54.361331" lon="-2.911709"><ele>135.0</ele></trkpt>
<trkpt lat="54.361462" lon="-2.912143"><ele>134.7</ele></trkpt>
<trkpt lat="54.361571" lon="-2.912447"><ele>134.3</ele></trkpt>
<trkpt lat="54.36167" lon="-2.912549"><ele>134.0</ele></trkpt>
<trkpt lat="54.361891" lon="-2.913"><ele>130.0</ele></trkpt>
<trkpt lat="54.362005" lon="-2.913229"><ele>126.0</ele></trkpt>
<trkpt lat="54.362039" lon="-2.9134"><ele>122.0</ele></trkpt>
<trkpt lat="54.362166" lon="-2.913604"><ele>116.0</ele></trkpt>
<trkpt lat="54.36224" lon="-2.913678"><ele>110.0</ele></trkpt>
<trkpt lat="54.36229" lon="-2.914289"><ele>104.0</ele></trkpt>
<trkpt lat="54.362355" lon="-2.914825"><ele>98.3</ele></trkpt>
<trkpt lat="54.362413" lon="-2.915341"><ele>92.7</ele></trkpt>
<trkpt lat="54.362619" lon="-2.916023"><ele>87.0</ele></trkpt>
<trkpt lat="54.36275" lon="-2.916997"><ele>81.7</ele></trkpt>
<trkpt lat="54.362956" lon="-2.918412"><ele>76.3</ele></trkpt>
<trkpt lat="54.363144" lon="-2.918936"><ele>71.0</ele></trkpt>
<trkpt lat="54.363252" lon="-2.919378"><ele>65.7</ele></trkpt>
<trkpt lat="54.363552" lon="-2.919859"><ele>60.3</ele></trkpt>
<trkpt lat="54.363583" lon="-2.920108"><ele>55.0</ele></trkpt>
<trkpt lat="54.363796" lon="-2.920733"><ele>52.0</ele></trkpt>
<trkpt lat="54.363737" lon="-2.921455"><ele>49.0</ele></trkpt>
<trkpt lat="54.363529" lon="-2.921969"><ele>46.0</ele></trkpt>
<trkpt lat="54.363336" lon="-2.922224"><ele>45.3</ele></trkpt>
<trkpt lat="54.362714" lon="-2.922538"><ele>44.7</ele></trkpt>
<trkpt lat="54.362342" lon="-2.922659"><ele>44.0</ele></trkpt>
<trkpt lat="54.362299" lon="-2.922821"><ele>44.0</ele></trkpt>
<trkpt lat="54.362197" lon="-2.922923"><ele>44.0</ele></trkpt>
<trkpt lat="54.3621" lon="-2.923313"><ele>44.0</ele></trkpt>
<trkpt lat="54.362081" lon="-2.923727"><ele>43.3</ele></trkpt>
<trkpt lat="54.362212" lon="-2.924933"><ele>42.7</ele></trkpt>
<trkpt lat="54.362239" lon="-2.925539"><ele>42.0</ele></trkpt>
<trkpt lat="54.362106" lon="-2.926281"><ele>42.7</ele></trkpt>
<trkpt lat="54.361887" lon="-2.926822"><ele>43.3</ele></trkpt>
<trkpt lat="54.361611" lon="-2.92714"><ele>44.0</ele></trkpt>
<trkpt lat="54.361276" lon="-2.927517"><ele>44.3</ele></trkpt>
<trkpt lat="54.360732" lon="-2.928144"><ele>44.7</ele></trkpt>
<trkpt lat="54.360654" lon="-2.92817"><ele>45.0</ele></trkpt>
<trkpt lat="54.360267" lon="-2.928511"><ele>46.7</ele></trkpt>
<trkpt lat="54.360184" lon="-2.928586"><ele>48.3</ele></trkpt>
<trkpt lat="54.360082" lon="-2.928614"><ele>50.0</ele></trkpt>
<trkpt lat="54.35977" lon="-2.928777"><ele>51.0</ele></trkpt>
<trkpt lat="54.359714" lon="-2.928862"><ele>52.0</ele></trkpt>
<trkpt lat="54.359667" lon="-2.928929"><ele>53.0</ele></trkpt>
<trkpt lat="54.359654" lon="-2.92905"><ele>51.7</ele></trkpt>
<trkpt lat="54.359616" lon="-2.929355"><ele>50.3</ele></trkpt>
<trkpt lat="54.359595" lon="-2.929685"><ele>49.0</ele></trkpt>
<trkpt lat="54.359618" lon="-2.930013"><ele>47.0</ele></trkpt>
<trkpt lat="54.359783" lon="-2.930468"><ele>45.0</ele></trkpt>
<trkpt lat="54.359858" lon="-2.930768"><ele>43.0</ele></trkpt>
<trkpt lat="54.359875" lon="-2.930913"><ele>42.7</ele></trkpt>
<trkpt lat="54.359894" lon="-2.931099"><ele>42.3</ele></trkpt>
<trkpt lat="54.359857" lon="-2.931241"><ele>42.0</ele></trkpt>
<trkpt lat="54.359812" lon="-2.931317"><ele>42.0</ele></trkpt>
<trkpt lat="54.359739" lon="-2.931377"><ele>42.0</ele></trkpt>
<trkpt lat="54.359691" lon="-2.931425"><ele>42.0</ele></trkpt>
<trkpt lat="54.359638" lon="-2.931393"><ele>42.3</ele></trkpt>
<trkpt lat="54.359587" lon="-2.931377"><ele>42.7</ele></trkpt>
<trkpt lat="54.359512" lon="-2.931245"><ele>43.0</ele></trkpt>
<trkpt lat="54.35942" lon="-2.931068"><ele>44.3</ele></trkpt>
<trkpt lat="54.359299" lon="-2.93091"><ele>45.7</ele></trkpt>
<trkpt lat="54.35922" lon="-2.930748"><ele>47.0</ele></trkpt>
<trkpt lat="54.359044" lon="-2.930523"><ele>47.3</ele></trkpt>
<trkpt lat="54.358841" lon="-2.930283"><ele>47.7</ele></trkpt>
<trkpt lat="54.358669" lon="-2.930126"><ele>48.0</ele></trkpt>
<trkpt lat="54.358391" lon="-2.929928"><ele>46.3</ele></trkpt>
<trkpt lat="54.35797" lon="-2.929809"><ele>44.7</ele></trkpt>
<trkpt lat="54.357773" lon="-2.929697"><ele>43.0</ele></trkpt>
<trkpt lat="54.357651" lon="-2.929588"><ele>42.7</ele></trkpt>
<trkpt lat="54.357495" lon="-2.929406"><ele>42.3</ele></trkpt>
<trkpt lat="54.357299" lon="-2.929063"><ele>42.0</ele></trkpt>
<trkpt lat="54.357039" lon="-2.928541"><ele>42.7</ele></trkpt>
<trkpt lat="54.35689" lon="-2.928246"><ele>43.3</ele></trkpt>
<trkpt lat="54.356781" lon="-2.928017"><ele>44.0</ele></trkpt>
<trkpt lat="54.356639" lon="-2.927746"><ele>43.7</ele></trkpt>
<trkpt lat="54.356588" lon="-2.927655"><ele>43.3</ele></trkpt>
<trkpt lat="54.356455" lon="-2.927506"><ele>43.0</ele></trkpt>
<trkpt lat="54.356177" lon="-2.927377"><ele>43.3</ele></trkpt>
<trkpt lat="54.355845" lon="-2.927144"><ele>43.7</ele></trkpt>
<trkpt lat="54.355538" lon="-2.927383"><ele>44.0</ele></trkpt>
<trkpt lat="54.354975" lon="-2.927832"><ele>46.0</ele></trkpt>
<trkpt lat="54.354856" lon="-2.928272"><ele>48.0</ele></trkpt>
<trkpt lat="54.354779" lon="-2.928498"><ele>50.0</ele></trkpt>
<trkpt lat="54.354597" lon="-2.92876"><ele>47.7</ele></trkpt>
<trkpt lat="54.354521" lon="-2.928967"><ele>45.3</ele></trkpt>
<trkpt lat="54.354464" lon="-2.929366"><ele>43.0</ele></trkpt>
<trkpt lat="54.354303" lon="-2.930183"><ele>41.5</ele></trkpt>
<trkpt lat="54.354215" lon="-2.931332"><ele>40.0</ele></trkpt>
<trkpt lat="54.354215" lon="-2.931332"><ele>40.0</ele></trkpt>
<trkpt lat="54.353162" lon="-2.939142"><ele>41.3</ele></trkpt>
<trkpt lat="54.35305" lon="-2.939586"><ele>42.7</ele></trkpt>
<trkpt lat="54.352854" lon="-2.939773"><ele>44.0</ele></trkpt>
<trkpt lat="54.352676" lon="-2.939729"><ele>44.3</ele></trkpt>
<trkpt lat="54.35228" lon="-2.939461"><ele>44.7</ele></trkpt>
<trkpt lat="54.352092" lon="-2.939434"><ele>45.0</ele></trkpt>
<trkpt lat="54.351959" lon="-2.939578"><ele>47.3</ele></trkpt>
<trkpt lat="54.351738" lon="-2.939996"><ele>49.7</ele></trkpt>
<trkpt lat="54.3516" lon="-2.940416"><ele>52.0</ele></trkpt>
<trkpt lat="54.351553" lon="-2.940922"><ele>54.7</ele></trkpt>
<trkpt lat="54.351542" lon="-2.941557"><ele>57.3</ele></trkpt>
<trkpt lat="54.351542" lon="-2.941696"><ele>60.0</ele></trkpt>
<trkpt lat="54.351492" lon="-2.941861"><ele>62.7</ele></trkpt>
<trkpt lat="54.351443" lon="-2.941964"><ele>65.3</ele></trkpt>
<trkpt lat="54.351359" lon="-2.942015"><ele>68.0</ele></trkpt>
<trkpt lat="54.351286" lon="-2.942025"><ele>66.7</ele></trkpt>
<trkpt lat="54.351208" lon="-2.941983"><ele>65.3</ele></trkpt>
<trkpt lat="54.351106" lon="-2.9419"><ele>64.0</ele></trkpt>
<trkpt lat="54.350996" lon="-2.941933"><ele>64.0</ele></trkpt>
<trkpt lat="54.350898" lon="-2.942044"><ele>64.0</ele></trkpt>
<trkpt lat="54.350872" lon="-2.942209"><ele>64.0</ele></trkpt>
<trkpt lat="54.350889" lon="-2.942468"><ele>70.7</ele></trkpt>
<trkpt lat="54.350937" lon="-2.942889"><ele>77.3</ele></trkpt>
<trkpt lat="54.351053" lon="-2.942966"><ele>84.0</ele></trkpt>
<trkpt lat="54.351179" lon="-2.942877"><ele>86.3</ele></trkpt>
<trkpt lat="54.35126" lon="-2.942879"><ele>88.7</ele></trkpt>
<trkpt lat="54.351385" lon="-2.942939"><ele>91.0</ele></trkpt>
<trkpt lat="54.3517" lon="-2.943335"><ele>103.3</ele></trkpt>
<trkpt lat="54.351932" lon="-2.943881"><ele>115.7</ele></trkpt>
<trkpt lat="54.351986" lon="-2.943967"><ele>128.0</ele></trkpt>
<trkpt lat="54.352268" lon="-2.944225"><ele>135.0</ele></trkpt>
<trkpt lat="54.352388" lon="-2.944475"><ele>142.0</ele></trkpt>
<trkpt lat="54.352491" lon="-2.944519"><ele>149.0</ele></trkpt>
<trkpt lat="54.352643" lon="-2.944452"><ele>148.7</ele></trkpt>
<trkpt lat="54.352832" lon="-2.944366"><ele>148.3</ele></trkpt>
<trkpt lat="54.352954" lon="-2.944299"><ele>148.0</ele></trkpt>
<trkpt lat="54.353044" lon="-2.944343"><ele>150.3</ele></trkpt>
<trkpt lat="54.353086" lon="-2.944406"><ele>152.7</ele></trkpt>
<trkpt lat="54.353043" lon="-2.944507"><ele>155.0</ele></trkpt>
<trkpt lat="54.352952" lon="-2.944555"><ele>156.7</ele></trkpt>
<trkpt lat="54.352824" lon="-2.944632"><ele>158.3</ele></trkpt>
<trkpt lat="54.352756" lon="-2.944774"><ele>160.0</ele></trkpt>
<trkpt lat="54.352755" lon="-2.944939"><ele>163.7</ele></trkpt>
<trkpt lat="54.352832" lon="-2.945094"><ele>167.3</ele></trkpt>
<trkpt lat="54.352905" lon="-2.945158"><ele>171.0</ele></trkpt>
<trkpt lat="54.353013" lon="-2.945376"><ele>172.0</ele></trkpt>
<trkpt lat="54.353709" lon="-2.946163"><ele>173.0</ele></trkpt>
<trkpt lat="54.354218" lon="-2.946606"><ele>174.0</ele></trkpt>
<trkpt lat="54.354709" lon="-2.947077"><ele>173.7</ele></trkpt>
<trkpt lat="54.355135" lon="-2.947551"><ele>173.3</ele></trkpt>
<trkpt lat="54.355372" lon="-2.947851"><ele>173.0</ele></trkpt>
<trkpt lat="54.355631" lon="-2.948033"><ele>172.7</ele></trkpt>
<trkpt lat="54.355831" lon="-2.948205"><ele>172.3</ele></trkpt>
<trkpt lat="54.355931" lon="-2.948369"><ele>172.0</ele></trkpt>
<trkpt lat="54.356006" lon="-2.948491"><ele>172.3</ele></trkpt>
<trkpt lat="54.356158" lon="-2.94845"><ele>172.7</ele></trkpt>
<trkpt lat="54.356309" lon="-2.948429"><ele>173.0</ele></trkpt>
<trkpt lat="54.356512" lon="-2.948446"><ele>175.0</ele></trkpt>
<trkpt lat="54.356638" lon="-2.948504"><ele>177.0</ele></trkpt>
<trkpt lat="54.356983" lon="-2.948843"><ele>179.0</ele></trkpt>
<trkpt lat="54.357071" lon="-2.948954"><ele>179.0</ele></trkpt>
<trkpt lat="54.357113" lon="-2.949078"><ele>179.0</ele></trkpt>
<trkpt lat="54.35719" lon="-2.949465"><ele>179.0</ele></trkpt>
<trkpt lat="54.357174" lon="-2.949491"><ele>179.3</ele></trkpt>
<trkpt lat="54.356972" lon="-2.949848"><ele>179.7</ele></trkpt>
<trkpt lat="54.356877" lon="-2.950177"><ele>180.0</ele></trkpt>
<trkpt lat="54.356777" lon="-2.950371"><ele>179.0</ele></trkpt>
<trkpt lat="54.35658" lon="-2.950711"><ele>178.0</ele></trkpt>
<trkpt lat="54.35649" lon="-2.951144"><ele>177.0</ele></trkpt>
<trkpt lat="54.356415" lon="-2.951257"><ele>176.3</ele></trkpt>
<trkpt lat="54.356244" lon="-2.951359"><ele>175.7</ele></trkpt>
<trkpt lat="54.355989" lon="-2.951543"><ele>175.0</ele></trkpt>
<trkpt lat="54.35571" lon="-2.951547"><ele>174.0</ele></trkpt>
<trkpt lat="54.355581" lon="-2.95166"><ele>173.0</ele></trkpt>
<trkpt lat="54.355462" lon="-2.951964"><ele>172.0</ele></trkpt>
<trkpt lat="54.355321" lon="-2.95221"><ele>172.3</ele></trkpt>
<trkpt lat="54.355091" lon="-2.952507"><ele>172.7</ele></trkpt>
<trkpt lat="54.354973" lon="-2.952855"><ele>173.0</ele></trkpt>
<trkpt lat="54.354921" lon="-2.953225"><ele>173.3</ele></trkpt>
<trkpt lat="54.354876" lon="-2.953604"><ele>173.7</ele></trkpt>
<trkpt lat="54.354783" lon="-2.953939"><ele>174.0</ele></trkpt>
<trkpt lat="54.35455" lon="-2.954488"><ele>170.7</ele></trkpt>
<trkpt lat="54.354317" lon="-2.954846"><ele>167.3</ele></trkpt>
<trkpt lat="54.354227" lon="-2.955057"><ele>164.0</ele></trkpt>
<trkpt lat="54.354064" lon="-2.9554"><ele>159.7</ele></trkpt>
<trkpt lat="54.353866" lon="-2.955993"><ele>155.3</ele></trkpt>
<trkpt lat="54.353656" lon="-2.956592"><ele>151.0</ele></trkpt>
<trkpt lat="54.353393" lon="-2.957466"><ele>145.3</ele></trkpt>
<trkpt lat="54.353218" lon="-2.957578"><ele>139.7</ele></trkpt>
<trkpt lat="54.352991" lon="-2.957782"><ele>134.0</ele></trkpt>
<trkpt lat="54.35272" lon="-2.957844"><ele>132.7</ele></trkpt>
<trkpt lat="54.352543" lon="-2.957788"><ele>131.3</ele></trkpt>
<trkpt lat="54.352235" lon="-2.957613"><ele>130.0</ele></trkpt>
<trkpt lat="54.352023" lon="-2.957411"><ele>126.7</ele></trkpt>
<trkpt lat="54.351761" lon="-2.957187"><ele>123.3</ele></trkpt>
<trkpt lat="54.351435" lon="-2.956928"><ele>120.0</ele></trkpt>
<trkpt lat="54.351239" lon="-2.956851"><ele>118.7</ele></trkpt>
<trkpt lat="54.350988" lon="-2.956812"><ele>117.3</ele></trkpt>
<trkpt lat="54.35067" lon="-2.956802"><ele>116.0</ele></trkpt>
<trkpt lat="54.350554" lon="-2.956798"><ele>112.7</ele></trkpt>
<trkpt lat="54.350582" lon="-2.956903"><ele>109.3</ele></trkpt>
<trkpt lat="54.350894" lon="-2.957381"><ele>106.0</ele></trkpt>
<trkpt lat="54.35089" lon="-2.957603"><ele>105.3</ele></trkpt>
<trkpt lat="54.350806" lon="-2.957737"><ele>104.7</ele></trkpt>
<trkpt lat="54.35059" lon="-2.957877"><ele>104.0</ele></trkpt>
<trkpt lat="54.350483" lon="-2.958141"><ele>101.7</ele></trkpt>
<trkpt lat="54.350294" lon="-2.958196"><ele>99.3</ele></trkpt>
<trkpt lat="54.349972" lon="-2.958199"><ele>97.0</ele></trkpt>
<trkpt lat="54.349816" lon="-2.958339"><ele>95.7</ele></trkpt>
<trkpt lat="54.349475" lon="-2.958452"><ele>94.3</ele></trkpt>
<trkpt lat="54.348894" lon="-2.958483"><ele>93.0</ele></trkpt>
<trkpt lat="54.34847" lon="-2.958561"><ele>92.7</ele></trkpt>
<trkpt lat="54.348361" lon="-2.958551"><ele>92.3</ele></trkpt>
<trkpt lat="54.348191" lon="-2.958632"><ele>92.0</ele></trkpt>
<trkpt lat="54.347693" lon="-2.958418"><ele>91.7</ele></trkpt>
<trkpt lat="54.347606" lon="-2.958405"><ele>91.3</ele></trkpt>
<trkpt lat="54.347562" lon="-2.958478"><ele>91.0</ele></trkpt>
<trkpt lat="54.347422" lon="-2.958646"><ele>92.0</ele></trkpt>
<trkpt lat="54.347229" lon="-2.958815"><ele>93.0</ele></trkpt>
<trkpt lat="54.346963" lon="-2.959122"><ele>94.0</ele></trkpt>
<trkpt lat="54.346813" lon="-2.959645"><ele>95.0</ele></trkpt>
<trkpt lat="54.34675" lon="-2.960178"><ele>96.0</ele></trkpt>
<trkpt lat="54.346631" lon="-2.960768"><ele>97.0</ele></trkpt>
<trkpt lat="54.346568" lon="-2.961026"><ele>97.3</ele></trkpt>
<trkpt lat="54.346549" lon="-2.961239"><ele>97.7</ele></trkpt>
<trkpt lat="54.346425" lon="-2.961492"><ele>98.0</ele></trkpt>
<trkpt lat="54.346345" lon="-2.961732"><ele>98.7</ele></trkpt>
<trkpt lat="54.346147" lon="-2.961841"><ele>99.3</ele></trkpt>
<trkpt lat="54.346078" lon="-2.96189"><ele>100.0</ele></trkpt>
<trkpt lat="54.346025" lon="-2.961984"><ele>101.7</ele></trkpt>
<trkpt lat="54.345811" lon="-2.962603"><ele>103.3</ele></trkpt>
<trkpt lat="54.345785" lon="-2.962727"><ele>105.0</ele></trkpt>
<trkpt lat="54.345646" lon="-2.962949"><ele>105.0</ele></trkpt>
<trkpt lat="54.345427" lon="-2.963348"><ele>105.0</ele></trkpt>
<trkpt lat="54.345204" lon="-2.963685"><ele>105.0</ele></trkpt>
<trkpt lat="54.345004" lon="-2.96404"><ele>106.0</ele></trkpt>
<trkpt lat="54.344848" lon="-2.9643"><ele>107.0</ele></trkpt>
<trkpt lat="54.344695" lon="-2.964544"><ele>108.0</ele></trkpt>
<trkpt lat="54.344516" lon="-2.964798"><ele>110.7</ele></trkpt>
<trkpt lat="54.344229" lon="-2.965306"><ele>113.3</ele></trkpt>
<trkpt lat="54.344042" lon="-2.965836"><ele>116.0</ele></trkpt>
<trkpt lat="54.343864" lon="-2.966338"><ele>117.0</ele></trkpt>
<trkpt lat="54.343692" lon="-2.966895"><ele>118.0</ele></trkpt>
<trkpt lat="54.343527" lon="-2.967456"><ele>119.0</ele></trkpt>
<trkpt lat="54.343454" lon="-2.967699"><ele>118.0</ele></trkpt>
<trkpt lat="54.34339" lon="-2.967836"><ele>117.0</ele></trkpt>
<trkpt lat="54.343309" lon="-2.968001"><ele>116.0</ele></trkpt>
<trkpt lat="54.34321" lon="-2.968029"><ele>116.0</ele></trkpt>
<trkpt lat="54.343132" lon="-2.968115"><ele>116.0</ele></trkpt>
<trkpt lat="54.343078" lon="-2.96819"><ele>116.0</ele></trkpt>
<trkpt lat="54.343012" lon="-2.968405"><ele>115.0</ele></trkpt>
<trkpt lat="54.342957" lon="-2.968587"><ele>114.0</ele></trkpt>
<trkpt lat="54.342903" lon="-2.968662"><ele>113.0</ele></trkpt>
<trkpt lat="54.342839" lon="-2.968797"><ele>112.0</ele></trkpt>
<trkpt lat="54.342785" lon="-2.968857"><ele>111.0</ele></trkpt>
<trkpt lat="54.342607" lon="-2.96896"><ele>110.0</ele></trkpt>
<trkpt lat="54.342394" lon="-2.969033"><ele>109.0</ele></trkpt>
<trkpt lat="54.342082" lon="-2.969256"><ele>108.0</ele></trkpt>
<trkpt lat="54.34201" lon="-2.969362"><ele>107.0</ele></trkpt>
<trkpt lat="54.341937" lon="-2.969589"><ele>105.3</ele></trkpt>
<trkpt lat="54.341865" lon="-2.969755"><ele>103.7</ele></trkpt>
<trkpt lat="54.341812" lon="-2.969915"><ele>102.0</ele></trkpt>
<trkpt lat="54.341738" lon="-2.970011"><ele>100.0</ele></trkpt>
<trkpt lat="54.341639" lon="-2.9701"><ele>98.0</ele></trkpt>
<trkpt lat="54.341594" lon="-2.970145"><ele>96.0</ele></trkpt>
<trkpt lat="54.341576" lon="-2.970266"><ele>94.7</ele></trkpt>
<trkpt lat="54.341584" lon="-2.970342"><ele>93.3</ele></trkpt>
<trkpt lat="54.341627" lon="-2.970465"><ele>92.0</ele></trkpt>
<trkpt lat="54.341662" lon="-2.970557"><ele>90.7</ele></trkpt>
<trkpt lat="54.341687" lon="-2.970649"><ele>89.3</ele></trkpt>
<trkpt lat="54.341714" lon="-2.970838"><ele>88.0</ele></trkpt>
<trkpt lat="54.341666" lon="-2.97106"><ele>84.7</ele></trkpt>
<trkpt lat="54.341549" lon="-2.971362"><ele>81.3</ele></trkpt>
<trkpt lat="54.341291" lon="-2.971876"><ele>78.0</ele></trkpt>
<trkpt lat="54.341245" lon="-2.971988"><ele>78.7</ele></trkpt>
<trkpt lat="54.341131" lon="-2.972011"><ele>79.3</ele></trkpt>
<trkpt lat="54.340998" lon="-2.971985"><ele>80.0</ele></trkpt>
<trkpt lat="54.340795" lon="-2.971811"><ele>80.3</ele></trkpt>
<trkpt lat="54.340627" lon="-2.971757"><ele>80.7</ele></trkpt>
<trkpt lat="54.340303" lon="-2.971732"><ele>81.0</ele></trkpt>
<trkpt lat="54.340126" lon="-2.971671"><ele>80.0</ele></trkpt>
<trkpt lat="54.339972" lon="-2.971487"><ele>79.0</ele></trkpt>
<trkpt lat="54.339834" lon="-2.971456"><ele>78.0</ele></trkpt>
<trkpt lat="54.339539" lon="-2.971471"><ele>77.7</ele></trkpt>
<trkpt lat="54.33909" lon="-2.971585"><ele>77.3</ele></trkpt>
<trkpt lat="54.338796" lon="-2.971646"><ele>77.0</ele></trkpt>
<trkpt lat="54.338176" lon="-2.971812"><ele>75.7</ele></trkpt>
<trkpt lat="54.338037" lon="-2.97191"><ele>74.3</ele></trkpt>
<trkpt lat="54.337933" lon="-2.972105"><ele>73.0</ele></trkpt>
<trkpt lat="54.337738" lon="-2.972596"><ele>73.3</ele></trkpt>
<trkpt lat="54.337742" lon="-2.97269"><ele>73.7</ele></trkpt>
<trkpt lat="54.337761" lon="-2.972825"><ele>74.0</ele></trkpt>
<trkpt lat="54.337873" lon="-2.973169"><ele>75.7</ele></trkpt>
<trkpt lat="54.337919" lon="-2.973565"><ele>77.3</ele></trkpt>
<trkpt lat="54.337917" lon="-2.973767"><ele>79.0</ele></trkpt>
<trkpt lat="54.337844" lon="-2.97398"><ele>83.3</ele></trkpt>
<trkpt lat="54.337505" lon="-2.974545"><ele>87.7</ele></trkpt>
<trkpt lat="54.337214" lon="-2.974984"><ele>92.0</ele></trkpt>
<trkpt lat="54.337148" lon="-2.975194"><ele>95.7</ele></trkpt>
<trkpt lat="54.337212" lon="-2.975417"><ele>99.3</ele></trkpt>
<trkpt lat="54.337384" lon="-2.975685"><ele>103.0</ele></trkpt>
<trkpt lat="54.337397" lon="-2.975883"><ele>107.0</ele></trkpt>
<trkpt lat="54.337337" lon="-2.97606"><ele>111.0</ele></trkpt>
<trkpt lat="54.337239" lon="-2.976268"><ele>115.0</ele></trkpt>
<trkpt lat="54.337123" lon="-2.976505"><ele>121.0</ele></trkpt>
<trkpt lat="54.336964" lon="-2.976911"><ele>127.0</ele></trkpt>
<trkpt lat="54.336879" lon="-2.97715"><ele>133.0</ele></trkpt>
<trkpt lat="54.336719" lon="-2.977467"><ele>137.7</ele></trkpt>
<trkpt lat="54.336644" lon="-2.977806"><ele>142.3</ele></trkpt>
<trkpt lat="54.336633" lon="-2.978346"><ele>147.0</ele></trkpt>
<trkpt lat="54.336513" lon="-2.978717"><ele>151.7</ele></trkpt>
<trkpt lat="54.336387" lon="-2.97901"><ele>156.3</ele></trkpt>
<trkpt lat="54.336357" lon="-2.979526"><ele>161.0</ele></trkpt>
<trkpt lat="54.336296" lon="-2.9798"><ele>161.7</ele></trkpt>
<trkpt lat="54.336306" lon="-2.980131"><ele>162.3</ele></trkpt>
<trkpt lat="54.336375" lon="-2.980376"><ele>163.0</ele></trkpt>
<trkpt lat="54.336322" lon="-2.980517"><ele>165.3</ele></trkpt>
<trkpt lat="54.336295" lon="-2.980627"><ele>167.7</ele></trkpt>
<trkpt lat="54.336246" lon="-2.981064"><ele>170.0</ele></trkpt>
<trkpt lat="54.336171" lon="-2.981482"><ele>174.3</ele></trkpt>
<trkpt lat="54.336167" lon="-2.981805"><ele>178.7</ele></trkpt>
<trkpt lat="54.336176" lon="-2.982155"><ele>183.0</ele></trkpt>
<trkpt lat="54.336151" lon="-2.982542"><ele>185.0</ele></trkpt>
<trkpt lat="54.336089" lon="-2.982883"><ele>187.0</ele></trkpt>
<trkpt lat="54.336014" lon="-2.983348"><ele>189.0</ele></trkpt>
<trkpt lat="54.335889" lon="-2.983567"><ele>189.3</ele></trkpt>
<trkpt lat="54.335793" lon="-2.983813"><ele>189.7</ele></trkpt>
<trkpt lat="54.335562" lon="-2.984458"><ele>190.0</ele></trkpt>
<trkpt lat="54.335143" lon="-2.985446"><ele>188.0</ele></trkpt>
<trkpt lat="54.335039" lon="-2.985825"><ele>186.0</ele></trkpt>
<trkpt lat="54.335036" lon="-2.986145"><ele>184.0</ele></trkpt>
<trkpt lat="54.335084" lon="-2.986727"><ele>183.0</ele></trkpt>
<trkpt lat="54.335082" lon="-2.987075"><ele>182.0</ele></trkpt>
<trkpt lat="54.335031" lon="-2.987292"><ele>181.0</ele></trkpt>
<trkpt lat="54.334897" lon="-2.98761"><ele>181.0</ele></trkpt>
<trkpt lat="54.334877" lon="-2.987763"><ele>181.0</ele></trkpt>
<trkpt lat="54.334873" lon="-2.988038"><ele>181.0</ele></trkpt>
<trkpt lat="54.334815" lon="-2.988205"><ele>177.0</ele></trkpt>
<trkpt lat="54.334709" lon="-2.988631"><ele>173.0</ele></trkpt>
<trkpt lat="54.334479" lon="-2.989253"><ele>169.0</ele></trkpt>
<trkpt lat="54.334387" lon="-2.989377"><ele>166.3</ele></trkpt>
<trkpt lat="54.334217" lon="-2.98954"><ele>163.7</ele></trkpt>
<trkpt lat="54.334203" lon="-2.989877"><ele>161.0</ele></trkpt>
<trkpt lat="54.33425" lon="-2.990136"><ele>158.7</ele></trkpt>
<trkpt lat="54.334278" lon="-2.990404"><ele>156.3</ele></trkpt>
<trkpt lat="54.334218" lon="-2.990635"><ele>154.0</ele></trkpt>
<trkpt lat="54.334126" lon="-2.990936"><ele>149.3</ele></trkpt>
<trkpt lat="54.333957" lon="-2.991329"><ele>144.7</ele></trkpt>
<trkpt lat="54.333744" lon="-2.991452"><ele>140.0</ele></trkpt>
<trkpt lat="54.333523" lon="-2.991451"><ele>138.0</ele></trkpt>
<trkpt lat="54.333434" lon="-2.991481"><ele>136.0</ele></trkpt>
<trkpt lat="54.333229" lon="-2.991788"><ele>134.0</ele></trkpt>
<trkpt lat="54.333149" lon="-2.99191"><ele>132.0</ele></trkpt>
<trkpt lat="54.333086" lon="-2.992071"><ele>130.0</ele></trkpt>
<trkpt lat="54.333051" lon="-2.992247"><ele>128.0</ele></trkpt>
<trkpt lat="54.332793" lon="-2.992315"><ele>126.0</ele></trkpt>
<trkpt lat="54.332629" lon="-2.992403"><ele>124.0</ele></trkpt>
<trkpt lat="54.332579" lon="-2.992422"><ele>122.0</ele></trkpt>
<trkpt lat="54.332534" lon="-2.992573"><ele>119.7</ele></trkpt>
<trkpt lat="54.332516" lon="-2.992713"><ele>117.3</ele></trkpt>
<trkpt lat="54.332479" lon="-2.992805"><ele>115.0</ele></trkpt>
<trkpt lat="54.332346" lon="-2.992912"><ele>111.7</ele></trkpt>
<trkpt lat="54.332257" lon="-2.99308"><ele>108.3</ele></trkpt>
<trkpt lat="54.332181" lon="-2.993181"><ele>105.0</ele></trkpt>
<trkpt lat="54.331973" lon="-2.993274"><ele>103.0</ele></trkpt>
<trkpt lat="54.331812" lon="-2.993345"><ele>101.0</ele></trkpt>
<trkpt lat="54.331509" lon="-2.993518"><ele>99.0</ele></trkpt>
<trkpt lat="54.331402" lon="-2.99365"><ele>96.3</ele></trkpt>
<trkpt lat="54.331169" lon="-2.994024"><ele>93.7</ele></trkpt>
<trkpt lat="54.33109" lon="-2.994229"><ele>91.0</ele></trkpt>
<trkpt lat="54.331031" lon="-2.994348"><ele>89.3</ele></trkpt>
<trkpt lat="54.330932" lon="-2.994523"><ele>87.7</ele></trkpt>
<trkpt lat="54.330809" lon="-2.994753"><ele>86.0</ele></trkpt>
<trkpt lat="54.330728" lon="-2.994891"><ele>84.3</ele></trkpt>
<trkpt lat="54.330576" lon="-2.995163"><ele>82.7</ele></trkpt>
<trkpt lat="54.330526" lon="-2.995231"><ele>81.0</ele></trkpt>
<trkpt lat="54.330484" lon="-2.99531"><ele>80.3</ele></trkpt>
<trkpt lat="54.330447" lon="-2.995391"><ele>79.7</ele></trkpt>
<trkpt lat="54.330377" lon="-2.995648"><ele>79.0</ele></trkpt>
<trkpt lat="54.330364" lon="-2.995717"><ele>79.7</ele></trkpt>
<trkpt lat="54.330353" lon="-2.995863"><ele>80.3</ele></trkpt>
<trkpt lat="54.330594" lon="-2.995975"><ele>81.0</ele></trkpt>
<trkpt lat="54.330611" lon="-2.996234"><ele>82.3</ele></trkpt>
<trkpt lat="54.33061" lon="-2.996325"><ele>83.7</ele></trkpt>
<trkpt lat="54.330601" lon="-2.996386"><ele>85.0</ele></trkpt>
<trkpt lat="54.33069" lon="-2.996602"><ele>90.0</ele></trkpt>
<trkpt lat="54.330689" lon="-2.996815"><ele>95.0</ele></trkpt>
<trkpt lat="54.330852" lon="-2.996973"><ele>100.0</ele></trkpt>
<trkpt lat="54.33087" lon="-2.997129"><ele>103.0</ele></trkpt>
<trkpt lat="54.33086" lon="-2.997329"><ele>106.0</ele></trkpt>
<trkpt lat="54.330779" lon="-2.997451"><ele>109.0</ele></trkpt>
<trkpt lat="54.330688" lon="-2.997525"><ele>110.3</ele></trkpt>
<trkpt lat="54.330669" lon="-2.997644"><ele>111.7</ele></trkpt>
<trkpt lat="54.330676" lon="-2.997748"><ele>113.0</ele></trkpt>
<trkpt lat="54.330781" lon="-2.997856"><ele>117.3</ele></trkpt>
<trkpt lat="54.330926" lon="-2.997887"><ele>121.7</ele></trkpt>
<trkpt lat="54.331161" lon="-2.99789"><ele>126.0</ele></trkpt>
<trkpt lat="54.331397" lon="-2.997962"><ele>132.0</ele></trkpt>
<trkpt lat="54.331682" lon="-2.9981"><ele>138.0</ele></trkpt>
<trkpt lat="54.331783" lon="-2.998212"><ele>144.0</ele></trkpt>
<trkpt lat="54.331792" lon="-2.998519"><ele>147.7</ele></trkpt>
<trkpt lat="54.33168" lon="-2.998747"><ele>151.3</ele></trkpt>
<trkpt lat="54.331638" lon="-2.99902"><ele>155.0</ele></trkpt>
<trkpt lat="54.331597" lon="-2.99926"><ele>157.7</ele></trkpt>
<trkpt lat="54.331584" lon="-2.99946"><ele>160.3</ele></trkpt>
<trkpt lat="54.331537" lon="-2.999556"><ele>163.0</ele></trkpt>
<trkpt lat="54.331479" lon="-2.999617"><ele>164.3</ele></trkpt>
<trkpt lat="54.331406" lon="-2.999622"><ele>165.7</ele></trkpt>
<trkpt lat="54.331248" lon="-2.999748"><ele>167.0</ele></trkpt>
<trkpt lat="54.331125" lon="-2.999742"><ele>169.7</ele></trkpt>
<trkpt lat="54.331059" lon="-2.999774"><ele>172.3</ele></trkpt>
<trkpt lat="54.33087" lon="-3.00007"><ele>175.0</ele></trkpt>
<trkpt lat="54.330668" lon="-3.000601"><ele>178.0</ele></trkpt>
<trkpt lat="54.330566" lon="-3.000841"><ele>181.0</ele></trkpt>
<trkpt lat="54.330374" lon="-3.001041"><ele>184.0</ele></trkpt>
<trkpt lat="54.330244" lon="-3.001415"><ele>185.0</ele></trkpt>
<trkpt lat="54.330036" lon="-3.001838"><ele>186.0</ele></trkpt>
<trkpt lat="54.329789" lon="-3.002304"><ele>187.0</ele></trkpt>
<trkpt lat="54.32963" lon="-3.002514"><ele>187.7</ele></trkpt>
<trkpt lat="54.329448" lon="-3.002971"><ele>188.3</ele></trkpt>
<trkpt lat="54.329373" lon="-3.003329"><ele>189.0</ele></trkpt>
<trkpt lat="54.329371" lon="-3.003599"><ele>190.7</ele></trkpt>
<trkpt lat="54.329452" lon="-3.004119"><ele>192.3</ele></trkpt>
<trkpt lat="54.329315" lon="-3.004412"><ele>194.0</ele></trkpt>
<trkpt lat="54.329108" lon="-3.004986"><ele>196.3</ele></trkpt>
<trkpt lat="54.32902" lon="-3.005341"><ele>198.7</ele></trkpt>
<trkpt lat="54.328816" lon="-3.006261"><ele>201.0</ele></trkpt>
<trkpt lat="54.328749" lon="-3.006671"><ele>202.0</ele></trkpt>
<trkpt lat="54.328484" lon="-3.007154"><ele>203.0</ele></trkpt>
<trkpt lat="54.328438" lon="-3.00739"><ele>204.0</ele></trkpt>
<trkpt lat="54.328409" lon="-3.007676"><ele>203.7</ele></trkpt>
<trkpt lat="54.328342" lon="-3.00794"><ele>203.3</ele></trkpt>
<trkpt lat="54.328171" lon="-3.008188"><ele>203.0</ele></trkpt>
<trkpt lat="54.328057" lon="-3.00842"><ele>200.0</ele></trkpt>
<trkpt lat="54.32786" lon="-3.008932"><ele>197.0</ele></trkpt>
<trkpt lat="54.327662" lon="-3.009274"><ele>194.0</ele></trkpt>
<trkpt lat="54.327449" lon="-3.00971"><ele>190.0</ele></trkpt>
<trkpt lat="54.327299" lon="-3.009874"><ele>186.0</ele></trkpt>
<trkpt lat="54.327161" lon="-3.010126"><ele>182.0</ele></trkpt>
<trkpt lat="54.326952" lon="-3.01055"><ele>180.3</ele></trkpt>
<trkpt lat="54.326792" lon="-3.010853"><ele>178.7</ele></trkpt>
<trkpt lat="54.326613" lon="-3.01114"><ele>177.0</ele></trkpt>
<trkpt lat="54.326502" lon="-3.011394"><ele>175.7</ele></trkpt>
<trkpt lat="54.326351" lon="-3.011647"><ele>174.3</ele></trkpt>
<trkpt lat="54.326208" lon="-3.011835"><ele>173.0</ele></trkpt>
<trkpt lat="54.325955" lon="-3.012607"><ele>172.3</ele></trkpt>
<trkpt lat="54.325749" lon="-3.013109"><ele>171.7</ele></trkpt>
<trkpt lat="54.325646" lon="-3.013491"><ele>171.0</ele></trkpt>
<trkpt lat="54.325481" lon="-3.014341"><ele>165.7</ele></trkpt>
<trkpt lat="54.325275" lon="-3.015212"><ele>160.3</ele></trkpt>
<trkpt lat="54.325164" lon="-3.015423"><ele>155.0</ele></trkpt>
<trkpt lat="54.325039" lon="-3.015544"><ele>153.0</ele></trkpt>
<trkpt lat="54.32494" lon="-3.01571"><ele>151.0</ele></trkpt>
<trkpt lat="54.325005" lon="-3.016025"><ele>149.0</ele></trkpt>
<trkpt lat="54.325096" lon="-3.016591"><ele>146.3</ele></trkpt>
<trkpt lat="54.325121" lon="-3.017007"><ele>143.7</ele></trkpt>
<trkpt lat="54.325081" lon="-3.017288"><ele>141.0</ele></trkpt>
<trkpt lat="54.324989" lon="-3.017578"><ele>136.3</ele></trkpt>
<trkpt lat="54.32486" lon="-3.017832"><ele>131.7</ele></trkpt>
<trkpt lat="54.324766" lon="-3.017926"><ele>127.0</ele></trkpt>
<trkpt lat="54.324705" lon="-3.017944"><ele>125.3</ele></trkpt>
<trkpt lat="54.324513" lon="-3.017948"><ele>123.7</ele></trkpt>
<trkpt lat="54.324334" lon="-3.017939"><ele>122.0</ele></trkpt>
<trkpt lat="54.324055" lon="-3.017911"><ele>117.0</ele></trkpt>
<trkpt lat="54.323992" lon="-3.017935"><ele>112.0</ele></trkpt>
<trkpt lat="54.323762" lon="-3.018179"><ele>107.0</ele></trkpt>
<trkpt lat="54.323653" lon="-3.018231"><ele>104.0</ele></trkpt>
<trkpt lat="54.323477" lon="-3.018294"><ele>101.0</ele></trkpt>
<trkpt lat="54.32343" lon="-3.018378"><ele>98.0</ele></trkpt>
<trkpt lat="54.323413" lon="-3.018538"><ele>96.3</ele></trkpt>
<trkpt lat="54.323398" lon="-3.018876"><ele>94.7</ele></trkpt>
<trkpt lat="54.323292" lon="-3.019315"><ele>93.0</ele></trkpt>
<trkpt lat="54.323216" lon="-3.019575"><ele>91.7</ele></trkpt>
<trkpt lat="54.323406" lon="-3.019825"><ele>90.3</ele></trkpt>
<trkpt lat="54.323453" lon="-3.019893"><ele>89.0</ele></trkpt>
<trkpt lat="54.32342" lon="-3.020157"><ele>87.3</ele></trkpt>
<trkpt lat="54.323316" lon="-3.020436"><ele>85.7</ele></trkpt>
<trkpt lat="54.32325" lon="-3.020599"><ele>84.0</ele></trkpt>
<trkpt lat="54.323201" lon="-3.020954"><ele>83.7</ele></trkpt>
<trkpt lat="54.323209" lon="-3.021282"><ele>83.3</ele></trkpt>
<trkpt lat="54.323246" lon="-3.021477"><ele>83.0</ele></trkpt>
<trkpt lat="54.323272" lon="-3.02176"><ele>84.0</ele></trkpt>
<trkpt lat="54.323245" lon="-3.02196"><ele>85.0</ele></trkpt>
<trkpt lat="54.323093" lon="-3.022816"><ele>86.0</ele></trkpt>
<trkpt lat="54.322921" lon="-3.023761"><ele>86.3</ele></trkpt>
<trkpt lat="54.322872" lon="-3.024097"><ele>86.7</ele></trkpt>
<trkpt lat="54.322855" lon="-3.024343"><ele>87.0</ele></trkpt>
<trkpt lat="54.322889" lon="-3.024494"><ele>87.7</ele></trkpt>
<trkpt lat="54.323004" lon="-3.02484"><ele>88.3</ele></trkpt>
<trkpt lat="54.32315" lon="-3.025317"><ele>89.0</ele></trkpt>
<trkpt lat="54.323257" lon="-3.025527"><ele>89.7</ele></trkpt>
<trkpt lat="54.323397" lon="-3.025676"><ele>90.3</ele></trkpt>
<trkpt lat="54.323375" lon="-3.025864"><ele>91.0</ele></trkpt>
<trkpt lat="54.323322" lon="-3.026301"><ele>92.0</ele></trkpt>
<trkpt lat="54.323334" lon="-3.026506"><ele>93.0</ele></trkpt>
<trkpt lat="54.323428" lon="-3.026767"><ele>94.0</ele></trkpt>
<trkpt lat="54.323703" lon="-3.027566"><ele>96.0</ele></trkpt>
<trkpt lat="54.323804" lon="-3.027799"><ele>98.0</ele></trkpt>
<trkpt lat="54.323949" lon="-3.027994"><ele>100.0</ele></trkpt>
<trkpt lat="54.324116" lon="-3.028112"><ele>100.7</ele></trkpt>
<trkpt lat="54.324236" lon="-3.028213"><ele>101.3</ele></trkpt>
<trkpt lat="54.324288" lon="-3.028348"><ele>102.0</ele></trkpt>
<trkpt lat="54.324325" lon="-3.028557"><ele>103.3</ele></trkpt>
<trkpt lat="54.324321" lon="-3.028933"><ele>104.7</ele></trkpt>
<trkpt lat="54.324332" lon="-3.029342"><ele>106.0</ele></trkpt>
<trkpt lat="54.324257" lon="-3.029879"><ele>108.0</ele></trkpt>
<trkpt lat="54.324238" lon="-3.030146"><ele>110.0</ele></trkpt>
<trkpt lat="54.324318" lon="-3.03034"><ele>112.0</ele></trkpt>
<trkpt lat="54.324422" lon="-3.030474"><ele>112.0</ele></trkpt>
<trkpt lat="54.324497" lon="-3.030816"><ele>112.0</ele></trkpt>
<trkpt lat="54.324606" lon="-3.031228"><ele>112.0</ele></trkpt>
<trkpt lat="54.324763" lon="-3.031573"><ele>115.7</ele></trkpt>
<trkpt lat="54.324839" lon="-3.031713"><ele>119.3</ele></trkpt>
<trkpt lat="54.324946" lon="-3.031733"><ele>123.0</ele></trkpt>
<trkpt lat="54.325061" lon="-3.031747"><ele>124.7</ele></trkpt>
<trkpt lat="54.325163" lon="-3.031728"><ele>126.3</ele></trkpt>
<trkpt lat="54.325294" lon="-3.031668"><ele>128.0</ele></trkpt>
<trkpt lat="54.325536" lon="-3.031467"><ele>129.3</ele></trkpt>
<trkpt lat="54.32576" lon="-3.031223"><ele>130.7</ele></trkpt>
<trkpt lat="54.32585" lon="-3.031212"><ele>132.0</ele></trkpt>
<trkpt lat="54.325951" lon="-3.031273"><ele>134.7</ele></trkpt>
<trkpt lat="54.326033" lon="-3.031438"><ele>137.3</ele></trkpt>
<trkpt lat="54.325871" lon="-3.031637"><ele>140.0</ele></trkpt>
<trkpt lat="54.32564" lon="-3.031988"><ele>140.3</ele></trkpt>
<trkpt lat="54.325422" lon="-3.032405"><ele>140.7</ele></trkpt>
<trkpt lat="54.325262" lon="-3.032825"><ele>141.0</ele></trkpt>
<trkpt lat="54.325234" lon="-3.033102"><ele>140.7</ele></trkpt>
<trkpt lat="54.325208" lon="-3.033781"><ele>140.3</ele></trkpt>
<trkpt lat="54.32518" lon="-3.034081"><ele>140.0</ele></trkpt>
<trkpt lat="54.325106" lon="-3.034336"><ele>139.0</ele></trkpt>
<trkpt lat="54.32502" lon="-3.0345"><ele>138.0</ele></trkpt>
<trkpt lat="54.324889" lon="-3.034642"><ele>137.0</ele></trkpt>
<trkpt lat="54.324745" lon="-3.034638"><ele>136.7</ele></trkpt>
<trkpt lat="54.32444" lon="-3.03462"><ele>136.3</ele></trkpt>
<trkpt lat="54.32425" lon="-3.034659"><ele>136.0</ele></trkpt>
<trkpt lat="54.324033" lon="-3.034988"><ele>137.7</ele></trkpt>
<trkpt lat="54.323846" lon="-3.035473"><ele>139.3</ele></trkpt>
<trkpt lat="54.323735" lon="-3.035582"><ele>141.0</ele></trkpt>
<trkpt lat="54.323618" lon="-3.03549"><ele>140.7</ele></trkpt>
<trkpt lat="54.323561" lon="-3.03531"><ele>140.3</ele></trkpt>
<trkpt lat="54.323576" lon="-3.035144"><ele>140.0</ele></trkpt>
<trkpt lat="54.323557" lon="-3.034998"><ele>140.7</ele></trkpt>
<trkpt lat="54.32348" lon="-3.034885"><ele>141.3</ele></trkpt>
<trkpt lat="54.323331" lon="-3.034781"><ele>142.0</ele></trkpt>
<trkpt lat="54.322625" lon="-3.034544"><ele>146.7</ele></trkpt>
<trkpt lat="54.322215" lon="-3.034405"><ele>151.3</ele></trkpt>
<trkpt lat="54.322085" lon="-3.034815"><ele>156.0</ele></trkpt>
<trkpt lat="54.32203" lon="-3.035244"><ele>162.0</ele></trkpt>
<trkpt lat="54.322069" lon="-3.03575"><ele>168.0</ele></trkpt>
<trkpt lat="54.322268" lon="-3.036112"><ele>174.0</ele></trkpt>
<trkpt lat="54.322423" lon="-3.03646"><ele>174.3</ele></trkpt>
<trkpt lat="54.322458" lon="-3.036584"><ele>174.7</ele></trkpt>
<trkpt lat="54.322486" lon="-3.036708"><ele>175.0</ele></trkpt>
<trkpt lat="54.32247" lon="-3.036819"><ele>176.3</ele></trkpt>
<trkpt lat="54.322412" lon="-3.036928"><ele>177.7</ele></trkpt>
<trkpt lat="54.322317" lon="-3.037073"><ele>179.0</ele></trkpt>
<trkpt lat="54.322221" lon="-3.037292"><ele>180.7</ele></trkpt>
<trkpt lat="54.322168" lon="-3.037685"><ele>182.3</ele></trkpt>
<trkpt lat="54.322157" lon="-3.038079"><ele>184.0</ele></trkpt>
<trkpt lat="54.322119" lon="-3.038311"><ele>187.3</ele></trkpt>
<trkpt lat="54.322032" lon="-3.038469"><ele>190.7</ele></trkpt>
<trkpt lat="54.321994" lon="-3.038665"><ele>194.0</ele></trkpt>
<trkpt lat="54.321999" lon="-3.03885"><ele>194.7</ele></trkpt>
<trkpt lat="54.322042" lon="-3.038974"><ele>195.3</ele></trkpt>
<trkpt lat="54.322026" lon="-3.039121"><ele>196.0</ele></trkpt>
<trkpt lat="54.321958" lon="-3.039428"><ele>201.3</ele></trkpt>
<trkpt lat="54.321779" lon="-3.040211"><ele>206.7</ele></trkpt>
<trkpt lat="54.321784" lon="-3.040506"><ele>212.0</ele></trkpt>
<trkpt lat="54.321861" lon="-3.040754"><ele>213.0</ele></trkpt>
<trkpt lat="54.321974" lon="-3.040954"><ele>214.0</ele></trkpt>
<trkpt lat="54.322073" lon="-3.041178"><ele>215.0</ele></trkpt>
<trkpt lat="54.322121" lon="-3.041343"><ele>217.3</ele></trkpt>
<trkpt lat="54.322164" lon="-3.041488"><ele>219.7</ele></trkpt>
<trkpt lat="54.322176" lon="-3.041698"><ele>222.0</ele></trkpt>
<trkpt lat="54.32221" lon="-3.041982"><ele>223.7</ele></trkpt>
<trkpt lat="54.322222" lon="-3.042216"><ele>225.3</ele></trkpt>
<trkpt lat="54.322148" lon="-3.04246"><ele>227.0</ele></trkpt>
<trkpt lat="54.322054" lon="-3.042581"><ele>229.7</ele></trkpt>
<trkpt lat="54.321901" lon="-3.042725"><ele>232.3</ele></trkpt>
<trkpt lat="54.321746" lon="-3.042895"><ele>235.0</ele></trkpt>
<trkpt lat="54.3217" lon="-3.043048"><ele>233.3</ele></trkpt>
<trkpt lat="54.321814" lon="-3.043671"><ele>231.7</ele></trkpt>
<trkpt lat="54.321825" lon="-3.044016"><ele>230.0</ele></trkpt>
<trkpt lat="54.321838" lon="-3.044176"><ele>228.7</ele></trkpt>
<trkpt lat="54.321901" lon="-3.044362"><ele>227.3</ele></trkpt>
<trkpt lat="54.322008" lon="-3.044537"><ele>226.0</ele></trkpt>
<trkpt lat="54.322251" lon="-3.044753"><ele>225.7</ele></trkpt>
<trkpt lat="54.322393" lon="-3.044929"><ele>225.3</ele></trkpt>
<trkpt lat="54.322477" lon="-3.045165"><ele>225.0</ele></trkpt>
<trkpt lat="54.322497" lon="-3.045325"><ele>225.3</ele></trkpt>
<trkpt lat="54.322538" lon="-3.045622"><ele>225.7</ele></trkpt>
<trkpt lat="54.322543" lon="-3.045868"><ele>226.0</ele></trkpt>
<trkpt lat="54.322628" lon="-3.046018"><ele>226.3</ele></trkpt>
<trkpt lat="54.322662" lon="-3.046253"><ele>226.7</ele></trkpt>
<trkpt lat="54.322624" lon="-3.046377"><ele>227.0</ele></trkpt>
<trkpt lat="54.322578" lon="-3.046499"><ele>228.7</ele></trkpt>
<trkpt lat="54.322499" lon="-3.046839"><ele>230.3</ele></trkpt>
<trkpt lat="54.322439" lon="-3.047084"><ele>232.0</ele></trkpt>
<trkpt lat="54.322391" lon="-3.04734"><ele>233.0</ele></trkpt>
<trkpt lat="54.322408" lon="-3.047463"><ele>234.0</ele></trkpt>
<trkpt lat="54.322451" lon="-3.047618"><ele>235.0</ele></trkpt>
<trkpt lat="54.322561" lon="-3.047912"><ele>235.3</ele></trkpt>
<trkpt lat="54.322574" lon="-3.048121"><ele>235.7</ele></trkpt>
<trkpt lat="54.322544" lon="-3.048317"><ele>236.0</ele></trkpt>
<trkpt lat="54.322511" lon="-3.048698"><ele>238.3</ele></trkpt>
<trkpt lat="54.322418" lon="-3.049355"><ele>240.7</ele></trkpt>
<trkpt lat="54.322399" lon="-3.049539"><ele>243.0</ele></trkpt>
<trkpt lat="54.322424" lon="-3.049693"><ele>243.0</ele></trkpt>
<trkpt lat="54.322458" lon="-3.049909"><ele>243.0</ele></trkpt>
<trkpt lat="54.322457" lon="-3.050093"><ele>243.0</ele></trkpt>
<trkpt lat="54.322401" lon="-3.050323"><ele>243.3</ele></trkpt>
<trkpt lat="54.322372" lon="-3.050476"><ele>243.7</ele></trkpt>
<trkpt lat="54.32238" lon="-3.050599"><ele>244.0</ele></trkpt>
<trkpt lat="54.322397" lon="-3.050799"><ele>244.0</ele></trkpt>
<trkpt lat="54.322431" lon="-3.050969"><ele>244.0</ele></trkpt>
<trkpt lat="54.32243" lon="-3.051123"><ele>244.0</ele></trkpt>
<trkpt lat="54.322401" lon="-3.051276"><ele>245.0</ele></trkpt>
<trkpt lat="54.322335" lon="-3.051674"><ele>246.0</ele></trkpt>
<trkpt lat="54.322334" lon="-3.051797"><ele>247.0</ele></trkpt>
<trkpt lat="54.322393" lon="-3.052183"><ele>250.0</ele></trkpt>
<trkpt lat="54.322426" lon="-3.052522"><ele>253.0</ele></trkpt>
<trkpt lat="54.322403" lon="-3.052918"><ele>256.0</ele></trkpt>
<trkpt lat="54.322384" lon="-3.05336"><ele>258.3</ele></trkpt>
<trkpt lat="54.322349" lon="-3.054061"><ele>260.7</ele></trkpt>
<trkpt lat="54.322301" lon="-3.054626"><ele>263.0</ele></trkpt>
<trkpt lat="54.322244" lon="-3.055413"><ele>259.3</ele></trkpt>
<trkpt lat="54.322205" lon="-3.055818"><ele>255.7</ele></trkpt>
<trkpt lat="54.322201" lon="-3.056224"><ele>252.0</ele></trkpt>
<trkpt lat="54.322207" lon="-3.056226"><ele>250.3</ele></trkpt>
<trkpt lat="54.322241" lon="-3.056448"><ele>248.7</ele></trkpt>
<trkpt lat="54.322347" lon="-3.056697"><ele>247.0</ele></trkpt>
<trkpt lat="54.322525" lon="-3.056886"><ele>246.3</ele></trkpt>
<trkpt lat="54.322639" lon="-3.057061"><ele>245.7</ele></trkpt>
<trkpt lat="54.322723" lon="-3.057236"><ele>245.0</ele></trkpt>
<trkpt lat="54.322815" lon="-3.057497"><ele>244.7</ele></trkpt>
<trkpt lat="54.322928" lon="-3.057709"><ele>244.3</ele></trkpt>
<trkpt lat="54.323063" lon="-3.057872"><ele>244.0</ele></trkpt>
<trkpt lat="54.323278" lon="-3.057939"><ele>243.0</ele></trkpt>
<trkpt lat="54.3234" lon="-3.058041"><ele>242.0</ele></trkpt>
<trkpt lat="54.323506" lon="-3.058216"><ele>241.0</ele></trkpt>
<trkpt lat="54.323597" lon="-3.058539"><ele>241.3</ele></trkpt>
<trkpt lat="54.323618" lon="-3.058564"><ele>241.7</ele></trkpt>
<trkpt lat="54.32353" lon="-3.058771"><ele>242.0</ele></trkpt>
<trkpt lat="54.323435" lon="-3.05899"><ele>243.0</ele></trkpt>
<trkpt lat="54.323411" lon="-3.059248"><ele>244.0</ele></trkpt>
<trkpt lat="54.323474" lon="-3.059465"><ele>245.0</ele></trkpt>
<trkpt lat="54.323602" lon="-3.059634"><ele>245.7</ele></trkpt>
<trkpt lat="54.323645" lon="-3.059773"><ele>246.3</ele></trkpt>
<trkpt lat="54.323659" lon="-3.059957"><ele>247.0</ele></trkpt>
<trkpt lat="54.323696" lon="-3.060082"><ele>247.0</ele></trkpt>
<trkpt lat="54.323758" lon="-3.060251"><ele>247.0</ele></trkpt>
<trkpt lat="54.323855" lon="-3.06034"><ele>247.0</ele></trkpt>
<trkpt lat="54.323933" lon="-3.060505"><ele>247.3</ele></trkpt>
<trkpt lat="54.323951" lon="-3.060635"><ele>247.7</ele></trkpt>
<trkpt lat="54.323978" lon="-3.060738"><ele>248.0</ele></trkpt>
<trkpt lat="54.324008" lon="-3.060945"><ele>248.0</ele></trkpt>
<trkpt lat="54.323984" lon="-3.061095"><ele>248.0</ele></trkpt>
<trkpt lat="54.323996" lon="-3.061258"><ele>248.0</ele></trkpt>
<trkpt lat="54.324051" lon="-3.061411"><ele>248.0</ele></trkpt>
<trkpt lat="54.324057" lon="-3.061525"><ele>248.0</ele></trkpt>
<trkpt lat="54.324008" lon="-3.061626"><ele>248.0</ele></trkpt>
<trkpt lat="54.323874" lon="-3.061812"><ele>248.3</ele></trkpt>
<trkpt lat="54.323785" lon="-3.062199"><ele>248.7</ele></trkpt>
<trkpt lat="54.323783" lon="-3.062426"><ele>249.0</ele></trkpt>
<trkpt lat="54.3238" lon="-3.062659"><ele>248.3</ele></trkpt>
<trkpt lat="54.323826" lon="-3.06273"><ele>247.7</ele></trkpt>
<trkpt lat="54.323969" lon="-3.062869"><ele>247.0</ele></trkpt>
<trkpt lat="54.32396" lon="-3.06309"><ele>246.0</ele></trkpt>
<trkpt lat="54.323959" lon="-3.063247"><ele>245.0</ele></trkpt>
<trkpt lat="54.323982" lon="-3.063604"><ele>244.0</ele></trkpt>
<trkpt lat="54.323909" lon="-3.063859"><ele>244.0</ele></trkpt>
<trkpt lat="54.323791" lon="-3.064063"><ele>244.0</ele></trkpt>
<trkpt lat="54.323747" lon="-3.064326"><ele>244.0</ele></trkpt>
<trkpt lat="54.323818" lon="-3.064749"><ele>240.3</ele></trkpt>
<trkpt lat="54.323808" lon="-3.064955"><ele>236.7</ele></trkpt>
<trkpt lat="54.323639" lon="-3.065607"><ele>233.0</ele></trkpt>
<trkpt lat="54.323344" lon="-3.066477"><ele>231.0</ele></trkpt>
<trkpt lat="54.323065" lon="-3.067326"><ele>229.0</ele></trkpt>
<trkpt lat="54.322967" lon="-3.067538"><ele>227.0</ele></trkpt>
<trkpt lat="54.322858" lon="-3.067664"><ele>226.0</ele></trkpt>
<trkpt lat="54.322774" lon="-3.067995"><ele>225.0</ele></trkpt>
<trkpt lat="54.322465" lon="-3.068461"><ele>224.0</ele></trkpt>
<trkpt lat="54.321885" lon="-3.06946"><ele>221.7</ele></trkpt>
<trkpt lat="54.32141" lon="-3.070107"><ele>219.3</ele></trkpt>
<trkpt lat="54.321229" lon="-3.070302"><ele>217.0</ele></trkpt>
<trkpt lat="54.320977" lon="-3.07041"><ele>218.0</ele></trkpt>
<trkpt lat="54.320725" lon="-3.070632"><ele>219.0</ele></trkpt>
<trkpt lat="54.320524" lon="-3.070755"><ele>220.0</ele></trkpt>
<trkpt lat="54.319816" lon="-3.071051"><ele>222.0</ele></trkpt>
<trkpt lat="54.319637" lon="-3.071017"><ele>224.0</ele></trkpt>
<trkpt lat="54.319425" lon="-3.070933"><ele>226.0</ele></trkpt>
<trkpt lat="54.319091" lon="-3.07096"><ele>227.7</ele></trkpt>
<trkpt lat="54.318702" lon="-3.071143"><ele>229.3</ele></trkpt>
<trkpt lat="54.318324" lon="-3.071361"><ele>231.0</ele></trkpt>
<trkpt lat="54.318179" lon="-3.071429"><ele>232.7</ele></trkpt>
<trkpt lat="54.317896" lon="-3.071393"><ele>234.3</ele></trkpt>
<trkpt lat="54.317679" lon="-3.071352"><ele>236.0</ele></trkpt>
<trkpt lat="54.317335" lon="-3.071557"><ele>235.7</ele></trkpt>
<trkpt lat="54.317083" lon="-3.071764"><ele>235.3</ele></trkpt>
<trkpt lat="54.316755" lon="-3.072084"><ele>235.0</ele></trkpt>
<trkpt lat="54.316638" lon="-3.072233"><ele>234.3</ele></trkpt>
<trkpt lat="54.316261" lon="-3.072394"><ele>233.7</ele></trkpt>
<trkpt lat="54.315941" lon="-3.072778"><ele>233.0</ele></trkpt>
<trkpt lat="54.31573" lon="-3.072958"><ele>231.0</ele></trkpt>
<trkpt lat="54.315555" lon="-3.073018"><ele>229.0</ele></trkpt>
<trkpt lat="54.315317" lon="-3.072997"><ele>227.0</ele></trkpt>
<trkpt lat="54.315157" lon="-3.0728"><ele>227.0</ele></trkpt>
<trkpt lat="54.314992" lon="-3.072568"><ele>227.0</ele></trkpt>
<trkpt lat="54.314756" lon="-3.07239"><ele>227.0</ele></trkpt>
<trkpt lat="54.314485" lon="-3.072355"><ele>223.7</ele></trkpt>
<trkpt lat="54.314259" lon="-3.07247"><ele>220.3</ele></trkpt>
<trkpt lat="54.314007" lon="-3.072678"><ele>217.0</ele></trkpt>
<trkpt lat="54.313805" lon="-3.072908"><ele>214.3</ele></trkpt>
<trkpt lat="54.313641" lon="-3.073046"><ele>211.7</ele></trkpt>
<trkpt lat="54.313482" lon="-3.073171"><ele>209.0</ele></trkpt>
<trkpt lat="54.313287" lon="-3.073123"><ele>208.7</ele></trkpt>
<trkpt lat="54.313154" lon="-3.073084"><ele>208.3</ele></trkpt>
<trkpt lat="54.313083" lon="-3.073003"><ele>208.0</ele></trkpt>
<trkpt lat="54.312979" lon="-3.073001"><ele>206.7</ele></trkpt>
<trkpt lat="54.312883" lon="-3.073069"><ele>205.3</ele></trkpt>
<trkpt lat="54.312853" lon="-3.073118"><ele>204.0</ele></trkpt>
<trkpt lat="54.312665" lon="-3.073106"><ele>201.7</ele></trkpt>
<trkpt lat="54.312552" lon="-3.073203"><ele>199.3</ele></trkpt>
<trkpt lat="54.312484" lon="-3.07333"><ele>197.0</ele></trkpt>
<trkpt lat="54.312356" lon="-3.073683"><ele>193.7</ele></trkpt>
<trkpt lat="54.31222" lon="-3.073915"><ele>190.3</ele></trkpt>
<trkpt lat="54.312127" lon="-3.07407"><ele>187.0</ele></trkpt>
<trkpt lat="54.311895" lon="-3.074114"><ele>185.3</ele></trkpt>
<trkpt lat="54.311674" lon="-3.074179"><ele>183.7</ele></trkpt>
<trkpt lat="54.311489" lon="-3.074303"><ele>182.0</ele></trkpt>
<trkpt lat="54.311339" lon="-3.074285"><ele>180.7</ele></trkpt>
<trkpt lat="54.311061" lon="-3.074163"><ele>179.3</ele></trkpt>
<trkpt lat="54.310861" lon="-3.074129"><ele>178.0</ele></trkpt>
<trkpt lat="54.310773" lon="-3.074241"><ele>172.3</ele></trkpt>
<trkpt lat="54.31069" lon="-3.074667"><ele>166.7</ele></trkpt>
<trkpt lat="54.310358" lon="-3.075447"><ele>161.0</ele></trkpt>
<trkpt lat="54.310116" lon="-3.075876"><ele>156.7</ele></trkpt>
<trkpt lat="54.309867" lon="-3.076204"><ele>152.3</ele></trkpt>
<trkpt lat="54.309348" lon="-3.076419"><ele>148.0</ele></trkpt>
<trkpt lat="54.308889" lon="-3.076635"><ele>145.3</ele></trkpt>
<trkpt lat="54.308725" lon="-3.076802"><ele>142.7</ele></trkpt>
<trkpt lat="54.308426" lon="-3.077165"><ele>140.0</ele></trkpt>
<trkpt lat="54.308171" lon="-3.077487"><ele>139.3</ele></trkpt>
<trkpt lat="54.307767" lon="-3.07784"><ele>138.7</ele></trkpt>
<trkpt lat="54.30749" lon="-3.07804"><ele>138.0</ele></trkpt>
<trkpt lat="54.307268" lon="-3.078162"><ele>139.0</ele></trkpt>
<trkpt lat="54.306915" lon="-3.078139"><ele>140.0</ele></trkpt>
<trkpt lat="54.306457" lon="-3.078387"><ele>141.0</ele></trkpt>
<trkpt lat="54.306106" lon="-3.078435"><ele>142.0</ele></trkpt>
<trkpt lat="54.305688" lon="-3.07851"><ele>143.0</ele></trkpt>
<trkpt lat="54.305429" lon="-3.078596"><ele>144.0</ele></trkpt>
<trkpt lat="54.305197" lon="-3.078868"><ele>142.7</ele></trkpt>
<trkpt lat="54.304939" lon="-3.079253"><ele>141.3</ele></trkpt>
<trkpt lat="54.304751" lon="-3.079526"><ele>140.0</ele></trkpt>
<trkpt lat="54.304557" lon="-3.079764"><ele>139.7</ele></trkpt>
<trkpt lat="54.304275" lon="-3.079978"><ele>139.3</ele></trkpt>
<trkpt lat="54.304093" lon="-3.080287"><ele>139.0</ele></trkpt>
<trkpt lat="54.303783" lon="-3.080674"><ele>137.3</ele></trkpt>
<trkpt lat="54.303667" lon="-3.081071"><ele>135.7</ele></trkpt>
<trkpt lat="54.303605" lon="-3.081454"><ele>134.0</ele></trkpt>
<trkpt lat="54.303519" lon="-3.081716"><ele>133.0</ele></trkpt>
<trkpt lat="54.303375" lon="-3.082019"><ele>132.0</ele></trkpt>
<trkpt lat="54.303213" lon="-3.082442"><ele>131.0</ele></trkpt>
<trkpt lat="54.303193" lon="-3.082741"><ele>129.3</ele></trkpt>
<trkpt lat="54.303195" lon="-3.083048"><ele>127.7</ele></trkpt>
<trkpt lat="54.303114" lon="-3.083167"><ele>126.0</ele></trkpt>
<trkpt lat="54.302926" lon="-3.083191"><ele>123.0</ele></trkpt>
<trkpt lat="54.302863" lon="-3.083261"><ele>120.0</ele></trkpt>
<trkpt lat="54.302902" lon="-3.083611"><ele>117.0</ele></trkpt>
<trkpt lat="54.30283" lon="-3.083798"><ele>112.3</ele></trkpt>
<trkpt lat="54.302606" lon="-3.084156"><ele>107.7</ele></trkpt>
<trkpt lat="54.302458" lon="-3.084366"><ele>103.0</ele></trkpt>
<trkpt lat="54.302265" lon="-3.084454"><ele>101.0</ele></trkpt>
<trkpt lat="54.302271" lon="-3.084746"><ele>99.0</ele></trkpt>
<trkpt lat="54.302294" lon="-3.084932"><ele>97.0</ele></trkpt>
<trkpt lat="54.302105" lon="-3.085148"><ele>92.7</ele></trkpt>
<trkpt lat="54.301888" lon="-3.08515"><ele>88.3</ele></trkpt>
<trkpt lat="54.301522" lon="-3.08529"><ele>84.0</ele></trkpt>
<trkpt lat="54.301258" lon="-3.085362"><ele>82.7</ele></trkpt>
<trkpt lat="54.301058" lon="-3.085313"><ele>81.3</ele></trkpt>
<trkpt lat="54.300805" lon="-3.085164"><ele>80.0</ele></trkpt>
<trkpt lat="54.300628" lon="-3.085274"><ele>78.7</ele></trkpt>
<trkpt lat="54.300502" lon="-3.085342"><ele>77.3</ele></trkpt>
<trkpt lat="54.300244" lon="-3.085321"><ele>76.0</ele></trkpt>
<trkpt lat="54.300069" lon="-3.085316"><ele>75.3</ele></trkpt>
<trkpt lat="54.299834" lon="-3.08541"><ele>74.7</ele></trkpt>
<trkpt lat="54.299434" lon="-3.085577"><ele>74.0</ele></trkpt>
<trkpt lat="54.299061" lon="-3.085696"><ele>71.7</ele></trkpt>
<trkpt lat="54.298831" lon="-3.085797"><ele>69.3</ele></trkpt>
<trkpt lat="54.298647" lon="-3.085792"><ele>67.0</ele></trkpt>
<trkpt lat="54.298494" lon="-3.085745"><ele>64.7</ele></trkpt>
<trkpt lat="54.29831" lon="-3.085712"><ele>62.3</ele></trkpt>
<trkpt lat="54.298192" lon="-3.085858"><ele>60.0</ele></trkpt>
<trkpt lat="54.298127" lon="-3.086142"><ele>58.0</ele></trkpt>
<trkpt lat="54.298087" lon="-3.086358"><ele>56.0</ele></trkpt>
<trkpt lat="54.297829" lon="-3.086209"><ele>54.0</ele></trkpt>
<trkpt lat="54.297454" lon="-3.086156"><ele>53.3</ele></trkpt>
<trkpt lat="54.296917" lon="-3.086099"><ele>52.7</ele></trkpt>
<trkpt lat="54.296389" lon="-3.086178"><ele>52.0</ele></trkpt>
<trkpt lat="54.296048" lon="-3.086169"><ele>52.0</ele></trkpt>
<trkpt lat="54.295443" lon="-3.086146"><ele>52.0</ele></trkpt>
<trkpt lat="54.294919" lon="-3.086154"><ele>52.0</ele></trkpt>
<trkpt lat="54.294331" lon="-3.086195"><ele>53.7</ele></trkpt>
<trkpt lat="54.294201" lon="-3.086249"><ele>55.3</ele></trkpt>
<trkpt lat="54.293958" lon="-3.086296"><ele>57.0</ele></trkpt>
<trkpt lat="54.293766" lon="-3.086319"><ele>57.3</ele></trkpt>
<trkpt lat="54.293384" lon="-3.086495"><ele>57.7</ele></trkpt>
<trkpt lat="54.29301" lon="-3.086841"><ele>58.0</ele></trkpt>
<trkpt lat="54.292675" lon="-3.087032"><ele>56.3</ele></trkpt>
<trkpt lat="54.292347" lon="-3.087038"><ele>54.7</ele></trkpt>
<trkpt lat="54.291734" lon="-3.087043"><ele>53.0</ele></trkpt>
<trkpt lat="54.291363" lon="-3.087012"><ele>53.7</ele></trkpt>
<trkpt lat="54.290998" lon="-3.087045"><ele>54.3</ele></trkpt>
<trkpt lat="54.290819" lon="-3.087012"><ele>55.0</ele></trkpt>
<trkpt lat="54.290515" lon="-3.086947"><ele>53.3</ele></trkpt>
<trkpt lat="54.290479" lon="-3.087252"><ele>51.7</ele></trkpt>
<trkpt lat="54.290261" lon="-3.088288"><ele>50.0</ele></trkpt>
<trkpt lat="54.290167" lon="-3.088977"><ele>50.3</ele></trkpt>
<trkpt lat="54.29019" lon="-3.089191"><ele>50.7</ele></trkpt>
<trkpt lat="54.290338" lon="-3.089416"><ele>51.0</ele></trkpt>
<trkpt lat="54.290641" lon="-3.089631"><ele>50.3</ele></trkpt>
<trkpt lat="54.290902" lon="-3.089766"><ele>49.7</ele></trkpt>
<trkpt lat="54.291227" lon="-3.089882"><ele>49.0</ele></trkpt>
<trkpt lat="54.291379" lon="-3.090043"><ele>48.7</ele></trkpt>
<trkpt lat="54.291499" lon="-3.090203"><ele>48.3</ele></trkpt>
<trkpt lat="54.291542" lon="-3.090468"><ele>48.0</ele></trkpt>
<trkpt lat="54.291834" lon="-3.09096"><ele>48.0</ele></trkpt>
<trkpt lat="54.292031" lon="-3.091322"><ele>48.0</ele></trkpt>
<trkpt lat="54.292263" lon="-3.091977"><ele>48.0</ele></trkpt>
<trkpt lat="54.29246" lon="-3.092367"><ele>49.3</ele></trkpt>
<trkpt lat="54.292654" lon="-3.092593"><ele>50.7</ele></trkpt>
<trkpt lat="54.292583" lon="-3.093026"><ele>52.0</ele></trkpt>
<trkpt lat="54.292465" lon="-3.093558"><ele>53.0</ele></trkpt>
<trkpt lat="54.292365" lon="-3.094069"><ele>54.0</ele></trkpt>
<trkpt lat="54.292476" lon="-3.094222"><ele>55.0</ele></trkpt>
<trkpt lat="54.2927" lon="-3.09437"><ele>56.7</ele></trkpt>
<trkpt lat="54.29293" lon="-3.094775"><ele>58.3</ele></trkpt>
<trkpt lat="54.293033" lon="-3.094885"><ele>60.0</ele></trkpt>
<trkpt lat="54.293018" lon="-3.09522"><ele>59.7</ele></trkpt>
<trkpt lat="54.293017" lon="-3.095787"><ele>59.3</ele></trkpt>
<trkpt lat="54.293076" lon="-3.096191"><ele>59.0</ele></trkpt>
<trkpt lat="54.29316" lon="-3.096343"><ele>59.3</ele></trkpt>
<trkpt lat="54.293313" lon="-3.096461"><ele>59.7</ele></trkpt>
<trkpt lat="54.293379" lon="-3.09657"><ele>60.0</ele></trkpt>
<trkpt lat="54.293406" lon="-3.09674"><ele>60.7</ele></trkpt>
<trkpt lat="54.293434" lon="-3.096908"><ele>61.3</ele></trkpt>
<trkpt lat="54.29349" lon="-3.097135"><ele>62.0</ele></trkpt>
<trkpt lat="54.293501" lon="-3.097388"><ele>62.7</ele></trkpt>
<trkpt lat="54.293472" lon="-3.097765"><ele>63.3</ele></trkpt>
<trkpt lat="54.29347" lon="-3.09797"><ele>64.0</ele></trkpt>
<trkpt lat="54.293482" lon="-3.098281"><ele>64.3</ele></trkpt>
<trkpt lat="54.293466" lon="-3.098444"><ele>64.7</ele></trkpt>
<trkpt lat="54.293401" lon="-3.098663"><ele>65.0</ele></trkpt>
<trkpt lat="54.293342" lon="-3.098812"><ele>65.3</ele></trkpt>
<trkpt lat="54.293298" lon="-3.098996"><ele>65.7</ele></trkpt>
<trkpt lat="54.293271" lon="-3.099223"><ele>66.0</ele></trkpt>
<trkpt lat="54.293286" lon="-3.099384"><ele>67.0</ele></trkpt>
<trkpt lat="54.293357" lon="-3.099596"><ele>68.0</ele></trkpt>
<trkpt lat="54.293396" lon="-3.099729"><ele>69.0</ele></trkpt>
<trkpt lat="54.293357" lon="-3.099921"><ele>69.3</ele></trkpt>
<trkpt lat="54.293323" lon="-3.10012"><ele>69.7</ele></trkpt>
<trkpt lat="54.293328" lon="-3.100259"><ele>70.0</ele></trkpt>
<trkpt lat="54.293341" lon="-3.100497"><ele>72.0</ele></trkpt>
<trkpt lat="54.293409" lon="-3.10067"><ele>74.0</ele></trkpt>
<trkpt lat="54.293549" lon="-3.100859"><ele>76.0</ele></trkpt>
<trkpt lat="54.293684" lon="-3.100923"><ele>77.7</ele></trkpt>
<trkpt lat="54.293763" lon="-3.100975"><ele>79.3</ele></trkpt>
<trkpt lat="54.293757" lon="-3.101128"><ele>81.0</ele></trkpt>
<trkpt lat="54.293707" lon="-3.101441"><ele>80.0</ele></trkpt>
<trkpt lat="54.293641" lon="-3.101739"><ele>79.0</ele></trkpt>
<trkpt lat="54.293576" lon="-3.102068"><ele>78.0</ele></trkpt>
<trkpt lat="54.293548" lon="-3.102364"><ele>77.3</ele></trkpt>
<trkpt lat="54.293549" lon="-3.102681"><ele>76.7</ele></trkpt>
<trkpt lat="54.293566" lon="-3.102914"><ele>76.0</ele></trkpt>
<trkpt lat="54.293603" lon="-3.103255"><ele>76.3</ele></trkpt>
<trkpt lat="54.293584" lon="-3.103405"><ele>76.7</ele></trkpt>
<trkpt lat="54.293404" lon="-3.103575"><ele>77.0</ele></trkpt>
<trkpt lat="54.293347" lon="-3.103813"><ele>78.3</ele></trkpt>
<trkpt lat="54.293358" lon="-3.104103"><ele>79.7</ele></trkpt>
<trkpt lat="54.293413" lon="-3.104484"><ele>81.0</ele></trkpt>
<trkpt lat="54.293476" lon="-3.104837"><ele>82.3</ele></trkpt>
<trkpt lat="54.293543" lon="-3.105183"><ele>83.7</ele></trkpt>
<trkpt lat="54.293543" lon="-3.105185"><ele>85.0</ele></trkpt>
<trkpt lat="54.293479" lon="-3.105385"><ele>83.7</ele></trkpt>
<trkpt lat="54.293401" lon="-3.105652"><ele>82.3</ele></trkpt>
<trkpt lat="54.293335" lon="-3.106111"><ele>81.0</ele></trkpt>
<trkpt lat="54.293288" lon="-3.10631"><ele>81.0</ele></trkpt>
<trkpt lat="54.293269" lon="-3.106478"><ele>81.0</ele></trkpt>
<trkpt lat="54.293276" lon="-3.106678"><ele>81.0</ele></trkpt>
<trkpt lat="54.293274" lon="-3.106863"><ele>82.0</ele></trkpt>
<trkpt lat="54.293246" lon="-3.107046"><ele>83.0</ele></trkpt>
<trkpt lat="54.293217" lon="-3.107199"><ele>84.0</ele></trkpt>
<trkpt lat="54.293133" lon="-3.107309"><ele>85.3</ele></trkpt>
<trkpt lat="54.29309" lon="-3.107484"><ele>86.7</ele></trkpt>
<trkpt lat="54.293033" lon="-3.107671"><ele>88.0</ele></trkpt>
<trkpt lat="54.292997" lon="-3.107917"><ele>90.3</ele></trkpt>
<trkpt lat="54.292932" lon="-3.108174"><ele>92.7</ele></trkpt>
<trkpt lat="54.292881" lon="-3.10855"><ele>95.0</ele></trkpt>
<trkpt lat="54.292776" lon="-3.108688"><ele>94.7</ele></trkpt>
<trkpt lat="54.292679" lon="-3.108744"><ele>94.3</ele></trkpt>
<trkpt lat="54.292547" lon="-3.109174"><ele>94.0</ele></trkpt>
<trkpt lat="54.292457" lon="-3.109692"><ele>94.3</ele></trkpt>
<trkpt lat="54.292233" lon="-3.110234"><ele>94.7</ele></trkpt>
<trkpt lat="54.292049" lon="-3.111038"><ele>95.0</ele></trkpt>
<trkpt lat="54.291993" lon="-3.111446"><ele>98.3</ele></trkpt>
<trkpt lat="54.291878" lon="-3.111867"><ele>101.7</ele></trkpt>
<trkpt lat="54.291666" lon="-3.112682"><ele>105.0</ele></trkpt>
<trkpt lat="54.291895" lon="-3.114239"><ele>109.3</ele></trkpt>
<trkpt lat="54.291942" lon="-3.114553"><ele>113.7</ele></trkpt>
<trkpt lat="54.291935" lon="-3.11471"><ele>118.0</ele></trkpt>
<trkpt lat="54.291935" lon="-3.11484"><ele>118.3</ele></trkpt>
<trkpt lat="54.29195" lon="-3.114963"><ele>118.7</ele></trkpt>
<trkpt lat="54.291956" lon="-3.115091"><ele>119.0</ele></trkpt>
<trkpt lat="54.291972" lon="-3.115243"><ele>119.7</ele></trkpt>
<trkpt lat="54.291774" lon="-3.115882"><ele>120.3</ele></trkpt>
<trkpt lat="54.291678" lon="-3.116307"><ele>121.0</ele></trkpt>
<trkpt lat="54.291445" lon="-3.116423"><ele>122.0</ele></trkpt>
<trkpt lat="54.291333" lon="-3.116442"><ele>123.0</ele></trkpt>
<trkpt lat="54.291246" lon="-3.116457"><ele>124.0</ele></trkpt>
<trkpt lat="54.291118" lon="-3.116508"><ele>125.7</ele></trkpt>
<trkpt lat="54.290911" lon="-3.116861"><ele>127.3</ele></trkpt>
<trkpt lat="54.290875" lon="-3.11689"><ele>129.0</ele></trkpt>
<trkpt lat="54.290811" lon="-3.116919"><ele>129.0</ele></trkpt>
<trkpt lat="54.290722" lon="-3.116871"><ele>129.0</ele></trkpt>
<trkpt lat="54.290623" lon="-3.116853"><ele>129.0</ele></trkpt>
<trkpt lat="54.290479" lon="-3.116895"><ele>130.7</ele></trkpt>
<trkpt lat="54.290337" lon="-3.116888"><ele>132.3</ele></trkpt>
<trkpt lat="54.290185" lon="-3.116966"><ele>134.0</ele></trkpt>
<trkpt lat="54.290047" lon="-3.116986"><ele>135.7</ele></trkpt>
<trkpt lat="54.289928" lon="-3.117152"><ele>137.3</ele></trkpt>
<trkpt lat="54.289865" lon="-3.117257"><ele>139.0</ele></trkpt>
<trkpt lat="54.289553" lon="-3.117607"><ele>144.3</ele></trkpt>
<trkpt lat="54.289381" lon="-3.117835"><ele>149.7</ele></trkpt>
<trkpt lat="54.289053" lon="-3.118189"><ele>155.0</ele></trkpt>
<trkpt lat="54.288916" lon="-3.118262"><ele>156.7</ele></trkpt>
<trkpt lat="54.288723" lon="-3.118328"><ele>158.3</ele></trkpt>
<trkpt lat="54.288544" lon="-3.118505"><ele>160.0</ele></trkpt>
<trkpt lat="54.288323" lon="-3.118588"><ele>162.0</ele></trkpt>
<trkpt lat="54.288103" lon="-3.118621"><ele>164.0</ele></trkpt>
<trkpt lat="54.287681" lon="-3.118727"><ele>166.0</ele></trkpt>
<trkpt lat="54.287487" lon="-3.118793"><ele>168.3</ele></trkpt>
<trkpt lat="54.287294" lon="-3.118893"><ele>170.7</ele></trkpt>
<trkpt lat="54.287155" lon="-3.118992"><ele>173.0</ele></trkpt>
<trkpt lat="54.287074" lon="-3.119138"><ele>174.0</ele></trkpt>
<trkpt lat="54.286918" lon="-3.119374"><ele>175.0</ele></trkpt>
<trkpt lat="54.286724" lon="-3.119854"><ele>176.0</ele></trkpt>
<trkpt lat="54.286551" lon="-3.120135"><ele>176.3</ele></trkpt>
<trkpt lat="54.286432" lon="-3.120344"><ele>176.7</ele></trkpt>
<trkpt lat="54.28631" lon="-3.120658"><ele>177.0</ele></trkpt>
<trkpt lat="54.286198" lon="-3.120843"><ele>177.0</ele></trkpt>
<trkpt lat="54.28608" lon="-3.120958"><ele>177.0</ele></trkpt>
<trkpt lat="54.285953" lon="-3.121147"><ele>177.0</ele></trkpt>
<trkpt lat="54.285838" lon="-3.121244"><ele>175.7</ele></trkpt>
<trkpt lat="54.285614" lon="-3.121275"><ele>174.3</ele></trkpt>
<trkpt lat="54.285416" lon="-3.121421"><ele>173.0</ele></trkpt>
<trkpt lat="54.285117" lon="-3.12168"><ele>169.0</ele></trkpt>
<trkpt lat="54.28494" lon="-3.12192"><ele>165.0</ele></trkpt>
<trkpt lat="54.284844" lon="-3.122127"><ele>161.0</ele></trkpt>
<trkpt lat="54.284755" lon="-3.122477"><ele>158.3</ele></trkpt>
<trkpt lat="54.284604" lon="-3.122697"><ele>155.7</ele></trkpt>
<trkpt lat="54.284557" lon="-3.122866"><ele>153.0</ele></trkpt>
<trkpt lat="54.284471" lon="-3.123067"><ele>151.3</ele></trkpt>
<trkpt lat="54.284393" lon="-3.122879"><ele>149.7</ele></trkpt>
<trkpt lat="54.284328" lon="-3.122656"><ele>148.0</ele></trkpt>
<trkpt lat="54.284318" lon="-3.122427"><ele>148.3</ele></trkpt>
<trkpt lat="54.284344" lon="-3.122342"><ele>148.7</ele></trkpt>
<trkpt lat="54.284349" lon="-3.121979"><ele>149.0</ele></trkpt>
<trkpt lat="54.284306" lon="-3.1217"><ele>148.0</ele></trkpt>
<trkpt lat="54.284179" lon="-3.121372"><ele>147.0</ele></trkpt>
<trkpt lat="54.284005" lon="-3.121075"><ele>146.0</ele></trkpt>
<trkpt lat="54.283907" lon="-3.120889"><ele>145.3</ele></trkpt>
<trkpt lat="54.28383" lon="-3.12083"><ele>144.7</ele></trkpt>
<trkpt lat="54.283745" lon="-3.120877"><ele>144.0</ele></trkpt>
<trkpt lat="54.283633" lon="-3.12097"><ele>141.0</ele></trkpt>
<trkpt lat="54.283522" lon="-3.121028"><ele>138.0</ele></trkpt>
<trkpt lat="54.283332" lon="-3.121037"><ele>135.0</ele></trkpt>
<trkpt lat="54.283247" lon="-3.121006"><ele>132.7</ele></trkpt>
<trkpt lat="54.283125" lon="-3.120846"><ele>130.3</ele></trkpt>
<trkpt lat="54.282924" lon="-3.120627"><ele>128.0</ele></trkpt>
<trkpt lat="54.282804" lon="-3.120467"><ele>126.3</ele></trkpt>
<trkpt lat="54.28267" lon="-3.120151"><ele>124.7</ele></trkpt>
<trkpt lat="54.282504" lon="-3.120097"><ele>123.0</ele></trkpt>
<trkpt lat="54.282275" lon="-3.120218"><ele>119.3</ele></trkpt>
<trkpt lat="54.282008" lon="-3.120247"><ele>115.7</ele></trkpt>
<trkpt lat="54.28177" lon="-3.120328"><ele>112.0</ele></trkpt>
<trkpt lat="54.281438" lon="-3.120501"><ele>111.7</ele></trkpt>
<trkpt lat="54.281283" lon="-3.120448"><ele>111.3</ele></trkpt>
<trkpt lat="54.281107" lon="-3.120382"><ele>111.0</ele></trkpt>
<trkpt lat="54.281007" lon="-3.12028"><ele>110.7</ele></trkpt>
<trkpt lat="54.280918" lon="-3.120022"><ele>110.3</ele></trkpt>
<trkpt lat="54.280821" lon="-3.119936"><ele>110.0</ele></trkpt>
<trkpt lat="54.280542" lon="-3.11976"><ele>111.3</ele></trkpt>
<trkpt lat="54.280351" lon="-3.119659"><ele>112.7</ele></trkpt>
<trkpt lat="54.28017" lon="-3.119547"><ele>114.0</ele></trkpt>
<trkpt lat="54.280006" lon="-3.119567"><ele>115.3</ele></trkpt>
<trkpt lat="54.27991" lon="-3.119712"><ele>116.7</ele></trkpt>
<trkpt lat="54.279845" lon="-3.119806"><ele>118.0</ele></trkpt>
<trkpt lat="54.279701" lon="-3.119987"><ele>118.7</ele></trkpt>
<trkpt lat="54.279445" lon="-3.120188"><ele>119.3</ele></trkpt>
<trkpt lat="54.279307" lon="-3.120398"><ele>120.0</ele></trkpt>
<trkpt lat="54.27919" lon="-3.120583"><ele>121.3</ele></trkpt>
<trkpt lat="54.279091" lon="-3.120685"><ele>122.7</ele></trkpt>
<trkpt lat="54.278892" lon="-3.120769"><ele>124.0</ele></trkpt>
<trkpt lat="54.278764" lon="-3.120878"><ele>124.7</ele></trkpt>
<trkpt lat="54.278593" lon="-3.121013"><ele>125.3</ele></trkpt>
<trkpt lat="54.278447" lon="-3.121227"><ele>126.0</ele></trkpt>
<trkpt lat="54.278333" lon="-3.121366"><ele>126.7</ele></trkpt>
<trkpt lat="54.278204" lon="-3.121459"><ele>127.3</ele></trkpt>
<trkpt lat="54.278034" lon="-3.121477"><ele>128.0</ele></trkpt>
<trkpt lat="54.277838" lon="-3.121394"><ele>127.0</ele></trkpt>
<trkpt lat="54.27765" lon="-3.121248"><ele>126.0</ele></trkpt>
<trkpt lat="54.27745" lon="-3.120995"><ele>125.0</ele></trkpt>
<trkpt lat="54.27725" lon="-3.120759"><ele>123.3</ele></trkpt>
<trkpt lat="54.277073" lon="-3.120597"><ele>121.7</ele></trkpt>
<trkpt lat="54.27661" lon="-3.120169"><ele>120.0</ele></trkpt>
<trkpt lat="54.276564" lon="-3.11989"><ele>120.0</ele></trkpt>
<trkpt lat="54.276447" lon="-3.11908"><ele>120.0</ele></trkpt>
<trkpt lat="54.276409" lon="-3.118729"><ele>120.0</ele></trkpt>
<trkpt lat="54.27644" lon="-3.1182"><ele>120.0</ele></trkpt>
<trkpt lat="54.276417" lon="-3.118076"><ele>120.0</ele></trkpt>
<trkpt lat="54.27629" lon="-3.117861"><ele>120.0</ele></trkpt>
<trkpt lat="54.276249" lon="-3.117695"><ele>119.7</ele></trkpt>
<trkpt lat="54.276198" lon="-3.117467"><ele>119.3</ele></trkpt>
<trkpt lat="54.276158" lon="-3.117293"><ele>119.0</ele></trkpt>
<trkpt lat="54.276074" lon="-3.11723"><ele>116.7</ele></trkpt>
<trkpt lat="54.275866" lon="-3.11719"><ele>114.3</ele></trkpt>
<trkpt lat="54.275797" lon="-3.117177"><ele>112.0</ele></trkpt>
<trkpt lat="54.275492" lon="-3.117154"><ele>110.0</ele></trkpt>
<trkpt lat="54.275492" lon="-3.117143"><ele>108.0</ele></trkpt>
<trkpt lat="54.27546" lon="-3.116365"><ele>106.0</ele></trkpt>
<trkpt lat="54.275439" lon="-3.11608"><ele>104.3</ele></trkpt>
<trkpt lat="54.275379" lon="-3.115632"><ele>102.7</ele></trkpt>
<trkpt lat="54.275356" lon="-3.115455"><ele>101.0</ele></trkpt>
<trkpt lat="54.275362" lon="-3.115001"><ele>100.3</ele></trkpt>
<trkpt lat="54.275336" lon="-3.114849"><ele>99.7</ele></trkpt>
<trkpt lat="54.275281" lon="-3.114693"><ele>99.0</ele></trkpt>
<trkpt lat="54.275183" lon="-3.114475"><ele>95.0</ele></trkpt>
<trkpt lat="54.274959" lon="-3.114045"><ele>91.0</ele></trkpt>
<trkpt lat="54.274736" lon="-3.113598"><ele>87.0</ele></trkpt>
<trkpt lat="54.274591" lon="-3.113206"><ele>86.7</ele></trkpt>
<trkpt lat="54.274538" lon="-3.113006"><ele>86.3</ele></trkpt>
<trkpt lat="54.274527" lon="-3.112857"><ele>86.0</ele></trkpt>
<trkpt lat="54.274524" lon="-3.112562"><ele>86.3</ele></trkpt>
<trkpt lat="54.274499" lon="-3.112221"><ele>86.7</ele></trkpt>
<trkpt lat="54.274427" lon="-3.112014"><ele>87.0</ele></trkpt>
<trkpt lat="54.274268" lon="-3.111857"><ele>89.0</ele></trkpt>
<trkpt lat="54.27383" lon="-3.111467"><ele>91.0</ele></trkpt>
<trkpt lat="54.273681" lon="-3.111356"><ele>93.0</ele></trkpt>
<trkpt lat="54.273549" lon="-3.111167"><ele>92.0</ele></trkpt>
<trkpt lat="54.27351" lon="-3.110903"><ele>91.0</ele></trkpt>
<trkpt lat="54.273495" lon="-3.110639"><ele>90.0</ele></trkpt>
<trkpt lat="54.273421" lon="-3.110515"><ele>89.7</ele></trkpt>
<trkpt lat="54.27333" lon="-3.110477"><ele>89.3</ele></trkpt>
<trkpt lat="54.273247" lon="-3.110475"><ele>89.0</ele></trkpt>
<trkpt lat="54.273079" lon="-3.110578"><ele>89.0</ele></trkpt>
<trkpt lat="54.272945" lon="-3.110567"><ele>89.0</ele></trkpt>
<trkpt lat="54.272739" lon="-3.110511"><ele>89.0</ele></trkpt>
<trkpt lat="54.272507" lon="-3.110384"><ele>88.7</ele></trkpt>
<trkpt lat="54.272237" lon="-3.110248"><ele>88.3</ele></trkpt>
<trkpt lat="54.272143" lon="-3.11011"><ele>88.0</ele></trkpt>
<trkpt lat="54.272048" lon="-3.110008"><ele>88.3</ele></trkpt>
<trkpt lat="54.271985" lon="-3.110014"><ele>88.7</ele></trkpt>
<trkpt lat="54.271872" lon="-3.110053"><ele>89.0</ele></trkpt>
<trkpt lat="54.271797" lon="-3.110037"><ele>89.3</ele></trkpt>
<trkpt lat="54.271715" lon="-3.109921"><ele>89.7</ele></trkpt>
<trkpt lat="54.271685" lon="-3.109528"><ele>90.0</ele></trkpt>
<trkpt lat="54.27156" lon="-3.109289"><ele>88.0</ele></trkpt>
<trkpt lat="54.271491" lon="-3.109017"><ele>86.0</ele></trkpt>
<trkpt lat="54.271409" lon="-3.108872"><ele>84.0</ele></trkpt>
<trkpt lat="54.27126" lon="-3.108775"><ele>83.3</ele></trkpt>
<trkpt lat="54.271189" lon="-3.108759"><ele>82.7</ele></trkpt>
<trkpt lat="54.271053" lon="-3.108599"><ele>82.0</ele></trkpt>
<trkpt lat="54.270947" lon="-3.108382"><ele>81.3</ele></trkpt>
<trkpt lat="54.270789" lon="-3.10825"><ele>80.7</ele></trkpt>
<trkpt lat="54.270643" lon="-3.108116"><ele>80.0</ele></trkpt>
<trkpt lat="54.270495" lon="-3.107891"><ele>80.3</ele></trkpt>
<trkpt lat="54.270436" lon="-3.107875"><ele>80.7</ele></trkpt>
<trkpt lat="54.270298" lon="-3.10795"><ele>81.0</ele></trkpt>
<trkpt lat="54.27021" lon="-3.107976"><ele>81.3</ele></trkpt>
<trkpt lat="54.270065" lon="-3.107915"><ele>81.7</ele></trkpt>
<trkpt lat="54.269949" lon="-3.107783"><ele>82.0</ele></trkpt>
<trkpt lat="54.269849" lon="-3.107624"><ele>82.0</ele></trkpt>
<trkpt lat="54.269833" lon="-3.107612"><ele>82.0</ele></trkpt>
<trkpt lat="54.269807" lon="-3.107748"><ele>82.0</ele></trkpt>
<trkpt lat="54.269734" lon="-3.107934"><ele>82.0</ele></trkpt>
<trkpt lat="54.269554" lon="-3.108102"><ele>82.0</ele></trkpt>
<trkpt lat="54.269454" lon="-3.108113"><ele>82.0</ele></trkpt>
<trkpt lat="54.269327" lon="-3.10819"><ele>83.3</ele></trkpt>
<trkpt lat="54.269235" lon="-3.108234"><ele>84.7</ele></trkpt>
<trkpt lat="54.268647" lon="-3.109026"><ele>86.0</ele></trkpt>
<trkpt lat="54.268542" lon="-3.109161"><ele>86.7</ele></trkpt>
<trkpt lat="54.268426" lon="-3.109255"><ele>87.3</ele></trkpt>
<trkpt lat="54.268182" lon="-3.109107"><ele>88.0</ele></trkpt>
<trkpt lat="54.268093" lon="-3.109086"><ele>88.0</ele></trkpt>
<trkpt lat="54.267924" lon="-3.108989"><ele>88.0</ele></trkpt>
<trkpt lat="54.267833" lon="-3.108978"><ele>88.0</ele></trkpt>
<trkpt lat="54.267752" lon="-3.109056"><ele>88.0</ele></trkpt>
<trkpt lat="54.26762" lon="-3.10917"><ele>88.0</ele></trkpt>
<trkpt lat="54.267343" lon="-3.109188"><ele>88.0</ele></trkpt>
<trkpt lat="54.267194" lon="-3.109171"><ele>87.7</ele></trkpt>
<trkpt lat="54.266979" lon="-3.109075"><ele>87.3</ele></trkpt>
<trkpt lat="54.266876" lon="-3.10903"><ele>87.0</ele></trkpt>
<trkpt lat="54.266919" lon="-3.109432"><ele>88.3</ele></trkpt>
<trkpt lat="54.266907" lon="-3.109672"><ele>89.7</ele></trkpt>
<trkpt lat="54.266784" lon="-3.109817"><ele>91.0</ele></trkpt>
<trkpt lat="54.26653" lon="-3.110195"><ele>93.7</ele></trkpt>
<trkpt lat="54.2662" lon="-3.110777"><ele>96.3</ele></trkpt>
<trkpt lat="54.265957" lon="-3.111148"><ele>99.0</ele></trkpt>
<trkpt lat="54.265834" lon="-3.111364"><ele>100.7</ele></trkpt>
<trkpt lat="54.265711" lon="-3.111546"><ele>102.3</ele></trkpt>
<trkpt lat="54.265725" lon="-3.111557"><ele>104.0</ele></trkpt>
<trkpt lat="54.265634" lon="-3.111774"><ele>108.3</ele></trkpt>
<trkpt lat="54.265477" lon="-3.112121"><ele>112.7</ele></trkpt>
<trkpt lat="54.265287" lon="-3.112461"><ele>117.0</ele></trkpt>
<trkpt lat="54.265223" lon="-3.112712"><ele>120.0</ele></trkpt>
<trkpt lat="54.265023" lon="-3.112977"><ele>123.0</ele></trkpt>
<trkpt lat="54.264879" lon="-3.11316"><ele>126.0</ele></trkpt>
<trkpt lat="54.264646" lon="-3.113322"><ele>127.7</ele></trkpt>
<trkpt lat="54.264434" lon="-3.113457"><ele>129.3</ele></trkpt>
<trkpt lat="54.264233" lon="-3.113688"><ele>131.0</ele></trkpt>
<trkpt lat="54.264099" lon="-3.113822"><ele>132.0</ele></trkpt>
<trkpt lat="54.264029" lon="-3.113978"><ele>133.0</ele></trkpt>
<trkpt lat="54.264027" lon="-3.114158"><ele>134.0</ele></trkpt>
<trkpt lat="54.264146" lon="-3.114261"><ele>136.0</ele></trkpt>
<trkpt lat="54.26435" lon="-3.114295"><ele>138.0</ele></trkpt>
<trkpt lat="54.264553" lon="-3.114349"><ele>140.0</ele></trkpt>
<trkpt lat="54.264679" lon="-3.114413"><ele>141.0</ele></trkpt>
<trkpt lat="54.264739" lon="-3.114527"><ele>142.0</ele></trkpt>
<trkpt lat="54.264777" lon="-3.114597"><ele>143.0</ele></trkpt>
<trkpt lat="54.264811" lon="-3.114716"><ele>144.0</ele></trkpt>
<trkpt lat="54.264804" lon="-3.114797"><ele>145.0</ele></trkpt>
<trkpt lat="54.264774" lon="-3.114881"><ele>146.0</ele></trkpt>
<trkpt lat="54.264706" lon="-3.114983"><ele>150.3</ele></trkpt>
<trkpt lat="54.264487" lon="-3.115311"><ele>154.7</ele></trkpt>
<trkpt lat="54.263878" lon="-3.116181"><ele>159.0</ele></trkpt>
<trkpt lat="54.263286" lon="-3.117055"><ele>164.7</ele></trkpt>
<trkpt lat="54.262914" lon="-3.117634"><ele>170.3</ele></trkpt>
<trkpt lat="54.26276" lon="-3.117859"><ele>176.0</ele></trkpt>
<trkpt lat="54.26262" lon="-3.118187"><ele>176.3</ele></trkpt>
<trkpt lat="54.262424" lon="-3.118187"><ele>176.7</ele></trkpt>
<trkpt lat="54.261371" lon="-3.117774"><ele>177.0</ele></trkpt>
<trkpt lat="54.260678" lon="-3.117542"><ele>175.3</ele></trkpt>
<trkpt lat="54.259967" lon="-3.117287"><ele>173.7</ele></trkpt>
<trkpt lat="54.259528" lon="-3.117147"><ele>172.0</ele></trkpt>
<trkpt lat="54.259198" lon="-3.116903"><ele>170.3</ele></trkpt>
<trkpt lat="54.258881" lon="-3.116745"><ele>168.7</ele></trkpt>
<trkpt lat="54.258644" lon="-3.116632"><ele>167.0</ele></trkpt>
<trkpt lat="54.258178" lon="-3.11664"><ele>166.3</ele></trkpt>
<trkpt lat="54.257865" lon="-3.116627"><ele>165.7</ele></trkpt>
<trkpt lat="54.257561" lon="-3.116682"><ele>165.0</ele></trkpt>
<trkpt lat="54.257476" lon="-3.116668"><ele>164.7</ele></trkpt>
<trkpt lat="54.256993" lon="-3.116831"><ele>164.3</ele></trkpt>
<trkpt lat="54.256632" lon="-3.117056"><ele>164.0</ele></trkpt>
<trkpt lat="54.256309" lon="-3.117432"><ele>166.0</ele></trkpt>
<trkpt lat="54.256062" lon="-3.117746"><ele>168.0</ele></trkpt>
<trkpt lat="54.255784" lon="-3.118091"><ele>170.0</ele></trkpt>
<trkpt lat="54.255569" lon="-3.118267"><ele>168.7</ele></trkpt>
<trkpt lat="54.255424" lon="-3.118445"><ele>167.3</ele></trkpt>
<trkpt lat="54.2552" lon="-3.118612"><ele>166.0</ele></trkpt>
<trkpt lat="54.254972" lon="-3.118889"><ele>165.0</ele></trkpt>
<trkpt lat="54.25476" lon="-3.119129"><ele>164.0</ele></trkpt>
<trkpt lat="54.254456" lon="-3.119265"><ele>163.0</ele></trkpt>
<trkpt lat="54.254251" lon="-3.119351"><ele>163.7</ele></trkpt>
<trkpt lat="54.254217" lon="-3.119702"><ele>164.3</ele></trkpt>
<trkpt lat="54.25419" lon="-3.119862"><ele>165.0</ele></trkpt>
<trkpt lat="54.254065" lon="-3.119939"><ele>165.0</ele></trkpt>
<trkpt lat="54.253896" lon="-3.11987"><ele>165.0</ele></trkpt>
<trkpt lat="54.253869" lon="-3.119736"><ele>165.0</ele></trkpt>
<trkpt lat="54.253917" lon="-3.119485"><ele>163.7</ele></trkpt>
<trkpt lat="54.25379" lon="-3.118907"><ele>162.3</ele></trkpt>
<trkpt lat="54.253764" lon="-3.118821"><ele>161.0</ele></trkpt>
<trkpt lat="54.253543" lon="-3.118549"><ele>159.7</ele></trkpt>
<trkpt lat="54.253291" lon="-3.118251"><ele>158.3</ele></trkpt>
<trkpt lat="54.253087" lon="-3.117945"><ele>157.0</ele></trkpt>
<trkpt lat="54.252996" lon="-3.117827"><ele>154.7</ele></trkpt>
<trkpt lat="54.252781" lon="-3.117652"><ele>152.3</ele></trkpt>
<trkpt lat="54.252588" lon="-3.117431"><ele>150.0</ele></trkpt>
<trkpt lat="54.252517" lon="-3.117243"><ele>148.3</ele></trkpt>
<trkpt lat="54.251651" lon="-3.117204"><ele>146.7</ele></trkpt>
<trkpt lat="54.251445" lon="-3.117167"><ele>145.0</ele></trkpt>
<trkpt lat="54.251115" lon="-3.11712"><ele>141.0</ele></trkpt>
<trkpt lat="54.250951" lon="-3.117053"><ele>137.0</ele></trkpt>
<trkpt lat="54.250427" lon="-3.116651"><ele>133.0</ele></trkpt>
<trkpt lat="54.250199" lon="-3.116403"><ele>131.3</ele></trkpt>
<trkpt lat="54.249986" lon="-3.116224"><ele>129.7</ele></trkpt>
<trkpt lat="54.249935" lon="-3.116271"><ele>128.0</ele></trkpt>
<trkpt lat="54.249563" lon="-3.116165"><ele>127.0</ele></trkpt>
<trkpt lat="54.249329" lon="-3.116184"><ele>126.0</ele></trkpt>
<trkpt lat="54.249287" lon="-3.116301"><ele>125.0</ele></trkpt>
<trkpt lat="54.248964" lon="-3.116338"><ele>125.0</ele></trkpt>
<trkpt lat="54.248616" lon="-3.116344"><ele>125.0</ele></trkpt>
<trkpt lat="54.248586" lon="-3.116291"><ele>125.0</ele></trkpt>
<trkpt lat="54.248512" lon="-3.116036"><ele>123.0</ele></trkpt>
<trkpt lat="54.248454" lon="-3.115665"><ele>121.0</ele></trkpt>
<trkpt lat="54.24832" lon="-3.115568"><ele>119.0</ele></trkpt>
<trkpt lat="54.248192" lon="-3.11551"><ele>118.7</ele></trkpt>
<trkpt lat="54.248134" lon="-3.115436"><ele>118.3</ele></trkpt>
<trkpt lat="54.248074" lon="-3.11527"><ele>118.0</ele></trkpt>
<trkpt lat="54.247982" lon="-3.11501"><ele>116.7</ele></trkpt>
<trkpt lat="54.247899" lon="-3.114866"><ele>115.3</ele></trkpt>
<trkpt lat="54.247806" lon="-3.114786"><ele>114.0</ele></trkpt>
<trkpt lat="54.247713" lon="-3.1147"><ele>113.3</ele></trkpt>
<trkpt lat="54.24761" lon="-3.114521"><ele>112.7</ele></trkpt>
<trkpt lat="54.247487" lon="-3.114252"><ele>112.0</ele></trkpt>
<trkpt lat="54.247406" lon="-3.114105"><ele>112.0</ele></trkpt>
<trkpt lat="54.247341" lon="-3.114014"><ele>112.0</ele></trkpt>
<trkpt lat="54.247243" lon="-3.113915"><ele>112.0</ele></trkpt>
<trkpt lat="54.247131" lon="-3.113807"><ele>112.3</ele></trkpt>
<trkpt lat="54.247" lon="-3.113639"><ele>112.7</ele></trkpt>
<trkpt lat="54.246807" lon="-3.113368"><ele>113.0</ele></trkpt>
<trkpt lat="54.246553" lon="-3.113031"><ele>114.3</ele></trkpt>
<trkpt lat="54.2464" lon="-3.112838"><ele>115.7</ele></trkpt>
<trkpt lat="54.24614" lon="-3.11247"><ele>117.0</ele></trkpt>
<trkpt lat="54.245856" lon="-3.111966"><ele>118.3</ele></trkpt>
<trkpt lat="54.245733" lon="-3.111777"><ele>119.7</ele></trkpt>
<trkpt lat="54.245732" lon="-3.111608"><ele>121.0</ele></trkpt>
<trkpt lat="54.245772" lon="-3.110995"><ele>121.7</ele></trkpt>
<trkpt lat="54.245471" lon="-3.110677"><ele>122.3</ele></trkpt>
<trkpt lat="54.245063" lon="-3.110196"><ele>123.0</ele></trkpt>
<trkpt lat="54.244799" lon="-3.109991"><ele>122.7</ele></trkpt>
<trkpt lat="54.244654" lon="-3.109875"><ele>122.3</ele></trkpt>
<trkpt lat="54.244645" lon="-3.109501"><ele>122.0</ele></trkpt>
<trkpt lat="54.24446" lon="-3.109208"><ele>121.0</ele></trkpt>
<trkpt lat="54.244112" lon="-3.108632"><ele>120.0</ele></trkpt>
<trkpt lat="54.244017" lon="-3.108448"><ele>119.0</ele></trkpt>
<trkpt lat="54.243897" lon="-3.1079"><ele>119.3</ele></trkpt>
<trkpt lat="54.243845" lon="-3.107706"><ele>119.7</ele></trkpt>
<trkpt lat="54.243712" lon="-3.10758"><ele>120.0</ele></trkpt>
<trkpt lat="54.243473" lon="-3.107408"><ele>121.0</ele></trkpt>
<trkpt lat="54.243246" lon="-3.107241"><ele>122.0</ele></trkpt>
<trkpt lat="54.243065" lon="-3.107039"><ele>123.0</ele></trkpt>
<trkpt lat="54.24301" lon="-3.107011"><ele>121.7</ele></trkpt>
<trkpt lat="54.242979" lon="-3.107046"><ele>120.3</ele></trkpt>
<trkpt lat="54.242705" lon="-3.107084"><ele>119.0</ele></trkpt>
<trkpt lat="54.242658" lon="-3.107062"><ele>118.7</ele></trkpt>
<trkpt lat="54.242485" lon="-3.106956"><ele>118.3</ele></trkpt>
<trkpt lat="54.242398" lon="-3.106872"><ele>118.0</ele></trkpt>
<trkpt lat="54.242208" lon="-3.106815"><ele>117.7</ele></trkpt>
<trkpt lat="54.242109" lon="-3.106779"><ele>117.3</ele></trkpt>
<trkpt lat="54.24204" lon="-3.106656"><ele>117.0</ele></trkpt>
<trkpt lat="54.241955" lon="-3.106645"><ele>115.3</ele></trkpt>
<trkpt lat="54.241083" lon="-3.106638"><ele>113.7</ele></trkpt>
<trkpt lat="54.240017" lon="-3.106675"><ele>112.0</ele></trkpt>
<trkpt lat="54.239753" lon="-3.106651"><ele>112.3</ele></trkpt>
<trkpt lat="54.239547" lon="-3.106585"><ele>112.7</ele></trkpt>
<trkpt lat="54.239362" lon="-3.106552"><ele>113.0</ele></trkpt>
<trkpt lat="54.239232" lon="-3.106547"><ele>112.3</ele></trkpt>
<trkpt lat="54.239139" lon="-3.106601"><ele>111.7</ele></trkpt>
<trkpt lat="54.238935" lon="-3.106596"><ele>111.0</ele></trkpt>
<trkpt lat="54.238678" lon="-3.106566"><ele>111.0</ele></trkpt>
<trkpt lat="54.238434" lon="-3.106503"><ele>111.0</ele></trkpt>
<trkpt lat="54.238255" lon="-3.106453"><ele>111.0</ele></trkpt>
<trkpt lat="54.238007" lon="-3.106408"><ele>110.3</ele></trkpt>
<trkpt lat="54.237836" lon="-3.106302"><ele>109.7</ele></trkpt>
<trkpt lat="54.237594" lon="-3.106149"><ele>109.0</ele></trkpt>
<trkpt lat="54.237477" lon="-3.105977"><ele>107.7</ele></trkpt>
<trkpt lat="54.237315" lon="-3.105612"><ele>106.3</ele></trkpt>
<trkpt lat="54.237194" lon="-3.105182"><ele>105.0</ele></trkpt>
<trkpt lat="54.237111" lon="-3.104909"><ele>104.7</ele></trkpt>
<trkpt lat="54.23708" lon="-3.104875"><ele>104.3</ele></trkpt>
<trkpt lat="54.237039" lon="-3.104894"><ele>104.0</ele></trkpt>
<trkpt lat="54.236913" lon="-3.10487"><ele>103.7</ele></trkpt>
<trkpt lat="54.236744" lon="-3.104674"><ele>103.3</ele></trkpt>
<trkpt lat="54.236529" lon="-3.104398"><ele>103.0</ele></trkpt>
<trkpt lat="54.236323" lon="-3.104181"><ele>103.3</ele></trkpt>
<trkpt lat="54.236182" lon="-3.104046"><ele>103.7</ele></trkpt>
<trkpt lat="54.236039" lon="-3.103884"><ele>104.0</ele></trkpt>
<trkpt lat="54.235818" lon="-3.103485"><ele>102.3</ele></trkpt>
<trkpt lat="54.235611" lon="-3.103096"><ele>100.7</ele></trkpt>
<trkpt lat="54.235358" lon="-3.102639"><ele>99.0</ele></trkpt>
<trkpt lat="54.235137" lon="-3.102285"><ele>98.3</ele></trkpt>
<trkpt lat="54.234955" lon="-3.102016"><ele>97.7</ele></trkpt>
<trkpt lat="54.234834" lon="-3.101859"><ele>97.0</ele></trkpt>
<trkpt lat="54.234651" lon="-3.101571"><ele>96.0</ele></trkpt>
<trkpt lat="54.234507" lon="-3.101252"><ele>95.0</ele></trkpt>
<trkpt lat="54.234452" lon="-3.101088"><ele>94.0</ele></trkpt>
<trkpt lat="54.23423" lon="-3.10105"><ele>94.0</ele></trkpt>
<trkpt lat="54.234078" lon="-3.100997"><ele>94.0</ele></trkpt>
<trkpt lat="54.233954" lon="-3.100924"><ele>94.0</ele></trkpt>
<trkpt lat="54.23381" lon="-3.100848"><ele>94.0</ele></trkpt>
<trkpt lat="54.233783" lon="-3.10083"><ele>94.0</ele></trkpt>
<trkpt lat="54.233723" lon="-3.100905"><ele>94.0</ele></trkpt>
<trkpt lat="54.233664" lon="-3.100977"><ele>94.3</ele></trkpt>
<trkpt lat="54.233585" lon="-3.101107"><ele>94.7</ele></trkpt>
<trkpt lat="54.233518" lon="-3.10124"><ele>95.0</ele></trkpt>
<trkpt lat="54.233401" lon="-3.10131"><ele>95.7</ele></trkpt>
<trkpt lat="54.233372" lon="-3.101348"><ele>96.3</ele></trkpt>
<trkpt lat="54.233346" lon="-3.101536"><ele>97.0</ele></trkpt>
<trkpt lat="54.233374" lon="-3.101767"><ele>99.7</ele></trkpt>
<trkpt lat="54.233426" lon="-3.102185"><ele>102.3</ele></trkpt>
<trkpt lat="54.233417" lon="-3.102705"><ele>105.0</ele></trkpt>
<trkpt lat="54.233205" lon="-3.103789"><ele>108.7</ele></trkpt>
<trkpt lat="54.232959" lon="-3.104784"><ele>112.3</ele></trkpt>
<trkpt lat="54.232771" lon="-3.10449"><ele>116.0</ele></trkpt>
<trkpt lat="54.232327" lon="-3.103726"><ele>115.7</ele></trkpt>
<trkpt lat="54.232194" lon="-3.103562"><ele>115.3</ele></trkpt>
<trkpt lat="54.232036" lon="-3.103894"><ele>115.0</ele></trkpt>
<trkpt lat="54.231619" lon="-3.1049"><ele>116.3</ele></trkpt>
<trkpt lat="54.231414" lon="-3.105451"><ele>117.7</ele></trkpt>
<trkpt lat="54.231161" lon="-3.105909"><ele>119.0</ele></trkpt>
<trkpt lat="54.230904" lon="-3.106343"><ele>119.3</ele></trkpt>
<trkpt lat="54.230736" lon="-3.106723"><ele>119.7</ele></trkpt>
<trkpt lat="54.230482" lon="-3.107341"><ele>120.0</ele></trkpt>
<trkpt lat="54.230219" lon="-3.107606"><ele>120.3</ele></trkpt>
<trkpt lat="54.230109" lon="-3.107819"><ele>120.7</ele></trkpt>
<trkpt lat="54.230091" lon="-3.108041"><ele>121.0</ele></trkpt>
<trkpt lat="54.23005" lon="-3.108053"><ele>121.0</ele></trkpt>
<trkpt lat="54.23" lon="-3.108048"><ele>121.0</ele></trkpt>
<trkpt lat="54.229893" lon="-3.108037"><ele>121.0</ele></trkpt>
<trkpt lat="54.229824" lon="-3.108075"><ele>120.7</ele></trkpt>
<trkpt lat="54.229649" lon="-3.108306"><ele>120.3</ele></trkpt>
<trkpt lat="54.229441" lon="-3.108598"><ele>120.0</ele></trkpt>
<trkpt lat="54.22926" lon="-3.108904"><ele>120.0</ele></trkpt>
<trkpt lat="54.229122" lon="-3.109185"><ele>120.0</ele></trkpt>
<trkpt lat="54.228998" lon="-3.109648"><ele>120.0</ele></trkpt>
<trkpt lat="54.22894" lon="-3.10985"><ele>120.7</ele></trkpt>
<trkpt lat="54.228864" lon="-3.110055"><ele>121.3</ele></trkpt>
<trkpt lat="54.228774" lon="-3.1103"><ele>122.0</ele></trkpt>
<trkpt lat="54.228716" lon="-3.110643"><ele>123.7</ele></trkpt>
<trkpt lat="54.228691" lon="-3.110752"><ele>125.3</ele></trkpt>
<trkpt lat="54.228643" lon="-3.110812"><ele>127.0</ele></trkpt>
<trkpt lat="54.228619" lon="-3.11084"><ele>127.0</ele></trkpt>
<trkpt lat="54.228431" lon="-3.110957"><ele>127.0</ele></trkpt>
<trkpt lat="54.228282" lon="-3.110985"><ele>127.0</ele></trkpt>
<trkpt lat="54.227927" lon="-3.111071"><ele>127.3</ele></trkpt>
<trkpt lat="54.227633" lon="-3.111212"><ele>127.7</ele></trkpt>
<trkpt lat="54.227446" lon="-3.111302"><ele>128.0</ele></trkpt>
<trkpt lat="54.227271" lon="-3.11151"><ele>128.7</ele></trkpt>
<trkpt lat="54.227143" lon="-3.111782"><ele>129.3</ele></trkpt>
<trkpt lat="54.227075" lon="-3.111874"><ele>130.0</ele></trkpt>
<trkpt lat="54.226985" lon="-3.111928"><ele>129.7</ele></trkpt>
<trkpt lat="54.226887" lon="-3.111824"><ele>129.3</ele></trkpt>
<trkpt lat="54.226776" lon="-3.111645"><ele>129.0</ele></trkpt>
<trkpt lat="54.226506" lon="-3.111462"><ele>130.3</ele></trkpt>
<trkpt lat="54.226104" lon="-3.111299"><ele>131.7</ele></trkpt>
<trkpt lat="54.225768" lon="-3.111113"><ele>133.0</ele></trkpt>
<trkpt lat="54.225578" lon="-3.111044"><ele>133.0</ele></trkpt>
<trkpt lat="54.225174" lon="-3.111065"><ele>133.0</ele></trkpt>
<trkpt lat="54.224809" lon="-3.111032"><ele>133.0</ele></trkpt>
<trkpt lat="54.22453" lon="-3.110952"><ele>132.7</ele></trkpt>
<trkpt lat="54.224459" lon="-3.110967"><ele>132.3</ele></trkpt>
<trkpt lat="54.224189" lon="-3.111605"><ele>132.0</ele></trkpt>
<trkpt lat="54.223765" lon="-3.112545"><ele>131.0</ele></trkpt>
<trkpt lat="54.223728" lon="-3.112627"><ele>130.0</ele></trkpt>
<trkpt lat="54.223632" lon="-3.112807"><ele>129.0</ele></trkpt>
<trkpt lat="54.223531" lon="-3.112938"><ele>128.7</ele></trkpt>
<trkpt lat="54.223366" lon="-3.11305"><ele>128.3</ele></trkpt>
<trkpt lat="54.223294" lon="-3.113193"><ele>128.0</ele></trkpt>
<trkpt lat="54.223219" lon="-3.113248"><ele>128.3</ele></trkpt>
<trkpt lat="54.222935" lon="-3.113361"><ele>128.7</ele></trkpt>
<trkpt lat="54.222791" lon="-3.113454"><ele>129.0</ele></trkpt>
<trkpt lat="54.22273" lon="-3.113501"><ele>129.0</ele></trkpt>
<trkpt lat="54.22263" lon="-3.113541"><ele>129.0</ele></trkpt>
<trkpt lat="54.222592" lon="-3.113376"><ele>129.0</ele></trkpt>
<trkpt lat="54.222463" lon="-3.11308"><ele>127.3</ele></trkpt>
<trkpt lat="54.222425" lon="-3.112939"><ele>125.7</ele></trkpt>
<trkpt lat="54.222324" lon="-3.112674"><ele>124.0</ele></trkpt>
<trkpt lat="54.222234" lon="-3.112573"><ele>123.3</ele></trkpt>
<trkpt lat="54.222036" lon="-3.112497"><ele>122.7</ele></trkpt>
<trkpt lat="54.221963" lon="-3.112439"><ele>122.0</ele></trkpt>
<trkpt lat="54.221922" lon="-3.112395"><ele>121.7</ele></trkpt>
<trkpt lat="54.2218" lon="-3.112195"><ele>121.3</ele></trkpt>
<trkpt lat="54.221605" lon="-3.111795"><ele>121.0</ele></trkpt>
<trkpt lat="54.221402" lon="-3.111423"><ele>120.7</ele></trkpt>
<trkpt lat="54.221116" lon="-3.111147"><ele>120.3</ele></trkpt>
<trkpt lat="54.220982" lon="-3.111365"><ele>120.0</ele></trkpt>
<trkpt lat="54.220753" lon="-3.111157"><ele>120.7</ele></trkpt>
<trkpt lat="54.220405" lon="-3.1108"><ele>121.3</ele></trkpt>
<trkpt lat="54.220066" lon="-3.110501"><ele>122.0</ele></trkpt>
<trkpt lat="54.219888" lon="-3.110374"><ele>122.3</ele></trkpt>
<trkpt lat="54.219827" lon="-3.110371"><ele>122.7</ele></trkpt>
<trkpt lat="54.219771" lon="-3.110359"><ele>123.0</ele></trkpt>
<trkpt lat="54.219735" lon="-3.110373"><ele>123.3</ele></trkpt>
<trkpt lat="54.219635" lon="-3.110439"><ele>123.7</ele></trkpt>
<trkpt lat="54.219555" lon="-3.110452"><ele>124.0</ele></trkpt>
<trkpt lat="54.219511" lon="-3.110383"><ele>123.7</ele></trkpt>
<trkpt lat="54.219468" lon="-3.110269"><ele>123.3</ele></trkpt>
<trkpt lat="54.219409" lon="-3.11022"><ele>123.0</ele></trkpt>
<trkpt lat="54.219191" lon="-3.110079"><ele>122.0</ele></trkpt>
<trkpt lat="54.218799" lon="-3.109774"><ele>121.0</ele></trkpt>
<trkpt lat="54.218529" lon="-3.10957"><ele>120.0</ele></trkpt>
<trkpt lat="54.218242" lon="-3.109337"><ele>119.3</ele></trkpt>
<trkpt lat="54.217995" lon="-3.109217"><ele>118.7</ele></trkpt>
<trkpt lat="54.217867" lon="-3.109193"><ele>118.0</ele></trkpt>
<trkpt lat="54.217784" lon="-3.10914"><ele>121.0</ele></trkpt>
<trkpt lat="54.217159" lon="-3.109745"><ele>124.0</ele></trkpt>
<trkpt lat="54.217032" lon="-3.109626"><ele>127.0</ele></trkpt>
<trkpt lat="54.215726" lon="-3.110856"><ele>134.0</ele></trkpt>
<trkpt lat="54.215001" lon="-3.110487"><ele>141.0</ele></trkpt>
<trkpt lat="54.214555" lon="-3.110336"><ele>148.0</ele></trkpt>
<trkpt lat="54.214099" lon="-3.110208"><ele>148.3</ele></trkpt>
<trkpt lat="54.213894" lon="-3.110151"><ele>148.7</ele></trkpt>
<trkpt lat="54.213794" lon="-3.110088"><ele>149.0</ele></trkpt>
<trkpt lat="54.213717" lon="-3.110071"><ele>150.0</ele></trkpt>
<trkpt lat="54.21359" lon="-3.109998"><ele>151.0</ele></trkpt>
<trkpt lat="54.21357" lon="-3.110177"><ele>152.0</ele></trkpt>
<trkpt lat="54.21356" lon="-3.110425"><ele>155.7</ele></trkpt>
<trkpt lat="54.213498" lon="-3.110572"><ele>159.3</ele></trkpt>
<trkpt lat="54.213415" lon="-3.110954"><ele>163.0</ele></trkpt>
<trkpt lat="54.21335" lon="-3.111128"><ele>165.0</ele></trkpt>
<trkpt lat="54.213193" lon="-3.111344"><ele>167.0</ele></trkpt>
<trkpt lat="54.213115" lon="-3.111504"><ele>169.0</ele></trkpt>
<trkpt lat="54.213047" lon="-3.111738"><ele>171.0</ele></trkpt>
<trkpt lat="54.212981" lon="-3.112085"><ele>173.0</ele></trkpt>
<trkpt lat="54.212941" lon="-3.112328"><ele>175.0</ele></trkpt>
<trkpt lat="54.212861" lon="-3.11221"><ele>174.0</ele></trkpt>
<trkpt lat="54.212585" lon="-3.111714"><ele>173.0</ele></trkpt>
<trkpt lat="54.212435" lon="-3.111408"><ele>172.0</ele></trkpt>
<trkpt lat="54.212373" lon="-3.111189"><ele>171.7</ele></trkpt>
<trkpt lat="54.212329" lon="-3.111088"><ele>171.3</ele></trkpt>
<trkpt lat="54.212277" lon="-3.111001"><ele>171.0</ele></trkpt>
<trkpt lat="54.212124" lon="-3.110947"><ele>169.3</ele></trkpt>
<trkpt lat="54.212025" lon="-3.110847"><ele>167.7</ele></trkpt>
<trkpt lat="54.211804" lon="-3.110573"><ele>166.0</ele></trkpt>
<trkpt lat="54.211486" lon="-3.110212"><ele>161.7</ele></trkpt>
<trkpt lat="54.211355" lon="-3.11004"><ele>157.3</ele></trkpt>
<trkpt lat="54.211298" lon="-3.109954"><ele>153.0</ele></trkpt>
<trkpt lat="54.211159" lon="-3.109851"><ele>149.3</ele></trkpt>
<trkpt lat="54.210746" lon="-3.109812"><ele>145.7</ele></trkpt>
<trkpt lat="54.210491" lon="-3.109721"><ele>142.0</ele></trkpt>
<trkpt lat="54.210427" lon="-3.109718"><ele>142.0</ele></trkpt>
<trkpt lat="54.21035" lon="-3.109787"><ele>142.0</ele></trkpt>
<trkpt lat="54.210191" lon="-3.10998"><ele>142.0</ele></trkpt>
<trkpt lat="54.210127" lon="-3.110012"><ele>141.7</ele></trkpt>
<trkpt lat="54.210042" lon="-3.110019"><ele>141.3</ele></trkpt>
<trkpt lat="54.209976" lon="-3.109989"><ele>141.0</ele></trkpt>
<trkpt lat="54.209909" lon="-3.109759"><ele>138.0</ele></trkpt>
<trkpt lat="54.209802" lon="-3.109334"><ele>135.0</ele></trkpt>
<trkpt lat="54.209749" lon="-3.109179"><ele>132.0</ele></trkpt>
<trkpt lat="54.209635" lon="-3.109126"><ele>131.0</ele></trkpt>
<trkpt lat="54.209581" lon="-3.109081"><ele>130.0</ele></trkpt>
<trkpt lat="54.209531" lon="-3.109036"><ele>129.0</ele></trkpt>
<trkpt lat="54.2093" lon="-3.108929"><ele>127.7</ele></trkpt>
<trkpt lat="54.209255" lon="-3.10889"><ele>126.3</ele></trkpt>
<trkpt lat="54.209234" lon="-3.108804"><ele>125.0</ele></trkpt>
<trkpt lat="54.209229" lon="-3.108769"><ele>124.3</ele></trkpt>
<trkpt lat="54.209158" lon="-3.108724"><ele>123.7</ele></trkpt>
<trkpt lat="54.209111" lon="-3.108641"><ele>123.0</ele></trkpt>
<trkpt lat="54.209068" lon="-3.108477"><ele>120.0</ele></trkpt>
<trkpt lat="54.209048" lon="-3.108274"><ele>117.0</ele></trkpt>
<trkpt lat="54.209026" lon="-3.108135"><ele>114.0</ele></trkpt>
<trkpt lat="54.209021" lon="-3.107948"><ele>111.7</ele></trkpt>
<trkpt lat="54.208964" lon="-3.107828"><ele>109.3</ele></trkpt>
<trkpt lat="54.208873" lon="-3.10779"><ele>107.0</ele></trkpt>
<trkpt lat="54.208682" lon="-3.107883"><ele>105.3</ele></trkpt>
<trkpt lat="54.208635" lon="-3.107693"><ele>103.7</ele></trkpt>
<trkpt lat="54.208588" lon="-3.107415"><ele>102.0</ele></trkpt>
<trkpt lat="54.208465" lon="-3.107285"><ele>99.7</ele></trkpt>
<trkpt lat="54.208325" lon="-3.107197"><ele>97.3</ele></trkpt>
<trkpt lat="54.208178" lon="-3.10701"><ele>95.0</ele></trkpt>
<trkpt lat="54.208089" lon="-3.106838"><ele>92.3</ele></trkpt>
<trkpt lat="54.207975" lon="-3.106694"><ele>89.7</ele></trkpt>
<trkpt lat="54.207819" lon="-3.106549"><ele>87.0</ele></trkpt>
<trkpt lat="54.207656" lon="-3.106333"><ele>83.0</ele></trkpt>
<trkpt lat="54.207526" lon="-3.10609"><ele>79.0</ele></trkpt>
<trkpt lat="54.207414" lon="-3.105707"><ele>75.0</ele></trkpt>
<trkpt lat="54.207243" lon="-3.105393"><ele>72.0</ele></trkpt>
<trkpt lat="54.207139" lon="-3.105108"><ele>69.0</ele></trkpt>
<trkpt lat="54.207033" lon="-3.104894"><ele>66.0</ele></trkpt>
<trkpt lat="54.20689" lon="-3.104584"><ele>66.0</ele></trkpt>
<trkpt lat="54.206729" lon="-3.104431"><ele>66.0</ele></trkpt>
<trkpt lat="54.206668" lon="-3.104384"><ele>66.0</ele></trkpt>
<trkpt lat="54.206655" lon="-3.104425"><ele>66.0</ele></trkpt>
<trkpt lat="54.206598" lon="-3.104614"><ele>66.0</ele></trkpt>
<trkpt lat="54.206484" lon="-3.104868"><ele>66.0</ele></trkpt>
<trkpt lat="54.206216" lon="-3.104948"><ele>66.0</ele></trkpt>
<trkpt lat="54.206007" lon="-3.105015"><ele>66.0</ele></trkpt>
<trkpt lat="54.205952" lon="-3.105055"><ele>66.0</ele></trkpt>
<trkpt lat="54.205912" lon="-3.105121"><ele>66.7</ele></trkpt>
<trkpt lat="54.205851" lon="-3.105176"><ele>67.3</ele></trkpt>
<trkpt lat="54.205753" lon="-3.105246"><ele>68.0</ele></trkpt>
<trkpt lat="54.205525" lon="-3.105369"><ele>68.0</ele></trkpt>
<trkpt lat="54.205468" lon="-3.105357"><ele>68.0</ele></trkpt>
<trkpt lat="54.205203" lon="-3.105216"><ele>68.0</ele></trkpt>
<trkpt lat="54.205003" lon="-3.105179"><ele>67.3</ele></trkpt>
<trkpt lat="54.204683" lon="-3.105104"><ele>66.7</ele></trkpt>
<trkpt lat="54.204295" lon="-3.104804"><ele>66.0</ele></trkpt>
<trkpt lat="54.204181" lon="-3.104698"><ele>65.7</ele></trkpt>
<trkpt lat="54.203953" lon="-3.104438"><ele>65.3</ele></trkpt>
<trkpt lat="54.203648" lon="-3.104064"><ele>65.0</ele></trkpt>
<trkpt lat="54.203515" lon="-3.103946"><ele>64.3</ele></trkpt>
<trkpt lat="54.203229" lon="-3.103872"><ele>63.7</ele></trkpt>
<trkpt lat="54.202983" lon="-3.10385"><ele>63.0</ele></trkpt>
<trkpt lat="54.202877" lon="-3.103857"><ele>63.0</ele></trkpt>
<trkpt lat="54.202711" lon="-3.103889"><ele>63.0</ele></trkpt>
<trkpt lat="54.202631" lon="-3.103938"><ele>63.0</ele></trkpt>
<trkpt lat="54.20244" lon="-3.103985"><ele>62.0</ele></trkpt>
<trkpt lat="54.20192" lon="-3.104286"><ele>61.0</ele></trkpt>
<trkpt lat="54.201789" lon="-3.10436"><ele>60.0</ele></trkpt>
<trkpt lat="54.201645" lon="-3.104355"><ele>59.7</ele></trkpt>
<trkpt lat="54.201501" lon="-3.104332"><ele>59.3</ele></trkpt>
<trkpt lat="54.201423" lon="-3.104293"><ele>59.0</ele></trkpt>
<trkpt lat="54.201159" lon="-3.104188"><ele>58.7</ele></trkpt>
<trkpt lat="54.201006" lon="-3.104153"><ele>58.3</ele></trkpt>
<trkpt lat="54.20073" lon="-3.104162"><ele>58.0</ele></trkpt>
<trkpt lat="54.20041" lon="-3.104158"><ele>58.3</ele></trkpt>
<trkpt lat="54.20017" lon="-3.104162"><ele>58.7</ele></trkpt>
<trkpt lat="54.199998" lon="-3.104106"><ele>59.0</ele></trkpt>
<trkpt lat="54.199716" lon="-3.103924"><ele>58.7</ele></trkpt>
<trkpt lat="54.199308" lon="-3.103772"><ele>58.3</ele></trkpt>
<trkpt lat="54.198569" lon="-3.103443"><ele>58.0</ele></trkpt>
<trkpt lat="54.19804" lon="-3.103287"><ele>57.7</ele></trkpt>
<trkpt lat="54.198339" lon="-3.103015"><ele>57.3</ele></trkpt>
<trkpt lat="54.198402" lon="-3.102917"><ele>57.0</ele></trkpt>
<trkpt lat="54.198463" lon="-3.102957"><ele>56.3</ele></trkpt>
<trkpt lat="54.198558" lon="-3.103003"><ele>55.7</ele></trkpt>
<trkpt lat="54.198655" lon="-3.103032"><ele>55.0</ele></trkpt>
<trkpt lat="54.198716" lon="-3.103016"><ele>54.3</ele></trkpt>
<trkpt lat="54.198745" lon="-3.102974"><ele>53.7</ele></trkpt>
<trkpt lat="54.198767" lon="-3.102886"><ele>53.0</ele></trkpt>
<trkpt lat="54.198778" lon="-3.102792"><ele>52.0</ele></trkpt>
<trkpt lat="54.198782" lon="-3.102701"><ele>51.0</ele></trkpt>
<trkpt lat="54.198775" lon="-3.102539"><ele>50.0</ele></trkpt>
<trkpt lat="54.198712" lon="-3.10208"><ele>48.7</ele></trkpt>
<trkpt lat="54.198694" lon="-3.101965"><ele>47.3</ele></trkpt>
<trkpt lat="54.198638" lon="-3.101971"><ele>46.0</ele></trkpt>
<trkpt lat="54.198557" lon="-3.101967"><ele>46.3</ele></trkpt>
<trkpt lat="54.19849" lon="-3.101932"><ele>46.7</ele></trkpt>
<trkpt lat="54.198451" lon="-3.101897"><ele>47.0</ele></trkpt>
<trkpt lat="54.198426" lon="-3.101848"><ele>46.3</ele></trkpt>
<trkpt lat="54.198405" lon="-3.101797"><ele>45.7</ele></trkpt>
<trkpt lat="54.198378" lon="-3.101624"><ele>45.0</ele></trkpt>
<trkpt lat="54.198357" lon="-3.101515"><ele>45.0</ele></trkpt>
<trkpt lat="54.198335" lon="-3.101469"><ele>45.0</ele></trkpt>
<trkpt lat="54.198308" lon="-3.101427"><ele>45.0</ele></trkpt>
<trkpt lat="54.198241" lon="-3.101368"><ele>46.3</ele></trkpt>
<trkpt lat="54.198116" lon="-3.101282"><ele>47.7</ele></trkpt>
<trkpt lat="54.198011" lon="-3.10118"><ele>49.0</ele></trkpt>
<trkpt lat="54.197954" lon="-3.101082"><ele>48.0</ele></trkpt>
<trkpt lat="54.197915" lon="-3.100971"><ele>47.0</ele></trkpt>
<trkpt lat="54.197889" lon="-3.100794"><ele>46.0</ele></trkpt>
<trkpt lat="54.197881" lon="-3.100545"><ele>43.7</ele></trkpt>
<trkpt lat="54.197883" lon="-3.100348"><ele>41.3</ele></trkpt>
<trkpt lat="54.197894" lon="-3.099878"><ele>39.0</ele></trkpt>
<trkpt lat="54.197898" lon="-3.099585"><ele>37.7</ele></trkpt>
<trkpt lat="54.197898" lon="-3.099568"><ele>36.3</ele></trkpt>
<trkpt lat="54.197779" lon="-3.098766"><ele>35.0</ele></trkpt>
<trkpt lat="54.197739" lon="-3.098535"><ele>33.5</ele></trkpt>
<trkpt lat="54.197561" lon="-3.098074"><ele>32.0</ele></trkpt>
<trkpt lat="54.197561" lon="-3.098074"><ele>32.0</ele></trkpt>
<trkpt lat="54.197222" lon="-3.097637"><ele>31.0</ele></trkpt>
<trkpt lat="54.197024" lon="-3.097232"><ele>30.0</ele></trkpt>
<trkpt lat="54.196878" lon="-3.0973"><ele>29.0</ele></trkpt>
<trkpt lat="54.196713" lon="-3.096912"><ele>29.0</ele></trkpt>
<trkpt lat="54.196515" lon="-3.096522"><ele>29.0</ele></trkpt>
<trkpt lat="54.196371" lon="-3.096326"><ele>29.0</ele></trkpt>
<trkpt lat="54.196317" lon="-3.096109"><ele>28.7</ele></trkpt>
<trkpt lat="54.19601" lon="-3.096301"><ele>28.3</ele></trkpt>
<trkpt lat="54.195914" lon="-3.095994"><ele>28.0</ele></trkpt>
<trkpt lat="54.195974" lon="-3.095099"><ele>27.7</ele></trkpt>
<trkpt lat="54.195986" lon="-3.094763"><ele>27.3</ele></trkpt>
<trkpt lat="54.195917" lon="-3.094177"><ele>27.0</ele></trkpt>
<trkpt lat="54.195863" lon="-3.093872"><ele>25.3</ele></trkpt>
<trkpt lat="54.195697" lon="-3.093523"><ele>23.7</ele></trkpt>
<trkpt lat="54.195423" lon="-3.093"><ele>22.0</ele></trkpt>
<trkpt lat="54.195398" lon="-3.092663"><ele>21.3</ele></trkpt>
<trkpt lat="54.195229" lon="-3.092595"><ele>20.7</ele></trkpt>
<trkpt lat="54.195148" lon="-3.092288"><ele>20.0</ele></trkpt>
<trkpt lat="54.195179" lon="-3.091945"><ele>19.3</ele></trkpt>
<trkpt lat="54.195363" lon="-3.091682"><ele>18.7</ele></trkpt>
<trkpt lat="54.195472" lon="-3.091077"><ele>18.0</ele></trkpt>
<trkpt lat="54.195481" lon="-3.090036"><ele>18.0</ele></trkpt>
<trkpt lat="54.195597" lon="-3.089151"><ele>18.0</ele></trkpt>
<trkpt lat="54.195929" lon="-3.088256"><ele>18.0</ele></trkpt>
<trkpt lat="54.196214" lon="-3.087847"><ele>17.3</ele></trkpt>
<trkpt lat="54.196473" lon="-3.087482"><ele>16.7</ele></trkpt>
<trkpt lat="54.196747" lon="-3.086801"><ele>16.0</ele></trkpt>
<trkpt lat="54.19697" lon="-3.086014"><ele>14.3</ele></trkpt>
<trkpt lat="54.197139" lon="-3.08545"><ele>12.7</ele></trkpt>
<trkpt lat="54.197409" lon="-3.085241"><ele>11.0</ele></trkpt>
<trkpt lat="54.198255" lon="-3.084307"><ele>11.0</ele></trkpt>
<trkpt lat="54.198314" lon="-3.084274"><ele>11.0</ele></trkpt>
<trkpt lat="54.198242" lon="-3.084154"><ele>11.0</ele></trkpt>
<trkpt lat="54.198141" lon="-3.083859"><ele>10.3</ele></trkpt>
<trkpt lat="54.198063" lon="-3.083579"><ele>9.7</ele></trkpt>
<trkpt lat="54.197993" lon="-3.083372"><ele>9.0</ele></trkpt>
<trkpt lat="54.197922" lon="-3.083261"><ele>9.0</ele></trkpt>
<trkpt lat="54.197876" lon="-3.083232"><ele>9.0</ele></trkpt>
<trkpt lat="54.197812" lon="-3.083212"><ele>9.0</ele></trkpt>
<trkpt lat="54.197641" lon="-3.083235"><ele>8.7</ele></trkpt>
<trkpt lat="54.197564" lon="-3.083224"><ele>8.3</ele></trkpt>
<trkpt lat="54.197511" lon="-3.083191"><ele>8.0</ele></trkpt>
<trkpt lat="54.197482" lon="-3.08314"><ele>8.0</ele></trkpt>
<trkpt lat="54.19745" lon="-3.083071"><ele>8.0</ele></trkpt>
<trkpt lat="54.197407" lon="-3.082923"><ele>8.0</ele></trkpt>
<trkpt lat="54.196846" lon="-3.080716"><ele>8.3</ele></trkpt>
<trkpt lat="54.19665" lon="-3.079867"><ele>8.7</ele></trkpt>
<trkpt lat="54.196521" lon="-3.07934"><ele>9.0</ele></trkpt>
<trkpt lat="54.19624" lon="-3.078164"><ele>8.3</ele></trkpt>
<trkpt lat="54.195957" lon="-3.076991"><ele>7.7</ele></trkpt>
<trkpt lat="54.195411" lon="-3.074688"><ele>7.0</ele></trkpt>
<trkpt lat="54.195084" lon="-3.073312"><ele>6.7</ele></trkpt>
<trkpt lat="54.194754" lon="-3.071908"><ele>6.3</ele></trkpt>
<trkpt lat="54.194419" lon="-3.070505"><ele>6.0</ele></trkpt>
<trkpt lat="54.194187" lon="-3.069519"><ele>6.7</ele></trkpt>
<trkpt lat="54.193628" lon="-3.067193"><ele>7.3</ele></trkpt>
<trkpt lat="54.1933" lon="-3.065803"><ele>8.0</ele></trkpt>
<trkpt lat="54.192855" lon="-3.063923"><ele>8.3</ele></trkpt>
<trkpt lat="54.192401" lon="-3.062005"><ele>8.7</ele></trkpt>
<trkpt lat="54.192228" lon="-3.061276"><ele>9.0</ele></trkpt>
<trkpt lat="54.19194" lon="-3.060074"><ele>9.0</ele></trkpt>
<trkpt lat="54.191517" lon="-3.058286"><ele>9.0</ele></trkpt>
<trkpt lat="54.191035" lon="-3.056286"><ele>9.0</ele></trkpt>
<trkpt lat="54.191004" lon="-3.056135"><ele>9.0</ele></trkpt>
<trkpt lat="54.190965" lon="-3.055942"><ele>9.0</ele></trkpt>
<trkpt lat="54.190938" lon="-3.055723"><ele>9.0</ele></trkpt>
<trkpt lat="54.190921" lon="-3.055495"><ele>9.0</ele></trkpt>
<trkpt lat="54.190909" lon="-3.055357"><ele>9.0</ele></trkpt>
<trkpt lat="54.19089" lon="-3.055229"><ele>9.0</ele></trkpt>
<trkpt lat="54.190827" lon="-3.054963"><ele>8.7</ele></trkpt>
<trkpt lat="54.190796" lon="-3.054896"><ele>8.3</ele></trkpt>
<trkpt lat="54.190791" lon="-3.054798"><ele>8.0</ele></trkpt>
<trkpt lat="54.190776" lon="-3.05473"><ele>7.7</ele></trkpt>
<trkpt lat="54.190655" lon="-3.054352"><ele>7.3</ele></trkpt>
<trkpt lat="54.190588" lon="-3.054261"><ele>7.0</ele></trkpt>
<trkpt lat="54.190517" lon="-3.054123"><ele>7.0</ele></trkpt>
<trkpt lat="54.190493" lon="-3.054095"><ele>7.0</ele></trkpt>
<trkpt lat="54.190456" lon="-3.054064"><ele>7.0</ele></trkpt>
<trkpt lat="54.190437" lon="-3.054057"><ele>8.0</ele></trkpt>
<trkpt lat="54.190245" lon="-3.054162"><ele>9.0</ele></trkpt>
<trkpt lat="54.18994" lon="-3.054348"><ele>10.0</ele></trkpt>
<trkpt lat="54.18989" lon="-3.054402"><ele>10.0</ele></trkpt>
<trkpt lat="54.189758" lon="-3.05486"><ele>10.0</ele></trkpt>
<trkpt lat="54.18972" lon="-3.055046"><ele>10.0</ele></trkpt>
<trkpt lat="54.189678" lon="-3.055385"><ele>9.7</ele></trkpt>
<trkpt lat="54.189651" lon="-3.056034"><ele>9.3</ele></trkpt>
<trkpt lat="54.189643" lon="-3.056776"><ele>9.0</ele></trkpt>
<trkpt lat="54.189647" lon="-3.056988"><ele>10.3</ele></trkpt>
<trkpt lat="54.189672" lon="-3.057288"><ele>11.7</ele></trkpt>
<trkpt lat="54.189776" lon="-3.05812"><ele>13.0</ele></trkpt>
<trkpt lat="54.18979" lon="-3.058338"><ele>13.3</ele></trkpt>
<trkpt lat="54.189789" lon="-3.058515"><ele>13.7</ele></trkpt>
<trkpt lat="54.189775" lon="-3.058726"><ele>14.0</ele></trkpt>
<trkpt lat="54.189712" lon="-3.059344"><ele>13.0</ele></trkpt>
<trkpt lat="54.189647" lon="-3.059889"><ele>12.0</ele></trkpt>
<trkpt lat="54.189608" lon="-3.060528"><ele>11.0</ele></trkpt>
<trkpt lat="54.189634" lon="-3.060867"><ele>10.7</ele></trkpt>
<trkpt lat="54.189571" lon="-3.061257"><ele>10.3</ele></trkpt>
<trkpt lat="54.189508" lon="-3.061467"><ele>10.0</ele></trkpt>
<trkpt lat="54.189487" lon="-3.061613"><ele>10.0</ele></trkpt>
<trkpt lat="54.189463" lon="-3.061704"><ele>10.0</ele></trkpt>
<trkpt lat="54.189417" lon="-3.06185"><ele>10.0</ele></trkpt>
<trkpt lat="54.189296" lon="-3.062191"><ele>10.3</ele></trkpt>
<trkpt lat="54.189099" lon="-3.062697"><ele>10.7</ele></trkpt>
<trkpt lat="54.189064" lon="-3.062825"><ele>11.0</ele></trkpt>
<trkpt lat="54.188963" lon="-3.063142"><ele>10.7</ele></trkpt>
<trkpt lat="54.188794" lon="-3.063549"><ele>10.3</ele></trkpt>
<trkpt lat="54.188543" lon="-3.064147"><ele>10.0</ele></trkpt>
<trkpt lat="54.188502" lon="-3.064274"><ele>10.0</ele></trkpt>
<trkpt lat="54.188488" lon="-3.064367"><ele>10.0</ele></trkpt>
<trkpt lat="54.188429" lon="-3.064337"><ele>10.0</ele></trkpt>
<trkpt lat="54.188381" lon="-3.064291"><ele>10.0</ele></trkpt>
<trkpt lat="54.188283" lon="-3.064399"><ele>10.0</ele></trkpt>
<trkpt lat="54.188206" lon="-3.064448"><ele>10.0</ele></trkpt>
<trkpt lat="54.18817" lon="-3.064619"><ele>9.0</ele></trkpt>
<trkpt lat="54.188157" lon="-3.064626"><ele>8.0</ele></trkpt>
<trkpt lat="54.187671" lon="-3.064355"><ele>7.0</ele></trkpt>
<trkpt lat="54.187422" lon="-3.064216"><ele>6.7</ele></trkpt>
<trkpt lat="54.18709" lon="-3.064035"><ele>6.3</ele></trkpt>
<trkpt lat="54.186976" lon="-3.063973"><ele>6.0</ele></trkpt>
<trkpt lat="54.186902" lon="-3.063919"><ele>6.0</ele></trkpt>
<trkpt lat="54.18686" lon="-3.063872"><ele>6.0</ele></trkpt>
<trkpt lat="54.186834" lon="-3.063831"><ele>6.0</ele></trkpt>
<trkpt lat="54.186815" lon="-3.063794"><ele>6.0</ele></trkpt>
<trkpt lat="54.186787" lon="-3.063717"><ele>6.0</ele></trkpt>
<trkpt lat="54.186774" lon="-3.063663"><ele>6.0</ele></trkpt>
<trkpt lat="54.186764" lon="-3.063608"><ele>6.3</ele></trkpt>
<trkpt lat="54.186741" lon="-3.063599"><ele>6.7</ele></trkpt>
<trkpt lat="54.186573" lon="-3.063533"><ele>7.0</ele></trkpt>
<trkpt lat="54.18656" lon="-3.063542"><ele>7.0</ele></trkpt>
<trkpt lat="54.186497" lon="-3.063548"><ele>7.0</ele></trkpt>
<trkpt lat="54.186378" lon="-3.063583"><ele>7.0</ele></trkpt>
<trkpt lat="54.186314" lon="-3.063677"><ele>7.0</ele></trkpt>
<trkpt lat="54.186195" lon="-3.063662"><ele>7.0</ele></trkpt>
<trkpt lat="54.185822" lon="-3.0636"><ele>7.0</ele></trkpt>
<trkpt lat="54.185523" lon="-3.063549"><ele>6.7</ele></trkpt>
<trkpt lat="54.184731" lon="-3.063439"><ele>6.3</ele></trkpt>
<trkpt lat="54.184384" lon="-3.06339"><ele>6.0</ele></trkpt>
<trkpt lat="54.183774" lon="-3.063328"><ele>6.0</ele></trkpt>
<trkpt lat="54.183264" lon="-3.063279"><ele>6.0</ele></trkpt>
<trkpt lat="54.182762" lon="-3.063236"><ele>6.0</ele></trkpt>
<trkpt lat="54.182051" lon="-3.063158"><ele>6.0</ele></trkpt>
<trkpt lat="54.181596" lon="-3.063108"><ele>6.0</ele></trkpt>
<trkpt lat="54.181516" lon="-3.063104"><ele>6.0</ele></trkpt>
<trkpt lat="54.181225" lon="-3.063088"><ele>5.7</ele></trkpt>
<trkpt lat="54.180872" lon="-3.063069"><ele>5.3</ele></trkpt>
<trkpt lat="54.180599" lon="-3.063035"><ele>5.0</ele></trkpt>
<trkpt lat="54.180225" lon="-3.063001"><ele>4.7</ele></trkpt>
<trkpt lat="54.179965" lon="-3.062968"><ele>4.3</ele></trkpt>
<trkpt lat="54.179937" lon="-3.062967"><ele>4.0</ele></trkpt>
<trkpt lat="54.179486" lon="-3.062943"><ele>4.7</ele></trkpt>
<trkpt lat="54.17933" lon="-3.062935"><ele>5.3</ele></trkpt>
<trkpt lat="54.178771" lon="-3.062866"><ele>6.0</ele></trkpt>
<trkpt lat="54.17864" lon="-3.062852"><ele>6.7</ele></trkpt>
<trkpt lat="54.178477" lon="-3.062836"><ele>7.3</ele></trkpt>
<trkpt lat="54.178106" lon="-3.062804"><ele>8.0</ele></trkpt>
<trkpt lat="54.178097" lon="-3.062724"><ele>8.0</ele></trkpt>
<trkpt lat="54.178078" lon="-3.062629"><ele>8.0</ele></trkpt>
<trkpt lat="54.178056" lon="-3.062593"><ele>8.0</ele></trkpt>
<trkpt lat="54.177867" lon="-3.062423"><ele>7.7</ele></trkpt>
<trkpt lat="54.177828" lon="-3.062377"><ele>7.3</ele></trkpt>
<trkpt lat="54.177753" lon="-3.062253"><ele>7.0</ele></trkpt>
<trkpt lat="54.17757" lon="-3.062189"><ele>7.0</ele></trkpt>
<trkpt lat="54.177528" lon="-3.062152"><ele>7.0</ele></trkpt>
<trkpt lat="54.177304" lon="-3.061759"><ele>7.0</ele></trkpt>
<trkpt lat="54.176795" lon="-3.061235"><ele>6.3</ele></trkpt>
<trkpt lat="54.176237" lon="-3.060759"><ele>5.7</ele></trkpt>
<trkpt lat="54.17554" lon="-3.060454"><ele>5.0</ele></trkpt>
<trkpt lat="54.175116" lon="-3.060262"><ele>5.7</ele></trkpt>
<trkpt lat="54.175044" lon="-3.060226"><ele>6.3</ele></trkpt>
<trkpt lat="54.174316" lon="-3.060241"><ele>7.0</ele></trkpt>
<trkpt lat="54.174036" lon="-3.060181"><ele>7.7</ele></trkpt>
<trkpt lat="54.173625" lon="-3.059968"><ele>8.3</ele></trkpt>
<trkpt lat="54.173289" lon="-3.059746"><ele>9.0</ele></trkpt>
<trkpt lat="54.172988" lon="-3.05949"><ele>9.0</ele></trkpt>
<trkpt lat="54.172503" lon="-3.059279"><ele>9.0</ele></trkpt>
<trkpt lat="54.17199" lon="-3.059193"><ele>9.0</ele></trkpt>
<trkpt lat="54.171632" lon="-3.059342"><ele>9.0</ele></trkpt>
<trkpt lat="54.171072" lon="-3.059704"><ele>9.0</ele></trkpt>
<trkpt lat="54.170713" lon="-3.059975"><ele>9.0</ele></trkpt>
<trkpt lat="54.170197" lon="-3.060193"><ele>7.7</ele></trkpt>
<trkpt lat="54.169825" lon="-3.060366"><ele>6.3</ele></trkpt>
<trkpt lat="54.169432" lon="-3.060441"><ele>5.0</ele></trkpt>
<trkpt lat="54.169079" lon="-3.060459"><ele>5.3</ele></trkpt>
<trkpt lat="54.168874" lon="-3.060508"><ele>5.7</ele></trkpt>
<trkpt lat="54.168844" lon="-3.060554"><ele>6.0</ele></trkpt>
<trkpt lat="54.168824" lon="-3.060584"><ele>6.0</ele></trkpt>
<trkpt lat="54.168802" lon="-3.060613"><ele>6.0</ele></trkpt>
<trkpt lat="54.168789" lon="-3.060627"><ele>6.0</ele></trkpt>
<trkpt lat="54.168758" lon="-3.060628"><ele>6.0</ele></trkpt>
<trkpt lat="54.168714" lon="-3.060635"><ele>6.0</ele></trkpt>
<trkpt lat="54.168694" lon="-3.06064"><ele>6.0</ele></trkpt>
<trkpt lat="54.168636" lon="-3.060718"><ele>6.3</ele></trkpt>
<trkpt lat="54.168585" lon="-3.060787"><ele>6.7</ele></trkpt>
<trkpt lat="54.168409" lon="-3.060837"><ele>7.0</ele></trkpt>
<trkpt lat="54.168338" lon="-3.060844"><ele>7.0</ele></trkpt>
<trkpt lat="54.168152" lon="-3.060861"><ele>7.0</ele></trkpt>
<trkpt lat="54.168005" lon="-3.060901"><ele>7.0</ele></trkpt>
<trkpt lat="54.167927" lon="-3.060984"><ele>7.0</ele></trkpt>
<trkpt lat="54.167815" lon="-3.061018"><ele>7.0</ele></trkpt>
<trkpt lat="54.167679" lon="-3.061025"><ele>7.0</ele></trkpt>
<trkpt lat="54.167544" lon="-3.060991"><ele>6.7</ele></trkpt>
<trkpt lat="54.16745" lon="-3.060973"><ele>6.3</ele></trkpt>
<trkpt lat="54.167196" lon="-3.060909"><ele>6.0</ele></trkpt>
<trkpt lat="54.167126" lon="-3.060875"><ele>6.3</ele></trkpt>
<trkpt lat="54.167094" lon="-3.061067"><ele>6.7</ele></trkpt>
<trkpt lat="54.16699" lon="-3.061969"><ele>7.0</ele></trkpt>
<trkpt lat="54.166953" lon="-3.061964"><ele>7.0</ele></trkpt>
<trkpt lat="54.166917" lon="-3.062001"><ele>7.0</ele></trkpt>
<trkpt lat="54.166841" lon="-3.062025"><ele>7.0</ele></trkpt>
<trkpt lat="54.166128" lon="-3.061793"><ele>7.3</ele></trkpt>
<trkpt lat="54.165886" lon="-3.061745"><ele>7.7</ele></trkpt>
<trkpt lat="54.165719" lon="-3.06172"><ele>8.0</ele></trkpt>
<trkpt lat="54.165502" lon="-3.061716"><ele>7.7</ele></trkpt>
<trkpt lat="54.165193" lon="-3.061734"><ele>7.3</ele></trkpt>
<trkpt lat="54.164859" lon="-3.06175"><ele>7.0</ele></trkpt>
<trkpt lat="54.164712" lon="-3.061751"><ele>7.7</ele></trkpt>
<trkpt lat="54.164338" lon="-3.061667"><ele>8.3</ele></trkpt>
<trkpt lat="54.164053" lon="-3.061533"><ele>9.0</ele></trkpt>
<trkpt lat="54.163898" lon="-3.061438"><ele>9.3</ele></trkpt>
<trkpt lat="54.163865" lon="-3.061426"><ele>9.7</ele></trkpt>
<trkpt lat="54.163836" lon="-3.061435"><ele>10.0</ele></trkpt>
<trkpt lat="54.163791" lon="-3.06147"><ele>9.7</ele></trkpt>
<trkpt lat="54.16377" lon="-3.061488"><ele>9.3</ele></trkpt>
<trkpt lat="54.163749" lon="-3.061521"><ele>9.0</ele></trkpt>
<trkpt lat="54.163707" lon="-3.061555"><ele>9.0</ele></trkpt>
<trkpt lat="54.163669" lon="-3.06157"><ele>9.0</ele></trkpt>
<trkpt lat="54.163618" lon="-3.061585"><ele>9.0</ele></trkpt>
<trkpt lat="54.16359" lon="-3.061588"><ele>9.0</ele></trkpt>
<trkpt lat="54.163563" lon="-3.061585"><ele>9.0</ele></trkpt>
<trkpt lat="54.163511" lon="-3.061567"><ele>9.0</ele></trkpt>
<trkpt lat="54.163486" lon="-3.061556"><ele>9.0</ele></trkpt>
<trkpt lat="54.163439" lon="-3.061533"><ele>9.0</ele></trkpt>
<trkpt lat="54.163379" lon="-3.061474"><ele>9.0</ele></trkpt>
<trkpt lat="54.163301" lon="-3.061338"><ele>9.0</ele></trkpt>
<trkpt lat="54.163277" lon="-3.061273"><ele>9.0</ele></trkpt>
<trkpt lat="54.163269" lon="-3.061209"><ele>9.0</ele></trkpt>
<trkpt lat="54.162829" lon="-3.06133"><ele>8.7</ele></trkpt>
<trkpt lat="54.162729" lon="-3.061348"><ele>8.3</ele></trkpt>
<trkpt lat="54.162596" lon="-3.061355"><ele>8.0</ele></trkpt>
<trkpt lat="54.162369" lon="-3.061436"><ele>8.0</ele></trkpt>
<trkpt lat="54.162334" lon="-3.061435"><ele>8.0</ele></trkpt>
<trkpt lat="54.16229" lon="-3.06144"><ele>8.0</ele></trkpt>
<trkpt lat="54.162063" lon="-3.061511"><ele>8.0</ele></trkpt>
<trkpt lat="54.162027" lon="-3.061536"><ele>8.0</ele></trkpt>
<trkpt lat="54.162007" lon="-3.061597"><ele>8.0</ele></trkpt>
<trkpt lat="54.161989" lon="-3.061672"><ele>9.0</ele></trkpt>
<trkpt lat="54.161989" lon="-3.06193"><ele>10.0</ele></trkpt>
<trkpt lat="54.161955" lon="-3.062143"><ele>11.0</ele></trkpt>
<trkpt lat="54.161964" lon="-3.062177"><ele>11.0</ele></trkpt>
<trkpt lat="54.161954" lon="-3.062252"><ele>11.0</ele></trkpt>
<trkpt lat="54.16194" lon="-3.062278"><ele>11.0</ele></trkpt>
<trkpt lat="54.161882" lon="-3.062695"><ele>11.3</ele></trkpt>
<trkpt lat="54.161816" lon="-3.063051"><ele>11.7</ele></trkpt>
<trkpt lat="54.161765" lon="-3.063301"><ele>12.0</ele></trkpt>
<trkpt lat="54.161746" lon="-3.063367"><ele>10.3</ele></trkpt>
<trkpt lat="54.161666" lon="-3.063618"><ele>8.7</ele></trkpt>
<trkpt lat="54.161591" lon="-3.063821"><ele>7.0</ele></trkpt>
<trkpt lat="54.161514" lon="-3.064008"><ele>6.7</ele></trkpt>
<trkpt lat="54.161457" lon="-3.064137"><ele>6.3</ele></trkpt>
<trkpt lat="54.161418" lon="-3.064131"><ele>6.0</ele></trkpt>
<trkpt lat="54.161314" lon="-3.064381"><ele>6.0</ele></trkpt>
<trkpt lat="54.16127" lon="-3.064585"><ele>6.0</ele></trkpt>
<trkpt lat="54.16128" lon="-3.064642"><ele>6.0</ele></trkpt>
<trkpt lat="54.161276" lon="-3.064672"><ele>5.7</ele></trkpt>
<trkpt lat="54.161204" lon="-3.06498"><ele>5.3</ele></trkpt>
<trkpt lat="54.161149" lon="-3.065254"><ele>5.0</ele></trkpt>
<trkpt lat="54.161115" lon="-3.065407"><ele>5.3</ele></trkpt>
<trkpt lat="54.161007" lon="-3.065846"><ele>5.7</ele></trkpt>
<trkpt lat="54.160899" lon="-3.066445"><ele>6.0</ele></trkpt>
<trkpt lat="54.160864" lon="-3.06659"><ele>6.3</ele></trkpt>
<trkpt lat="54.160567" lon="-3.067593"><ele>6.7</ele></trkpt>
<trkpt lat="54.160551" lon="-3.067654"><ele>7.0</ele></trkpt>
<trkpt lat="54.160521" lon="-3.067676"><ele>7.0</ele></trkpt>
<trkpt lat="54.160441" lon="-3.068055"><ele>7.0</ele></trkpt>
<trkpt lat="54.160309" lon="-3.068403"><ele>7.0</ele></trkpt>
<trkpt lat="54.160223" lon="-3.068617"><ele>7.0</ele></trkpt>
<trkpt lat="54.160178" lon="-3.068717"><ele>7.0</ele></trkpt>
<trkpt lat="54.16013" lon="-3.068881"><ele>7.0</ele></trkpt>
<trkpt lat="54.160067" lon="-3.069039"><ele>7.3</ele></trkpt>
<trkpt lat="54.160003" lon="-3.069196"><ele>7.7</ele></trkpt>
<trkpt lat="54.159911" lon="-3.069366"><ele>8.0</ele></trkpt>
<trkpt lat="54.159788" lon="-3.069587"><ele>8.0</ele></trkpt>
<trkpt lat="54.15963" lon="-3.069847"><ele>8.0</ele></trkpt>
<trkpt lat="54.159526" lon="-3.070136"><ele>8.0</ele></trkpt>
<trkpt lat="54.159454" lon="-3.070281"><ele>8.0</ele></trkpt>
<trkpt lat="54.159401" lon="-3.07049"><ele>8.0</ele></trkpt>
<trkpt lat="54.159323" lon="-3.070739"><ele>8.0</ele></trkpt>
<trkpt lat="54.159292" lon="-3.070737"><ele>8.7</ele></trkpt>
<trkpt lat="54.159258" lon="-3.070746"><ele>9.3</ele></trkpt>
<trkpt lat="54.158949" lon="-3.071394"><ele>10.0</ele></trkpt>
<trkpt lat="54.158815" lon="-3.071737"><ele>9.7</ele></trkpt>
<trkpt lat="54.158764" lon="-3.071723"><ele>9.3</ele></trkpt>
<trkpt lat="54.158746" lon="-3.071735"><ele>9.0</ele></trkpt>
<trkpt lat="54.158731" lon="-3.071765"><ele>8.3</ele></trkpt>
<trkpt lat="54.158627" lon="-3.071916"><ele>7.7</ele></trkpt>
<trkpt lat="54.158584" lon="-3.071944"><ele>7.0</ele></trkpt>
<trkpt lat="54.158556" lon="-3.071942"><ele>7.0</ele></trkpt>
<trkpt lat="54.158534" lon="-3.071933"><ele>7.0</ele></trkpt>
<trkpt lat="54.158512" lon="-3.071931"><ele>7.0</ele></trkpt>
<trkpt lat="54.158491" lon="-3.071925"><ele>6.7</ele></trkpt>
<trkpt lat="54.158471" lon="-3.071922"><ele>6.3</ele></trkpt>
<trkpt lat="54.158397" lon="-3.071949"><ele>6.0</ele></trkpt>
<trkpt lat="54.158126" lon="-3.07244"><ele>7.0</ele></trkpt>
<trkpt lat="54.157861" lon="-3.07283"><ele>8.0</ele></trkpt>
<trkpt lat="54.157295" lon="-3.073626"><ele>9.0</ele></trkpt>
<trkpt lat="54.156801" lon="-3.074403"><ele>8.7</ele></trkpt>
<trkpt lat="54.15644" lon="-3.074912"><ele>8.3</ele></trkpt>
<trkpt lat="54.156283" lon="-3.075111"><ele>8.0</ele></trkpt>
<trkpt lat="54.156072" lon="-3.075416"><ele>7.7</ele></trkpt>
<trkpt lat="54.156044" lon="-3.075457"><ele>7.3</ele></trkpt>
<trkpt lat="54.155827" lon="-3.075829"><ele>7.0</ele></trkpt>
<trkpt lat="54.155468" lon="-3.076261"><ele>7.3</ele></trkpt>
<trkpt lat="54.155409" lon="-3.076361"><ele>7.7</ele></trkpt>
<trkpt lat="54.155003" lon="-3.076897"><ele>8.0</ele></trkpt>
<trkpt lat="54.154644" lon="-3.077376"><ele>9.3</ele></trkpt>
<trkpt lat="54.154612" lon="-3.077409"><ele>10.7</ele></trkpt>
<trkpt lat="54.154378" lon="-3.077618"><ele>12.0</ele></trkpt>
<trkpt lat="54.154373" lon="-3.077657"><ele>12.7</ele></trkpt>
<trkpt lat="54.154376" lon="-3.077771"><ele>13.3</ele></trkpt>
<trkpt lat="54.154388" lon="-3.07784"><ele>14.0</ele></trkpt>
<trkpt lat="54.154385" lon="-3.078038"><ele>15.3</ele></trkpt>
<trkpt lat="54.15434" lon="-3.07817"><ele>16.7</ele></trkpt>
<trkpt lat="54.154289" lon="-3.078234"><ele>18.0</ele></trkpt>
<trkpt lat="54.154236" lon="-3.078265"><ele>18.0</ele></trkpt>
<trkpt lat="54.154138" lon="-3.078302"><ele>18.0</ele></trkpt>
<trkpt lat="54.154098" lon="-3.078274"><ele>18.0</ele></trkpt>
<trkpt lat="54.154022" lon="-3.078315"><ele>18.0</ele></trkpt>
<trkpt lat="54.154007" lon="-3.078314"><ele>18.0</ele></trkpt>
<trkpt lat="54.154001" lon="-3.078311"><ele>18.0</ele></trkpt>
<trkpt lat="54.15397" lon="-3.078279"><ele>17.7</ele></trkpt>
<trkpt lat="54.153879" lon="-3.078326"><ele>17.3</ele></trkpt>
<trkpt lat="54.153811" lon="-3.078388"><ele>17.0</ele></trkpt>
<trkpt lat="54.153684" lon="-3.078452"><ele>17.0</ele></trkpt>
<trkpt lat="54.153661" lon="-3.078437"><ele>17.0</ele></trkpt>
<trkpt lat="54.153602" lon="-3.078448"><ele>17.0</ele></trkpt>
<trkpt lat="54.153436" lon="-3.07853"><ele>18.3</ele></trkpt>
<trkpt lat="54.153359" lon="-3.078615"><ele>19.7</ele></trkpt>
<trkpt lat="54.15254" lon="-3.079139"><ele>21.0</ele></trkpt>
<trkpt lat="54.152538" lon="-3.079141"><ele>20.3</ele></trkpt>
<trkpt lat="54.150489" lon="-3.079834"><ele>19.7</ele></trkpt>
<trkpt lat="54.150417" lon="-3.079952"><ele>19.0</ele></trkpt>
<trkpt lat="54.150414" lon="-3.079956"><ele>18.0</ele></trkpt>
<trkpt lat="54.149941" lon="-3.081092"><ele>17.0</ele></trkpt>
<trkpt lat="54.1492" lon="-3.081523"><ele>16.0</ele></trkpt>
<trkpt lat="54.149145" lon="-3.081541"><ele>15.3</ele></trkpt>
<trkpt lat="54.14912" lon="-3.081519"><ele>14.7</ele></trkpt>
<trkpt lat="54.149095" lon="-3.08151"><ele>14.0</ele></trkpt>
<trkpt lat="54.149048" lon="-3.081494"><ele>12.7</ele></trkpt>
<trkpt lat="54.148989" lon="-3.081597"><ele>11.3</ele></trkpt>
<trkpt lat="54.148584" lon="-3.08217"><ele>10.0</ele></trkpt>
<trkpt lat="54.148306" lon="-3.082515"><ele>10.3</ele></trkpt>
<trkpt lat="54.147983" lon="-3.082889"><ele>10.7</ele></trkpt>
<trkpt lat="54.147682" lon="-3.083211"><ele>11.0</ele></trkpt>
<trkpt lat="54.147618" lon="-3.083275"><ele>11.0</ele></trkpt>
<trkpt lat="54.14754" lon="-3.083379"><ele>11.0</ele></trkpt>
<trkpt lat="54.147456" lon="-3.083444"><ele>11.0</ele></trkpt>
<trkpt lat="54.147161" lon="-3.083637"><ele>10.3</ele></trkpt>
<trkpt lat="54.147116" lon="-3.083677"><ele>9.7</ele></trkpt>
<trkpt lat="54.146855" lon="-3.0838"><ele>9.0</ele></trkpt>
<trkpt lat="54.146579" lon="-3.083861"><ele>9.7</ele></trkpt>
<trkpt lat="54.14642" lon="-3.083904"><ele>10.3</ele></trkpt>
<trkpt lat="54.145373" lon="-3.084459"><ele>11.0</ele></trkpt>
<trkpt lat="54.145249" lon="-3.084519"><ele>11.0</ele></trkpt>
<trkpt lat="54.145121" lon="-3.084557"><ele>11.0</ele></trkpt>
<trkpt lat="54.144949" lon="-3.084585"><ele>11.0</ele></trkpt>
<trkpt lat="54.144803" lon="-3.084581"><ele>10.3</ele></trkpt>
<trkpt lat="54.144741" lon="-3.084574"><ele>9.7</ele></trkpt>
<trkpt lat="54.14442" lon="-3.084482"><ele>9.0</ele></trkpt>
<trkpt lat="54.144413" lon="-3.084487"><ele>9.7</ele></trkpt>
<trkpt lat="54.144355" lon="-3.084725"><ele>10.3</ele></trkpt>
<trkpt lat="54.144346" lon="-3.08477"><ele>11.0</ele></trkpt>
<trkpt lat="54.144305" lon="-3.084859"><ele>11.0</ele></trkpt>
<trkpt lat="54.144275" lon="-3.084918"><ele>11.0</ele></trkpt>
<trkpt lat="54.144233" lon="-3.084976"><ele>11.0</ele></trkpt>
<trkpt lat="54.144168" lon="-3.085051"><ele>11.7</ele></trkpt>
<trkpt lat="54.144141" lon="-3.085089"><ele>12.3</ele></trkpt>
<trkpt lat="54.144119" lon="-3.08512"><ele>13.0</ele></trkpt>
<trkpt lat="54.144112" lon="-3.085126"><ele>13.0</ele></trkpt>
<trkpt lat="54.144106" lon="-3.085139"><ele>13.0</ele></trkpt>
<trkpt lat="54.144093" lon="-3.085187"><ele>13.0</ele></trkpt>
<trkpt lat="54.144062" lon="-3.08528"><ele>13.7</ele></trkpt>
<trkpt lat="54.144015" lon="-3.085299"><ele>14.3</ele></trkpt>
<trkpt lat="54.143965" lon="-3.085304"><ele>15.0</ele></trkpt>
<trkpt lat="54.143931" lon="-3.085316"><ele>15.0</ele></trkpt>
<trkpt lat="54.143898" lon="-3.085319"><ele>15.0</ele></trkpt>
<trkpt lat="54.143862" lon="-3.085321"><ele>15.0</ele></trkpt>
<trkpt lat="54.143724" lon="-3.085351"><ele>15.7</ele></trkpt>
<trkpt lat="54.143666" lon="-3.085373"><ele>16.3</ele></trkpt>
<trkpt lat="54.143632" lon="-3.0854"><ele>17.0</ele></trkpt>
<trkpt lat="54.143619" lon="-3.08533"><ele>16.7</ele></trkpt>
<trkpt lat="54.143608" lon="-3.085274"><ele>16.3</ele></trkpt>
<trkpt lat="54.143603" lon="-3.08525"><ele>16.0</ele></trkpt>
<trkpt lat="54.143585" lon="-3.085149"><ele>15.3</ele></trkpt>
<trkpt lat="54.143581" lon="-3.085131"><ele>14.7</ele></trkpt>
<trkpt lat="54.143561" lon="-3.085022"><ele>14.0</ele></trkpt>
<trkpt lat="54.143557" lon="-3.085002"><ele>13.7</ele></trkpt>
<trkpt lat="54.143536" lon="-3.084891"><ele>13.3</ele></trkpt>
<trkpt lat="54.143516" lon="-3.084787"><ele>13.0</ele></trkpt>
<trkpt lat="54.143515" lon="-3.084777"><ele>13.0</ele></trkpt>
<trkpt lat="54.143512" lon="-3.084778"><ele>13.0</ele></trkpt>
<trkpt lat="54.143418" lon="-3.084803"><ele>13.0</ele></trkpt>
<trkpt lat="54.143343" lon="-3.084831"><ele>13.3</ele></trkpt>
<trkpt lat="54.143283" lon="-3.084856"><ele>13.7</ele></trkpt>
<trkpt lat="54.143231" lon="-3.084877"><ele>14.0</ele></trkpt>
<trkpt lat="54.143177" lon="-3.0849"><ele>14.3</ele></trkpt>
<trkpt lat="54.143151" lon="-3.084915"><ele>14.7</ele></trkpt>
<trkpt lat="54.143135" lon="-3.084925"><ele>15.0</ele></trkpt>
<trkpt lat="54.14312" lon="-3.084937"><ele>15.3</ele></trkpt>
<trkpt lat="54.143109" lon="-3.084952"><ele>15.7</ele></trkpt>
<trkpt lat="54.143071" lon="-3.085021"><ele>16.0</ele></trkpt>
<trkpt lat="54.142993" lon="-3.085168"><ele>16.3</ele></trkpt>
<trkpt lat="54.142971" lon="-3.085202"><ele>16.7</ele></trkpt>
<trkpt lat="54.142938" lon="-3.085249"><ele>17.0</ele></trkpt>
<trkpt lat="54.142918" lon="-3.085274"><ele>17.0</ele></trkpt>
<trkpt lat="54.142892" lon="-3.085294"><ele>17.0</ele></trkpt>
<trkpt lat="54.142868" lon="-3.08531"><ele>17.0</ele></trkpt>
<trkpt lat="54.142834" lon="-3.085331"><ele>16.7</ele></trkpt>
<trkpt lat="54.142795" lon="-3.085353"><ele>16.3</ele></trkpt>
<trkpt lat="54.14275" lon="-3.085369"><ele>16.0</ele></trkpt>
<trkpt lat="54.142715" lon="-3.085384"><ele>16.0</ele></trkpt>
<trkpt lat="54.142682" lon="-3.085398"><ele>16.0</ele></trkpt>
<trkpt lat="54.142644" lon="-3.085421"><ele>16.0</ele></trkpt>
<trkpt lat="54.142625" lon="-3.085433"><ele>15.7</ele></trkpt>
<trkpt lat="54.142603" lon="-3.085445"><ele>15.3</ele></trkpt>
<trkpt lat="54.142581" lon="-3.085456"><ele>15.0</ele></trkpt>
<trkpt lat="54.142562" lon="-3.085463"><ele>15.0</ele></trkpt>
<trkpt lat="54.142542" lon="-3.085469"><ele>15.0</ele></trkpt>
<trkpt lat="54.142514" lon="-3.08547"><ele>15.0</ele></trkpt>
<trkpt lat="54.14248" lon="-3.085469"><ele>15.0</ele></trkpt>
<trkpt lat="54.142386" lon="-3.085467"><ele>15.0</ele></trkpt>
<trkpt lat="54.142374" lon="-3.08547"><ele>15.0</ele></trkpt>
<trkpt lat="54.142336" lon="-3.085499"><ele>15.0</ele></trkpt>
<trkpt lat="54.142319" lon="-3.085519"><ele>15.0</ele></trkpt>
<trkpt lat="54.142294" lon="-3.085552"><ele>15.0</ele></trkpt>
<trkpt lat="54.142273" lon="-3.085582"><ele>15.3</ele></trkpt>
<trkpt lat="54.142241" lon="-3.085629"><ele>15.7</ele></trkpt>
<trkpt lat="54.142229" lon="-3.085648"><ele>16.0</ele></trkpt>
<trkpt lat="54.142169" lon="-3.085741"><ele>16.3</ele></trkpt>
<trkpt lat="54.142143" lon="-3.085759"><ele>16.7</ele></trkpt>
<trkpt lat="54.142104" lon="-3.085782"><ele>17.0</ele></trkpt>
<trkpt lat="54.142079" lon="-3.085796"><ele>17.0</ele></trkpt>
<trkpt lat="54.142051" lon="-3.085806"><ele>17.0</ele></trkpt>
<trkpt lat="54.142018" lon="-3.085812"><ele>17.0</ele></trkpt>
<trkpt lat="54.141984" lon="-3.085814"><ele>17.0</ele></trkpt>
<trkpt lat="54.141905" lon="-3.085808"><ele>17.0</ele></trkpt>
<trkpt lat="54.141849" lon="-3.085805"><ele>17.0</ele></trkpt>
<trkpt lat="54.141812" lon="-3.085802"><ele>17.3</ele></trkpt>
<trkpt lat="54.141729" lon="-3.085813"><ele>17.7</ele></trkpt>
<trkpt lat="54.141685" lon="-3.085818"><ele>18.0</ele></trkpt>
<trkpt lat="54.141677" lon="-3.08582"><ele>18.0</ele></trkpt>
<trkpt lat="54.141654" lon="-3.085828"><ele>18.0</ele></trkpt>
<trkpt lat="54.141586" lon="-3.085838"><ele>18.0</ele></trkpt>
<trkpt lat="54.141528" lon="-3.085855"><ele>18.3</ele></trkpt>
<trkpt lat="54.141486" lon="-3.085861"><ele>18.7</ele></trkpt>
<trkpt lat="54.141452" lon="-3.085872"><ele>19.0</ele></trkpt>
<trkpt lat="54.141426" lon="-3.085885"><ele>19.0</ele></trkpt>
<trkpt lat="54.141367" lon="-3.085929"><ele>19.0</ele></trkpt>
<trkpt lat="54.141307" lon="-3.085969"><ele>19.0</ele></trkpt>
<trkpt lat="54.141289" lon="-3.085977"><ele>19.0</ele></trkpt>
<trkpt lat="54.141268" lon="-3.085984"><ele>19.0</ele></trkpt>
<trkpt lat="54.141233" lon="-3.085983"><ele>19.0</ele></trkpt>
<trkpt lat="54.141213" lon="-3.085983"><ele>18.7</ele></trkpt>
<trkpt lat="54.141186" lon="-3.085987"><ele>18.3</ele></trkpt>
<trkpt lat="54.141163" lon="-3.085989"><ele>18.0</ele></trkpt>
<trkpt lat="54.141114" lon="-3.086006"><ele>17.7</ele></trkpt>
<trkpt lat="54.141073" lon="-3.086029"><ele>17.3</ele></trkpt>
<trkpt lat="54.141041" lon="-3.086056"><ele>17.0</ele></trkpt>
<trkpt lat="54.141022" lon="-3.086067"><ele>17.0</ele></trkpt>
<trkpt lat="54.14101" lon="-3.086074"><ele>17.0</ele></trkpt>
<trkpt lat="54.140978" lon="-3.086099"><ele>17.0</ele></trkpt>
<trkpt lat="54.140916" lon="-3.086158"><ele>17.0</ele></trkpt>
<trkpt lat="54.140894" lon="-3.086181"><ele>17.0</ele></trkpt>
<trkpt lat="54.140805" lon="-3.086237"><ele>17.0</ele></trkpt>
<trkpt lat="54.140715" lon="-3.086292"><ele>17.3</ele></trkpt>
<trkpt lat="54.140688" lon="-3.086311"><ele>17.7</ele></trkpt>
<trkpt lat="54.140667" lon="-3.086327"><ele>18.0</ele></trkpt>
<trkpt lat="54.14064" lon="-3.086354"><ele>18.0</ele></trkpt>
<trkpt lat="54.14058" lon="-3.086396"><ele>18.0</ele></trkpt>
<trkpt lat="54.140547" lon="-3.086417"><ele>18.0</ele></trkpt>
<trkpt lat="54.140509" lon="-3.086436"><ele>17.7</ele></trkpt>
<trkpt lat="54.140449" lon="-3.086463"><ele>17.3</ele></trkpt>
<trkpt lat="54.140396" lon="-3.086487"><ele>17.0</ele></trkpt>
<trkpt lat="54.140332" lon="-3.086517"><ele>16.3</ele></trkpt>
<trkpt lat="54.140278" lon="-3.086545"><ele>15.7</ele></trkpt>
<trkpt lat="54.140228" lon="-3.086572"><ele>15.0</ele></trkpt>
<trkpt lat="54.140172" lon="-3.08661"><ele>14.7</ele></trkpt>
<trkpt lat="54.14012" lon="-3.086638"><ele>14.3</ele></trkpt>
<trkpt lat="54.140013" lon="-3.086716"><ele>14.0</ele></trkpt>
<trkpt lat="54.139965" lon="-3.086752"><ele>13.7</ele></trkpt>
<trkpt lat="54.13992" lon="-3.08679"><ele>13.3</ele></trkpt>
<trkpt lat="54.13988" lon="-3.086826"><ele>13.0</ele></trkpt>
<trkpt lat="54.139876" lon="-3.086829"><ele>13.0</ele></trkpt>
<trkpt lat="54.139805" lon="-3.086895"><ele>13.0</ele></trkpt>
<trkpt lat="54.139779" lon="-3.086925"><ele>13.0</ele></trkpt>
<trkpt lat="54.139751" lon="-3.086959"><ele>12.7</ele></trkpt>
<trkpt lat="54.139712" lon="-3.087014"><ele>12.3</ele></trkpt>
<trkpt lat="54.139665" lon="-3.087076"><ele>12.0</ele></trkpt>
<trkpt lat="54.13965" lon="-3.087092"><ele>11.7</ele></trkpt>
<trkpt lat="54.139617" lon="-3.08713"><ele>11.3</ele></trkpt>
<trkpt lat="54.139489" lon="-3.087315"><ele>11.0</ele></trkpt>
<trkpt lat="54.139445" lon="-3.087376"><ele>10.7</ele></trkpt>
<trkpt lat="54.139397" lon="-3.087469"><ele>10.3</ele></trkpt>
<trkpt lat="54.13935" lon="-3.087546"><ele>10.0</ele></trkpt>
<trkpt lat="54.139333" lon="-3.087589"><ele>10.7</ele></trkpt>
<trkpt lat="54.139334" lon="-3.087656"><ele>11.3</ele></trkpt>
<trkpt lat="54.139362" lon="-3.087808"><ele>12.0</ele></trkpt>
<trkpt lat="54.139371" lon="-3.087861"><ele>12.3</ele></trkpt>
<trkpt lat="54.139379" lon="-3.087908"><ele>12.7</ele></trkpt>
<trkpt lat="54.139389" lon="-3.08795"><ele>13.0</ele></trkpt>
<trkpt lat="54.139395" lon="-3.087973"><ele>13.0</ele></trkpt>
<trkpt lat="54.139387" lon="-3.087974"><ele>13.0</ele></trkpt>
<trkpt lat="54.13938" lon="-3.087974"><ele>13.0</ele></trkpt>
<trkpt lat="54.139373" lon="-3.087975"><ele>13.0</ele></trkpt>
<trkpt lat="54.139367" lon="-3.087975"><ele>13.0</ele></trkpt>
<trkpt lat="54.139324" lon="-3.087978"><ele>13.0</ele></trkpt>
<trkpt lat="54.13931" lon="-3.087991"><ele>12.7</ele></trkpt>
<trkpt lat="54.139278" lon="-3.087999"><ele>12.3</ele></trkpt>
<trkpt lat="54.139263" lon="-3.088001"><ele>12.0</ele></trkpt>
<trkpt lat="54.139255" lon="-3.087997"><ele>12.0</ele></trkpt>
<trkpt lat="54.139247" lon="-3.087995"><ele>12.0</ele></trkpt>
<trkpt lat="54.139242" lon="-3.087979"><ele>12.0</ele></trkpt>
<trkpt lat="54.139145" lon="-3.087981"><ele>11.7</ele></trkpt>
<trkpt lat="54.139076" lon="-3.087983"><ele>11.3</ele></trkpt>
<trkpt lat="54.139023" lon="-3.087987"><ele>11.0</ele></trkpt>
<trkpt lat="54.138968" lon="-3.087999"><ele>10.7</ele></trkpt>
<trkpt lat="54.138945" lon="-3.088006"><ele>10.3</ele></trkpt>
<trkpt lat="54.138942" lon="-3.088007"><ele>10.0</ele></trkpt>
<trkpt lat="54.138925" lon="-3.088019"><ele>10.0</ele></trkpt>
<trkpt lat="54.138914" lon="-3.088028"><ele>10.0</ele></trkpt>
<trkpt lat="54.138899" lon="-3.088042"><ele>10.0</ele></trkpt>
<trkpt lat="54.138885" lon="-3.088062"><ele>10.0</ele></trkpt>
<trkpt lat="54.138874" lon="-3.088084"><ele>10.0</ele></trkpt>
<trkpt lat="54.138866" lon="-3.088102"><ele>10.0</ele></trkpt>
<trkpt lat="54.138859" lon="-3.088127"><ele>10.0</ele></trkpt>
<trkpt lat="54.138856" lon="-3.088158"><ele>10.0</ele></trkpt>
<trkpt lat="54.138855" lon="-3.088161"><ele>10.0</ele></trkpt>
<trkpt lat="54.138846" lon="-3.088188"><ele>10.0</ele></trkpt>
<trkpt lat="54.138831" lon="-3.08819"><ele>10.0</ele></trkpt>
<trkpt lat="54.138829" lon="-3.088191"><ele>10.0</ele></trkpt>
<trkpt lat="54.138829" lon="-3.088324"><ele>10.7</ele></trkpt>
<trkpt lat="54.138826" lon="-3.0885"><ele>11.3</ele></trkpt>
<trkpt lat="54.138825" lon="-3.088679"><ele>12.0</ele></trkpt>
<trkpt lat="54.138815" lon="-3.088767"><ele>12.3</ele></trkpt>
<trkpt lat="54.138799" lon="-3.088867"><ele>12.7</ele></trkpt>
<trkpt lat="54.138753" lon="-3.089157"><ele>13.0</ele></trkpt>
<trkpt lat="54.138741" lon="-3.089253"><ele>13.3</ele></trkpt>
<trkpt lat="54.138733" lon="-3.089338"><ele>13.7</ele></trkpt>
<trkpt lat="54.138729" lon="-3.089574"><ele>14.0</ele></trkpt>
<trkpt lat="54.13872" lon="-3.089666"><ele>14.0</ele></trkpt>
<trkpt lat="54.138708" lon="-3.089741"><ele>14.0</ele></trkpt>
<trkpt lat="54.138691" lon="-3.089859"><ele>14.0</ele></trkpt>
<trkpt lat="54.13867" lon="-3.090009"><ele>14.0</ele></trkpt>
<trkpt lat="54.138669" lon="-3.090055"><ele>14.0</ele></trkpt>
<trkpt lat="54.138674" lon="-3.090092"><ele>14.0</ele></trkpt>
<trkpt lat="54.138699" lon="-3.090381"><ele>14.3</ele></trkpt>
<trkpt lat="54.138694" lon="-3.090458"><ele>14.7</ele></trkpt>
<trkpt lat="54.138663" lon="-3.090488"><ele>15.0</ele></trkpt>
<trkpt lat="54.138503" lon="-3.090327"><ele>14.3</ele></trkpt>
<trkpt lat="54.138464" lon="-3.090294"><ele>13.7</ele></trkpt>
<trkpt lat="54.138386" lon="-3.09023"><ele>13.0</ele></trkpt>
<trkpt lat="54.138328" lon="-3.090201"><ele>12.3</ele></trkpt>
<trkpt lat="54.138198" lon="-3.090141"><ele>11.7</ele></trkpt>
<trkpt lat="54.138009" lon="-3.090075"><ele>11.0</ele></trkpt>
<trkpt lat="54.137651" lon="-3.089971"><ele>10.3</ele></trkpt>
<trkpt lat="54.137585" lon="-3.089962"><ele>9.7</ele></trkpt>
<trkpt lat="54.137367" lon="-3.089924"><ele>9.0</ele></trkpt>
<trkpt lat="54.137305" lon="-3.089918"><ele>8.3</ele></trkpt>
<trkpt lat="54.137124" lon="-3.089927"><ele>7.7</ele></trkpt>
<trkpt lat="54.13696" lon="-3.089975"><ele>7.0</ele></trkpt>
<trkpt lat="54.136391" lon="-3.090221"><ele>7.7</ele></trkpt>
<trkpt lat="54.136172" lon="-3.090262"><ele>8.3</ele></trkpt>
<trkpt lat="54.136155" lon="-3.090247"><ele>9.0</ele></trkpt>
<trkpt lat="54.135987" lon="-3.090265"><ele>9.0</ele></trkpt>
<trkpt lat="54.135888" lon="-3.090282"><ele>9.0</ele></trkpt>
<trkpt lat="54.135758" lon="-3.09031"><ele>9.0</ele></trkpt>
<trkpt lat="54.13559" lon="-3.090369"><ele>9.0</ele></trkpt>
<trkpt lat="54.135466" lon="-3.090422"><ele>9.0</ele></trkpt>
<trkpt lat="54.135448" lon="-3.090436"><ele>9.0</ele></trkpt>
<trkpt lat="54.135444" lon="-3.090444"><ele>9.0</ele></trkpt>
<trkpt lat="54.135378" lon="-3.090532"><ele>9.0</ele></trkpt>
<trkpt lat="54.135356" lon="-3.090574"><ele>9.0</ele></trkpt>
<trkpt lat="54.13531" lon="-3.090633"><ele>9.3</ele></trkpt>
<trkpt lat="54.135191" lon="-3.090816"><ele>9.7</ele></trkpt>
<trkpt lat="54.135106" lon="-3.090926"><ele>10.0</ele></trkpt>
<trkpt lat="54.134837" lon="-3.091285"><ele>10.0</ele></trkpt>
<trkpt lat="54.134764" lon="-3.091352"><ele>10.0</ele></trkpt>
<trkpt lat="54.134696" lon="-3.09143"><ele>10.0</ele></trkpt>
<trkpt lat="54.134445" lon="-3.091706"><ele>10.3</ele></trkpt>
<trkpt lat="54.134152" lon="-3.092043"><ele>10.7</ele></trkpt>
<trkpt lat="54.134082" lon="-3.092143"><ele>11.0</ele></trkpt>
<trkpt lat="54.134023" lon="-3.092245"><ele>11.3</ele></trkpt>
<trkpt lat="54.13386" lon="-3.092418"><ele>11.7</ele></trkpt>
<trkpt lat="54.133592" lon="-3.092585"><ele>12.0</ele></trkpt>
<trkpt lat="54.13339" lon="-3.092707"><ele>11.7</ele></trkpt>
<trkpt lat="54.133312" lon="-3.092752"><ele>11.3</ele></trkpt>
<trkpt lat="54.132871" lon="-3.09313"><ele>11.0</ele></trkpt>
<trkpt lat="54.132131" lon="-3.093861"><ele>11.0</ele></trkpt>
<trkpt lat="54.131861" lon="-3.094178"><ele>11.0</ele></trkpt>
<trkpt lat="54.131672" lon="-3.094529"><ele>11.0</ele></trkpt>
<trkpt lat="54.13159" lon="-3.094639"><ele>11.3</ele></trkpt>
<trkpt lat="54.131675" lon="-3.09481"><ele>11.7</ele></trkpt>
<trkpt lat="54.131699" lon="-3.094879"><ele>12.0</ele></trkpt>
<trkpt lat="54.131803" lon="-3.095459"><ele>12.0</ele></trkpt>
<trkpt lat="54.131818" lon="-3.095621"><ele>12.0</ele></trkpt>
<trkpt lat="54.131853" lon="-3.095881"><ele>12.0</ele></trkpt>
<trkpt lat="54.131896" lon="-3.096193"><ele>12.7</ele></trkpt>
<trkpt lat="54.131913" lon="-3.096466"><ele>13.3</ele></trkpt>
<trkpt lat="54.131913" lon="-3.096786"><ele>14.0</ele></trkpt>
<trkpt lat="54.131888" lon="-3.09681"><ele>14.0</ele></trkpt>
<trkpt lat="54.131869" lon="-3.096844"><ele>14.0</ele></trkpt>
<trkpt lat="54.131884" lon="-3.09709"><ele>14.0</ele></trkpt>
<trkpt lat="54.131528" lon="-3.097521"><ele>15.0</ele></trkpt>
<trkpt lat="54.131271" lon="-3.097821"><ele>16.0</ele></trkpt>
<trkpt lat="54.131276" lon="-3.09788"><ele>17.0</ele></trkpt>
<trkpt lat="54.131282" lon="-3.097937"><ele>17.7</ele></trkpt>
<trkpt lat="54.131116" lon="-3.098159"><ele>18.3</ele></trkpt>
<trkpt lat="54.131184" lon="-3.09836"><ele>19.0</ele></trkpt>
<trkpt lat="54.131228" lon="-3.098524"><ele>19.7</ele></trkpt>
<trkpt lat="54.130946" lon="-3.098834"><ele>20.3</ele></trkpt>
<trkpt lat="54.131048" lon="-3.099073"><ele>21.0</ele></trkpt>
<trkpt lat="54.131049" lon="-3.099126"><ele>21.7</ele></trkpt>
<trkpt lat="54.130749" lon="-3.099464"><ele>22.3</ele></trkpt>
<trkpt lat="54.130714" lon="-3.099509"><ele>23.0</ele></trkpt>
<trkpt lat="54.13041" lon="-3.098867"><ele>21.3</ele></trkpt>
<trkpt lat="54.130299" lon="-3.098631"><ele>19.7</ele></trkpt>
<trkpt lat="54.130238" lon="-3.09858"><ele>18.0</ele></trkpt>
<trkpt lat="54.130208" lon="-3.098571"><ele>17.7</ele></trkpt>
<trkpt lat="54.130145" lon="-3.098552"><ele>17.3</ele></trkpt>
<trkpt lat="54.130087" lon="-3.098548"><ele>17.0</ele></trkpt>
<trkpt lat="54.129945" lon="-3.098571"><ele>16.0</ele></trkpt>
<trkpt lat="54.129798" lon="-3.098676"><ele>15.0</ele></trkpt>
<trkpt lat="54.129749" lon="-3.09873"><ele>14.0</ele></trkpt>
<trkpt lat="54.129557" lon="-3.099086"><ele>14.0</ele></trkpt>
<trkpt lat="54.129382" lon="-3.099465"><ele>14.0</ele></trkpt>
<trkpt lat="54.129343" lon="-3.099426"><ele>14.0</ele></trkpt>
<trkpt lat="54.129307" lon="-3.099398"><ele>13.7</ele></trkpt>
<trkpt lat="54.129301" lon="-3.099393"><ele>13.3</ele></trkpt>
<trkpt lat="54.129284" lon="-3.099387"><ele>13.0</ele></trkpt>
<trkpt lat="54.12926" lon="-3.099396"><ele>12.7</ele></trkpt>
<trkpt lat="54.129231" lon="-3.099415"><ele>12.3</ele></trkpt>
<trkpt lat="54.129187" lon="-3.099466"><ele>12.0</ele></trkpt>
<trkpt lat="54.129159" lon="-3.09955"><ele>11.7</ele></trkpt>
<trkpt lat="54.12902" lon="-3.099827"><ele>11.3</ele></trkpt>
<trkpt lat="54.128914" lon="-3.10004"><ele>11.0</ele></trkpt>
<trkpt lat="54.128828" lon="-3.100225"><ele>10.7</ele></trkpt>
<trkpt lat="54.128802" lon="-3.100247"><ele>10.3</ele></trkpt>
<trkpt lat="54.128782" lon="-3.100246"><ele>10.0</ele></trkpt>
<trkpt lat="54.128749" lon="-3.100173"><ele>9.7</ele></trkpt>
<trkpt lat="54.128682" lon="-3.100192"><ele>9.3</ele></trkpt>
<trkpt lat="54.128567" lon="-3.100353"><ele>9.0</ele></trkpt>
<trkpt lat="54.128479" lon="-3.10044"><ele>8.7</ele></trkpt>
<trkpt lat="54.128413" lon="-3.100544"><ele>8.3</ele></trkpt>
<trkpt lat="54.128296" lon="-3.100681"><ele>8.0</ele></trkpt>
<trkpt lat="54.128228" lon="-3.100752"><ele>8.0</ele></trkpt>
<trkpt lat="54.128131" lon="-3.100784"><ele>8.0</ele></trkpt>
<trkpt lat="54.127988" lon="-3.100883"><ele>8.0</ele></trkpt>
<trkpt lat="54.127872" lon="-3.100969"><ele>8.0</ele></trkpt>
<trkpt lat="54.127738" lon="-3.10103"><ele>8.0</ele></trkpt>
<trkpt lat="54.127649" lon="-3.101092"><ele>8.0</ele></trkpt>
<trkpt lat="54.127623" lon="-3.101099"><ele>8.0</ele></trkpt>
<trkpt lat="54.127601" lon="-3.1011"><ele>8.0</ele></trkpt>
<trkpt lat="54.127584" lon="-3.101096"><ele>8.0</ele></trkpt>
<trkpt lat="54.127559" lon="-3.101099"><ele>8.0</ele></trkpt>
<trkpt lat="54.127543" lon="-3.101126"><ele>8.0</ele></trkpt>
<trkpt lat="54.127525" lon="-3.101142"><ele>8.0</ele></trkpt>
<trkpt lat="54.127477" lon="-3.101166"><ele>7.7</ele></trkpt>
<trkpt lat="54.127393" lon="-3.101192"><ele>7.3</ele></trkpt>
<trkpt lat="54.127318" lon="-3.101213"><ele>7.0</ele></trkpt>
<trkpt lat="54.127247" lon="-3.101199"><ele>7.0</ele></trkpt>
<trkpt lat="54.127055" lon="-3.10121"><ele>7.0</ele></trkpt>
<trkpt lat="54.127038" lon="-3.101333"><ele>7.0</ele></trkpt>
<trkpt lat="54.127015" lon="-3.101359"><ele>7.0</ele></trkpt>
<trkpt lat="54.126947" lon="-3.101361"><ele>7.0</ele></trkpt>
<trkpt lat="54.126703" lon="-3.101399"><ele>7.0</ele></trkpt>
<trkpt lat="54.126533" lon="-3.101427"><ele>7.3</ele></trkpt>
<trkpt lat="54.126489" lon="-3.101435"><ele>7.7</ele></trkpt>
<trkpt lat="54.1264" lon="-3.101463"><ele>8.0</ele></trkpt>
<trkpt lat="54.126274" lon="-3.101521"><ele>8.0</ele></trkpt>
<trkpt lat="54.126208" lon="-3.101548"><ele>8.0</ele></trkpt>
<trkpt lat="54.126166" lon="-3.101581"><ele>8.0</ele></trkpt>
<trkpt lat="54.126084" lon="-3.101627"><ele>7.3</ele></trkpt>
<trkpt lat="54.125966" lon="-3.101699"><ele>6.7</ele></trkpt>
<trkpt lat="54.125921" lon="-3.10173"><ele>6.0</ele></trkpt>
<trkpt lat="54.125696" lon="-3.101857"><ele>5.7</ele></trkpt>
<trkpt lat="54.125591" lon="-3.101915"><ele>5.3</ele></trkpt>
<trkpt lat="54.125518" lon="-3.101971"><ele>5.0</ele></trkpt>
<trkpt lat="54.125463" lon="-3.102005"><ele>5.3</ele></trkpt>
<trkpt lat="54.125365" lon="-3.102096"><ele>5.7</ele></trkpt>
<trkpt lat="54.12525" lon="-3.102207"><ele>6.0</ele></trkpt>
<trkpt lat="54.125035" lon="-3.102427"><ele>6.0</ele></trkpt>
<trkpt lat="54.124995" lon="-3.102472"><ele>6.0</ele></trkpt>
<trkpt lat="54.124893" lon="-3.102573"><ele>6.0</ele></trkpt>
<trkpt lat="54.124838" lon="-3.102606"><ele>6.0</ele></trkpt>
<trkpt lat="54.124762" lon="-3.102637"><ele>6.0</ele></trkpt>
<trkpt lat="54.124677" lon="-3.102726"><ele>6.0</ele></trkpt>
<trkpt lat="54.124619" lon="-3.102794"><ele>6.0</ele></trkpt>
<trkpt lat="54.124523" lon="-3.102921"><ele>6.0</ele></trkpt>
<trkpt lat="54.124467" lon="-3.103023"><ele>6.0</ele></trkpt>
<trkpt lat="54.124369" lon="-3.103148"><ele>6.0</ele></trkpt>
<trkpt lat="54.124255" lon="-3.103297"><ele>6.0</ele></trkpt>
<trkpt lat="54.12416" lon="-3.103388"><ele>6.0</ele></trkpt>
<trkpt lat="54.124063" lon="-3.103507"><ele>7.0</ele></trkpt>
<trkpt lat="54.124023" lon="-3.103558"><ele>8.0</ele></trkpt>
<trkpt lat="54.123941" lon="-3.103665"><ele>9.0</ele></trkpt>
<trkpt lat="54.123872" lon="-3.103782"><ele>10.3</ele></trkpt>
<trkpt lat="54.12375" lon="-3.103952"><ele>11.7</ele></trkpt>
<trkpt lat="54.123656" lon="-3.104092"><ele>13.0</ele></trkpt>
<trkpt lat="54.123591" lon="-3.104205"><ele>13.0</ele></trkpt>
<trkpt lat="54.123583" lon="-3.10422"><ele>13.0</ele></trkpt>
<trkpt lat="54.123521" lon="-3.104294"><ele>13.0</ele></trkpt>
<trkpt lat="54.123443" lon="-3.104359"><ele>12.3</ele></trkpt>
<trkpt lat="54.12339" lon="-3.104397"><ele>11.7</ele></trkpt>
<trkpt lat="54.123328" lon="-3.104215"><ele>11.0</ele></trkpt>
<trkpt lat="54.12287" lon="-3.104493"><ele>11.7</ele></trkpt>
<trkpt lat="54.122644" lon="-3.104605"><ele>12.3</ele></trkpt>
<trkpt lat="54.122513" lon="-3.104585"><ele>13.0</ele></trkpt>
<trkpt lat="54.122387" lon="-3.104601"><ele>13.0</ele></trkpt>
<trkpt lat="54.121985" lon="-3.104561"><ele>13.0</ele></trkpt>
<trkpt lat="54.121846" lon="-3.104512"><ele>13.0</ele></trkpt>
<trkpt lat="54.12183" lon="-3.104506"><ele>12.7</ele></trkpt>
<trkpt lat="54.121782" lon="-3.104462"><ele>12.3</ele></trkpt>
<trkpt lat="54.121762" lon="-3.104452"><ele>12.0</ele></trkpt>
<trkpt lat="54.121733" lon="-3.104449"><ele>12.0</ele></trkpt>
<trkpt lat="54.121712" lon="-3.104453"><ele>12.0</ele></trkpt>
<trkpt lat="54.121692" lon="-3.104466"><ele>12.0</ele></trkpt>
<trkpt lat="54.121673" lon="-3.104486"><ele>12.3</ele></trkpt>
<trkpt lat="54.121657" lon="-3.104514"><ele>12.7</ele></trkpt>
<trkpt lat="54.121649" lon="-3.104546"><ele>13.0</ele></trkpt>
<trkpt lat="54.121651" lon="-3.104581"><ele>13.3</ele></trkpt>
<trkpt lat="54.121649" lon="-3.104619"><ele>13.7</ele></trkpt>
<trkpt lat="54.121632" lon="-3.104687"><ele>14.0</ele></trkpt>
<trkpt lat="54.121605" lon="-3.104927"><ele>14.3</ele></trkpt>
<trkpt lat="54.121567" lon="-3.105033"><ele>14.7</ele></trkpt>
<trkpt lat="54.121525" lon="-3.105106"><ele>15.0</ele></trkpt>
<trkpt lat="54.121485" lon="-3.105157"><ele>15.3</ele></trkpt>
<trkpt lat="54.121476" lon="-3.105248"><ele>15.7</ele></trkpt>
<trkpt lat="54.121471" lon="-3.105315"><ele>16.0</ele></trkpt>
<trkpt lat="54.121477" lon="-3.105604"><ele>16.3</ele></trkpt>
<trkpt lat="54.121483" lon="-3.105854"><ele>16.7</ele></trkpt>
<trkpt lat="54.121477" lon="-3.105882"><ele>17.0</ele></trkpt>
<trkpt lat="54.121431" lon="-3.105968"><ele>17.3</ele></trkpt>
<trkpt lat="54.121367" lon="-3.106156"><ele>17.7</ele></trkpt>
<trkpt lat="54.121293" lon="-3.106378"><ele>18.0</ele></trkpt>
<trkpt lat="54.121259" lon="-3.106507"><ele>17.7</ele></trkpt>
<trkpt lat="54.121169" lon="-3.106997"><ele>17.3</ele></trkpt>
<trkpt lat="54.121152" lon="-3.107114"><ele>17.0</ele></trkpt>
<trkpt lat="54.121118" lon="-3.107375"><ele>17.3</ele></trkpt>
<trkpt lat="54.121093" lon="-3.107636"><ele>17.7</ele></trkpt>
<trkpt lat="54.121073" lon="-3.107777"><ele>18.0</ele></trkpt>
<trkpt lat="54.121061" lon="-3.107782"><ele>18.3</ele></trkpt>
<trkpt lat="54.121038" lon="-3.107804"><ele>18.7</ele></trkpt>
<trkpt lat="54.120971" lon="-3.107864"><ele>19.0</ele></trkpt>
<trkpt lat="54.120956" lon="-3.107868"><ele>19.0</ele></trkpt>
<trkpt lat="54.120879" lon="-3.107887"><ele>19.0</ele></trkpt>
<trkpt lat="54.120855" lon="-3.107896"><ele>19.0</ele></trkpt>
<trkpt lat="54.120842" lon="-3.107904"><ele>19.0</ele></trkpt>
<trkpt lat="54.120824" lon="-3.107916"><ele>19.0</ele></trkpt>
<trkpt lat="54.120805" lon="-3.107934"><ele>19.0</ele></trkpt>
<trkpt lat="54.120773" lon="-3.10797"><ele>19.3</ele></trkpt>
<trkpt lat="54.120704" lon="-3.10802"><ele>19.7</ele></trkpt>
<trkpt lat="54.120656" lon="-3.108047"><ele>20.0</ele></trkpt>
<trkpt lat="54.120631" lon="-3.108059"><ele>20.0</ele></trkpt>
<trkpt lat="54.120556" lon="-3.108095"><ele>20.0</ele></trkpt>
<trkpt lat="54.120514" lon="-3.108116"><ele>20.0</ele></trkpt>
<trkpt lat="54.120499" lon="-3.108123"><ele>20.3</ele></trkpt>
<trkpt lat="54.120483" lon="-3.108132"><ele>20.7</ele></trkpt>
<trkpt lat="54.120446" lon="-3.108143"><ele>21.0</ele></trkpt>
<trkpt lat="54.120422" lon="-3.108145"><ele>21.0</ele></trkpt>
<trkpt lat="54.120408" lon="-3.108134"><ele>21.0</ele></trkpt>
<trkpt lat="54.120395" lon="-3.108124"><ele>21.0</ele></trkpt>
<trkpt lat="54.120378" lon="-3.108111"><ele>21.7</ele></trkpt>
<trkpt lat="54.120311" lon="-3.108032"><ele>22.3</ele></trkpt>
<trkpt lat="54.120231" lon="-3.107928"><ele>23.0</ele></trkpt>
<trkpt lat="54.120179" lon="-3.107853"><ele>23.3</ele></trkpt>
<trkpt lat="54.120114" lon="-3.107761"><ele>23.7</ele></trkpt>
<trkpt lat="54.120031" lon="-3.107638"><ele>24.0</ele></trkpt>
<trkpt lat="54.120008" lon="-3.107604"><ele>24.3</ele></trkpt>
<trkpt lat="54.119871" lon="-3.107388"><ele>24.7</ele></trkpt>
<trkpt lat="54.119778" lon="-3.107238"><ele>25.0</ele></trkpt>
<trkpt lat="54.119683" lon="-3.107092"><ele>24.7</ele></trkpt>
<trkpt lat="54.119656" lon="-3.107048"><ele>24.3</ele></trkpt>
<trkpt lat="54.11963" lon="-3.107025"><ele>24.0</ele></trkpt>
<trkpt lat="54.119588" lon="-3.107005"><ele>23.0</ele></trkpt>
<trkpt lat="54.119378" lon="-3.106964"><ele>22.0</ele></trkpt>
<trkpt lat="54.119145" lon="-3.106854"><ele>21.0</ele></trkpt>
<trkpt lat="54.119091" lon="-3.106805"><ele>20.3</ele></trkpt>
<trkpt lat="54.119023" lon="-3.106721"><ele>19.7</ele></trkpt>
<trkpt lat="54.119006" lon="-3.1067"><ele>19.0</ele></trkpt>
<trkpt lat="54.118989" lon="-3.106691"><ele>18.7</ele></trkpt>
<trkpt lat="54.118969" lon="-3.106686"><ele>18.3</ele></trkpt>
<trkpt lat="54.118954" lon="-3.106692"><ele>18.0</ele></trkpt>
<trkpt lat="54.118927" lon="-3.106714"><ele>18.0</ele></trkpt>
<trkpt lat="54.11889" lon="-3.10678"><ele>18.0</ele></trkpt>
<trkpt lat="54.118811" lon="-3.106919"><ele>18.0</ele></trkpt>
<trkpt lat="54.118738" lon="-3.107048"><ele>18.0</ele></trkpt>
<trkpt lat="54.118718" lon="-3.107085"><ele>18.0</ele></trkpt>
<trkpt lat="54.118613" lon="-3.107256"><ele>18.0</ele></trkpt>
<trkpt lat="54.118587" lon="-3.107299"><ele>17.7</ele></trkpt>
<trkpt lat="54.118469" lon="-3.107493"><ele>17.3</ele></trkpt>
<trkpt lat="54.11843" lon="-3.107577"><ele>17.0</ele></trkpt>
<trkpt lat="54.118305" lon="-3.107844"><ele>16.3</ele></trkpt>
<trkpt lat="54.118227" lon="-3.108013"><ele>15.7</ele></trkpt>
<trkpt lat="54.118118" lon="-3.108223"><ele>15.0</ele></trkpt>
<trkpt lat="54.118041" lon="-3.108368"><ele>15.0</ele></trkpt>
<trkpt lat="54.117978" lon="-3.108528"><ele>15.0</ele></trkpt>
<trkpt lat="54.117913" lon="-3.108717"><ele>15.0</ele></trkpt>
<trkpt lat="54.117888" lon="-3.108791"><ele>15.0</ele></trkpt>
<trkpt lat="54.1178" lon="-3.109049"><ele>15.0</ele></trkpt>
<trkpt lat="54.117781" lon="-3.109081"><ele>15.0</ele></trkpt>
<trkpt lat="54.117648" lon="-3.10953"><ele>12.7</ele></trkpt>
<trkpt lat="54.116913" lon="-3.111981"><ele>10.3</ele></trkpt>
<trkpt lat="54.116888" lon="-3.112103"><ele>8.0</ele></trkpt>
<trkpt lat="54.116852" lon="-3.112212"><ele>8.0</ele></trkpt>
<trkpt lat="54.116832" lon="-3.112234"><ele>8.0</ele></trkpt>
<trkpt lat="54.116821" lon="-3.112223"><ele>8.0</ele></trkpt>
<trkpt lat="54.116814" lon="-3.112249"><ele>8.0</ele></trkpt>
<trkpt lat="54.116774" lon="-3.112442"><ele>8.0</ele></trkpt>
<trkpt lat="54.116739" lon="-3.112587"><ele>8.0</ele></trkpt>
<trkpt lat="54.116723" lon="-3.112655"><ele>8.0</ele></trkpt>
<trkpt lat="54.116715" lon="-3.112712"><ele>8.0</ele></trkpt>
<trkpt lat="54.116714" lon="-3.112723"><ele>8.0</ele></trkpt>
<trkpt lat="54.11671" lon="-3.112757"><ele>8.0</ele></trkpt>
<trkpt lat="54.116707" lon="-3.112781"><ele>8.0</ele></trkpt>
<trkpt lat="54.116691" lon="-3.11285"><ele>8.0</ele></trkpt>
<trkpt lat="54.116685" lon="-3.112872"><ele>8.0</ele></trkpt>
<trkpt lat="54.116677" lon="-3.112931"><ele>8.0</ele></trkpt>
<trkpt lat="54.116632" lon="-3.113099"><ele>8.0</ele></trkpt>
<trkpt lat="54.116584" lon="-3.11326"><ele>8.0</ele></trkpt>
<trkpt lat="54.116575" lon="-3.113297"><ele>8.0</ele></trkpt>
<trkpt lat="54.116565" lon="-3.11334"><ele>8.0</ele></trkpt>
<trkpt lat="54.116534" lon="-3.113468"><ele>8.0</ele></trkpt>
<trkpt lat="54.116519" lon="-3.113522"><ele>8.0</ele></trkpt>
<trkpt lat="54.116501" lon="-3.113578"><ele>8.0</ele></trkpt>
<trkpt lat="54.116486" lon="-3.11359"><ele>8.0</ele></trkpt>
<trkpt lat="54.116465" lon="-3.113607"><ele>8.0</ele></trkpt>
<trkpt lat="54.116453" lon="-3.113629"><ele>8.0</ele></trkpt>
<trkpt lat="54.116432" lon="-3.11367"><ele>8.3</ele></trkpt>
<trkpt lat="54.116384" lon="-3.11388"><ele>8.7</ele></trkpt>
<trkpt lat="54.116265" lon="-3.114297"><ele>9.0</ele></trkpt>
<trkpt lat="54.11615" lon="-3.114619"><ele>9.3</ele></trkpt>
<trkpt lat="54.116085" lon="-3.114781"><ele>9.7</ele></trkpt>
<trkpt lat="54.115978" lon="-3.115142"><ele>10.0</ele></trkpt>
<trkpt lat="54.115803" lon="-3.115676"><ele>9.7</ele></trkpt>
<trkpt lat="54.115632" lon="-3.116082"><ele>9.3</ele></trkpt>
<trkpt lat="54.115522" lon="-3.116323"><ele>9.0</ele></trkpt>
<trkpt lat="54.11541" lon="-3.116562"><ele>8.3</ele></trkpt>
<trkpt lat="54.115291" lon="-3.116791"><ele>7.7</ele></trkpt>
<trkpt lat="54.115133" lon="-3.117076"><ele>7.0</ele></trkpt>
<trkpt lat="54.115117" lon="-3.11712"><ele>7.3</ele></trkpt>
<trkpt lat="54.115066" lon="-3.117267"><ele>7.7</ele></trkpt>
<trkpt lat="54.115033" lon="-3.11737"><ele>8.0</ele></trkpt>
<trkpt lat="54.115001" lon="-3.117412"><ele>7.7</ele></trkpt>
<trkpt lat="54.114957" lon="-3.117468"><ele>7.3</ele></trkpt>
<trkpt lat="54.114843" lon="-3.117622"><ele>7.0</ele></trkpt>
<trkpt lat="54.114791" lon="-3.117682"><ele>7.0</ele></trkpt>
<trkpt lat="54.114775" lon="-3.1177"><ele>7.0</ele></trkpt>
<trkpt lat="54.114765" lon="-3.117711"><ele>7.0</ele></trkpt>
<trkpt lat="54.114728" lon="-3.117756"><ele>7.0</ele></trkpt>
<trkpt lat="54.114522" lon="-3.118008"><ele>7.0</ele></trkpt>
<trkpt lat="54.114446" lon="-3.118129"><ele>7.0</ele></trkpt>
<trkpt lat="54.114419" lon="-3.118172"><ele>7.7</ele></trkpt>
<trkpt lat="54.11422" lon="-3.118506"><ele>8.3</ele></trkpt>
<trkpt lat="54.113863" lon="-3.119137"><ele>9.0</ele></trkpt>
<trkpt lat="54.113753" lon="-3.119357"><ele>8.7</ele></trkpt>
<trkpt lat="54.113631" lon="-3.119597"><ele>8.3</ele></trkpt>
<trkpt lat="54.113492" lon="-3.119853"><ele>8.0</ele></trkpt>
<trkpt lat="54.113262" lon="-3.120281"><ele>8.0</ele></trkpt>
<trkpt lat="54.112995" lon="-3.120784"><ele>8.0</ele></trkpt>
<trkpt lat="54.112847" lon="-3.121058"><ele>8.0</ele></trkpt>
<trkpt lat="54.112714" lon="-3.121231"><ele>8.0</ele></trkpt>
<trkpt lat="54.11259" lon="-3.121365"><ele>8.0</ele></trkpt>
<trkpt lat="54.112418" lon="-3.121492"><ele>8.0</ele></trkpt>
<trkpt lat="54.112245" lon="-3.121581"><ele>7.3</ele></trkpt>
<trkpt lat="54.112005" lon="-3.121638"><ele>6.7</ele></trkpt>
<trkpt lat="54.111595" lon="-3.121608"><ele>6.0</ele></trkpt>
<trkpt lat="54.111435" lon="-3.121569"><ele>5.7</ele></trkpt>
<trkpt lat="54.111352" lon="-3.121571"><ele>5.3</ele></trkpt>
<trkpt lat="54.111244" lon="-3.121586"><ele>5.0</ele></trkpt>
<trkpt lat="54.111052" lon="-3.121651"><ele>5.3</ele></trkpt>
<trkpt lat="54.110964" lon="-3.121685"><ele>5.7</ele></trkpt>
<trkpt lat="54.110854" lon="-3.121749"><ele>6.0</ele></trkpt>
<trkpt lat="54.110707" lon="-3.121884"><ele>6.0</ele></trkpt>
<trkpt lat="54.110628" lon="-3.121945"><ele>6.0</ele></trkpt>
<trkpt lat="54.110417" lon="-3.122253"><ele>6.0</ele></trkpt>
<trkpt lat="54.110105" lon="-3.122783"><ele>5.7</ele></trkpt>
<trkpt lat="54.109998" lon="-3.122941"><ele>5.3</ele></trkpt>
<trkpt lat="54.109852" lon="-3.123116"><ele>5.0</ele></trkpt>
<trkpt lat="54.109735" lon="-3.123235"><ele>5.0</ele></trkpt>
<trkpt lat="54.10937" lon="-3.123536"><ele>5.0</ele></trkpt>
<trkpt lat="54.109329" lon="-3.123572"><ele>5.0</ele></trkpt>
<trkpt lat="54.109251" lon="-3.123665"><ele>5.7</ele></trkpt>
<trkpt lat="54.109145" lon="-3.123814"><ele>6.3</ele></trkpt>
<trkpt lat="54.10903" lon="-3.123992"><ele>7.0</ele></trkpt>
<trkpt lat="54.108495" lon="-3.125211"><ele>7.0</ele></trkpt>
<trkpt lat="54.108036" lon="-3.126263"><ele>7.0</ele></trkpt>
<trkpt lat="54.107643" lon="-3.127045"><ele>7.0</ele></trkpt>
<trkpt lat="54.10739" lon="-3.127503"><ele>7.3</ele></trkpt>
<trkpt lat="54.107212" lon="-3.127825"><ele>7.7</ele></trkpt>
<trkpt lat="54.107051" lon="-3.128105"><ele>8.0</ele></trkpt>
<trkpt lat="54.106826" lon="-3.128441"><ele>7.7</ele></trkpt>
<trkpt lat="54.106604" lon="-3.128814"><ele>7.3</ele></trkpt>
<trkpt lat="54.10635" lon="-3.129218"><ele>7.0</ele></trkpt>
<trkpt lat="54.106145" lon="-3.129541"><ele>7.3</ele></trkpt>
<trkpt lat="54.10593" lon="-3.12984"><ele>7.7</ele></trkpt>
<trkpt lat="54.105784" lon="-3.130037"><ele>8.0</ele></trkpt>
<trkpt lat="54.105626" lon="-3.13023"><ele>8.0</ele></trkpt>
<trkpt lat="54.105536" lon="-3.130331"><ele>8.0</ele></trkpt>
<trkpt lat="54.105438" lon="-3.130426"><ele>8.0</ele></trkpt>
<trkpt lat="54.10529" lon="-3.130547"><ele>7.0</ele></trkpt>
<trkpt lat="54.105131" lon="-3.130622"><ele>6.0</ele></trkpt>
<trkpt lat="54.104921" lon="-3.130635"><ele>5.0</ele></trkpt>
<trkpt lat="54.10472" lon="-3.130645"><ele>5.3</ele></trkpt>
<trkpt lat="54.104356" lon="-3.13067"><ele>5.7</ele></trkpt>
<trkpt lat="54.104049" lon="-3.130677"><ele>6.0</ele></trkpt>
<trkpt lat="54.103584" lon="-3.130715"><ele>6.3</ele></trkpt>
<trkpt lat="54.103303" lon="-3.130731"><ele>6.7</ele></trkpt>
<trkpt lat="54.103282" lon="-3.130704"><ele>7.0</ele></trkpt>
<trkpt lat="54.103267" lon="-3.130689"><ele>6.0</ele></trkpt>
<trkpt lat="54.103104" lon="-3.130685"><ele>5.0</ele></trkpt>
<trkpt lat="54.102981" lon="-3.130765"><ele>4.0</ele></trkpt>
<trkpt lat="54.102687" lon="-3.131048"><ele>4.0</ele></trkpt>
<trkpt lat="54.102551" lon="-3.131206"><ele>4.0</ele></trkpt>
<trkpt lat="54.102433" lon="-3.131377"><ele>4.0</ele></trkpt>
<trkpt lat="54.102326" lon="-3.131568"><ele>4.0</ele></trkpt>
<trkpt lat="54.101936" lon="-3.132314"><ele>4.0</ele></trkpt>
<trkpt lat="54.101716" lon="-3.132732"><ele>4.0</ele></trkpt>
<trkpt lat="54.101457" lon="-3.133221"><ele>4.0</ele></trkpt>
<trkpt lat="54.10129" lon="-3.13355"><ele>4.0</ele></trkpt>
<trkpt lat="54.100889" lon="-3.134306"><ele>4.0</ele></trkpt>
<trkpt lat="54.100788" lon="-3.134535"><ele>5.0</ele></trkpt>
<trkpt lat="54.10064" lon="-3.134885"><ele>6.0</ele></trkpt>
<trkpt lat="54.100283" lon="-3.135827"><ele>7.0</ele></trkpt>
<trkpt lat="54.099971" lon="-3.13663"><ele>7.3</ele></trkpt>
<trkpt lat="54.099819" lon="-3.137036"><ele>7.7</ele></trkpt>
<trkpt lat="54.099651" lon="-3.13747"><ele>8.0</ele></trkpt>
<trkpt lat="54.099478" lon="-3.137939"><ele>8.3</ele></trkpt>
<trkpt lat="54.099359" lon="-3.138233"><ele>8.7</ele></trkpt>
<trkpt lat="54.09923" lon="-3.138522"><ele>9.0</ele></trkpt>
<trkpt lat="54.098907" lon="-3.139231"><ele>8.3</ele></trkpt>
<trkpt lat="54.098678" lon="-3.139729"><ele>7.7</ele></trkpt>
<trkpt lat="54.098415" lon="-3.140293"><ele>7.0</ele></trkpt>
<trkpt lat="54.098199" lon="-3.14077"><ele>6.3</ele></trkpt>
<trkpt lat="54.098" lon="-3.141152"><ele>5.7</ele></trkpt>
<trkpt lat="54.097855" lon="-3.141396"><ele>5.0</ele></trkpt>
<trkpt lat="54.097716" lon="-3.141565"><ele>4.7</ele></trkpt>
<trkpt lat="54.097575" lon="-3.141743"><ele>4.3</ele></trkpt>
<trkpt lat="54.097318" lon="-3.14204"><ele>4.0</ele></trkpt>
<trkpt lat="54.097296" lon="-3.142058"><ele>4.0</ele></trkpt>
<trkpt lat="54.09725" lon="-3.142087"><ele>4.0</ele></trkpt>
<trkpt lat="54.097211" lon="-3.142145"><ele>4.0</ele></trkpt>
<trkpt lat="54.097108" lon="-3.142304"><ele>4.7</ele></trkpt>
<trkpt lat="54.096945" lon="-3.142599"><ele>5.3</ele></trkpt>
<trkpt lat="54.096792" lon="-3.142883"><ele>6.0</ele></trkpt>
<trkpt lat="54.096719" lon="-3.143027"><ele>6.3</ele></trkpt>
<trkpt lat="54.096531" lon="-3.143447"><ele>6.7</ele></trkpt>
<trkpt lat="54.096226" lon="-3.14411"><ele>7.0</ele></trkpt>
<trkpt lat="54.096057" lon="-3.144469"><ele>7.3</ele></trkpt>
<trkpt lat="54.096045" lon="-3.144501"><ele>7.7</ele></trkpt>
<trkpt lat="54.096037" lon="-3.14454"><ele>8.0</ele></trkpt>
<trkpt lat="54.09599" lon="-3.144641"><ele>8.0</ele></trkpt>
<trkpt lat="54.095969" lon="-3.14466"><ele>8.0</ele></trkpt>
<trkpt lat="54.095953" lon="-3.144686"><ele>8.0</ele></trkpt>
<trkpt lat="54.09576" lon="-3.145101"><ele>7.3</ele></trkpt>
<trkpt lat="54.095516" lon="-3.145617"><ele>6.7</ele></trkpt>
<trkpt lat="54.095503" lon="-3.145646"><ele>6.0</ele></trkpt>
<trkpt lat="54.09528" lon="-3.146138"><ele>6.3</ele></trkpt>
<trkpt lat="54.095054" lon="-3.146605"><ele>6.7</ele></trkpt>
<trkpt lat="54.094903" lon="-3.146934"><ele>7.0</ele></trkpt>
<trkpt lat="54.094889" lon="-3.146959"><ele>7.0</ele></trkpt>
<trkpt lat="54.094882" lon="-3.146998"><ele>7.0</ele></trkpt>
<trkpt lat="54.094873" lon="-3.147037"><ele>7.0</ele></trkpt>
<trkpt lat="54.094857" lon="-3.14707"><ele>7.0</ele></trkpt>
<trkpt lat="54.09484" lon="-3.147091"><ele>7.0</ele></trkpt>
<trkpt lat="54.094823" lon="-3.147112"><ele>7.0</ele></trkpt>
<trkpt lat="54.094797" lon="-3.147147"><ele>7.3</ele></trkpt>
<trkpt lat="54.094743" lon="-3.147261"><ele>7.7</ele></trkpt>
<trkpt lat="54.094535" lon="-3.147666"><ele>8.0</ele></trkpt>
<trkpt lat="54.094444" lon="-3.14785"><ele>8.3</ele></trkpt>
<trkpt lat="54.094441" lon="-3.147891"><ele>8.7</ele></trkpt>
<trkpt lat="54.09445" lon="-3.147944"><ele>9.0</ele></trkpt>
<trkpt lat="54.094446" lon="-3.147972"><ele>9.0</ele></trkpt>
<trkpt lat="54.09443" lon="-3.148014"><ele>9.0</ele></trkpt>
<trkpt lat="54.094413" lon="-3.148063"><ele>9.0</ele></trkpt>
<trkpt lat="54.094395" lon="-3.148108"><ele>9.0</ele></trkpt>
<trkpt lat="54.093781" lon="-3.149337"><ele>9.0</ele></trkpt>
<trkpt lat="54.093726" lon="-3.149447"><ele>9.0</ele></trkpt>
<trkpt lat="54.093696" lon="-3.149496"><ele>8.7</ele></trkpt>
<trkpt lat="54.093679" lon="-3.149523"><ele>8.3</ele></trkpt>
<trkpt lat="54.093662" lon="-3.149553"><ele>8.0</ele></trkpt>
<trkpt lat="54.093627" lon="-3.149628"><ele>8.0</ele></trkpt>
<trkpt lat="54.093605" lon="-3.149668"><ele>8.0</ele></trkpt>
<trkpt lat="54.093519" lon="-3.149828"><ele>8.0</ele></trkpt>
<trkpt lat="54.093408" lon="-3.150028"><ele>7.3</ele></trkpt>
<trkpt lat="54.093347" lon="-3.150138"><ele>6.7</ele></trkpt>
<trkpt lat="54.093153" lon="-3.150491"><ele>6.0</ele></trkpt>
<trkpt lat="54.093141" lon="-3.150514"><ele>6.0</ele></trkpt>
<trkpt lat="54.093045" lon="-3.150692"><ele>6.0</ele></trkpt>
<trkpt lat="54.092904" lon="-3.150954"><ele>6.0</ele></trkpt>
<trkpt lat="54.092763" lon="-3.151222"><ele>6.0</ele></trkpt>
<trkpt lat="54.0927" lon="-3.151341"><ele>6.0</ele></trkpt>
<trkpt lat="54.092625" lon="-3.151479"><ele>6.0</ele></trkpt>
<trkpt lat="54.09244" lon="-3.151821"><ele>6.7</ele></trkpt>
<trkpt lat="54.092314" lon="-3.152059"><ele>7.3</ele></trkpt>
<trkpt lat="54.092212" lon="-3.15225"><ele>8.0</ele></trkpt>
<trkpt lat="54.092067" lon="-3.152524"><ele>8.0</ele></trkpt>
<trkpt lat="54.091963" lon="-3.15272"><ele>8.0</ele></trkpt>
<trkpt lat="54.091758" lon="-3.153099"><ele>8.0</ele></trkpt>
<trkpt lat="54.091671" lon="-3.153287"><ele>8.7</ele></trkpt>
<trkpt lat="54.091457" lon="-3.153689"><ele>9.3</ele></trkpt>
<trkpt lat="54.091435" lon="-3.153728"><ele>10.0</ele></trkpt>
<trkpt lat="54.09125" lon="-3.154082"><ele>9.3</ele></trkpt>
<trkpt lat="54.091104" lon="-3.154327"><ele>8.7</ele></trkpt>
<trkpt lat="54.09108" lon="-3.154369"><ele>8.0</ele></trkpt>
<trkpt lat="54.090964" lon="-3.154586"><ele>8.3</ele></trkpt>
<trkpt lat="54.090655" lon="-3.155127"><ele>8.7</ele></trkpt>
<trkpt lat="54.090653" lon="-3.155127"><ele>9.0</ele></trkpt>
<trkpt lat="54.090486" lon="-3.155417"><ele>10.0</ele></trkpt>
<trkpt lat="54.090081" lon="-3.156104"><ele>11.0</ele></trkpt>
<trkpt lat="54.089745" lon="-3.156687"><ele>12.0</ele></trkpt>
<trkpt lat="54.089449" lon="-3.157227"><ele>12.3</ele></trkpt>
<trkpt lat="54.089193" lon="-3.157701"><ele>12.7</ele></trkpt>
<trkpt lat="54.088799" lon="-3.15845"><ele>13.0</ele></trkpt>
<trkpt lat="54.088444" lon="-3.159133"><ele>12.0</ele></trkpt>
<trkpt lat="54.088363" lon="-3.159294"><ele>11.0</ele></trkpt>
<trkpt lat="54.08823" lon="-3.159536"><ele>10.0</ele></trkpt>
<trkpt lat="54.088196" lon="-3.159593"><ele>10.0</ele></trkpt>
<trkpt lat="54.088166" lon="-3.159624"><ele>10.0</ele></trkpt>
<trkpt lat="54.088135" lon="-3.159664"><ele>10.0</ele></trkpt>
<trkpt lat="54.088136" lon="-3.159701"><ele>10.0</ele></trkpt>
<trkpt lat="54.08814" lon="-3.159784"><ele>10.0</ele></trkpt>
<trkpt lat="54.088137" lon="-3.159822"><ele>10.0</ele></trkpt>
<trkpt lat="54.088116" lon="-3.159903"><ele>10.0</ele></trkpt>
<trkpt lat="54.088111" lon="-3.159919"><ele>10.0</ele></trkpt>
<trkpt lat="54.088108" lon="-3.15993"><ele>10.0</ele></trkpt>
<trkpt lat="54.088079" lon="-3.159915"><ele>10.0</ele></trkpt>
<trkpt lat="54.088004" lon="-3.159876"><ele>10.0</ele></trkpt>
<trkpt lat="54.087979" lon="-3.159867"><ele>10.0</ele></trkpt>
<trkpt lat="54.087938" lon="-3.159854"><ele>10.3</ele></trkpt>
<trkpt lat="54.087915" lon="-3.159851"><ele>10.7</ele></trkpt>
<trkpt lat="54.087875" lon="-3.159846"><ele>11.0</ele></trkpt>
<trkpt lat="54.087838" lon="-3.15984"><ele>11.0</ele></trkpt>
<trkpt lat="54.087808" lon="-3.159848"><ele>11.0</ele></trkpt>
<trkpt lat="54.087774" lon="-3.15986"><ele>11.0</ele></trkpt>
<trkpt lat="54.087752" lon="-3.159878"><ele>11.0</ele></trkpt>
<trkpt lat="54.08771" lon="-3.159933"><ele>11.0</ele></trkpt>
<trkpt lat="54.087574" lon="-3.16014"><ele>11.0</ele></trkpt>
<trkpt lat="54.087425" lon="-3.160384"><ele>10.7</ele></trkpt>
<trkpt lat="54.087328" lon="-3.160564"><ele>10.3</ele></trkpt>
<trkpt lat="54.087198" lon="-3.160873"><ele>10.0</ele></trkpt>
<trkpt lat="54.08707" lon="-3.161198"><ele>10.0</ele></trkpt>
<trkpt lat="54.086893" lon="-3.161656"><ele>10.0</ele></trkpt>
<trkpt lat="54.086773" lon="-3.161974"><ele>10.0</ele></trkpt>
<trkpt lat="54.086759" lon="-3.162016"><ele>10.0</ele></trkpt>
<trkpt lat="54.086749" lon="-3.162046"><ele>10.0</ele></trkpt>
<trkpt lat="54.086743" lon="-3.162108"><ele>10.0</ele></trkpt>
<trkpt lat="54.086713" lon="-3.162204"><ele>10.0</ele></trkpt>
<trkpt lat="54.086692" lon="-3.162231"><ele>10.0</ele></trkpt>
<trkpt lat="54.086632" lon="-3.162369"><ele>10.0</ele></trkpt>
<trkpt lat="54.086527" lon="-3.162653"><ele>10.0</ele></trkpt>
<trkpt lat="54.086492" lon="-3.162772"><ele>10.0</ele></trkpt>
<trkpt lat="54.086495" lon="-3.162833"><ele>10.0</ele></trkpt>
<trkpt lat="54.086487" lon="-3.162858"><ele>10.3</ele></trkpt>
<trkpt lat="54.086468" lon="-3.162906"><ele>10.7</ele></trkpt>
<trkpt lat="54.08645" lon="-3.162963"><ele>11.0</ele></trkpt>
<trkpt lat="54.086432" lon="-3.163019"><ele>11.0</ele></trkpt>
<trkpt lat="54.086428" lon="-3.163031"><ele>11.0</ele></trkpt>
<trkpt lat="54.086406" lon="-3.163031"><ele>11.0</ele></trkpt>
<trkpt lat="54.086391" lon="-3.16303"><ele>11.0</ele></trkpt>
<trkpt lat="54.086379" lon="-3.163045"><ele>11.0</ele></trkpt>
<trkpt lat="54.08635" lon="-3.163122"><ele>11.0</ele></trkpt>
<trkpt lat="54.086288" lon="-3.163296"><ele>10.7</ele></trkpt>
<trkpt lat="54.086205" lon="-3.163443"><ele>10.3</ele></trkpt>
<trkpt lat="54.086078" lon="-3.163706"><ele>10.0</ele></trkpt>
<trkpt lat="54.08595" lon="-3.163965"><ele>9.3</ele></trkpt>
<trkpt lat="54.085934" lon="-3.163993"><ele>8.7</ele></trkpt>
<trkpt lat="54.085741" lon="-3.16433"><ele>8.0</ele></trkpt>
<trkpt lat="54.08565" lon="-3.164495"><ele>8.7</ele></trkpt>
<trkpt lat="54.085593" lon="-3.164659"><ele>9.3</ele></trkpt>
<trkpt lat="54.085486" lon="-3.165106"><ele>10.0</ele></trkpt>
<trkpt lat="54.085374" lon="-3.165575"><ele>10.0</ele></trkpt>
<trkpt lat="54.08524" lon="-3.166112"><ele>10.0</ele></trkpt>
<trkpt lat="54.085099" lon="-3.166706"><ele>10.0</ele></trkpt>
<trkpt lat="54.084999" lon="-3.167186"><ele>9.7</ele></trkpt>
<trkpt lat="54.084886" lon="-3.167813"><ele>9.3</ele></trkpt>
<trkpt lat="54.084789" lon="-3.168351"><ele>9.0</ele></trkpt>
<trkpt lat="54.084674" lon="-3.168871"><ele>9.3</ele></trkpt>
<trkpt lat="54.084579" lon="-3.169312"><ele>9.7</ele></trkpt>
<trkpt lat="54.084548" lon="-3.169465"><ele>10.0</ele></trkpt>
<trkpt lat="54.084486" lon="-3.169752"><ele>9.7</ele></trkpt>
<trkpt lat="54.08439" lon="-3.170188"><ele>9.3</ele></trkpt>
<trkpt lat="54.084332" lon="-3.170473"><ele>9.0</ele></trkpt>
<trkpt lat="54.084319" lon="-3.170544"><ele>9.0</ele></trkpt>
<trkpt lat="54.084289" lon="-3.170678"><ele>9.0</ele></trkpt>
<trkpt lat="54.08424" lon="-3.170876"><ele>9.0</ele></trkpt>
<trkpt lat="54.084224" lon="-3.170936"><ele>9.3</ele></trkpt>
<trkpt lat="54.084164" lon="-3.171246"><ele>9.7</ele></trkpt>
<trkpt lat="54.084063" lon="-3.171729"><ele>10.0</ele></trkpt>
<trkpt lat="54.083996" lon="-3.172056"><ele>9.7</ele></trkpt>
<trkpt lat="54.083948" lon="-3.172169"><ele>9.3</ele></trkpt>
<trkpt lat="54.083908" lon="-3.172239"><ele>9.0</ele></trkpt>
<trkpt lat="54.083806" lon="-3.172411"><ele>8.7</ele></trkpt>
<trkpt lat="54.083722" lon="-3.172537"><ele>8.3</ele></trkpt>
<trkpt lat="54.083683" lon="-3.172576"><ele>8.0</ele></trkpt>
<trkpt lat="54.083601" lon="-3.172654"><ele>8.0</ele></trkpt>
<trkpt lat="54.083559" lon="-3.17268"><ele>8.0</ele></trkpt>
<trkpt lat="54.083478" lon="-3.172724"><ele>8.0</ele></trkpt>
<trkpt lat="54.083416" lon="-3.172761"><ele>7.0</ele></trkpt>
<trkpt lat="54.083332" lon="-3.172777"><ele>6.0</ele></trkpt>
<trkpt lat="54.083117" lon="-3.172839"><ele>5.0</ele></trkpt>
<trkpt lat="54.082922" lon="-3.172897"><ele>5.0</ele></trkpt>
<trkpt lat="54.082908" lon="-3.1729"><ele>5.0</ele></trkpt>
<trkpt lat="54.082904" lon="-3.172917"><ele>5.0</ele></trkpt>
<trkpt lat="54.08292" lon="-3.173034"><ele>5.0</ele></trkpt>
<trkpt lat="54.082923" lon="-3.173044"><ele>5.0</ele></trkpt>
<trkpt lat="54.083043" lon="-3.173203"><ele>5.0</ele></trkpt>
<trkpt lat="54.083166" lon="-3.173282"><ele>5.3</ele></trkpt>
<trkpt lat="54.083245" lon="-3.173334"><ele>5.7</ele></trkpt>
<trkpt lat="54.083518" lon="-3.173453"><ele>6.0</ele></trkpt>
<trkpt lat="54.083645" lon="-3.173525"><ele>6.0</ele></trkpt>
<trkpt lat="54.083872" lon="-3.173681"><ele>6.0</ele></trkpt>
<trkpt lat="54.084074" lon="-3.173857"><ele>6.0</ele></trkpt>
<trkpt lat="54.084167" lon="-3.173942"><ele>7.0</ele></trkpt>
<trkpt lat="54.084206" lon="-3.173821"><ele>8.0</ele></trkpt>
<trkpt lat="54.084357" lon="-3.173448"><ele>9.0</ele></trkpt>
<trkpt lat="54.08439" lon="-3.173371"><ele>9.3</ele></trkpt>
<trkpt lat="54.084645" lon="-3.172729"><ele>9.7</ele></trkpt>
<trkpt lat="54.084652" lon="-3.17271"><ele>10.0</ele></trkpt>
<trkpt lat="54.084766" lon="-3.172733"><ele>10.3</ele></trkpt>
<trkpt lat="54.085125" lon="-3.172866"><ele>10.7</ele></trkpt>
<trkpt lat="54.085201" lon="-3.172899"><ele>11.0</ele></trkpt>
<trkpt lat="54.085457" lon="-3.173008"><ele>11.0</ele></trkpt>
<trkpt lat="54.085638" lon="-3.173086"><ele>11.0</ele></trkpt>
<trkpt lat="54.085786" lon="-3.17318"><ele>11.0</ele></trkpt>
<trkpt lat="54.086053" lon="-3.173365"><ele>11.0</ele></trkpt>
<trkpt lat="54.08627" lon="-3.173514"><ele>11.0</ele></trkpt>
<trkpt lat="54.086374" lon="-3.173589"><ele>11.0</ele></trkpt>
<trkpt lat="54.086547" lon="-3.173744"><ele>11.0</ele></trkpt>
<trkpt lat="54.086844" lon="-3.174047"><ele>11.0</ele></trkpt>
<trkpt lat="54.087197" lon="-3.17453"><ele>11.0</ele></trkpt>
<trkpt lat="54.087529" lon="-3.175"><ele>11.0</ele></trkpt>
<trkpt lat="54.087614" lon="-3.175134"><ele>11.0</ele></trkpt>
<trkpt lat="54.087634" lon="-3.175164"><ele>11.0</ele></trkpt>
<trkpt lat="54.088051" lon="-3.175788"><ele>11.7</ele></trkpt>
<trkpt lat="54.088432" lon="-3.176351"><ele>12.3</ele></trkpt>
<trkpt lat="54.088461" lon="-3.176393"><ele>13.0</ele></trkpt>
<trkpt lat="54.088537" lon="-3.176503"><ele>13.3</ele></trkpt>
<trkpt lat="54.088569" lon="-3.176548"><ele>13.7</ele></trkpt>
<trkpt lat="54.088596" lon="-3.176586"><ele>14.0</ele></trkpt>
<trkpt lat="54.088667" lon="-3.176686"><ele>13.7</ele></trkpt>
<trkpt lat="54.08871" lon="-3.176746"><ele>13.3</ele></trkpt>
<trkpt lat="54.088729" lon="-3.176773"><ele>13.0</ele></trkpt>
<trkpt lat="54.088828" lon="-3.176921"><ele>12.7</ele></trkpt>
<trkpt lat="54.088853" lon="-3.176957"><ele>12.3</ele></trkpt>
<trkpt lat="54.08892" lon="-3.177058"><ele>12.0</ele></trkpt>
<trkpt lat="54.088977" lon="-3.177142"><ele>12.0</ele></trkpt>
<trkpt lat="54.089045" lon="-3.177243"><ele>12.0</ele></trkpt>
<trkpt lat="54.089085" lon="-3.177303"><ele>12.0</ele></trkpt>
<trkpt lat="54.089152" lon="-3.177398"><ele>12.0</ele></trkpt>
<trkpt lat="54.089162" lon="-3.177417"><ele>12.0</ele></trkpt>
<trkpt lat="54.089156" lon="-3.177436"><ele>12.0</ele></trkpt>
<trkpt lat="54.089104" lon="-3.1776"><ele>11.7</ele></trkpt>
<trkpt lat="54.089035" lon="-3.177827"><ele>11.3</ele></trkpt>
<trkpt lat="54.088977" lon="-3.178074"><ele>11.0</ele></trkpt>
<trkpt lat="54.08878" lon="-3.178962"><ele>11.0</ele></trkpt>
<trkpt lat="54.088727" lon="-3.179173"><ele>11.0</ele></trkpt>
<trkpt lat="54.088561" lon="-3.179708"><ele>11.0</ele></trkpt>
<trkpt lat="54.088562" lon="-3.179902"><ele>11.0</ele></trkpt>
<trkpt lat="54.088695" lon="-3.180346"><ele>11.0</ele></trkpt>
<trkpt lat="54.088702" lon="-3.180479"><ele>11.0</ele></trkpt>
<trkpt lat="54.088687" lon="-3.180657"><ele>11.0</ele></trkpt>
<trkpt lat="54.08867" lon="-3.180887"><ele>11.0</ele></trkpt>
<trkpt lat="54.088673" lon="-3.180983"><ele>11.0</ele></trkpt>
<trkpt lat="54.088684" lon="-3.181128"><ele>11.0</ele></trkpt>
<trkpt lat="54.088749" lon="-3.1817"><ele>11.0</ele></trkpt>
<trkpt lat="54.088803" lon="-3.182009"><ele>11.0</ele></trkpt>
<trkpt lat="54.088928" lon="-3.182239"><ele>11.7</ele></trkpt>
<trkpt lat="54.089074" lon="-3.182482"><ele>12.3</ele></trkpt>
<trkpt lat="54.089136" lon="-3.182554"><ele>13.0</ele></trkpt>
<trkpt lat="54.089171" lon="-3.182592"><ele>13.3</ele></trkpt>
<trkpt lat="54.089201" lon="-3.182627"><ele>13.7</ele></trkpt>
<trkpt lat="54.089229" lon="-3.182656"><ele>14.0</ele></trkpt>
<trkpt lat="54.089258" lon="-3.182693"><ele>14.0</ele></trkpt>
<trkpt lat="54.089276" lon="-3.182732"><ele>14.0</ele></trkpt>
<trkpt lat="54.089342" lon="-3.182874"><ele>14.0</ele></trkpt>
<trkpt lat="54.089601" lon="-3.183472"><ele>13.3</ele></trkpt>
<trkpt lat="54.089744" lon="-3.183781"><ele>12.7</ele></trkpt>
<trkpt lat="54.089878" lon="-3.183995"><ele>12.0</ele></trkpt>
<trkpt lat="54.0901" lon="-3.184398"><ele>12.3</ele></trkpt>
<trkpt lat="54.09019" lon="-3.184572"><ele>12.7</ele></trkpt>
<trkpt lat="54.090275" lon="-3.184737"><ele>13.0</ele></trkpt>
<trkpt lat="54.090371" lon="-3.184924"><ele>12.0</ele></trkpt>
<trkpt lat="54.090576" lon="-3.185319"><ele>11.0</ele></trkpt>
<trkpt lat="54.090804" lon="-3.185747"><ele>10.0</ele></trkpt>
<trkpt lat="54.090925" lon="-3.185957"><ele>10.0</ele></trkpt>
<trkpt lat="54.090975" lon="-3.18604"><ele>10.0</ele></trkpt>
<trkpt lat="54.090998" lon="-3.186073"><ele>10.0</ele></trkpt>
<trkpt lat="54.091058" lon="-3.186161"><ele>9.0</ele></trkpt>
<trkpt lat="54.091153" lon="-3.18629"><ele>8.0</ele></trkpt>
<trkpt lat="54.091225" lon="-3.186379"><ele>7.0</ele></trkpt>
<trkpt lat="54.091327" lon="-3.186485"><ele>7.3</ele></trkpt>
<trkpt lat="54.091502" lon="-3.186643"><ele>7.7</ele></trkpt>
<trkpt lat="54.091644" lon="-3.186761"><ele>8.0</ele></trkpt>
<trkpt lat="54.091784" lon="-3.186873"><ele>8.3</ele></trkpt>
<trkpt lat="54.091912" lon="-3.186958"><ele>8.7</ele></trkpt>
<trkpt lat="54.091975" lon="-3.186996"><ele>9.0</ele></trkpt>
<trkpt lat="54.092157" lon="-3.187078"><ele>8.7</ele></trkpt>
<trkpt lat="54.092312" lon="-3.187129"><ele>8.3</ele></trkpt>
<trkpt lat="54.092374" lon="-3.187131"><ele>8.0</ele></trkpt>
<trkpt lat="54.092428" lon="-3.187114"><ele>7.7</ele></trkpt>
<trkpt lat="54.092504" lon="-3.187072"><ele>7.3</ele></trkpt>
<trkpt lat="54.092554" lon="-3.187031"><ele>7.0</ele></trkpt>
<trkpt lat="54.092609" lon="-3.186972"><ele>7.3</ele></trkpt>
<trkpt lat="54.092673" lon="-3.186871"><ele>7.7</ele></trkpt>
<trkpt lat="54.092687" lon="-3.186824"><ele>8.0</ele></trkpt>
<trkpt lat="54.092691" lon="-3.186811"><ele>8.3</ele></trkpt>
<trkpt lat="54.092816" lon="-3.186407"><ele>8.7</ele></trkpt>
<trkpt lat="54.093153" lon="-3.185252"><ele>9.0</ele></trkpt>
<trkpt lat="54.093255" lon="-3.184907"><ele>8.3</ele></trkpt>
<trkpt lat="54.093315" lon="-3.184754"><ele>7.7</ele></trkpt>
<trkpt lat="54.093411" lon="-3.184602"><ele>7.0</ele></trkpt>
<trkpt lat="54.093493" lon="-3.184487"><ele>7.0</ele></trkpt>
<trkpt lat="54.093608" lon="-3.184365"><ele>7.0</ele></trkpt>
<trkpt lat="54.094043" lon="-3.184104"><ele>7.0</ele></trkpt>
<trkpt lat="54.094599" lon="-3.183784"><ele>7.0</ele></trkpt>
<trkpt lat="54.095002" lon="-3.183545"><ele>7.0</ele></trkpt>
<trkpt lat="54.095197" lon="-3.183459"><ele>7.0</ele></trkpt>
<trkpt lat="54.095268" lon="-3.183441"><ele>7.0</ele></trkpt>
<trkpt lat="54.095355" lon="-3.183444"><ele>7.0</ele></trkpt>
<trkpt lat="54.095454" lon="-3.183463"><ele>7.0</ele></trkpt>
<trkpt lat="54.095569" lon="-3.183504"><ele>7.7</ele></trkpt>
<trkpt lat="54.096058" lon="-3.183892"><ele>8.3</ele></trkpt>
<trkpt lat="54.096699" lon="-3.184408"><ele>9.0</ele></trkpt>
<trkpt lat="54.097208" lon="-3.184854"><ele>9.0</ele></trkpt>
<trkpt lat="54.097766" lon="-3.185322"><ele>9.0</ele></trkpt>
<trkpt lat="54.097814" lon="-3.185366"><ele>9.0</ele></trkpt>
<trkpt lat="54.09801" lon="-3.185542"><ele>8.3</ele></trkpt>
<trkpt lat="54.098432" lon="-3.185904"><ele>7.7</ele></trkpt>
<trkpt lat="54.098926" lon="-3.186333"><ele>7.0</ele></trkpt>
<trkpt lat="54.099362" lon="-3.186716"><ele>7.3</ele></trkpt>
<trkpt lat="54.099989" lon="-3.18729"><ele>7.7</ele></trkpt>
<trkpt lat="54.100369" lon="-3.187578"><ele>8.0</ele></trkpt>
<trkpt lat="54.101165" lon="-3.188194"><ele>8.0</ele></trkpt>
<trkpt lat="54.101592" lon="-3.188576"><ele>8.0</ele></trkpt>
<trkpt lat="54.102201" lon="-3.189156"><ele>8.0</ele></trkpt>
<trkpt lat="54.103029" lon="-3.189917"><ele>8.0</ele></trkpt>
<trkpt lat="54.103817" lon="-3.190601"><ele>8.0</ele></trkpt>
<trkpt lat="54.104402" lon="-3.191105"><ele>8.0</ele></trkpt>
<trkpt lat="54.105075" lon="-3.191723"><ele>8.0</ele></trkpt>
<trkpt lat="54.105088" lon="-3.191738"><ele>8.0</ele></trkpt>
<trkpt lat="54.105092" lon="-3.191762"><ele>8.0</ele></trkpt>
<trkpt lat="54.105082" lon="-3.191809"><ele>7.0</ele></trkpt>
<trkpt lat="54.104867" lon="-3.192506"><ele>6.0</ele></trkpt>
<trkpt lat="54.104545" lon="-3.193576"><ele>5.0</ele></trkpt>
<trkpt lat="54.104044" lon="-3.195219"><ele>5.0</ele></trkpt>
<trkpt lat="54.103366" lon="-3.197502"><ele>5.0</ele></trkpt>
<trkpt lat="54.103314" lon="-3.197679"><ele>5.0</ele></trkpt>
<trkpt lat="54.103419" lon="-3.197737"><ele>5.3</ele></trkpt>
<trkpt lat="54.103746" lon="-3.19774"><ele>5.7</ele></trkpt>
<trkpt lat="54.104168" lon="-3.19774"><ele>6.0</ele></trkpt>
<trkpt lat="54.104449" lon="-3.197831"><ele>4.7</ele></trkpt>
<trkpt lat="54.104645" lon="-3.197956"><ele>3.3</ele></trkpt>
<trkpt lat="54.104815" lon="-3.198177"><ele>2.0</ele></trkpt>
<trkpt lat="54.10502" lon="-3.198268"><ele>3.7</ele></trkpt>
<trkpt lat="54.106026" lon="-3.199138"><ele>5.3</ele></trkpt>
<trkpt lat="54.106281" lon="-3.19935"><ele>7.0</ele></trkpt>
<trkpt lat="54.10649" lon="-3.199471"><ele>7.7</ele></trkpt>
<trkpt lat="54.106745" lon="-3.19977"><ele>8.3</ele></trkpt>
<trkpt lat="54.10821" lon="-3.201058"><ele>9.0</ele></trkpt>
<trkpt lat="54.108322" lon="-3.201207"><ele>8.3</ele></trkpt>
<trkpt lat="54.108419" lon="-3.201458"><ele>7.7</ele></trkpt>
<trkpt lat="54.108681" lon="-3.202526"><ele>7.0</ele></trkpt>
<trkpt lat="54.108714" lon="-3.202593"><ele>7.0</ele></trkpt>
<trkpt lat="54.108749" lon="-3.202695"><ele>7.0</ele></trkpt>
<trkpt lat="54.109115" lon="-3.203071"><ele>7.0</ele></trkpt>
<trkpt lat="54.109326" lon="-3.203443"><ele>7.7</ele></trkpt>
<trkpt lat="54.109576" lon="-3.204183"><ele>8.3</ele></trkpt>
<trkpt lat="54.109674" lon="-3.204382"><ele>9.0</ele></trkpt>
<trkpt lat="54.109687" lon="-3.203985"><ele>8.7</ele></trkpt>
<trkpt lat="54.109695" lon="-3.203866"><ele>8.3</ele></trkpt>
<trkpt lat="54.109859" lon="-3.203588"><ele>8.0</ele></trkpt>
<trkpt lat="54.110031" lon="-3.203403"><ele>8.0</ele></trkpt>
<trkpt lat="54.110376" lon="-3.203184"><ele>8.0</ele></trkpt>
<trkpt lat="54.110593" lon="-3.20308"><ele>8.0</ele></trkpt>
<trkpt lat="54.110881" lon="-3.202987"><ele>8.7</ele></trkpt>
<trkpt lat="54.111235" lon="-3.202943"><ele>9.3</ele></trkpt>
<trkpt lat="54.111379" lon="-3.202934"><ele>10.0</ele></trkpt>
<trkpt lat="54.111633" lon="-3.202949"><ele>9.7</ele></trkpt>
<trkpt lat="54.111762" lon="-3.202964"><ele>9.3</ele></trkpt>
<trkpt lat="54.111832" lon="-3.200665"><ele>9.0</ele></trkpt>
<trkpt lat="54.111899" lon="-3.198569"><ele>9.0</ele></trkpt>
<trkpt lat="54.11197" lon="-3.198085"><ele>9.0</ele></trkpt>
<trkpt lat="54.112134" lon="-3.197649"><ele>9.0</ele></trkpt>
<trkpt lat="54.113311" lon="-3.19585"><ele>9.3</ele></trkpt>
<trkpt lat="54.113435" lon="-3.196086"><ele>9.7</ele></trkpt>
<trkpt lat="54.114152" lon="-3.194985"><ele>10.0</ele></trkpt>
<trkpt lat="54.114258" lon="-3.194936"><ele>9.3</ele></trkpt>
<trkpt lat="54.114364" lon="-3.194969"><ele>8.7</ele></trkpt>
<trkpt lat="54.114603" lon="-3.195063"><ele>8.0</ele></trkpt>
<trkpt lat="54.114715" lon="-3.195094"><ele>8.7</ele></trkpt>
<trkpt lat="54.114839" lon="-3.195086"><ele>9.3</ele></trkpt>
<trkpt lat="54.115317" lon="-3.194958"><ele>10.0</ele></trkpt>
<trkpt lat="54.115652" lon="-3.194869"><ele>9.3</ele></trkpt>
<trkpt lat="54.115791" lon="-3.19482"><ele>8.7</ele></trkpt>
<trkpt lat="54.115797" lon="-3.194843"><ele>8.0</ele></trkpt>
<trkpt lat="54.11593" lon="-3.195378"><ele>8.0</ele></trkpt>
<trkpt lat="54.115967" lon="-3.195571"><ele>8.0</ele></trkpt>
<trkpt lat="54.11611" lon="-3.196071"><ele>8.0</ele></trkpt>
<trkpt lat="54.116128" lon="-3.196134"><ele>8.0</ele></trkpt>
<trkpt lat="54.116174" lon="-3.196283"><ele>8.0</ele></trkpt>
<trkpt lat="54.116176" lon="-3.196289"><ele>8.0</ele></trkpt>
<trkpt lat="54.116237" lon="-3.196276"><ele>8.0</ele></trkpt>
<trkpt lat="54.11649" lon="-3.196392"><ele>8.0</ele></trkpt>
<trkpt lat="54.116584" lon="-3.196437"><ele>8.0</ele></trkpt>
<trkpt lat="54.116782" lon="-3.196519"><ele>8.3</ele></trkpt>
<trkpt lat="54.116932" lon="-3.196599"><ele>8.7</ele></trkpt>
<trkpt lat="54.117055" lon="-3.196624"><ele>9.0</ele></trkpt>
<trkpt lat="54.117286" lon="-3.196705"><ele>9.7</ele></trkpt>
<trkpt lat="54.117994" lon="-3.196944"><ele>10.3</ele></trkpt>
<trkpt lat="54.118105" lon="-3.196953"><ele>11.0</ele></trkpt>
<trkpt lat="54.11832" lon="-3.19682"><ele>10.3</ele></trkpt>
<trkpt lat="54.118443" lon="-3.196799"><ele>9.7</ele></trkpt>
<trkpt lat="54.118572" lon="-3.196736"><ele>9.0</ele></trkpt>
<trkpt lat="54.118949" lon="-3.196468"><ele>10.0</ele></trkpt>
<trkpt lat="54.119242" lon="-3.196167"><ele>11.0</ele></trkpt>
<trkpt lat="54.119435" lon="-3.195948"><ele>12.0</ele></trkpt>
<trkpt lat="54.119748" lon="-3.195648"><ele>11.0</ele></trkpt>
<trkpt lat="54.120003" lon="-3.195361"><ele>10.0</ele></trkpt>
<trkpt lat="54.120344" lon="-3.195023"><ele>9.0</ele></trkpt>
<trkpt lat="54.120679" lon="-3.194623"><ele>9.3</ele></trkpt>
<trkpt lat="54.120868" lon="-3.194462"><ele>9.7</ele></trkpt>
<trkpt lat="54.121194" lon="-3.193943"><ele>10.0</ele></trkpt>
<trkpt lat="54.121692" lon="-3.193673"><ele>10.3</ele></trkpt>
<trkpt lat="54.121971" lon="-3.193538"><ele>10.7</ele></trkpt>
<trkpt lat="54.122255" lon="-3.193261"><ele>11.0</ele></trkpt>
<trkpt lat="54.12251" lon="-3.193223"><ele>10.3</ele></trkpt>
<trkpt lat="54.122884" lon="-3.192955"><ele>9.7</ele></trkpt>
<trkpt lat="54.122943" lon="-3.192905"><ele>9.0</ele></trkpt>
<trkpt lat="54.123068" lon="-3.192936"><ele>9.3</ele></trkpt>
<trkpt lat="54.123119" lon="-3.193162"><ele>9.7</ele></trkpt>
<trkpt lat="54.12376" lon="-3.19278"><ele>10.0</ele></trkpt>
<trkpt lat="54.123921" lon="-3.192552"><ele>10.3</ele></trkpt>
<trkpt lat="54.124375" lon="-3.192238"><ele>10.7</ele></trkpt>
<trkpt lat="54.124782" lon="-3.191994"><ele>11.0</ele></trkpt>
<trkpt lat="54.125037" lon="-3.191753"><ele>11.7</ele></trkpt>
<trkpt lat="54.125173" lon="-3.19166"><ele>12.3</ele></trkpt>
<trkpt lat="54.125917" lon="-3.191384"><ele>13.0</ele></trkpt>
<trkpt lat="54.126137" lon="-3.1913"><ele>12.3</ele></trkpt>
<trkpt lat="54.126541" lon="-3.191102"><ele>11.7</ele></trkpt>
<trkpt lat="54.126928" lon="-3.190873"><ele>11.0</ele></trkpt>
<trkpt lat="54.127373" lon="-3.190608"><ele>11.3</ele></trkpt>
<trkpt lat="54.127731" lon="-3.190194"><ele>11.7</ele></trkpt>
<trkpt lat="54.12814" lon="-3.189748"><ele>12.0</ele></trkpt>
<trkpt lat="54.128168" lon="-3.189707"><ele>11.7</ele></trkpt>
<trkpt lat="54.128849" lon="-3.189037"><ele>11.3</ele></trkpt>
<trkpt lat="54.129277" lon="-3.188615"><ele>11.0</ele></trkpt>
<trkpt lat="54.129346" lon="-3.188483"><ele>11.7</ele></trkpt>
<trkpt lat="54.129412" lon="-3.188428"><ele>12.3</ele></trkpt>
<trkpt lat="54.129627" lon="-3.18837"><ele>13.0</ele></trkpt>
<trkpt lat="54.129694" lon="-3.188384"><ele>13.3</ele></trkpt>
<trkpt lat="54.12988" lon="-3.188506"><ele>13.7</ele></trkpt>
<trkpt lat="54.130173" lon="-3.188623"><ele>14.0</ele></trkpt>
<trkpt lat="54.130408" lon="-3.188638"><ele>13.7</ele></trkpt>
<trkpt lat="54.130962" lon="-3.188771"><ele>13.3</ele></trkpt>
<trkpt lat="54.131192" lon="-3.18882"><ele>13.0</ele></trkpt>
<trkpt lat="54.131478" lon="-3.189056"><ele>14.3</ele></trkpt>
<trkpt lat="54.131484" lon="-3.189062"><ele>15.7</ele></trkpt>
<trkpt lat="54.131675" lon="-3.189176"><ele>17.0</ele></trkpt>
<trkpt lat="54.131823" lon="-3.189247"><ele>18.3</ele></trkpt>
<trkpt lat="54.132066" lon="-3.189373"><ele>19.7</ele></trkpt>
<trkpt lat="54.132419" lon="-3.189656"><ele>21.0</ele></trkpt>
<trkpt lat="54.132464" lon="-3.189688"><ele>21.7</ele></trkpt>
<trkpt lat="54.132522" lon="-3.189748"><ele>22.3</ele></trkpt>
<trkpt lat="54.132654" lon="-3.189858"><ele>23.0</ele></trkpt>
<trkpt lat="54.132734" lon="-3.189902"><ele>24.0</ele></trkpt>
<trkpt lat="54.132803" lon="-3.189975"><ele>25.0</ele></trkpt>
<trkpt lat="54.133054" lon="-3.190297"><ele>26.0</ele></trkpt>
<trkpt lat="54.133329" lon="-3.190649"><ele>26.0</ele></trkpt>
<trkpt lat="54.133419" lon="-3.190783"><ele>26.0</ele></trkpt>
<trkpt lat="54.13349" lon="-3.190921"><ele>26.0</ele></trkpt>
<trkpt lat="54.133548" lon="-3.191047"><ele>25.3</ele></trkpt>
<trkpt lat="54.133592" lon="-3.191167"><ele>24.7</ele></trkpt>
<trkpt lat="54.133657" lon="-3.191341"><ele>24.0</ele></trkpt>
<trkpt lat="54.133691" lon="-3.191473"><ele>24.0</ele></trkpt>
<trkpt lat="54.133757" lon="-3.191795"><ele>24.0</ele></trkpt>
<trkpt lat="54.133777" lon="-3.191861"><ele>24.0</ele></trkpt>
<trkpt lat="54.133829" lon="-3.191952"><ele>23.7</ele></trkpt>
<trkpt lat="54.133917" lon="-3.192034"><ele>23.3</ele></trkpt>
<trkpt lat="54.133956" lon="-3.192122"><ele>23.0</ele></trkpt>
<trkpt lat="54.134013" lon="-3.192349"><ele>23.0</ele></trkpt>
<trkpt lat="54.134074" lon="-3.192505"><ele>23.0</ele></trkpt>
<trkpt lat="54.134179" lon="-3.192822"><ele>23.0</ele></trkpt>
<trkpt lat="54.134267" lon="-3.19311"><ele>22.7</ele></trkpt>
<trkpt lat="54.134307" lon="-3.193283"><ele>22.3</ele></trkpt>
<trkpt lat="54.13433" lon="-3.193432"><ele>22.0</ele></trkpt>
<trkpt lat="54.134356" lon="-3.194003"><ele>21.7</ele></trkpt>
<trkpt lat="54.134353" lon="-3.194299"><ele>21.3</ele></trkpt>
<trkpt lat="54.134331" lon="-3.194525"><ele>21.0</ele></trkpt>
<trkpt lat="54.134335" lon="-3.194608"><ele>20.0</ele></trkpt>
<trkpt lat="54.134445" lon="-3.194894"><ele>19.0</ele></trkpt>
<trkpt lat="54.134536" lon="-3.195102"><ele>18.0</ele></trkpt>
<trkpt lat="54.1346" lon="-3.19532"><ele>18.7</ele></trkpt>
<trkpt lat="54.134655" lon="-3.195499"><ele>19.3</ele></trkpt>
<trkpt lat="54.134668" lon="-3.195607"><ele>20.0</ele></trkpt>
<trkpt lat="54.134667" lon="-3.19574"><ele>20.3</ele></trkpt>
<trkpt lat="54.134654" lon="-3.195924"><ele>20.7</ele></trkpt>
<trkpt lat="54.134626" lon="-3.196088"><ele>21.0</ele></trkpt>
<trkpt lat="54.134576" lon="-3.196327"><ele>20.7</ele></trkpt>
<trkpt lat="54.134661" lon="-3.196387"><ele>20.3</ele></trkpt>
<trkpt lat="54.13445" lon="-3.197313"><ele>20.0</ele></trkpt>
<trkpt lat="54.134565" lon="-3.197386"><ele>21.0</ele></trkpt>
</trkseg></trk>
</gpx>
